teks_keluhan_awam|teks_laporan_teknisi|tipe_aset|lokasi_gedung|lokasi_lantai|lokasi_zona|kategori_aset|severity|root_cause|jenis_kerusakan|biaya_perbaikan
AC Split di lantai 11 zona selatan gedung utama rusak parah bro|Laporan kerusakan AC Split Samsung di Gedung Utama, Lantai 11, Zona Selatan dengan gejala retak dan kebocoran akibat kelembaban tinggi|AC Split|Gedung Utama|Lantai 11|Zona Selatan|Mechanical|Fatal|Kelembaban tinggi|Retak/pecah|18771000
AC Split di gedung utama lantai 11 zona selatan tiba2 nggak nyala lagi|Laporan inspeksi menunjukkan bahwa AC Split Samsung di Gedung Utama, Lantai 11, Zona Selatan mengalami kerusakan fatal akibat kelembaban tinggi yang menyebabkan komponen internal retak|AC Split|Gedung Utama|Lantai 11|Zona Selatan|Mechanical|Fatal|Kelembaban tinggi|Retak/pecah|18771000
Lagi ada masalah dengan AC Split di zona selatan lantai 11 gedung utama, bro kebocoran parah|Tindakan perbaikan darurat diperlukan untuk AC Split Samsung di Gedung Utama, Lantai 11, Zona Selatan karena kerusakan retak yang disebabkan oleh kelembaban tinggi|AC Split|Gedung Utama|Lantai 11|Zona Selatan|Mechanical|Fatal|Kelembaban tinggi|Retak/pecah|18771000
Monitor CCTV di lantai 7 zona selatan gedung utama rusak|Laporan perbaikan Monitor CCTV Samsung di Gedung Utama, Lantai 7, Zona Selatan dengan kondisi overheat|Monitor CCTV|Gedung Utama|Lantai 7|Zona Selatan|Security Sistem|Ringan|Human error|Overheat|356000
CCTV samsung di gedung utama lantai 7 zona selatan nggak nyala|Pemeriksaan CCTV Samsung di Gedung Utama, Lantai 7, Zona Selatan menunjukkan kerusakan akibat overheat|Monitor CCTV|Gedung Utama|Lantai 7|Zona Selatan|Security Sistem|Ringan|Human error|Overheat|356000
CCTV di gedung utama lantai 7 zona selatan panas banget|Laporan teknisi: Monitor CCTV Samsung di Gedung Utama, Lantai 7, Zona Selatan mengalami kerusakan due to human error yang menyebabkan overheat|Monitor CCTV|Gedung Utama|Lantai 7|Zona Selatan|Security Sistem|Ringan|Human error|Overheat|356000
Gedung B lantai 7 zona tengah control panel penerangan rusak banget|Laporan kerusakan control panel penerangan di Gedung B lantai 7 zona tengah, remote tidak berfungsi|Control Panel Penerangan|Gedung B|Lantai 7|Zona Tengah|Electrical|Sedang|Overload|Remote tidak berfungsi|1610000
Control panel penerangan di gedung B lantai 7 zona tengah nggak nyala|Kerusakan control panel penerangan di gedung B lantai 7 zona tengah, kemungkinan karena overload, perlu pengecekan lebih lanjut|Control Panel Penerangan|Gedung B|Lantai 7|Zona Tengah|Electrical|Sedang|Overload|Remote tidak berfungsi|1610000
Tolong bantu, control panel penerangan di gedung B lantai 7 zona tengah rusak, remotenya gak berfungsi|Laporan kerusakan control panel penerangan di gedung B lantai 7 zona tengah, jenis kerusakan remote tidak berfungsi, kemungkinan karena overload|Control Panel Penerangan|Gedung B|Lantai 7|Zona Tengah|Electrical|Sedang|Overload|Remote tidak berfungsi|1610000
AC Split di Gedung Utama lantai 18 zona tengah rusak banget|Laporan kerusakan AC Split merek Gree di Gedung Utama lantai 18 zona tengah mengalami overheat|AC Split|Gedung Utama|Lantai 18|Zona Tengah|Mechanical|Ringan|Kurang perawatan|Overheat|122000
AC Split di lantai 18 zona tengah gedung utama tiba2 mati|Laporan teknisi: AC Split merek Gree di Gedung Utama lantai 18 zona tengah mengalami kerusakan overheat karena kurang perawatan|AC Split|Gedung Utama|Lantai 18|Zona Tengah|Mechanical|Ringan|Kurang perawatan|Overheat|122000
Gedung Utama lantai 18 zona tengah AC Splitnya panas berlebihan|Laporan: AC Split merek Gree di Gedung Utama lantai 18 zona tengah mengalami overheat, perlu perawatan rutin|AC Split|Gedung Utama|Lantai 18|Zona Tengah|Mechanical|Ringan|Kurang perawatan|Overheat|122000
DVR CCTV di gedung C lantai 4 zona selatan tiba tiba mati|Laporan kerusakan DVR CCTV Honeywell di Gedung C, Lantai 4, Zona Selatan, menyatakan bahwa aset mengalami getaran berlebihan akibat tegangan tidak stabil|DVR CCTV|Gedung C|Lantai 4|Zona Selatan|Security Sistem|Sedang|Tegangan tidak stabil|Getaran berlebihan|1760000
DVR CCTV honeywell di lantai 4 gedung C zona selatan ngadat|Pemeriksaan terhadap DVR CCTV Honeywell di Gedung C, Lantai 4, Zona Selatan menunjukkan bahwa aset mengalami kerusakan akibat getaran berlebihan yang disebabkan oleh tegangan tidak stabil|DVR CCTV|Gedung C|Lantai 4|Zona Selatan|Security Sistem|Sedang|Tegangan tidak stabil|Getaran berlebihan|1760000
DVR honeywell di gedung C lantai 4 zona selatan rusak parah|Inspeksi DVR CCTV Honeywell di Gedung C, Lantai 4, Zona Selatan menemukan bahwa aset mengalami getaran berlebihan yang parah akibat tegangan tidak stabil, memerlukan perbaikan segera|DVR CCTV|Gedung C|Lantai 4|Zona Selatan|Security Sistem|Sedang|Tegangan tidak stabil|Getaran berlebihan|1760000
Pintu Kaca Hidrolik di Gedung D, Lantai 9, Zona Tengah rusak parah|Pintu Kaca Hidrolik di Gedung D, Lantai 9, Zona Tengah mengalami getaran berlebihan yang disebabkan oleh faktor lingkungan, perlu perbaikan segera|Pintu Kaca Hidrolik|Gedung D|Lantai 9|Zona Tengah|Arsitektur|Sedang|Faktor lingkungan|Getaran berlebihan|1876000
Pintu Kaca Hidrolik di Lantai 9 Gedung D, Zona Tengah gak buka tutup dengan baik|Pintu Kaca Hidrolik di Gedung D, Lantai 9, Zona Tengah mengalami kerusakan pada sistem hidroliknya yang menyebabkan getaran berlebihan, perlu penanganan teknisi|Pintu Kaca Hidrolik|Gedung D|Lantai 9|Zona Tengah|Arsitektur|Sedang|Faktor lingkungan|Getaran berlebihan|1876000
Pintu Kaca Hidrolik Gedung D, Lantai 9, Zona Tengah rusak, tolong perbaiki|Pintu Kaca Hidrolik di Gedung D, Lantai 9, Zona Tengah mengalami kerusakan yang disebabkan oleh faktor lingkungan, perlu dilakukan perbaikan untuk mengatasi getaran berlebihan yang terjadi|Pintu Kaca Hidrolik|Gedung D|Lantai 9|Zona Tengah|Arsitektur|Sedang|Faktor lingkungan|Getaran berlebihan|1876000
AC Split di Gedung E lantai 4 zona utara nggak nyala remote nya|Laporan perbaikan AC Split LG di Gedung E lantai 4 zona utara, remote tidak berfungsi|AC Split|Gedung E|Lantai 4|Zona Utara|Mechanical|Sedang|Kelembaban tinggi|Remote tidak berfungsi|1228000
Bro, AC Split di Gedung E lantai 4 zona utara rusak parah, remotenya ga bisa dipake|Pemeriksaan AC Split LG di Gedung E lantai 4 zona utara menunjukkan kerusakan pada remote, kemungkinan akibat kelembaban tinggi|AC Split|Gedung E|Lantai 4|Zona Utara|Mechanical|Sedang|Kelembaban tinggi|Remote tidak berfungsi|1228000
AC Split LG di Gedung E lantai 4 zona utara bermasalah, remotenya ga responsif|Perbaikan AC Split di Gedung E lantai 4 zona utara, jenis kerusakan remote tidak berfungsi, biaya perbaikan sebesar Rp 1.228.000|AC Split|Gedung E|Lantai 4|Zona Utara|Mechanical|Sedang|Kelembaban tinggi|Remote tidak berfungsi|1228000
Pompa Transfer di Gedung C Lantai 1 Zona Barat rusak berat banget|Pompa Transfer Grundfos di Gedung C, Lantai 1, Zona Barat mengalami kerusakan berat akibat korsleting|Pompa Transfer|Gedung C|Lantai 1|Zona Barat|Mechanical|Berat|Human error|Korsleting|4815000
Pompa Transfer Grundfos di Gedung C Lantai 1 Zona Barat nggak bisa jalan|Laporan teknisi: Pompa Transfer Grundfos di Gedung C, Lantai 1, Zona Barat mengalami korsleting sehingga tidak dapat beroperasi|Pompa Transfer|Gedung C|Lantai 1|Zona Barat|Mechanical|Berat|Human error|Korsleting|4815000
Pompa Transfer di Gedung C Lantai 1 Zona Barat kena korslet|Pompa Transfer Grundfos di Gedung C, Lantai 1, Zona Barat mengalami kerusakan akibat human error yang menyebabkan korsleting|Pompa Transfer|Gedung C|Lantai 1|Zona Barat|Mechanical|Berat|Human error|Korsleting|4815000
DVR CCTV di Gedung Servis Lantai 1 Zona Barat rusak parah, gak bisa rekam|DVR CCTV Dahua di Gedung Servis Lantai 1 Zona Barat mengalami kerusakan berat, tidak dapat merekam|DVR CCTV|Gedung Servis|Lantai 1|Zona Barat|Security Sistem|Berat|Debu/kotoran|Aus/abrasi|3796000
DVR CCTV lantai 1 zona barat gedung servis dahua gak jalan, tolong bantu|Laporan kerusakan DVR CCTV Dahua di Gedung Servis Lantai 1 Zona Barat, tidak dapat beroperasi dengan normal|DVR CCTV|Gedung Servis|Lantai 1|Zona Barat|Security Sistem|Berat|Debu/kotoran|Aus/abrasi|3796000
Gedung servis lantai 1 zona barat DVR CCTV dahua mati, kira2 kerusakan apa?|Kerusakan DVR CCTV Dahua di Gedung Servis Lantai 1 Zona Barat, kemungkinan disebabkan oleh debu atau kotoran, perlu dilakukan perbaikan|DVR CCTV|Gedung Servis|Lantai 1|Zona Barat|Security Sistem|Berat|Debu/kotoran|Aus/abrasi|3796000
APAR Wet Chemical di Gedung Servis Lantai 1 Zona Selatan nggak nyala bro|APAR Wet Chemical di Gedung Servis Lantai 1 Zona Selatan mengalami kerusakan total dan tidak dapat digunakan|APAR Wet Chemical|Gedung Servis|Lantai 1|Zona Selatan|Sistem Pemadam Kebakaran|Ringan|Aus normal|Tidak berfungsi total|278000
APAR Wet Chemical di Lantai 1 Zona Selatan Gedung Servis rusak banget, gak bisa dipake|APAR Wet Chemical di Gedung Servis Lantai 1 Zona Selatan tidak berfungsi dengan baik dan perlu perbaikan segera|APAR Wet Chemical|Gedung Servis|Lantai 1|Zona Selatan|Sistem Pemadam Kebakaran|Ringan|Aus normal|Tidak berfungsi total|278000
APAR Wet Chemical di Gedung Servis Zona Selatan Lantai 1 gak jalan, tolong bantu|APAR Wet Chemical di Gedung Servis Lantai 1 Zona Selatan mengalami kerusakan pada sistemnya dan tidak dapat dioperasikan|APAR Wet Chemical|Gedung Servis|Lantai 1|Zona Selatan|Sistem Pemadam Kebakaran|Ringan|Aus normal|Tidak berfungsi total|278000
Kamera CCTV di gedung utama lantai 16 zona timur rusak parah|Laporan kerusakan Kamera CCTV Axis di Gedung Utama Lantai 16 Zona Timur dengan gejala retak dan pecah|Kamera CCTV|Gedung Utama|Lantai 16|Zona Timur|Security Sistem|Sedang|Kelembaban tinggi|Retak/pecah|708000
CCTV axis di lantai 16 gedung utama zona timur bermasalah|Kerusakan Kamera CCTV Axis di Gedung Utama Lantai 16 Zona Timur disebabkan kelembaban tinggi menyebabkan retak dan pecah|Kamera CCTV|Gedung Utama|Lantai 16|Zona Timur|Security Sistem|Sedang|Kelembaban tinggi|Retak/pecah|708000
Kamera cctv di zona timur lantai 16 gedung utama rusak berat|Laporan teknisi: Kamera CCTV Axis di Gedung Utama Lantai 16 Zona Timur mengalami kerusakan retak dan pecah akibat kelembaban tinggi|Kamera CCTV|Gedung Utama|Lantai 16|Zona Timur|Security Sistem|Sedang|Kelembaban tinggi|Retak/pecah|708000
UPS di gedung parkir lantai 2 zona selatan tiba-tiba mati|Laporan perbaikan Uninterruptible Power Supply (UPS) di Gedung Parkir, Lantai 2, Zona Selatan, karena mengalami overload yang menyebabkan korsleting|Uninterruptible Power Supply|Gedung Parkir|Lantai 2|Zona Selatan|Electrical|Ringan|Overload|Korsleting|416000
UPS di lantai 2 gedung parkir zona selatan tidak nyala lagi, tolong bantu|Laporan teknisi: UPS di Gedung Parkir, Lantai 2, Zona Selatan mengalami kerusakan karena overload, menyebabkan korsleting dan tidak dapat beroperasi|Uninterruptible Power Supply|Gedung Parkir|Lantai 2|Zona Selatan|Electrical|Ringan|Overload|Korsleting|416000
UPS di zona selatan lantai 2 gedung parkir tiba2 ngadat, gimana nih?|Laporan perawatan rutin UPS di Gedung Parkir, Lantai 2, Zona Selatan, karena terjadi overload yang menyebabkan korsleting dan memerlukan perbaikan segera|Uninterruptible Power Supply|Gedung Parkir|Lantai 2|Zona Selatan|Electrical|Ringan|Overload|Korsleting|416000
Dinding tembok gedung C lantai 7 zona selatan bocor parah, tolong dicek|Laporan kerusakan dinding tembok gedung C lantai 7 zona selatan, jenis kerusakan kebocoran, perlu perbaikan segera|Dinding Tembok/Mansonry|Gedung Gedung C|Lantai 7|Zona Selatan|Civil|Berat|Usia pakai|Kebocoran|6283000
Dinding tembok gedung C lantai 7 zona selatan rembes, apa yg salah|Laporan inspeksi dinding tembok gedung C lantai 7 zona selatan, ditemukan kerusakan kebocoran, disarankan perbaikan|Dinding Tembok/Mansonry|Gedung Gedung C|Lantai 7|Zona Selatan|Civil|Berat|Usia pakai|Kebocoran|6283000
Gedung C lantai 7 zona selatan, dinding tembok bocor, butuh bantuan secepatnya|Laporan teknisi tentang kerusakan dinding tembok gedung C lantai 7 zona selatan, jenis kerusakan kebocoran, biaya perbaikan sudah diestimasi|Dinding Tembok/Mansonry|Gedung Gedung C|Lantai 7|Zona Selatan|Civil|Berat|Usia pakai|Kebocoran|6283000
Gw butuh bantuan, dinding keramik mozaik di gedung utama lantai 10 zona selatan bocor parah|Laporan kerusakan dinding keramik mozaik di Gedung Utama, Lantai 10, Zona Selatan, menunjukkan gejala kebocoran|Dinding Keramik/Mozaik|Gedung Utama|Lantai 10|Zona Selatan|Civil|Ringan|Usia pakai|Kebocoran|446000
Dinding keramik mozaik gedung utama lantai 10 zona selatan rembes air, tolong dicek|Dinding keramik mozaik di Gedung Utama, Lantai 10, Zona Selatan mengalami kebocoran air, perlu penanganan segera|Dinding Keramik/Mozaik|Gedung Utama|Lantai 10|Zona Selatan|Civil|Ringan|Usia pakai|Kebocoran|446000
Lagi, dinding keramik mozaik di gedung utama lantai 10 zona selatan bocor, kira2 berapa biaya perbaikannya?|Laporan inspeksi menunjukkan bahwa dinding keramik mozaik di Gedung Utama, Lantai 10, Zona Selatan memerlukan perbaikan kebocoran, dengan biaya yang sudah diestimasi|Dinding Keramik/Mozaik|Gedung Utama|Lantai 10|Zona Selatan|Civil|Ringan|Usia pakai|Kebocoran|446000
Atas bantuan|Roof Tank di Gedung C Lantai 7 Zona Tengah mengalami sensor error karena human error|Roof Tank|Gedung C|Lantai 7|Zona Tengah|Distribusi Air|Berat|Human error|Sensor error|9953000
Roof Tank Gedung C rusak parah|Kerusakan pada Roof Tank di Gedung C Lantai 7 Zona Tengah disebabkan oleh human error yang menyebabkan sensor error|Roof Tank|Gedung C|Lantai 7|Zona Tengah|Distribusi Air|Berat|Human error|Sensor error|9953000
Tolong perbaiki Roof Tank di Gedung C Lantai 7|Laporan teknisi menunjukkan kerusakan berat pada Roof Tank di Gedung C Lantai 7 Zona Tengah karena human error yang menyebabkan sensor error|Roof Tank|Gedung C|Lantai 7|Zona Tengah|Distribusi Air|Berat|Human error|Sensor error|9953000
Monitor CCTV di Gedung C lantai 2 zona barat nggak nyala|Monitor CCTV Hikvision di Gedung C, Lantai 2, Zona Barat mengalami getaran berlebihan|Monitor CCTV|Gedung C|Lantai 2|Zona Barat|Security Sistem|Ringan|Overload|Getaran berlebihan|322000
Hikvision CCTV di lantai 2 gedung C zona barat getar terus|Laporan teknisi: Monitor CCTV Hikvision di Gedung C, Lantai 2, Zona Barat mengalami kerusakan karena overload|Monitor CCTV|Gedung C|Lantai 2|Zona Barat|Security Sistem|Ringan|Overload|Getaran berlebihan|322000
CCTV Hikvision di zona barat lantai 2 gedung C nggak jalan, kayaknya getaran berlebihan|Monitor CCTV Hikvision di Gedung C, Lantai 2, Zona Barat diperbaiki karena mengalami getaran berlebihan akibat overload|Monitor CCTV|Gedung C|Lantai 2|Zona Barat|Security Sistem|Ringan|Overload|Getaran berlebihan|322000
AC Split di Gedung E lantai 4 zona selatan tiba2 gak dingin lagi|Laporan kerusakan AC Split di Gedung E, Lantai 4, Zona Selatan, bahwa aliran udara yang dihasilkan sangat lemah|AC Split|Gedung E|Lantai 4|Zona Selatan|Mechanical|Berat|Kurang perawatan|Aliran lemah|8985000
AC Split di lantai 4 gedung E zona selatan gak berfungsi dengan baik, aliran udaranya lemah banget|Pemeriksaan dilakukan terhadap AC Split di Gedung E, Lantai 4, Zona Selatan, menemukan bahwa kurangnya perawatan menyebabkan aliran udara yang lemah|AC Split|Gedung E|Lantai 4|Zona Selatan|Mechanical|Berat|Kurang perawatan|Aliran lemah|8985000
Gedung E lantai 4 zona selatan, AC Split nya bermasalah, gak ada angin yang keluar, tolong bantu|Kerusakan pada AC Split di Gedung E, Lantai 4, Zona Selatan, disebabkan oleh kurangnya perawatan yang menyebabkan aliran udara lemah, perlu perbaikan segera|AC Split|Gedung E|Lantai 4|Zona Selatan|Mechanical|Berat|Kurang perawatan|Aliran lemah|8985000
Lampu UPS di gedung D lantai 10 zona timur mati tiba2|Laporan kerusakan Uninterruptible Power Supply di Gedung D, Lantai 10, Zona Timur, dengan gejala lampu mati secara tiba-tiba|Uninterruptible Power Supply|Gedung D|Lantai 10|Zona Timur|Electrical|Sedang|Faktor lingkungan|Lampu mati|1714000
UPS di lantai 10 zona timur gedung D tiba2 ngga nyala|Kerusakan Uninterruptible Power Supply di Gedung D, Lantai 10, Zona Timur, dengan penyebab yang diduga faktor lingkungan|Uninterruptible Power Supply|Gedung D|Lantai 10|Zona Timur|Electrical|Sedang|Faktor lingkungan|Lampu mati|1714000
UPS di zona timur lantai 10 gedung D lampunya mati totaal|Uninterruptible Power Supply di Gedung D, Lantai 10, Zona Timur, mengalami kerusakan dengan gejala lampu mati total, dengan biaya perbaikan yang diperlukan|Uninterruptible Power Supply|Gedung D|Lantai 10|Zona Timur|Electrical|Sedang|Faktor lingkungan|Lampu mati|1714000
Lampu pylon sign di gedung A lantai 2 zona timur tiba2 mati|Laporan kerusakan lampu pylon sign di Gedung A, Lantai 2, Zona Timur, sudah diinvestigasi dan ditemukan bahwa kerusakan disebabkan oleh kualitas material|Lampu Pylon Sign|Gedung A|Lantai 2|Zona Timur|Electrical|Sedang|Kualitas material|Retak/pecah|1830000
Lampu di depan gedung A lantai 2 zona timur ada yg retak|Laporan kerusakan lampu pylon sign di Gedung A, Lantai 2, Zona Timur, menunjukkan bahwa kerusakan yang terjadi disebabkan oleh kualitas material yang tidak memadai|Lampu Pylon Sign|Gedung A|Lantai 2|Zona Timur|Electrical|Sedang|Kualitas material|Retak/pecah|1830000
Lampu pylon sign di zona timur lantai 2 gedung A tiba2 pecah|Laporan teknisi menunjukkan bahwa lampu pylon sign di Gedung A, Lantai 2, Zona Timur, mengalami kerusakan retak/pecah yang disebabkan oleh kualitas material yang buruk|Lampu Pylon Sign|Gedung A|Lantai 2|Zona Timur|Electrical|Sedang|Kualitas material|Retak/pecah|1830000
Genset Diesel di Gedung D lantai 9 zona timur tiba2 mati|Genset Diesel Cummins di Gedung D lantai 9 zona timur mengalami kerusakan mechanical sehingga tidak dapat beroperasi|Genset Diesel|Gedung D|Lantai 9|Zona Timur|Mechanical|Ringan|Usia pakai|Aus/abrasi|193000
Genset di Gedung D lantai 9 zona timur nggak nyala lagi|Laporan teknisi: Genset Diesel Cummins di Gedung D lantai 9 zona timur mengalami kerusakan aus/abrasi yang disebabkan oleh usia pakai|Genset Diesel|Gedung D|Lantai 9|Zona Timur|Mechanical|Ringan|Usia pakai|Aus/abrasi|193000
Genset Diesel di lantai 9 Gedung D zona timur tiba2 rusak|Genset Diesel Cummins di Gedung D lantai 9 zona timur mengalami kerusakan mechanical yang ringan dan dapat diperbaiki dengan biaya 193000|Genset Diesel|Gedung D|Lantai 9|Zona Timur|Mechanical|Ringan|Usia pakai|Aus/abrasi|193000
Urinal di gedung D lantai 6 zona selatan rusak gak nyala|Urinal di Gedung D, Lantai 6, Zona Selatan mengalami kerusakan pada sistem sensor, sehingga tidak dapat berfungsi dengan normal|Urinal|Gedung D|Lantai 6|Zona Selatan|Plumbing|Sedang|Faktor lingkungan|Sensor error|1483000
Urinal di lantai 6 gedung D zona selatan gak jalan|Laporan teknisi: Urinal di Gedung D, Lantai 6, Zona Selatan mengalami gangguan pada sensor, perlu dilakukan perbaikan segera|Urinal|Gedung D|Lantai 6|Zona Selatan|Plumbing|Sedang|Faktor lingkungan|Sensor error|1483000
Urinal di gedung D lantai 6 zona selatan rusak parah gak bisa dipake|Teknisi melaporkan: Urinal di Gedung D, Lantai 6, Zona Selatan mengalami kerusakan pada sistem sensor, sehingga tidak dapat digunakan, perlu perbaikan dengan biaya yang telah ditentukan|Urinal|Gedung D|Lantai 6|Zona Selatan|Plumbing|Sedang|Faktor lingkungan|Sensor error|1483000
Gedung C Lantai 1 zona utara exhaust fan panasonic kita mati total|Laporan perbaikan Exhaust Fan Panasonic di Gedung C, Lantai 1, Zona Utara menunjukkan bahwa aset tersebut mengalami kerusakan total|Exhaust Fan|Gedung C|Lantai 1|Zona Utara|Ventilasi Sistem|Berat|Aus normal|Tidak berfungsi total|2069000
Exhaust fan panasonic di gedung c lantai 1 zona utara nggak nyala sama sekali|Pemeriksaan awal menunjukkan bahwa Exhaust Fan Panasonic di Gedung C, Lantai 1, Zona Utara tidak berfungsi dengan baik dan memerlukan perbaikan segera|Exhaust Fan|Gedung C|Lantai 1|Zona Utara|Ventilasi Sistem|Berat|Aus normal|Tidak berfungsi total|2069000
Kita ada masalah dengan exhaust fan panasonic di gedung c lantai 1 zona utara, udah coba nyalain tapi nggak mau nyala juga|Hasil diagnosis menunjukkan bahwa Exhaust Fan Panasonic di Gedung C, Lantai 1, Zona Utara mengalami kerusakan parah dan perlu diganti|Exhaust Fan|Gedung C|Lantai 1|Zona Utara|Ventilasi Sistem|Berat|Aus normal|Tidak berfungsi total|2069000
AC Split di gedung A lantai 15 tiba2 mati|Laporan perbaikan AC Split Mitsubishi di Gedung A lantai 15 zona tengah mengalami mati mendadak karena overload|AC Split|Gedung A|Lantai 15|Zona Tengah|Mechanical|Ringan|Overload|Mati mendadak|446000
Gedung A lantai 15 zona tengah AC Split tiba2 nggak nyala|Pemeriksaan AC Split Mitsubishi di Gedung A lantai 15 zona tengah menunjukkan kerusakan karena overload yang menyebabkan mati mendadak|AC Split|Gedung A|Lantai 15|Zona Tengah|Mechanical|Ringan|Overload|Mati mendadak|446000
Lagi kerja tiba2 AC Split di gedung A lantai 15 zona tengah mati, tolong bantu|Perbaikan AC Split Mitsubishi di Gedung A lantai 15 zona tengah telah dilakukan karena kerusakan mati mendadak akibat overload|AC Split|Gedung A|Lantai 15|Zona Tengah|Mechanical|Ringan|Overload|Mati mendadak|446000
Lampu LED Downlight di Gedung A Lantai 6 Zona Timur rusak parah bro|Laporan kerusakan Lampu LED Downlight di Gedung A Lantai 6 Zona Timur, kondisi tampilan rusak|Lampu LED Downlight|Gedung A|Lantai 6|Zona Timur|Electrical|Sedang|Korosi|Tampilan rusak|1882000
Lampu di Gedung A Lantai 6 Zona Timur mati total, kayaknya LED Downlight|Kerusakan pada Lampu LED Downlight di Gedung A Lantai 6 Zona Timur, kemungkinan disebabkan oleh korosi, perlu perbaikan segera|Lampu LED Downlight|Gedung A|Lantai 6|Zona Timur|Electrical|Sedang|Korosi|Tampilan rusak|1882000
Lampu LED Downlight di Lantai 6 Zona Timur Gedung A rusak berat, mungkin karena korosi|Laporan teknisi: kerusakan pada Lampu LED Downlight di Gedung A Lantai 6 Zona Timur, dengan gejala tampilan rusak, perlu penanganan segera|Lampu LED Downlight|Gedung A|Lantai 6|Zona Timur|Electrical|Sedang|Korosi|Tampilan rusak|1882000
dinding keramik di gedung D lantai 10 zona barat rusak parah banget|Dinding keramik/mozaik di Gedung D, Lantai 10, Zona Barat mengalami kerusakan yang memerlukan perbaikan segera|Dinding Keramik/Mozaik|Gedung D|Lantai 10|Zona Barat|Civil|Ringan|Faktor lingkungan|Performa menurun|480000
dinding keramik lantai 10 gedung D zona barat performanya turun drastis|Laporan teknisi: Dinding keramik/mozaik di Gedung D, Lantai 10, Zona Barat mengalami penurunan performa yang signifikan|Dinding Keramik/Mozaik|Gedung D|Lantai 10|Zona Barat|Civil|Ringan|Faktor lingkungan|Performa menurun|480000
gedung D lantai 10 zona barat dinding keramiknya rusak gak tahu knp|Inspeksi teknisi menemukan bahwa dinding keramik/mozaik di Gedung D, Lantai 10, Zona Barat mengalami kerusakan yang diakibatkan oleh faktor lingkungan|Dinding Keramik/Mozaik|Gedung D|Lantai 10|Zona Barat|Civil|Ringan|Faktor lingkungan|Performa menurun|480000
AC Split di Gedung D lantai 11 zona barat mati total|Laporan perbaikan AC Split merek Gree di Gedung D lantai 11 zona barat menunjukkan kerusakan berat akibat korosi|AC Split|Gedung D|Lantai 11|Zona Barat|Mechanical|Berat|Korosi|Macet/tersumbat|8156000
AC Split di lantai 11 Gedung D zona barat gak nyala|Inspeksi AC Split merek Gree di Gedung D lantai 11 zona barat menemukan kerusakan yang disebabkan oleh korosi sehingga menyebabkan kerusakan berat|AC Split|Gedung D|Lantai 11|Zona Barat|Mechanical|Berat|Korosi|Macet/tersumbat|8156000
Lagi, AC Split di Gedung D lantai 11 zona barat tiba2 gak bisa dinyalain|Pemeriksaan AC Split merek Gree di Gedung D lantai 11 zona barat menunjukkan bahwa kerusakan yang terjadi disebabkan oleh korosi yang menyebabkan kerusakan berat pada aset|AC Split|Gedung D|Lantai 11|Zona Barat|Mechanical|Berat|Korosi|Macet/tersumbat|8156000
Urinal di Gedung E lantai 6 zona barat bocor parah banget|Laporan kerusakan Urinal di Gedung E lantai 6 zona barat, ditemukan kebocoran yang parah|Urinal|Gedung E|Lantai 6|Zona Barat|Plumbing|Fatal|Overload|Koneksi terputus|18424000
Urinal di zona barat lantai 6 gedung E rusak berat, airnya nyangkut terus|Pemeriksaan Urinal di zona barat lantai 6 gedung E menunjukkan kerusakan berat, kemungkinan disebabkan oleh overload|Urinal|Gedung E|Lantai 6|Zona Barat|Plumbing|Fatal|Overload|Koneksi terputus|18424000
Ga bisa pake Urinal di gedung E lantai 6 zona barat, katanya overload, airnya tiba2 mati|Inspeksi Urinal di gedung E lantai 6 zona barat menemukan bahwa kerusakan disebabkan oleh overload, sehingga mengakibatkan koneksi terputus|Urinal|Gedung E|Lantai 6|Zona Barat|Plumbing|Fatal|Overload|Koneksi terputus|18424000
PABX di Gedung Utama lantai 10 zona utara bunyi aneh banget|Laporan kerusakan PABX di Gedung Utama lantai 10 zona utara dengan bunyi abnormal, perlu pengecekan segera|PABX|Gedung Utama|Lantai 10|Zona Utara|Sistem Telekomunikasi Gedung|Fatal|Debu/kotoran|Bunyi abnormal|43682000
PABX di lantai 10 zona utara gedung utama nggak bunyi normal, kayak ada suara aneh|PABX di Gedung Utama lantai 10 zona utara mengalami kerusakan dengan gejala bunyi abnormal, kemungkinan disebabkan oleh debu atau kotoran|PABX|Gedung Utama|Lantai 10|Zona Utara|Sistem Telekomunikasi Gedung|Fatal|Debu/kotoran|Bunyi abnormal|43682000
PABX zona utara lantai 10 gedung utama bunyi aneh, tolong dicek|Kerusakan PABX di Gedung Utama lantai 10 zona utara dengan gejala bunyi abnormal, perlu dilakukan pembersihan dan pengecekan untuk menghilangkan debu atau kotoran|PABX|Gedung Utama|Lantai 10|Zona Utara|Sistem Telekomunikasi Gedung|Fatal|Debu/kotoran|Bunyi abnormal|43682000
Pintu Kaca Hidrolik di Gedung Utama Lantai 18 Zona Barat nggak bisa dibuka|Pintu Kaca Hidrolik di Gedung Utama Lantai 18 Zona Barat mengalami gangguan, tidak dapat dibuka karena sensor error|Pintu Kaca Hidrolik|Gedung Utama|Lantai 18|Zona Barat|Arsitektur|Berat|Debu/kotoran|Sensor error|2569000
Pintu Kaca Hidrolik Gedung Utama Lantai 18 zona barat rusak parah, gak bisa buka|Laporan teknisi: Pintu Kaca Hidrolik di Gedung Utama Lantai 18 Zona Barat mengalami kerusakan parah, kemungkinan disebabkan oleh debu/kotoran yang menyebabkan sensor error|Pintu Kaca Hidrolik|Gedung Utama|Lantai 18|Zona Barat|Arsitektur|Berat|Debu/kotoran|Sensor error|2569000
Pintu kaca hidrolik di lantai 18 gedung utama zona barat bermasalah, tolong bantu|Pintu Kaca Hidrolik di Gedung Utama Lantai 18 Zona Barat mengalami masalah teknis, yaitu sensor error yang disebabkan oleh debu/kotoran, perlu segera diperbaiki|Pintu Kaca Hidrolik|Gedung Utama|Lantai 18|Zona Barat|Arsitektur|Berat|Debu/kotoran|Sensor error|2569000
Pintu Kaca Hidrolik di Gedung D lantai 12 zona tengah rusak|Pintu Kaca Hidrolik di Gedung D, Lantai 12, Zona Tengah mengalami kerusakan suhu tidak stabil|Pintu Kaca Hidrolik|Gedung D|Lantai 12|Zona Tengah|Arsitektur|Sedang|Kurang perawatan|Suhu tidak stabil|354000
Pintu Kaca Hidrolik di lantai 12 zona tengah gedung D tiba2 nggak stabil suhunya|Pintu Kaca Hidrolik di Gedung D, Lantai 12, Zona Tengah mengalami kerusakan teknis yang mempengaruhi suhu|Pintu Kaca Hidrolik|Gedung D|Lantai 12|Zona Tengah|Arsitektur|Sedang|Kurang perawatan|Suhu tidak stabil|354000
Pintu Kaca Hidrolik gedung D lantai 12 zona tengah nggak bisa buka karena suhu tidak stabil|Laporan kerusakan Pintu Kaca Hidrolik di Gedung D, Lantai 12, Zona Tengah menunjukkan bahwa suhu tidak stabil menyebabkan kerusakan|Pintu Kaca Hidrolik|Gedung D|Lantai 12|Zona Tengah|Arsitektur|Sedang|Kurang perawatan|Suhu tidak stabil|354000
Pompa Transfer di lantai 8 gedung A rusak parah|Pompa Transfer Grundfos di Gedung A, Lantai 8, Zona Tengah mengalami kerusakan aus/abrasi karena usia pakai|Pompa Transfer|Gedung A|Lantai 8|Zona Tengah|Mechanical|Berat|Usia pakai|Aus/abrasi|2996000
Pompa di gedung A lantai 8 tiba2 mati|Laporan teknisi: Pompa Transfer Grundfos di Gedung A, Lantai 8, Zona Tengah mengalami gangguan aus/abrasi yang parah|Pompa Transfer|Gedung A|Lantai 8|Zona Tengah|Mechanical|Berat|Usia pakai|Aus/abrasi|2996000
Gedung A lantai 8, pompa transfernya rusak berat|Pompa Transfer Grundfos di lokasi Gedung A, Lantai 8, Zona Tengah memerlukan perbaikan karena kerusakan aus/abrasi yang disebabkan oleh usia pakai|Pompa Transfer|Gedung A|Lantai 8|Zona Tengah|Mechanical|Berat|Usia pakai|Aus/abrasi|2996000
Gedung Servis lantai 3 zona barat air kotor bermasalah|Remote pemipaan air kotor Gedung Servis lantai 3 zona barat tidak berfungsi, perlu perbaikan segera|Pemipaan Air Kotor|Gedung Servis|Lantai 3|Zona Barat|Plumbing|Ringan|Aus normal|Remote tidak berfungsi|460000
Pemipaan air kotor di gedung servis lantai 3 zona barat rusak, tolong bantu|Laporan kerusakan pemipaan air kotor di Gedung Servis lantai 3 zona barat, remote tidak berfungsi|Pemipaan Air Kotor|Gedung Servis|Lantai 3|Zona Barat|Plumbing|Ringan|Aus normal|Remote tidak berfungsi|460000
Gedung servis lantai 3 zona barat, air kotor tidak keluar karena remote rusak|Kerusakan remote pemipaan air kotor di Gedung Servis lantai 3 zona barat, perlu perbaikan segera|Pemipaan Air Kotor|Gedung Servis|Lantai 3|Zona Barat|Plumbing|Ringan|Aus normal|Remote tidak berfungsi|460000
Pintu Biasa Berdaun Tunggal di Gedung Utama Lantai 13 Zona Barat tiba2 nggak bisa dibuka|Pintu Biasa Berdaun Tunggal di Gedung Utama Lantai 13 Zona Barat mengalami kerusakan mendadak, tidak dapat dibuka|Pintu Biasa Berdaun Tunggal|Gedung Utama|Lantai 13|Zona Barat|Arsitektur|Ringan|Human error|Mati mendadak|389000
Pintu di Gedung Utama Lantai 13 Zona Barat rusak, gak bisa buka pintu|Kerusakan pada Pintu Biasa Berdaun Tunggal di Gedung Utama Lantai 13 Zona Barat, kemungkinan disebabkan oleh human error|Pintu Biasa Berdaun Tunggal|Gedung Utama|Lantai 13|Zona Barat|Arsitektur|Ringan|Human error|Mati mendadak|389000
Pintu Biasa Berdaun Tunggal di Lantai 13 Gedung Utama Zona Barat tiba2 mati, tolong bantu|Pintu Biasa Berdaun Tunggal di Gedung Utama Lantai 13 Zona Barat mengalami kerusakan mendadak, perlu penanganan segera|Pintu Biasa Berdaun Tunggal|Gedung Utama|Lantai 13|Zona Barat|Arsitektur|Ringan|Human error|Mati mendadak|389000
AC Split di Gedung Utama lantai 16 zona barat rusak, gak bisa nyala|Laporan kerusakan AC Split merek Panasonic di Gedung Utama lantai 16 zona barat, tidak dapat dioperasikan|AC Split|Gedung Utama|Lantai 16|Zona Barat|Mechanical|Ringan|Kurang perawatan|Macet/tersumbat|244000
AC Split Panasonic di lantai 16 Gedung Utama zona barat tiba-tiba mati, tolong bantu|Pemeriksaan AC Split merek Panasonic di Gedung Utama lantai 16 zona barat menunjukkan kerusakan ringan akibat kurang perawatan|AC Split|Gedung Utama|Lantai 16|Zona Barat|Mechanical|Ringan|Kurang perawatan|Macet/tersumbat|244000
Gedung Utama lantai 16 zona barat, AC Split panasonic gak bisa di hidupin, kenapa ya?|Hasil inspeksi menunjukkan bahwa AC Split merek Panasonic di Gedung Utama lantai 16 zona barat mengalami kerusakan macet/tersumbat, perlu perbaikan segera|AC Split|Gedung Utama|Lantai 16|Zona Barat|Mechanical|Ringan|Kurang perawatan|Macet/tersumbat|244000
Gedung parkir lantai 1 zona tengah ada masalah SDP lokal|Laporan kerusakan SDP lokal di Gedung Parkir Lantai 1 Zona Tengah|SDP|Gedung Parkir|Lantai 1|Zona Tengah|Electrical|Berat|Faktor lingkungan|Getaran berlebihan|3729000
SDP lokal di lantai 1 gedung parkir zona tengah rusak berat|Kerusakan SDP lokal di Gedung Parkir Lantai 1 Zona Tengah disebabkan oleh getaran berlebihan|SDP|Gedung Parkir|Lantai 1|Zona Tengah|Electrical|Berat|Faktor lingkungan|Getaran berlebihan|3729000
SDP di zona tengah lantai 1 gedung parkir bermasalah, tolong bantu|Laporan teknisi: SDP lokal di Gedung Parkir Lantai 1 Zona Tengah mengalami kerusakan parah|SDP|Gedung Parkir|Lantai 1|Zona Tengah|Electrical|Berat|Faktor lingkungan|Getaran berlebihan|3729000
Min, dvr cctv di gedung servis lantai 2 zona tengah kok gambarnya jelek bgt ya? kayak ada karatnya gitu.|Telah ditemukan korosi pada unit DVR CCTV merek Dahua di Gedung Servis, Lantai 2, Zona Tengah, akibat human error. Diperlukan perbaikan.|DVR CCTV|Gedung Servis|Lantai 2|Zona Tengah|Security Sistem|Ringan|Human error|Berkarat/korosi|342000
Help! DVR CCTV di Gedung Servis Lantai 2 Zona Tengah error nih, gambarnya burem. Kayaknya karatan deh.|Unit DVR CCTV Dahua di Gedung Servis, Lantai 2, Zona Tengah mengalami kerusakan berkarat/korosi. Investigasi menunjukkan root cause adalah human error.|DVR CCTV|Gedung Servis|Lantai 2|Zona Tengah|Security Sistem|Ringan|Human error|Berkarat/korosi|342000
Permisi, mau lapor. DVR CCTV di Gedung Servis Lantai 2 Zona Tengah ada masalah, gambarnya gak jelas. Apa karena korosi ya?|Pemeriksaan pada DVR CCTV Dahua di Gedung Servis, Lantai 2, Zona Tengah mengindikasikan adanya korosi yang disebabkan oleh human error. Kerusakan bersifat ringan.|DVR CCTV|Gedung Servis|Lantai 2|Zona Tengah|Security Sistem|Ringan|Human error|Berkarat/korosi|342000
Lampu downlight di gedung E lantai 2 zona utara tiba-tiba mati dan ada api keluar|Lampu Downlight di Gedung E, Lantai 2, Zona Utara mengalami korsleting dan kebakaran kecil|Lampu Downlight|Gedung E|Lantai 2|Zona Utara|Electrical|Berat|Kelembaban tinggi|Korsleting|5594000
Lampu di lantai 2 gedung E zona utara tiba2 korslet trus ada asap|Laporan teknisi: Lampu Downlight di Gedung E, Lantai 2, Zona Utara mengalami kerusakan akibat kelembaban tinggi|Lampu Downlight|Gedung E|Lantai 2|Zona Utara|Electrical|Berat|Kelembaban tinggi|Korsleting|5594000
Gedung E lantai 2 zona utara lampu downlightnya korslet dan bau gosong|Laporan teknisi: Kerusakan pada Lampu Downlight di Gedung E, Lantai 2, Zona Utara disebabkan oleh kelembaban tinggi yang menyebabkan korsleting|Lampu Downlight|Gedung E|Lantai 2|Zona Utara|Electrical|Berat|Kelembaban tinggi|Korsleting|5594000
Lampu downlight di lantai 8 gedung C zona timur tiba2 mati|Lampu Downlight di Gedung C, Lantai 8, Zona Timur mengalami kerusakan total karena kualitas material yang buruk|Lampu Downlight|Gedung C|Lantai 8|Zona Timur|Electrical|Berat|Kualitas material|Tidak berfungsi total|6573000
Lampu di gedung C lantai 8 zona timur udah gak nyala lagi|Lampu Downlight di Gedung C, Lantai 8, Zona Timur tidak berfungsi karena kerusakan pada komponen internal yang disebabkan oleh kualitas material|Lampu Downlight|Gedung C|Lantai 8|Zona Timur|Electrical|Berat|Kualitas material|Tidak berfungsi total|6573000
Gedung C lantai 8 zona timur lampu downlightnya mati total|Lampu Downlight di Gedung C, Lantai 8, Zona Timur mengalami kerusakan yang cukup parah sehingga tidak dapat berfungsi karena kualitas material yang digunakan|Lampu Downlight|Gedung C|Lantai 8|Zona Timur|Electrical|Berat|Kualitas material|Tidak berfungsi total|6573000
NVR IP di gedung utama lantai 16 zona selatan rusak parah|Laporan kerusakan NVR IP Hikvision di Gedung Utama Lantai 16 Zona Selatan, tidak dapat beroperasi dengan normal|NVR IP|Gedung Utama|Lantai 16|Zona Selatan|Security Sistem|Fatal|Kurang perawatan|Berkarat/korosi|13766000
Nvr ip hikvision di lantai 16 gedung utama zona selatan gak bisa nyala|Pemeriksaan menunjukkan bahwa NVR IP Hikvision di Gedung Utama Lantai 16 Zona Selatan mengalami kerusakan akibat korosi|NVR IP|Gedung Utama|Lantai 16|Zona Selatan|Security Sistem|Fatal|Kurang perawatan|Berkarat/korosi|13766000
Gedung utama lantai 16 zona selatan, nvr ip hikvision rusak berat|Kerusakan NVR IP Hikvision di Gedung Utama Lantai 16 Zona Selatan dikarenakan kurangnya perawatan, sehingga mengalami korosi|NVR IP|Gedung Utama|Lantai 16|Zona Selatan|Security Sistem|Fatal|Kurang perawatan|Berkarat/korosi|13766000
Layar di Gedung D lantai 8 zona barat rusak tidak bisa nyala|Layar Generic di Gedung D lantai 8 zona barat mengalami kerusakan aliran lemah karena debu/kotoran|Monitor/Layar|Gedung Gedung D|Lantai 8|Zona Barat|Sistem Telekomunikasi Gedung|Sedang|Debu/kotoran|Aliran lemah|504000
Layar di lantai 8 Gedung D zona barat mati total gak tau kenapa|Kerusakan pada Layar Generic di Gedung D lantai 8 zona Barat disebabkan oleh debu/kotoran yang menyebabkan aliran lemah|Monitor/Layar|Gedung Gedung D|Lantai 8|Zona Barat|Sistem Telekomunikasi Gedung|Sedang|Debu/kotoran|Aliran lemah|504000
Gangguan di layar Gedung D lantai 8 zona barat, layar tidak mau nyala|Laporan teknisi: Layar Generic di Gedung D lantai 8 zona Barat mengalami kerusakan karena debu/kotoran yang mengakibatkan aliran lemah|Monitor/Layar|Gedung Gedung D|Lantai 8|Zona Barat|Sistem Telekomunikasi Gedung|Sedang|Debu/kotoran|Aliran lemah|504000
Atap Genteng di Gedung D lantai 10 zona tengah bermasalah|Laporan kerusakan Atap Genteng Gedung D lantai 10 zona tengah, remote tidak berfungsi|Atap Genteng|Gedung D|Lantai 10|Zona Tengah|Civil|Ringan|Aus normal|Remote tidak berfungsi|264000
Atap Genteng di Gedung D lantai 10 zona tengah gagal berfungsi|Kerusakan Atap Genteng Gedung D lantai 10 zona tengah, kemungkinan karena aus normal sehingga remote tidak berfungsi|Atap Genteng|Gedung D|Lantai 10|Zona Tengah|Civil|Ringan|Aus normal|Remote tidak berfungsi|264000
Atap Genteng di Gedung D lantai 10 zona tengah tiba2 tidak bisa dipakai|Inspeksi Atap Genteng Gedung D lantai 10 zona tengah menunjukkan kerusakan ringan, yaitu remote tidak berfungsi karena aus normal|Atap Genteng|Gedung D|Lantai 10|Zona Tengah|Civil|Ringan|Aus normal|Remote tidak berfungsi|264000
Kamera cctv di gedung A lantai 6 zona selatan bunyi aneh banget|Kamera CCTV Hikvision di Gedung A Lantai 6 Zona Selatan mengalami kerusakan yang menyebabkan bunyi abnormal|Kamera CCTV|Gedung A|Lantai 6|Zona Selatan|Security Sistem|Ringan|Overload|Bunyi abnormal|230000
Kamera cctv di lantai 6 gedung A ada suara nggak biasa|Kerusakan pada Kamera CCTV Hikvision di Gedung A Lantai 6 Zona Selatan menyebabkan suara tidak normal|Kamera CCTV|Gedung A|Lantai 6|Zona Selatan|Security Sistem|Ringan|Overload|Bunyi abnormal|230000
Gedung A lantai 6 zona selatan kamera cctv bunyi aneh|Laporan teknisi: Kamera CCTV Hikvision di Gedung A Lantai 6 Zona Selatan mengalami kerusakan yang menyebabkan bunyi tidak normal|Kamera CCTV|Gedung A|Lantai 6|Zona Selatan|Security Sistem|Ringan|Overload|Bunyi abnormal|230000
PABX di gedung D lantai 11 zona barat tiba-tiba mati|Pada tanggal 24 Februari, PABX di Gedung D lantai 11 zona barat mengalami kerusakan yang disebabkan oleh overheat akibat debu/kotoran, perlu perbaikan segera|PABX|Gedung D|Lantai 11|Zona Barat|Sistem Telekomunikasi Gedung|Ringan|Debu/kotoran|Overheat|150000
PABX di lantai 11 gedung D zona barat tidak bisa digunakan|Setelah melakukan inspeksi, ditemukan bahwa PABX di Gedung D lantai 11 zona barat mengalami kerusakan karena overheat yang disebabkan oleh debu/kotoran, perlu dibersihkan dan diperbaiki|PABX|Gedung D|Lantai 11|Zona Barat|Sistem Telekomunikasi Gedung|Ringan|Debu/kotoran|Overheat|150000
PABX zona barat lantai 11 gedung D rusak|PABX di Gedung D lantai 11 zona barat mengalami kerusakan yang disebabkan oleh overheat akibat debu/kotoran, perlu dilakukan perbaikan dan pembersihan untuk menghindari kerusakan lebih lanjut|PABX|Gedung D|Lantai 11|Zona Barat|Sistem Telekomunikasi Gedung|Ringan|Debu/kotoran|Overheat|150000
Lampu LED di Gedung E lantai 6 zona utara tiba-tiba mati dan tidak mau nyala lagi, sepertinya ada masalah parah|Laporan teknisi: Lampu LED di Gedung E lantai 6 zona utara mengalami kerusakan fatal akibat overload, perlu perbaikan segera|Lampu LED|Gedung E|Lantai 6|Zona Utara|Electrical|Fatal|Overload|Macet/tersumbat|46941000
Lampu di Gedung E lantai 6 zona utara macet dan tidak bisa dinyalakan, tolong bantu segera|Laporan teknisi: Lampu LED di Gedung E lantai 6 zona utara mengalami kerusakan pada komponen internal akibat overload, perlu penggantian komponen|Lampu LED|Gedung E|Lantai 6|Zona Utara|Electrical|Fatal|Overload|Macet/tersumbat|46941000
Lampu LED di zona utara Gedung E lantai 6 tiba-tiba tidak mau nyala, kayaknya ada masalah listrik, tolong cek segera|Laporan teknisi: Lampu LED di Gedung E lantai 6 zona utara mengalami kerusakan akibat overload, perlu perbaikan dan penggantian komponen yang rusak|Lampu LED|Gedung E|Lantai 6|Zona Utara|Electrical|Fatal|Overload|Macet/tersumbat|46941000
AC di Gedung D lantai 12 zona utara rusak berat banget|Control Panel AC di Gedung D lantai 12 zona utara mengalami kerusakan berat karena human error|Control Panel AC|Gedung D|Lantai 12|Zona Utara|Electrical|Berat|Human error|Berkarat/korosi|8949000
AC di Gedung D lantai 12 zona utara gak nyala, katanya udah berkarat|Laporan teknisi: Control Panel AC di Gedung D lantai 12 zona utara mengalami kerusakan berat karena korosi, perlu perbaikan segera|Control Panel AC|Gedung D|Lantai 12|Zona Utara|Electrical|Berat|Human error|Berkarat/korosi|8949000
Gedung D lantai 12 zona utara AC gak jalan, katanya ada masalah di control panel|Control Panel AC di Gedung D lantai 12 zona utara mengalami kerusakan berat, kemungkinan karena human error, perlu diperiksa dan diperbaiki|Control Panel AC|Gedung D|Lantai 12|Zona Utara|Electrical|Berat|Human error|Berkarat/korosi|8949000
Lampu di Gedung C Lantai 6 Zona Utara nggak nyala terus, apa bisa diperbaiki?|Laporan kerusakan pada Lampu Esensial di Gedung C, Lantai 6, Zona Utara, tekanan listrik tidak stabil|Lampu Esensial|Gedung C|Lantai 6|Zona Utara|Electrical|Ringan|Aus normal|Tekanan tidak stabil|323000
Lampu di kantor Lantai 6 Gedung C tiba-tiba mati, katanya karena tekanan listrik|Pemeriksaan menunjukkan bahwa Lampu Esensial di Gedung C, Lantai 6, Zona Utara mengalami kerusakan tekanan listrik tidak stabil|Lampu Esensial|Gedung C|Lantai 6|Zona Utara|Electrical|Ringan|Aus normal|Tekanan tidak stabil|323000
Kantor Zona Utara Lantai 6 Gedung C lampunya nggak nyala, tolong perbaiki|Kerusakan pada Lampu Esensial di Gedung C, Lantai 6, Zona Utara, disebabkan oleh tekanan listrik yang tidak stabil, perlu perbaikan segera|Lampu Esensial|Gedung C|Lantai 6|Zona Utara|Electrical|Ringan|Aus normal|Tekanan tidak stabil|323000
APAR CO2 di gedung B lantai 2 zona selatan rusak banget|Laporan kerusakan APAR CO2 di Gedung B, Lantai 2, Zona Selatan menunjukkan tampilan yang rusak|APAR CO2|Gedung B|Lantai 2|Zona Selatan|Sistem Pemadam Kebakaran|Sedang|Aus normal|Tampilan rusak|1924000
APAR CO2 di lantai 2 gedung B zona selatan ga bisa dipake|Terdapat kerusakan pada APAR CO2 di Gedung B, Lantai 2, Zona Selatan, kemungkinan disebabkan oleh aus normal|APAR CO2|Gedung B|Lantai 2|Zona Selatan|Sistem Pemadam Kebakaran|Sedang|Aus normal|Tampilan rusak|1924000
Rusak parah nih APAR CO2 di gedung B lantai 2 zona selatan|APAR CO2 di Gedung B, Lantai 2, Zona Selatan mengalami kerusakan pada tampilannya, perlu diperbaiki segera|APAR CO2|Gedung B|Lantai 2|Zona Selatan|Sistem Pemadam Kebakaran|Sedang|Aus normal|Tampilan rusak|1924000
AC Cassette di Gedung B lantai 6 zona timur tiba2 ngga nyala lagi|Laporan kerusakan AC Cassette Mitsubishi di Gedung B lantai 6 zona timur mengalami mati mendadak|AC Cassette|Mitsubishi|Gedung B|Lantai 6|Zona Timur|Mechanical|Berat|Faktor lingkungan|Mati mendadak|9418000
AC Cassette Mitsubishi di lantai 6 gedung B zona timur rusak parah|Kerusakan AC Cassette Mitsubishi di Gedung B lantai 6 zona timur disebabkan oleh faktor lingkungan|AC Cassette|Mitsubishi|Gedung B|Lantai 6|Zona Timur|Mechanical|Berat|Faktor lingkungan|Mati mendadak|9418000
AC Cassette di zona timur lantai 6 gedung B tiba2 mati|Laporan teknisi: AC Cassette Mitsubishi di Gedung B lantai 6 zona timur mengalami kerusakan parah akibat faktor lingkungan|AC Cassette|Mitsubishi|Gedung B|Lantai 6|Zona Timur|Mechanical|Berat|Faktor lingkungan|Mati mendadak|9418000
Plafon PVC di Gedung Utama lantai 2 zona utara ada getaran aneh|Laporan kerusakan Plafon PVC di Gedung Utama lantai 2 zona utara dengan gejala getaran berlebihan|Plafon PVC|Gedung Gedung Utama|Lantai 2|Zona Utara|Arsitektur|Ringan|Tegangan tidak stabil|Getaran berlebihan|249000
Plafon PVC di lantai 2 Gedung Utama zona utara kalo dipegang bergoyang|Kerusakan Plafon PVC di lantai 2 Gedung Utama zona utara dengan gejala getaran yang abnormal|Plafon PVC|Gedung Gedung Utama|Lantai 2|Zona Utara|Arsitektur|Ringan|Tegangan tidak stabil|Getaran berlebihan|249000
Gedung Utama lantai 2 zona utara, plafon PVCnya goyang2|Inspeksi menunjukkan kerusakan Plafon PVC di Gedung Utama lantai 2 zona utara dengan gejala getaran yang melebihi batas normal|Plafon PVC|Gedung Gedung Utama|Lantai 2|Zona Utara|Arsitektur|Ringan|Tegangan tidak stabil|Getaran berlebihan|249000
APAR CO2 di Gedung D Lantai 10 Zona Selatan nggak bisa dipake lagi karena ada kerusakan parah|Laporan teknisi: APAR CO2 di Gedung D Lantai 10 Zona Selatan mengalami kerusakan berat karena aus normal, sehingga perlu dilakukan perbaikan segera|APAR CO2|Gedung D|Lantai 10|Zona Selatan|Sistem Pemadam Kebakaran|Berat|Aus normal|Aus/abrasi|2335000
APAR CO2 di lantai 10 Gedung D Zona Selatan rusak berat, tolong bantu|Laporan teknisi: APAR CO2 di Gedung D Lantai 10 Zona Selatan mengalami kerusakan parah karena aus normal, perlu dilakukan perbaikan segera|APAR CO2|Gedung D|Lantai 10|Zona Selatan|Sistem Pemadam Kebakaran|Berat|Aus normal|Aus/abrasi|2335000
APAR CO2 Gedung D Lantai 10 Zona Selatan nggak berfungsi dengan baik, mohon segera diperiksa|Laporan teknisi: APAR CO2 di Gedung D Lantai 10 Zona Selatan mengalami kerusakan berat karena aus normal, sehingga perlu dilakukan perbaikan segera untuk memastikan keselamatan|APAR CO2|Gedung D|Lantai 10|Zona Selatan|Sistem Pemadam Kebakaran|Berat|Aus normal|Aus/abrasi|2335000
APAR Wet Chemical di lantai 2 zona timur gedung servis bocor banget|Laporan perbaikan APAR Wet Chemical merek lokal di Gedung Servis, Lantai 2, Zona Timur, dikarenakan kebocoran yang menyebabkan aliran lemah|APAR Wet Chemical|Gedung Servis|Lantai 2|Zona Timur|Sistem Pemadam Kebakaran|Sedang|Kelembaban tinggi|Aliran lemah|748000
APAR Wet Chemical di zona timur lantai 2 gedung servis ga bisa nyala|Laporan perawatan APAR Wet Chemical merek lokal di Gedung Servis, Lantai 2, Zona Timur, karena kegagalan penyalaan yang disebabkan oleh kelembaban tinggi|APAR Wet Chemical|Gedung Servis|Lantai 2|Zona Timur|Sistem Pemadam Kebakaran|Sedang|Kelembaban tinggi|Aliran lemah|748000
APAR Wet Chemical lantai 2 zona timur gedung servis bermasalah, aliran air lemah banget|Laporan inspeksi APAR Wet Chemical merek lokal di Gedung Servis, Lantai 2, Zona Timur, menunjukkan adanya kerusakan yang menyebabkan aliran lemah, perlu perbaikan|APAR Wet Chemical|Gedung Servis|Lantai 2|Zona Timur|Sistem Pemadam Kebakaran|Sedang|Kelembaban tinggi|Aliran lemah|748000
PABX di gedung utama lantai 1 zona barat rusak parah|Pemeriksaan menunjukkan bahwa PABX di Gedung Utama Lantai 1 Zona Barat mengalami kerusakan pada tampilan|PABX|Gedung Utama|Lantai 1|Zona Barat|Sistem Telekomunikasi Gedung|Sedang|Aus normal|Tampilan rusak|574000
PABX di lantai 1 zona barat gedung utama nggak nyala|Laporan teknisi menunjukkan bahwa PABX di Gedung Utama Lantai 1 Zona Barat mengalami masalah tampilan yang tidak berfungsi|PABX|Gedung Utama|Lantai 1|Zona Barat|Sistem Telekomunikasi Gedung|Sedang|Aus normal|Tampilan rusak|574000
PABX lokal di gedung utama lantai 1 zone barat tampilannya rusak|Teknisi menemukan bahwa PABX lokal di Gedung Utama Lantai 1 Zona Barat memiliki masalah pada tampilan yang tidak dapat ditampilkan dengan baik|PABX|Gedung Utama|Lantai 1|Zona Barat|Sistem Telekomunikasi Gedung|Sedang|Aus normal|Tampilan rusak|574000
Lampu TL di Gedung Utama lantai 5 zona barat tiba2 mati|Laporan kerusakan Lampu TL di Gedung Utama lantai 5 zona barat, kemungkinan karena kebocoran|Lampu TL|Gedung Utama|Lantai 5|Zona Barat|Electrical|Ringan|Aus normal|Kebocoran|394000
Lampu TL di lantai 5 zona barat Gedung Utama tidak nyala|Laporan perbaikan Lampu TL di Gedung Utama lantai 5 zona barat, diduga karena kebocoran yang menyebabkan kerusakan|Lampu TL|Gedung Utama|Lantai 5|Zona Barat|Electrical|Ringan|Aus normal|Kebocoran|394000
Lampu TL zona barat lantai 5 Gedung Utama tiba2 kebocoran|Laporan teknisi tentang kerusakan Lampu TL di Gedung Utama lantai 5 zona barat, disebabkan oleh kebocoran yang menyebabkan kerusakan ringan|Lampu TL|Gedung Utama|Lantai 5|Zona Barat|Electrical|Ringan|Aus normal|Kebocoran|394000
Breker panel di gedung parkir lantai 2 zona barat rusak parah|Laporan kerusakan Breker Panel di Gedung Parkir, Lantai 2, Zona Barat, dikarenakan tegangan tidak stabil menyebabkan retak/pecah|Breker Panel|Gedung Parkir|Lantai 2|Zona Barat|Electrical|Ringan|Tegangan tidak stabil|Retak/pecah|361000
Breker panel di parkir lantai 2 zona barat nggak nyala|Laporan kerusakan Breker Panel di Gedung Parkir, Lantai 2, Zona Barat, dikarenakan gangguan tegangan tidak stabil sehingga menyebabkan kerusakan retak/pecah|Breker Panel|Gedung Parkir|Lantai 2|Zona Barat|Electrical|Ringan|Tegangan tidak stabil|Retak/pecah|361000
Breker panel zona barat lantai 2 gedung parkir rusak|Laporan inspeksi Breker Panel di Gedung Parkir, Lantai 2, Zona Barat, menunjukkan bahwa kerusakan retak/pecah disebabkan oleh tegangan tidak stabil sehingga memerlukan perbaikan|Breker Panel|Gedung Parkir|Lantai 2|Zona Barat|Electrical|Ringan|Tegangan tidak stabil|Retak/pecah|361000
Plafon di Gedung E Lantai 4 Zona Utara ada suara aneh|Ditemukan bunyi abnormal pada plafon di Gedung E, Lantai 4, Zona Utara, kemungkinan akibat aus normal|Plafon|Gedung E|Lantai 4|Zona Utara|Arsitektur|Ringan|Aus normal|Bunyi abnormal|279000
Plafon di lantai 4 Gedung E Zona Utara bunyi nyaring|Laporan teknisi: plafon di Gedung E, Lantai 4, Zona Utara, mengalami kerusakan berupa bunyi abnormal, kemungkinan disebabkan oleh aus normal|Plafon|Gedung E|Lantai 4|Zona Utara|Arsitektur|Ringan|Aus normal|Bunyi abnormal|279000
Gedung E lantai 4 zona utara plafon bunyi aneh banget|Terdapat kerusakan pada plafon di Gedung E, Lantai 4, Zona Utara, dengan gejala bunyi abnormal, yang kemungkinan disebabkan oleh aus normal|Plafon|Gedung E|Lantai 4|Zona Utara|Arsitektur|Ringan|Aus normal|Bunyi abnormal|279000
Lampu hias di gedung utama lantai 4 zona barat tiba2 mati|Laporan kerusakan lampu hias di Gedung Utama, Lantai 4, Zona Barat, jenis kerusakan lampu mati|Lampu Hias|Gedung Utama|Lantai 4|Zona Barat|Electrical|Sedang|Aus normal|Lampu mati|840000
Lampu di lantai 4 zona barat gedung utama gak nyala|Kerusakan lampu hias di Gedung Utama, Lantai 4, Zona Barat, kemungkinan akibat aus normal, perlu perbaikan segera|Lampu Hias|Gedung Utama|Lantai 4|Zona Barat|Electrical|Sedang|Aus normal|Lampu mati|840000
Lampu hias zona barat lantai 4 gedung utama tiba2 padam, tolong bantu|Laporan kerusakan lampu hias di Gedung Utama, Lantai 4, Zona Barat, jenis kerusakan lampu mati, kemungkinan aus normal, biaya perbaikan sebesar 840000|Lampu Hias|Gedung Utama|Lantai 4|Zona Barat|Electrical|Sedang|Aus normal|Lampu mati|840000
Lampu TL di Gedung D lantai 7 zona selatan mati|Laporan perbaikan Lampu TL di Gedung D lantai 7 zona selatan, kondisi kerusakan berkarat/korosi|Lampu TL|Gedung D|Lantai 7|Zona Selatan|Electrical|Ringan|Aus normal|Berkarat/korosi|322000
Lampu di atas meja kerja di Gedung D lantai 7 zona selatan gak nyala, kayaknya rusak|Laporan perbaikan Lampu TL di Gedung D lantai 7 zona selatan, kerusakan akibat aus normal|Lampu TL|Gedung D|Lantai 7|Zona Selatan|Electrical|Ringan|Aus normal|Berkarat/korosi|322000
Lampu TL di gedung D lantai 7 zona selatan udah gak bisa nyala, mungkin karatan|Laporan perbaikan Lampu TL di Gedung D lantai 7 zona selatan, kondisi kerusakan berkarat/korosi, perlu perbaikan segera|Lampu TL|Gedung D|Lantai 7|Zona Selatan|Electrical|Ringan|Aus normal|Berkarat/korosi|322000
Lampu downlight di lantai 13 zona timur gedung A mati tiba2|Lampu Downlight di Gedung A, Lantai 13, Zona Timur mengalami kerusakan karena overload, menyebabkan suhu tidak stabil|Lampu Downlight|Gedung A|Lantai 13|Zona Timur|Electrical|Sedang|Overload|Suhu tidak stabil|331000
Lampu di zona timur lantai 13 gedung A tiba2 panas banget|Laporan teknisi: Lampu Downlight di Gedung A, Lantai 13, Zona Timur mengalami kerusakan karena overload, menyebabkan suhu tidak stabil|Lampu Downlight|Gedung A|Lantai 13|Zona Timur|Electrical|Sedang|Overload|Suhu tidak stabil|331000
Lampu downlight di gedung A lantai 13 zona timur rusak, gak tau kenapa|Lampu Downlight di Gedung A, Lantai 13, Zona Timur mengalami kerusakan karena overload, menyebabkan suhu tidak stabil dan memerlukan perbaikan segera|Lampu Downlight|Gedung A|Lantai 13|Zona Timur|Electrical|Sedang|Overload|Suhu tidak stabil|331000
Lampu downlight di gedung B lantai 6 zona barat tiba-tiba mati|Lampu downlight di Gedung B, Lantai 6, Zona Barat mengalami kerusakan pada komponen internal sehingga menyebabkan penurunan performa|Lampu Downlight|Gedung B|Lantai 6|Zona Barat|Electrical|Berat|Aus normal|Performa menurun|7488000
Lampu di lantai 6 zona barat gedung B tidak nyala bro|Laporan teknisi: Lampu downlight di Gedung B, Lantai 6, Zona Barat memiliki kerusakan yang disebabkan oleh aus normal, sehingga menyebabkan penurunan performa|Lampu Downlight|Gedung B|Lantai 6|Zona Barat|Electrical|Berat|Aus normal|Performa menurun|7488000
Lampu downlight zona barat lantai 6 gedung B rusak berat|Lampu downlight di Gedung B, Lantai 6, Zona Barat memiliki kerusakan yang cukup berat, dengan root cause aus normal yang menyebabkan penurunan performa|Lampu Downlight|Gedung B|Lantai 6|Zona Barat|Electrical|Berat|Aus normal|Performa menurun|7488000
Gedung C lantai 6 zona timur drainnya bocor parah|Laporan kerusakan floor drain di Gedung C, Lantai 6, Zona Timur, dengan gejala tekanan tidak stabil|Floor Drain|Gedung C|Lantai 6|Zona Timur|Plumbing|Sedang|Usia pakai|Tekanan tidak stabil|1829000
Floor drain di lantai 6 gedung C zona timur nggak berfungsi|Pemeriksaan menunjukkan bahwa floor drain di Gedung C, Lantai 6, Zona Timur, mengalami kerusakan tekanan tidak stabil|Floor Drain|Gedung C|Lantai 6|Zona Timur|Plumbing|Sedang|Usia pakai|Tekanan tidak stabil|1829000
Gedung C lantai 6 zona timur kenapa drainnya nggak bisa buang air ya|Laporan teknisi menunjukkan bahwa floor drain di Gedung C, Lantai 6, Zona Timur, memerlukan perbaikan karena kerusakan tekanan tidak stabil|Floor Drain|Gedung C|Lantai 6|Zona Timur|Plumbing|Sedang|Usia pakai|Tekanan tidak stabil|1829000
FCU di lantai 14 gedung utama zona selatan tiba2 nggak ada angin|Laporan kerusakan FCU di Gedung Utama, Lantai 14, Zona Selatan, mengalami aliran lemah|FCU|Gedung Utama|Lantai 14|Zona Selatan|Mechanical|Berat|Human error|Aliran lemah|7950000
Fc di gedung utama lantai 14 zona selatan mati|Laporan teknis: FCU di Gedung Utama, Lantai 14, Zona Selatan mengalami kerusakan parah, perlu perbaikan segera|FCU|Gedung Utama|Lantai 14|Zona Selatan|Mechanical|Berat|Human error|Aliran lemah|7950000
Gedung utama lantai 14 zona selatan ac nggak nyala, kira2 fc nya rusak|Laporan inspeksi: FCU di Gedung Utama, Lantai 14, Zona Selatan mengalami aliran lemah, kemungkinan disebabkan oleh human error|FCU|Gedung Utama|Lantai 14|Zona Selatan|Mechanical|Berat|Human error|Aliran lemah|7950000
Lampu Downlight di Gedung C Lantai 4 Zona Utara tiba-tiba mati|Laporan teknisi: Lampu Downlight di Gedung C, Lantai 4, Zona Utara mengalami penurunan performa|Lampu Downlight|Gedung C|Lantai 4|Zona Utara|Electrical|Ringan|Tegangan tidak stabil|Performa menurun|112000
Lampu Downlight di lantai 4 zona utara gedung C kurang terang|Laporan teknisi: Lampu Downlight di Gedung C, Lantai 4, Zona Utara mengalami gangguan tegangan yang menyebabkan performa menurun|Lampu Downlight|Gedung C|Lantai 4|Zona Utara|Electrical|Ringan|Tegangan tidak stabil|Performa menurun|112000
Lampu Downlight di gedung C lantai 4 zona utara tiba2 redup|Laporan teknisi: Lampu Downlight di Gedung C, Lantai 4, Zona Utara memerlukan perbaikan karena performa yang menurun akibat tegangan tidak stabil|Lampu Downlight|Gedung C|Lantai 4|Zona Utara|Electrical|Ringan|Tegangan tidak stabil|Performa menurun|112000
Gedung A lantai 15 zona barat exhaust fan panasonic bocor parah bro!|Laporan teknisi: Exhaust Fan Panasonic di Gedung A, Lantai 15, Zona Barat mengalami kebocoran parah|Exhaust Fan|Gedung A|Lantai 15|Zona Barat|Ventilasi Sistem|Fatal|Kurang perawatan|Kebocoran|47574000
Exhaust fan panasonic di gedung A lantai 15 zona barat rusak berat, air bocor dimana-mana!|Laporan teknisi: Kerusakan Exhaust Fan Panasonic di Gedung A, Lantai 15, Zona Barat disebabkan oleh kebocoran yang parah|Exhaust Fan|Gedung A|Lantai 15|Zona Barat|Ventilasi Sistem|Fatal|Kurang perawatan|Kebocoran|47574000
Gw butuh bantuan, exhaust fan panasonic di gedung A lantai 15 zona barat bocor, apa harus gw lakukan?|Laporan teknisi: Exhaust Fan Panasonic di Gedung A, Lantai 15, Zona Barat memerlukan perbaikan segera karena kebocoran yang fatal|Exhaust Fan|Gedung A|Lantai 15|Zona Barat|Ventilasi Sistem|Fatal|Kurang perawatan|Kebocoran|47574000
Kipas exhaust di gedung parkir lantai 4 zona selatan tiba-tiba mati dan bergetar|Laporan teknisi: Exhaust Fan di Gedung Parkir, Lantai 4, Zona Selatan mengalami kerusakan tekanan tidak stabil karena overload|Exhaust Fan|Gedung Parkir|Lantai 4|Zona Selatan|Ventilasi Sistem|Ringan|Overload|Tekanan tidak stabil|265000
Exhaust fan di parkiran lantai 4 zona selatan nggak stabil dan bunyi kasar banget|Laporan teknisi: Exhaust Fan di Gedung Parkir, Lantai 4, Zona Selatan mengalami gangguan tekanan yang tidak stabil karena overload|Exhaust Fan|Gedung Parkir|Lantai 4|Zona Selatan|Ventilasi Sistem|Ringan|Overload|Tekanan tidak stabil|265000
Gedung parkir lantai 4 zona selatan kipas exhaustnya nggak jalan dan getar terus, tolong dicek|Laporan teknisi: Exhaust Fan merek Panasonic di Gedung Parkir, Lantai 4, Zona Selatan mengalami kerusakan karena overload yang menyebabkan tekanan tidak stabil|Exhaust Fan|Gedung Parkir|Lantai 4|Zona Selatan|Ventilasi Sistem|Ringan|Overload|Tekanan tidak stabil|265000
Genset diesel di gedung D lantai 8 zona selatan tiba-tiba mati|Genset diesel Perkins di gedung D lantai 8 zona selatan mengalami kerusakan sensor sehingga tidak dapat beroperasi|Genset Diesel|Gedung D|Lantai 8|Zona Selatan|Mechanical|Sedang|Usia pakai|Sensor error|1989000
Genset diesel di zona selatan lantai 8 gedung D nggak nyala lagi|Laporan teknis: genset diesel Perkins di gedung D lantai 8 zona selatan mengalami gangguan sensor yang menyebabkan kerusakan|Genset Diesel|Gedung D|Lantai 8|Zona Selatan|Mechanical|Sedang|Usia pakai|Sensor error|1989000
Genset diesel perkins di lantai 8 gedung D zona selatan tiba2 nggak jalan|Kerusakan genset diesel Perkins di gedung D lantai 8 zona selatan disebabkan oleh sensor yang rusak sehingga memerlukan perbaikan|Genset Diesel|Gedung D|Lantai 8|Zona Selatan|Mechanical|Sedang|Usia pakai|Sensor error|1989000
Trafo IT UPS di Gedung Utama lantai 18 zona timur rusak banget|Laporan kerusakan Trafo IT UPS di Gedung Utama lantai 18 zona timur dengan gejala aus dan abrasi|Trafo IT UPS|Gedung Utama|Lantai 18|Zona Timur|Electrical|Ringan|Usia pakai|Aus/abrasi|52000
Trafo IT UPS di lantai 18 zona timur Gedung Utama mati total|Pemeriksaan Trafo IT UPS di Gedung Utama lantai 18 zona timur menunjukkan kerusakan aus dan abrasi akibat usia pakai|Trafo IT UPS|Gedung Utama|Lantai 18|Zona Timur|Electrical|Ringan|Usia pakai|Aus/abrasi|52000
Gedung Utama lantai 18 zona timur trafo IT UPS nggak nyala|Inspeksi Trafo IT UPS di Gedung Utama lantai 18 zona timur menemukan kerusakan akibat aus dan abrasi yang disebabkan oleh usia pakai|Trafo IT UPS|Gedung Utama|Lantai 18|Zona Timur|Electrical|Ringan|Usia pakai|Aus/abrasi|52000
AC Split di gedung parkir lantai 3 zona timur tiba-tiba mati|Laporan kerusakan AC Split merek Samsung di Gedung Parkir, Lantai 3, Zona Timur, dengan gejala mati mendadak, kemungkinan disebabkan faktor lingkungan|AC Split|Gedung Parkir|Lantai 3|Zona Timur|Mechanical|Berat|Faktor lingkungan|Mati mendadak|9418000
AC Split samsung di zona timur lantai 3 gedung parkir tiba2 nggak nyala|Pemeriksaan awal menunjukkan bahwa AC Split merek Samsung di Gedung Parkir, Lantai 3, Zona Timur, mengalami kerusakan berat, dengan kemungkinan penyebab utama adalah faktor lingkungan|AC Split|Gedung Parkir|Lantai 3|Zona Timur|Mechanical|Berat|Faktor lingkungan|Mati mendadak|9418000
Ac split di lantai 3 zona timur gedung parkir samsung tiba2 mati, tolong bantu|Kerusakan AC Split merek Samsung di Gedung Parkir, Lantai 3, Zona Timur, telah diidentifikasi, dengan kerusakan berat dan kemungkinan disebabkan oleh faktor lingkungan, perlu perbaikan segera|AC Split|Gedung Parkir|Lantai 3|Zona Timur|Mechanical|Berat|Faktor lingkungan|Mati mendadak|9418000
Pompa Sampit di lantai 3 gedung servis zona selatan bermasalah, aliran airnya lemah banget|Pompa Sampit di Gedung Servis, Lantai 3, Zona Selatan mengalami gangguan, dengan gejala aliran lemah|Pompa Sampit|Gedung Servis|Lantai 3|Zona Selatan|Mechanical|Ringan|Tegangan tidak stabil|Aliran lemah|75000
Pompa di gedung servis lantai 3 zona selatan rusak, gak bisa narik air dengan baik, katanya pompa sampit|Laporan kerusakan Pompa Sampit di Gedung Servis, Lantai 3, Zona Selatan, dengan kondisi aliran lemah dan tidak stabil|Pompa Sampit|Gedung Servis|Lantai 3|Zona Selatan|Mechanical|Ringan|Tegangan tidak stabil|Aliran lemah|75000
Pompa sampit di lantai 3 gedung servis zona selatan gak jalan, katanya karena tegangan listriknya gak stabil, jadi aliran airnya jadi lemah|Pompa Sampit di Gedung Servis, Lantai 3, Zona Selatan mengalami kerusakan, dengan penyebab utama tegangan listrik yang tidak stabil|Pompa Sampit|Gedung Servis|Lantai 3|Zona Selatan|Mechanical|Ringan|Tegangan tidak stabil|Aliran lemah|75000
Gedung C lantai 6 zona utara exhaust fannya rusak banget|Exhaust Fan KDK di Gedung C, Lantai 6, Zona Utara mengalami korsleting akibat human error, perlu perbaikan segera|Exhaust Fan|Gedung C|Lantai 6|Zona Utara|Ventilasi Sistem|Sedang|Human error|Korsleting|927000
Exhaust fan di gedung C lantai 6 zona utara korslet|Laporan kerusakan Exhaust Fan KDK di Gedung C, Lantai 6, Zona Utara, jenis kerusakan korsleting, disebabkan oleh human error|Exhaust Fan|Gedung C|Lantai 6|Zona Utara|Ventilasi Sistem|Sedang|Human error|Korsleting|927000
Exhaust fan KDK di lantai 6 gedung C zona utara tiba2 mati|Exhaust Fan KDK di Gedung C, Lantai 6, Zona Utara mengalami kerusakan korsleting, perlu penanganan segera dengan biaya perbaikan yang telah ditentukan|Exhaust Fan|Gedung C|Lantai 6|Zona Utara|Ventilasi Sistem|Sedang|Human error|Korsleting|927000
AC Split di Gedung Utama lantai 9 zona barat tiba2 mati lampunya|Laporan perbaikan AC Split Samsung di Gedung Utama lantai 9 zona barat dengan kerusakan lampu mati|AC Split|Gedung Utama|Lantai 9|Zona Barat|Mechanical|Ringan|Human error|Lampu mati|297000
AC Split Samsung di lantai 9 zona barat Gedung Utama nggak nyala lampunya, tolong bantu|Pemeriksaan dan perbaikan AC Split Samsung di Gedung Utama lantai 9 zona barat menunjukkan kerusakan pada lampu yang mati|AC Split|Gedung Utama|Lantai 9|Zona Barat|Mechanical|Ringan|Human error|Lampu mati|297000
Lampu AC Split di zona barat lantai 9 Gedung Utama tiba2 mati, apa yang harus saya lakukan?|Inspeksi dan perbaikan AC Split Samsung di Gedung Utama lantai 9 zona barat menemukan bahwa kerusakan disebabkan oleh human error yang menyebabkan lampu mati|AC Split|Gedung Utama|Lantai 9|Zona Barat|Mechanical|Ringan|Human error|Lampu mati|297000
Wastafel di lantai 3 zona tengah gedung servis bocor parah bro|Laporan kerusakan wastafel merek Toto di Gedung Servis, Lantai 3, Zona Tengah, dikarenakan overload sehingga menyebabkan aliran lemah|Wastafel|Gedung Servis|Lantai 3|Zona Tengah|Plumbing|Sedang|Overload|Aliran lemah|1885000
Wastafel di gedung servis lantai 3 zona tengah nggak keluar air deh|Kerusakan wastafel Toto di Gedung Servis, Lantai 3, Zona Tengah, disebabkan oleh overload yang menyebabkan aliran air menjadi lemah|Wastafel|Gedung Servis|Lantai 3|Zona Tengah|Plumbing|Sedang|Overload|Aliran lemah|1885000
Wastafel di zona tengah lantai 3 gedung servis bermasalah, airnya kecil banget|Laporan perbaikan wastafel merek Toto di Gedung Servis, Lantai 3, Zona Tengah, karena overload yang menyebabkan aliran air lemah|Wastafel|Gedung Servis|Lantai 3|Zona Tengah|Plumbing|Sedang|Overload|Aliran lemah|1885000
Kursi di Gedung Servis lantai 2 Zona Selatan rusak parah banget|Kerusakan pada Kursi di Gedung Servis lantai 2 Zona Selatan dikarenakan aus normal, menyebabkan tampilan rusak|Kursi|Gedung Servis|Lantai 2|Zona Selatan|Arsitektur|Sedang|Aus normal|Tampilan rusak|1032000
Kursi di lantai 2 Zona Selatan Gedung Servis ada yang rusak, tolong diperbaiki|Laporan kerusakan Kursi di Gedung Servis lantai 2 Zona Selatan, kondisi rusak karena aus normal|Kursi|Gedung Servis|Lantai 2|Zona Selatan|Arsitektur|Sedang|Aus normal|Tampilan rusak|1032000
Kursi di Gedung Servis Lantai 2 Zona Selatan rusak, permukaannya sudah tidak rapi lagi|Kerusakan pada permukaan Kursi di Gedung Servis lantai 2 Zona Selatan, disebabkan oleh aus normal, sehingga perlu perbaikan|Kursi|Gedung Servis|Lantai 2|Zona Selatan|Arsitektur|Sedang|Aus normal|Tampilan rusak|1032000
Pompa Transfer di Gedung Servis lantai 1 zona utara rusak banget|Pompa Transfer Shimizu di Gedung Servis, Lantai 1, Zona Utara mengalami korsleting dan memerlukan perbaikan segera|Pompa Transfer|Gedung Servis|Lantai 1|Zona Utara|Mechanical|Sedang|Usia pakai|Korsleting|1111000
Pompa Transfer Shimizu di lantai 1 zona utara gedung servis tiba2 mati|Pompa Transfer di Gedung Servis, Lantai 1, Zona Utara, merek Shimizu, mengalami kerusakan karena korsleting|Pompa Transfer|Gedung Servis|Lantai 1|Zona Utara|Mechanical|Sedang|Usia pakai|Korsleting|1111000
Pompa transfer di zona utara lantai 1 gedung servis korslet|Laporan kerusakan Pompa Transfer Shimizu di Gedung Servis, Lantai 1, Zona Utara, mengalami korsleting akibat usia pakai|Pompa Transfer|Gedung Servis|Lantai 1|Zona Utara|Mechanical|Sedang|Usia pakai|Korsleting|1111000
Genset Diesel di Gedung D lantai 11 zona selatan tiba-tiba mati|Laporan kerusakan Genset Diesel Cummins di Gedung D, Lantai 11, Zona Selatan, karena tegangan tidak stabil|Genset Diesel|Gedung Gedung D|Lantai 11|Zona Selatan|Mechanical|Berat|Tegangan tidak stabil|Tekanan tidak stabil|5144000
Genset Diesel di lantai 11 gedung D zona selatan tidak bunyi lagi|Kerusakan Genset Diesel merek Cummins di Gedung D, Lantai 11, Zona Selatan, disebabkan oleh tekanan yang tidak stabil|Genset Diesel|Gedung Gedung D|Lantai 11|Zona Selatan|Mechanical|Berat|Tegangan tidak stabil|Tekanan tidak stabil|5144000
Genset di zona selatan lantai 11 gedung D tiba2 mati totaal|Laporan teknisi untuk Genset Diesel Cummins di Gedung D, Lantai 11, Zona Selatan, dengan kerusakan tekanan tidak stabil akibat tegangan yang tidak stabil|Genset Diesel|Gedung Gedung D|Lantai 11|Zona Selatan|Mechanical|Berat|Tegangan tidak stabil|Tekanan tidak stabil|5144000
Lampu Hias di Gedung Servis Lantai 1 Zona Selatan tiba2 nggak nyala sama sekali|Laporan perbaikan Lampu Hias di Gedung Servis Lantai 1 Zona Selatan mengalami kerusakan total|Lampu Hias|Gedung Servis|Lantai 1|Zona Selatan|Electrical|Sedang|Kualitas material|Tidak berfungsi total|1081000
Lampu Hias di zona selatan lantai 1 gedung servis rusak total, gak bisa dipake|Pemeriksaan menunjukkan bahwa Lampu Hias di Gedung Servis Lantai 1 Zona Selatan mengalami kerusakan akibat kualitas material yang buruk|Lampu Hias|Gedung Servis|Lantai 1|Zona Selatan|Electrical|Sedang|Kualitas material|Tidak berfungsi total|1081000
Lampu hias di gedung servis lantai 1 zona selatan mati total, tolong bantu perbaiki|Laporan teknisi menunjukkan bahwa Lampu Hias di Gedung Servis Lantai 1 Zona Selatan mengalami kerusakan total dan memerlukan perbaikan segera|Lampu Hias|Gedung Servis|Lantai 1|Zona Selatan|Electrical|Sedang|Kualitas material|Tidak berfungsi total|1081000
Kloset nyangkut terus di gedung A lantai 8 zona tengah|Laporan kerusakan kloset di Gedung A, Lantai 8, Zona Tengah, penyebab kebocoran karena kurang perawatan|Kloset|Gedung A|Lantai 8|Zona Tengah|Plumbing|Sedang|Kurang perawatan|Kebocoran|1073000
Kloset bocor parah di lantai 8 gedung A zona tengah, gak tau apa penyebabnya|Kerusakan kloset di Gedung A, Lantai 8, Zona Tengah, jenis kebocoran, perlu perbaikan segera|Kloset|Gedung A|Lantai 8|Zona Tengah|Plumbing|Sedang|Kurang perawatan|Kebocoran|1073000
Kloset di gedung A lantai 8 zona tengah nggak bisa dipakai, kebocoran air|Laporan teknisi, kloset di Gedung A, Lantai 8, Zona Tengah, mengalami kebocoran, perlu penanganan segera|Kloset|Gedung A|Lantai 8|Zona Tengah|Plumbing|Sedang|Kurang perawatan|Kebocoran|1073000
Kamera CCTV di Gedung D Lantai 6 Zona Barat rusak, gak bisa rekam|Laporan perbaikan Kamera CCTV Dahua di Gedung D Lantai 6 Zona Barat karena kerusakan pada bagian optik|Kamera CCTV|Gedung D|Lantai 6|Zona Barat|Security Sistem|Sedang|Faktor lingkungan|Macet/tersumbat|567000
Kamera CCTV Dahua di lantai 6 zona barat gak jalan, tolong bantu|Laporan kerusakan Kamera CCTV di Gedung D Lantai 6 Zona Barat, kemungkinan disebabkan oleh faktor lingkungan|Kamera CCTV|Gedung D|Lantai 6|Zona Barat|Security Sistem|Sedang|Faktor lingkungan|Macet/tersumbat|567000
CCTV di Gedung D lantai 6 zona barat dahua kaga nyala, ada apa nih?|Laporan perawatan Kamera CCTV Dahua di Gedung D Lantai 6 Zona Barat, ditemukan kerusakan pada komponen optik yang disebabkan oleh faktor lingkungan|Kamera CCTV|Gedung D|Lantai 6|Zona Barat|Security Sistem|Sedang|Faktor lingkungan|Macet/tersumbat|567000
Monitor CCTV di Gedung D lantai 12 zona utara nggak nyala bro|Monitor CCTV di Gedung D, Lantai 12, Zona Utara mengalami kerusakan, tidak dapat menampilkan gambar|Monitor CCTV|Gedung D|Lantai 12|Zona Utara|Security Sistem|Ringan|Aus normal|Macet/tersumbat|105000
Monitor CCTV di zona utara lantai 12 gedung D rusak, gak bisa lihat apa2|Laporan teknisi: Monitor CCTV di Gedung D, Lantai 12, Zona Utara mengalami kerusakan, kemungkinan disebabkan oleh aus normal|Monitor CCTV|Gedung D|Lantai 12|Zona Utara|Security Sistem|Ringan|Aus normal|Macet/tersumbat|105000
CCTV di lantai 12 gedung D zona utara gak jalan, tolong bantu|Monitor CCTV di Gedung D, Lantai 12, Zona Utara mengalami kerusakan, jenis kerusakan macet/tersumbat, perlu dilakukan perbaikan segera|Monitor CCTV|Gedung D|Lantai 12|Zona Utara|Security Sistem|Ringan|Aus normal|Macet/tersumbat|105000
Pompa Boster di Gedung Utama lantai 3 zona barat rusak parah banget|Pompa Boster Grundfos di Gedung Utama, Lantai 3, Zona Barat mengalami kerusakan koneksi terputus akibat human error|Pompa Boster|Gedung Utama|Lantai 3|Zona Barat|Mechanical|Berat|Human error|Koneksi terputus|3303000
Pompa Boster di lantai 3 gedung utama zona barat mati total|Inspeksi menunjukkan bahwa Pompa Boster Grundfos di Gedung Utama, Lantai 3, Zona Barat mengalami kerusakan koneksi terputus yang disebabkan oleh human error|Pompa Boster|Gedung Utama|Lantai 3|Zona Barat|Mechanical|Berat|Human error|Koneksi terputus|3303000
Pompa Boster zona barat lantai 3 gedung utama rusak berat|Laporan teknisi menunjukkan bahwa Pompa Boster Grundfos di Gedung Utama, Lantai 3, Zona Barat mengalami kerusakan koneksi terputus akibat kesalahan manusia|Pompa Boster|Gedung Utama|Lantai 3|Zona Barat|Mechanical|Berat|Human error|Koneksi terputus|3303000
Pompa Air Tanah di Gedung Servis lantai 1 zona tengah tiba-tiba mati|Pompa Air Tanah Shimizu di Gedung Servis, Lantai 1, Zona Tengah mengalami kerusakan berat akibat overload|Pompa Air Tanah|Gedung Servis|Lantai 1|Zona Tengah|Mechanical|Berat|Overload|Aus/abrasi|7241000
Pompa air tanah di lantai 1 gedung servis zona tengah rusak parah, gak bisa nyedot air lagi|Pompa Air Tanah Shimizu di Gedung Servis, Lantai 1, Zona Tengah mengalami kerusakan parah dan tidak dapat beroperasi|Pompa Air Tanah|Gedung Servis|Lantai 1|Zona Tengah|Mechanical|Berat|Overload|Aus/abrasi|7241000
Pompa air tanah shimizu di gedung servis lantai 1 zona tengah tiba2 mati, kemungkinan karena overload|Laporan teknis: Pompa Air Tanah Shimizu di Gedung Servis, Lantai 1, Zona Tengah mengalami kerusakan karena overload dan aus|Pompa Air Tanah|Gedung Servis|Lantai 1|Zona Tengah|Mechanical|Berat|Overload|Aus/abrasi|7241000
Kabel listrik di Gedung E lantai 5 zona tengah putus dan tidak bisa diperbaiki sendiri|Sistem instalasi kabel di Gedung E lantai 5 zona tengah mengalami kerusakan pada tampilan, kemungkinan disebabkan oleh human error|Wiring System|Gedung E|Lantai 5|Zona Tengah|Electrical|Sedang|Human error|Tampilan rusak|488000
Kabel di zona tengah lantai 5 Gedung E rusak parah, tolong bantu perbaiki secepatnya|Kerusakan pada sistem instalasi kabel di Gedung E lantai 5 zona tengah, jenis kerusakan tampilan rusak, perlu penanganan segera|Wiring System|Gedung E|Lantai 5|Zona Tengah|Electrical|Sedang|Human error|Tampilan rusak|488000
Gedung E lantai 5 zona tengah kabel listriknya rusak berat, mohon dibantu perbaiki agar tidak terjadi kecelakaan|Laporan kerusakan sistem instalasi kabel di Gedung E lantai 5 zona tengah, dengan severity sedang dan root cause human error, jenis kerusakan tampilan rusak|Wiring System|Gedung E|Lantai 5|Zona Tengah|Electrical|Sedang|Human error|Tampilan rusak|488000
Gedung E lantai 5 zona utara ada masalah listrik|Laporan kerusakan pada SDP di Gedung E, Lantai 5, Zona Utara, jenis kerusakan sensor error|SDP|Gedung E|Lantai 5|Zona Utara|Electrical|Ringan|Usia pakai|Sensor error|443000
SDP di gedung E lantai 5 zona utara bermasalah, listrik sering mati|Kerusakan pada SDP di Gedung E, Lantai 5, Zona Utara, disebabkan oleh usia pakai, sehingga menyebabkan sensor error|SDP|Gedung E|Lantai 5|Zona Utara|Electrical|Ringan|Usia pakai|Sensor error|443000
Gedung E lantai 5 zona utara listrik tidak stabil, tolong bantu, ini SDP|Laporan teknisi untuk perbaikan SDP di Gedung E, Lantai 5, Zona Utara, dengan jenis kerusakan sensor error dan biaya perbaikan sebesar 443000|SDP|Gedung E|Lantai 5|Zona Utara|Electrical|Ringan|Usia pakai|Sensor error|443000
PABX di gedung utama lantai 18 zona selatan tiba2 nggak bisa dipake|Pemeriksaan menunjukkan bahwa PABX di Gedung Utama, Lantai 18, Zona Selatan mengalami kerusakan koneksi|PABX|Gedung Utama|18|Selatan|Sistem Telekomunikasi Gedung|Sedang|Debu/kotoran|Koneksi terputus|452000
PABX di lantai 18 gedung utama zona selatan tiba2 mati|Laporan teknisi menunjukkan bahwa PABX di Gedung Utama, Lantai 18, Zona Selatan mengalami kerusakan karena debu dan kotoran|PABX|Gedung Utama|18|Selatan|Sistem Telekomunikasi Gedung|Sedang|Debu/kotoran|Koneksi terputus|452000
PABX di gedung utama lantai 18 nggak bisa terhubung|Pemeriksaan PABX di Gedung Utama, Lantai 18, Zona Selatan menunjukkan bahwa kerusakan disebabkan oleh debu dan kotoran yang menyebabkan koneksi terputus|PABX|Gedung Utama|18|Selatan|Sistem Telekomunikasi Gedung|Sedang|Debu/kotoran|Koneksi terputus|452000
Plafon di Gedung D lantai 2 zona utara rusak parah banget|Laporan kerusakan plafon di Gedung D lantai 2 zona utara karena aus/abrasi yang disebabkan oleh usia pakai|Plafon|Gedung Gedung D|Lantai 2|Zona Utara|Arsitektur|Berat|Usia pakai|Aus/abrasi|8737000
Plafon di lantai 2 Gedung D zona utara hampir roboh|Pemeriksaan menunjukkan bahwa plafon di Gedung D lantai 2 zona utara mengalami kerusakan berat karena usia pakai yang menyebabkan aus/abrasi|Plafon|Gedung Gedung D|Lantai 2|Zona Utara|Arsitektur|Berat|Usia pakai|Aus/abrasi|8737000
Gedung D lantai 2 zona utara plafonnya udah gak karuan lagi|Kerusakan plafon di Gedung D lantai 2 zona utara disebabkan oleh usia pakai yang menyebabkan aus/abrasi, perlu perbaikan segera|Plafon|Gedung Gedung D|Lantai 2|Zona Utara|Arsitektur|Berat|Usia pakai|Aus/abrasi|8737000
FCU di lantai 2 zona utara gedung A rusak parah|Laporan kerusakan FCU di Gedung A, Lantai 2, Zona Utara, FCU mengalami kerusakan berat|FCU|Gedung A|Lantai 2|Zona Utara|Mechanical|Ringan|Korosi|Berkarat/korosi|440000
FCU di gedung A lantai 2 nggak bisa dipake lagi|Laporan perbaikan FCU di Gedung A, Lantai 2, Zona Utara, FCU mengalami kerusakan yang memerlukan perbaikan segera|FCU|Gedung A|Lantai 2|Zona Utara|Mechanical|Ringan|Korosi|Berkarat/korosi|440000
Ada masalah dengan FCU di zona utara lantai 2 gedung A, udah berkarat|Laporan inspeksi FCU di Gedung A, Lantai 2, Zona Utara, FCU menunjukkan tanda-tanda kerusakan akibat korosi|FCU|Gedung A|Lantai 2|Zona Utara|Mechanical|Ringan|Korosi|Berkarat/korosi|440000
AC Cassette di gedung C lantai 5 zona timur rusak parah|Laporan kerusakan AC Cassette merek LG di Gedung C, Lantai 5, Zona Timur dengan gejala koneksi terputus|AC Cassette|Gedung C|Lantai 5|Zona Timur|Mechanical|Berat|Getaran|Koneksi terputus|5719000
AC Cassette di gedung C lantai 5 zona timur nggak bunyi sama sekali|Kerusakan AC Cassette LG di Gedung C, Lantai 5, Zona Timur disebabkan oleh getaran yang menyebabkan koneksi terputus|AC Cassette|Gedung C|Lantai 5|Zona Timur|Mechanical|Berat|Getaran|Koneksi terputus|5719000
AC Cassette di lantai 5 gedung C zona timur tiba2 mati|Laporan perbaikan AC Cassette merek LG di Gedung C, Lantai 5, Zona Timur dengan kerusakan koneksi terputus akibat getaran dan memerlukan biaya perbaikan sebesar Rp 5.719.000|AC Cassette|Gedung C|Lantai 5|Zona Timur|Mechanical|Berat|Getaran|Koneksi terputus|5719000
Lampu plafon di gedung E lantai 1 zona utara mati|Laporan kerusakan lampu plafon di Gedung E Lantai 1 Zona Utara, kondisi lampu tidak menyala|Plafon|Gedung E|Lantai 1|Zona Utara|Arsitektur|Sedang|Kelembaban tinggi|Lampu mati|1240000
Lampu di plafon gedung E lantai 1 zona utara tiba2 mati bro|Laporan kerusakan lampu plafon di Gedung E Lantai 1 Zona Utara, kemungkinan disebabkan kelembaban yang tinggi|Plafon|Gedung E|Lantai 1|Zona Utara|Arsitektur|Sedang|Kelembaban tinggi|Lampu mati|1240000
Plafon di gedung E lantai 1 zona utara gak nyala lagi|Laporan kerusakan plafon di Gedung E Lantai 1 Zona Utara, ditemukan bahwa lampu plafon mengalami kerusakan akibat kelembaban yang tinggi|Plafon|Gedung E|Lantai 1|Zona Utara|Arsitektur|Sedang|Kelembaban tinggi|Lampu mati|1240000
AC Cassette di Gedung B lantai 8 zona timur rusak gak nyala|Laporan perbaikan AC Cassette Mitsubishi di Gedung B lantai 8 zona timur dengan kerusakan lampu mati|AC Cassette|Mitsubishi|Gedung B|Lantai 8|Zona Timur|Mechanical|Ringan|Aus normal|Lampu mati|62000
AC Cassette di lantai 8 Gedung B zona timur gak bisa nyala lagi|Pemeriksaan AC Cassette Mitsubishi di Gedung B lantai 8 zona timur menunjukkan kerusakan pada lampu yang tidak menyala|AC Cassette|Mitsubishi|Gedung B|Lantai 8|Zona Timur|Mechanical|Ringan|Aus normal|Lampu mati|62000
AC di zona timur lantai 8 gedung B tiba2 mati|Perbaikan AC Cassette Mitsubishi di Gedung B lantai 8 zona timur dengan mengganti lampu yang rusak|AC Cassette|Mitsubishi|Gedung B|Lantai 8|Zona Timur|Mechanical|Ringan|Aus normal|Lampu mati|62000
AC split di gedung D lantai 4 zona tengah rusak parah|Laporan kerusakan AC Split Daikin di Gedung D Lantai 4 Zona Tengah, kondisi overload menyebabkan retak/pecah|AC Split|Gedung D|Lantai 4|Zona Tengah|Mechanical|Ringan|Overload|Retak/pecah|390000
AC di zona tengah lantai 4 gedung D tiba2 nggak nyala|Pemeriksaan menunjukkan bahwa AC Split Daikin di Gedung D Lantai 4 Zona Tengah mengalami kerusakan retak/pecah akibat overload|AC Split|Gedung D|Lantai 4|Zona Tengah|Mechanical|Ringan|Overload|Retak/pecah|390000
AC split di lantai 4 gedung D zona tengah bocor dan nggak dingin|Kerusakan AC Split Daikin di Gedung D Lantai 4 Zona Tengah disebabkan oleh overload, mengakibatkan kerusakan retak/pecah yang perlu segera diperbaiki|AC Split|Gedung D|Lantai 4|Zona Tengah|Mechanical|Ringan|Overload|Retak/pecah|390000
Kamera cctv di gedung D lantai 6 zona selatan tiba tiba gak bisa diakses dari jauh|Laporan kerusakan Kamera CCTV Axis di Gedung D Lantai 6 Zona Selatan, remote tidak berfungsi|Kamera CCTV|Gedung D|Lantai 6|Zona Selatan|Security Sistem|Ringan|Getaran|Remote tidak berfungsi|71000
Kamera cctv axis di gedung d lantai 6 zona selatan error terus|Laporan kerusakan Kamera CCTV Axis di Gedung D Lantai 6 Zona Selatan, dikarenakan getaran yang menyebabkan remote tidak berfungsi|Kamera CCTV|Gedung D|Lantai 6|Zona Selatan|Security Sistem|Ringan|Getaran|Remote tidak berfungsi|71000
Gak bisa akses kamera cctv gedung d lantai 6 zona selatan, tolong perbaiki|Laporan perbaikan Kamera CCTV Axis di Gedung D Lantai 6 Zona Selatan, dengan biaya perbaikan sebesar 71000 karena remote tidak berfungsi|Kamera CCTV|Gedung D|Lantai 6|Zona Selatan|Security Sistem|Ringan|Getaran|Remote tidak berfungsi|71000
APAR di gedung A lantai 9 zona selatan nggak bisa dipake lagi|APAR Dry Powder Stored Pressure di Gedung A, Lantai 9, Zona Selatan mengalami kerusakan dan tidak dapat digunakan|APAR Dry Powder Stored Pressure|Gedung A|Lantai 9|Zona Selatan|Sistem Pemadam Kebakaran|Ringan|Kualitas material|Korsleting|138000
APAR di lantai 9 gedung A zona selatan korslet|APAR Dry Powder Stored Pressure yang terletak di Gedung A, Lantai 9, Zona Selatan mengalami korsleting dan perlu perbaikan|APAR Dry Powder Stored Pressure|Gedung A|Lantai 9|Zona Selatan|Sistem Pemadam Kebakaran|Ringan|Kualitas material|Korsleting|138000
Gedung A lantai 9 zona selatan APAR import rusak|APAR Dry Powder Stored Pressure merk Import yang terletak di Gedung A, Lantai 9, Zona Selatan mengalami kerusakan akibat kualitas material yang tidak memadai|APAR Dry Powder Stored Pressure|Gedung A|Lantai 9|Zona Selatan|Sistem Pemadam Kebakaran|Ringan|Kualitas material|Korsleting|138000
plafon gypsum lantai 2 zona tengah gedung servis rusak parah gak bisa di remote|Plafon Gypsum/GRC di Gedung Servis, Lantai 2, Zona Tengah mengalami kerusakan remote tidak berfungsi|Plafon Gypsum / GRC|Gedung Gedung Servis|Lantai 2|Zona Tengah|Arsitektur|Berat|Aus normal|Remote tidak berfungsi|8980000
plafon grc lantai 2 zona tengah gedung servis gak bisa nyalain|Plafon GRC di Gedung Servis, Lantai 2, Zona Tengah mengalami gangguan sistem remote|Plafon Gypsum / GRC|Gedung Gedung Servis|Lantai 2|Zona Tengah|Arsitektur|Berat|Aus normal|Remote tidak berfungsi|8980000
plafon gypsum zona tengah lantai 2 gedung servis remote gak jalan bro|Plafon Gypsum di Gedung Servis, Lantai 2, Zona Tengah mengalami kerusakan pada sistem remote yang tidak berfungsi|Plafon Gypsum / GRC|Gedung Gedung Servis|Lantai 2|Zona Tengah|Arsitektur|Berat|Aus normal|Remote tidak berfungsi|8980000
Saya mendengar suara aneh dari APAR Dry Powder Cartridge di Gedung Servis lantai 2 zona utara|Ditemukan bunyi abnormal pada APAR Dry Powder Cartridge di Gedung Servis lantai 2 zona utara|APAR Dry Powder Cartridge|Gedung Servis|Lantai 2|Zona Utara|Sistem Pemadam Kebakaran|Ringan|Tegangan tidak stabil|Bunyi abnormal|113000
APAR di gedung servis lantai 2 zona utara bunyi aneh banget|APAR Dry Powder Cartridge di Gedung Servis lantai 2 zona utara mengalami kerusakan yang menyebabkan bunyi abnormal|APAR Dry Powder Cartridge|Gedung Servis|Lantai 2|Zona Utara|Sistem Pemadam Kebakaran|Ringan|Tegangan tidak stabil|Bunyi abnormal|113000
Saya baru saja mendengar suara yang tidak biasa dari APAR Dry Powder Cartridge yang terletak di Gedung Servis lantai 2 zona utara, apa yang harus saya lakukan?|Pemeriksaan awal menunjukkan bahwa APAR Dry Powder Cartridge di Gedung Servis lantai 2 zona utara mengalami kerusakan akibat tegangan tidak stabil|APAR Dry Powder Cartridge|Gedung Servis|Lantai 2|Zona Utara|Sistem Pemadam Kebakaran|Ringan|Tegangan tidak stabil|Bunyi abnormal|113000
Pintu Biasa Berdaun Tunggal di Gedung C lantai 1 zona timur nggak bisa buka tutup dengan normal, kayaknya getarannya terlalu keras|Pintu Biasa Berdaun Tunggal di Gedung C lantai 1 zona timur mengalami kerusakan akibat getaran yang menyebabkan aliran lemah, perlu perbaikan segera|Pintu Biasa Berdaun Tunggal|Gedung C|Lantai 1|Zona Timur|Arsitektur|Ringan|Getaran|Aliran lemah|339000
Pintu di Gedung C lantai 1 zona timur rusak, gak bisa digunakan dengan baik, katanya sih karena getaran|Pintu Biasa Berdaun Tunggal di Gedung C lantai 1 zona timur mengalami kerusakan yang disebabkan oleh getaran, sehingga menyebabkan aliran lemah, perlu dilakukan perbaikan|Pintu Biasa Berdaun Tunggal|Gedung C|Lantai 1|Zona Timur|Arsitektur|Ringan|Getaran|Aliran lemah|339000
Pintu Gedung C lantai 1 zona timur bermasalah, kayaknya getarannya terlalu keras, jadi gak bisa buka tutup dengan lancar|Laporan kerusakan Pintu Biasa Berdaun Tunggal di Gedung C lantai 1 zona timur, kerusakan disebabkan oleh getaran yang menyebabkan aliran lemah, perlu dilakukan perbaikan segera|Pintu Biasa Berdaun Tunggal|Gedung C|Lantai 1|Zona Timur|Arsitektur|Ringan|Getaran|Aliran lemah|339000
Rolling Door di Gedung D lantai 3 zona selatan rusak parah bro|Rolling Door di Gedung D lantai 3 zona selatan mengalami korsleting karena kelembaban tinggi|Rolling Door|Gedung D|Lantai 3|Zona Selatan|Arsitektur|Berat|Kelembaban tinggi|Korsleting|2580000
Rolling Door gedung D lantai 3 zona selatan nggak bisa dibuka lagi, kayaknya kena korslet|Inspeksi menunjukkan bahwa Rolling Door di Gedung D lantai 3 zona selatan mengalami kerusakan akibat kelembaban tinggi|Rolling Door|Gedung D|Lantai 3|Zona Selatan|Arsitektur|Berat|Kelembaban tinggi|Korsleting|2580000
Di gedung D lantai 3 zona selatan, Rolling Door ada masalah, listriknya sering korslet, tolong dicek|Laporan teknisi menunjukkan bahwa Rolling Door di Gedung D lantai 3 zona selatan memerlukan perbaikan karena kerusakan akibat kelembaban tinggi|Rolling Door|Gedung D|Lantai 3|Zona Selatan|Arsitektur|Berat|Kelembaban tinggi|Korsleting|2580000
Plafon gypsum di lantai 8 gedung C zona barat bunyi aneh banget pas hujan|Laporan kerusakan plafon gypsum gedung C lantai 8 zona barat, terdengar bunyi abnormal saat hujan turun|Plafon Gypsum / GRC|Gedung Gedung C|Lantai 8|Zona Barat|Arsitektur|Berat|Korosi|Bunyi abnormal|5808000
Plafon di gedung C lantai 8 zona barat gedungnya bunyi kayak ada yang jatuh|Terdapat kerusakan pada plafon gypsum di gedung C lantai 8 zona barat, menimbulkan bunyi abnormal yang mengganggu|Plafon Gypsum / GRC|Gedung Gedung C|Lantai 8|Zona Barat|Arsitektur|Berat|Korosi|Bunyi abnormal|5808000
Atas gedung C lantai 8 zona barat ada suara kayak tembakan pas ujan, parah banget|Kerusakan plafon gypsum di gedung C lantai 8 zona barat menyebabkan bunyi abnormal yang sangat mengganggu saat hujan, perlu penanganan segera|Plafon Gypsum / GRC|Gedung Gedung C|Lantai 8|Zona Barat|Arsitektur|Berat|Korosi|Bunyi abnormal|5808000
AC VRV di gedung C lantai 2 zona tengah tiba2 gak nyala|Laporan kerusakan AC VRV di Gedung C, Lantai 2, Zona Tengah, dikarenakan getaran yang kuat sehingga menyebabkan tampilan rusak|AC VRV|Gedung C|Lantai 2|Zona Tengah|Mechanical|Ringan|Getaran|Tampilan rusak|315000
AC VRV di lantai 2 zona tengah gedung C rusak parah, tampilannya gak keluar|Kerusakan pada AC VRV di Gedung C, Lantai 2, Zona Tengah, disebabkan oleh getaran yang kuat sehingga tampilan menjadi rusak, perlu perbaikan segera|AC VRV|Gedung C|Lantai 2|Zona Tengah|Mechanical|Ringan|Getaran|Tampilan rusak|315000
Gedung C lantai 2 zona tengah, AC VRV nya tiba2 mati, kayaknya getaran yang kuat kali ya|Laporan teknisi, kerusakan AC VRV di Gedung C, Lantai 2, Zona Tengah, disebabkan oleh getaran yang menyebabkan tampilan menjadi rusak, biaya perbaikan sebesar 315000|AC VRV|Gedung C|Lantai 2|Zona Tengah|Mechanical|Ringan|Getaran|Tampilan rusak|315000
AC Split di Gedung Utama lantai 15 zona selatan rusak parah|Laporan teknisi: AC Split Panasonic di Gedung Utama lantai 15 zona selatan mengalami kerusakan retak/pecah|AC Split|Gedung Gedung Utama|Lantai 15|Zona Selatan|Mechanical|Sedang|Aus normal|Retak/pecah|1316000
AC Split Panasonic di lantai 15 gedung utama zona selatan tiba2 ngga nyala|Laporan teknisi: AC Split Panasonic di Gedung Utama lantai 15 zona selatan mengalami kerusakan retak/pecah yang menyebabkan tidak dapat beroperasi|AC Split|Gedung Gedung Utama|Lantai 15|Zona Selatan|Mechanical|Sedang|Aus normal|Retak/pecah|1316000
Gedung utama lantai 15 zona selatan AC Split panasonic bocor dan rusak|Laporan teknisi: Kerusakan retak/pecah pada AC Split Panasonic di Gedung Utama lantai 15 zona selatan memerlukan perbaikan segera|AC Split|Gedung Gedung Utama|Lantai 15|Zona Selatan|Mechanical|Sedang|Aus normal|Retak/pecah|1316000
Kabel di Gedung B Lantai 8 Zona Barat bunyi aneh banget|Sistem instalasi kabel di Gedung B, Lantai 8, Zona Barat mengalami kerusakan yang menyebabkan bunyi abnormal|Wiring System|Gedung B|Lantai 8|Zona Barat|Electrical|Sedang|Aus normal|Bunyi abnormal|1263000
Ada suara weird dari kabel listrik di Gedung B Lantai 8 Zona Barat|Kerusakan pada sistem instalasi kabel di Gedung B, Lantai 8, Zona Barat menyebabkan bunyi tidak normal|Wiring System|Gedung B|Lantai 8|Zona Barat|Electrical|Sedang|Aus normal|Bunyi abnormal|1263000
Kabel di Lantai 8 Gedung B Zona Barat ngga normal, suaranya gimana gitu|Sistem kabel di Gedung B, Lantai 8, Zona Barat mengalami kerusakan yang menyebabkan suara abnormal|Wiring System|Gedung B|Lantai 8|Zona Barat|Electrical|Sedang|Aus normal|Bunyi abnormal|1263000
Pompa Transfer di Gedung Utama lantai 17 zona timur mati|Laporan perbaikan Pompa Transfer Grundfos di Gedung Utama, Lantai 17, Zona Timur dengan kode kerusakan lampu mati|Pompa Transfer|Gedung Utama|Lantai 17|Zona Timur|Mechanical|Sedang|Kualitas material|Lampu mati|1903000
Pompa Grundfos di lantai 17 zona timur gedung utama nggak nyala|Pompa Transfer Grundfos di Gedung Utama, Lantai 17, Zona Timur mengalami kerusakan lampu, perlu perbaikan segera|Pompa Transfer|Gedung Utama|Lantai 17|Zona Timur|Mechanical|Sedang|Kualitas material|Lampu mati|1903000
Pompa transfer zona timur lantai 17 gedung utama mati total, apa yang harus saya lakukan?|Pompa Transfer di Gedung Utama, Lantai 17, Zona Timur dengan merek Grundfos mengalami kerusakan lampu, perlu penanganan segera|Pompa Transfer|Gedung Utama|Lantai 17|Zona Timur|Mechanical|Sedang|Kualitas material|Lampu mati|1903000
Lampu LED Downlight di Gedung A lantai 13 zona barat tiba-tiba getar terus|Lampu LED Downlight di Gedung A lantai 13 zona barat mengalami getaran berlebihan akibat kelembaban tinggi|Lampu LED Downlight|Gedung A|Lantai 13|Zona Barat|Electrical|Ringan|Kelembaban tinggi|Getaran berlebihan|497000
Lampu di lantai 13 Gedung A zona barat getar terus bro, kayaknya ada masalah|Laporan teknisi: Lampu LED Downlight di Gedung A lantai 13 zona barat mengalami kerusakan akibat kelembaban tinggi|Lampu LED Downlight|Gedung A|Lantai 13|Zona Barat|Electrical|Ringan|Kelembaban tinggi|Getaran berlebihan|497000
Gedung A lantai 13 zona barat, lampu LED Downlight getar terus, takut bahaya|Inspeksi menunjukkan bahwa Lampu LED Downlight di Gedung A lantai 13 zona barat mengalami getaran berlebihan karena kelembaban tinggi|Lampu LED Downlight|Gedung A|Lantai 13|Zona Barat|Electrical|Ringan|Kelembaban tinggi|Getaran berlebihan|497000
Lampu TL di gedung D lantai 5 zona timur mati total, tolong bantu|Lampu TL di Gedung D, Lantai 5, Zona Timur mengalami kerusakan akibat overload, sehingga menyebabkan korosi|Lampu TL|Gedung D|Lantai 5|Zona Timur|Electrical|Sedang|Overload|Berkarat/korosi|480000
Lampu TL zona timur gedung D lantai 5 nggak nyala, ada yang bisa bantu?|Kerusakan pada Lampu TL di Gedung D, Lantai 5, Zona Timur disebabkan oleh overload, sehingga menyebabkan kerusakan berat pada komponen|Lampu TL|Gedung D|Lantai 5|Zona Timur|Electrical|Sedang|Overload|Berkarat/korosi|480000
Lampu TL di lantai 5 gedung D zona timur rusak berat, tolong segera perbaiki|Laporan kerusakan Lampu TL di Gedung D, Lantai 5, Zona Timur menunjukkan gejala overload, sehingga memerlukan perbaikan segera untuk menghindari kerusakan lebih lanjut|Lampu TL|Gedung D|Lantai 5|Zona Timur|Electrical|Sedang|Overload|Berkarat/korosi|480000
Pintu biasa berdaun tunggal di Gedung Servis lantai 2 zona utara nggak bisa dibuka lagi|Pintu Biasa Berdaun Tunggal di Gedung Servis, Lantai 2, Zona Utara mengalami penurunan performa dan tidak dapat dibuka dengan mudah|Pintu Biasa Berdaun Tunggal|Gedung Servis|Lantai 2|Zona Utara|Arsitektur|Sedang|Kurang perawatan|Performa menurun|1358000
Pintu di lantai 2 zona utara gedung servis rusak parah, pintu biasa berdaun tunggal ini udah nggak bisa dibuka|Pintu Biasa Berdaun Tunggal di Gedung Servis, Lantai 2, Zona Utara mengalami kerusakan yang memerlukan perbaikan segera|Pintu Biasa Berdaun Tunggal|Gedung Servis|Lantai 2|Zona Utara|Arsitektur|Sedang|Kurang perawatan|Performa menurun|1358000
Pintu biasa berdaun tunggal di gedung servis lantai 2 zona utara nggak bisa dikunci lagi, tolong bantu perbaiki|Pintu Biasa Berdaun Tunggal di Gedung Servis, Lantai 2, Zona Utara mengalami gangguan pada sistem penguncian dan perlu diperbaiki|Pintu Biasa Berdaun Tunggal|Gedung Servis|Lantai 2|Zona Utara|Arsitektur|Sedang|Kurang perawatan|Performa menurun|1358000
AC VRV di Gedung D Lantai 4 Zona Timur tiba-tiba mati|Laporan kerusakan AC VRV di Gedung D Lantai 4 Zona Timur, lampu indikator mati|AC VRV|Gedung D|Lantai 4|Zona Timur|Mechanical|Fatal|Kualitas material|Lampu mati|15567000
Gedung D Lantai 4 Zona Timur, AC VRVnya gak nyala, apa lagi ya?|Kerusakan pada AC VRV di Gedung D Lantai 4 Zona Timur, kemungkinan disebabkan kualitas material yang buruk|AC VRV|Gedung D|Lantai 4|Zona Timur|Mechanical|Fatal|Kualitas material|Lampu mati|15567000
AC VRV di Gedung D Lantai 4 Zona Timur ngadat, gak tau kenapa, tolong bantu|Pemeriksaan menunjukkan bahwa kerusakan pada AC VRV di Gedung D Lantai 4 Zona Timur disebabkan oleh kualitas material yang tidak memadai, menyebabkan lampu indikator mati|AC VRV|Gedung D|Lantai 4|Zona Timur|Mechanical|Fatal|Kualitas material|Lampu mati|15567000
Kamera CCTV di Gedung B lantai 7 zona timur rusak banget bro|Laporan teknisi: Kamera CCTV Bosch di Gedung B lantai 7 zona timur mengalami penurunan performa|Kamera CCTV|Gedung B|Lantai 7|Zona Timur|Security Sistem|Ringan|Human error|Performa menurun|240000
Kamera keamanan di zona timur lantai 7 gedung B nggak jalan|Laporan teknisi: Kamera CCTV Bosch di Gedung B lantai 7 zona timur mengalami gangguan sehingga tidak berfungsi|Kamera CCTV|Gedung B|Lantai 7|Zona Timur|Security Sistem|Ringan|Human error|Performa menurun|240000
Bro, kamera cctv di gedung B lantai 7 zona timur nggak nyala|Laporan teknisi: Kamera CCTV Bosch di Gedung B lantai 7 zona timur mengalami kerusakan yang menyebabkan penurunan performa|Kamera CCTV|Gedung B|Lantai 7|Zona Timur|Security Sistem|Ringan|Human error|Performa menurun|240000
Gedung servis lantai 3 zona timur kebakaran sistem proteksi rusak total|Sistem proteksi kebakaran aktif di Gedung Servis, Lantai 3, Zona Timur mengalami kerusakan total|MCFA|Gedung Servis|Lantai 3|Zona Timur|Sistem Proteksi Kebakaran Aktif|Berat|Kualitas material|Tidak berfungsi total|8398000
Sistem proteksi kebakaran di gedung servis lantai 3 zona timur tidak nyala|Laporan teknisi: Sistem Proteksi Kebakaran Aktif di Gedung Servis, Lantai 3, Zona Timur tidak berfungsi dengan baik|MCFA|Gedung Servis|Lantai 3|Zona Timur|Sistem Proteksi Kebakaran Aktif|Berat|Kualitas material|Tidak berfungsi total|8398000
Gedung servis lantai 3 zona timur kebakaran apa yang harus dilakukan|Sistem proteksi kebakaran aktif di Gedung Servis, Lantai 3, Zona Timur mengalami kerusakan akibat kualitas material yang buruk|MCFA|Gedung Servis|Lantai 3|Zona Timur|Sistem Proteksi Kebakaran Aktif|Berat|Kualitas material|Tidak berfungsi total|8398000
Jet Shower di Gedung B Lantai 3 Zona Selatan rusak banget bro|Laporan kerusakan Jet Shower di Gedung B Lantai 3 Zona Selatan, jenis kerusakan korsleting|Jet Shower|Gedung B|Lantai 3|Zona Selatan|Plumbing|Ringan|Aus normal|Korsleting|319000
Jet Shower di Gedung B Lantai 3 Zona Selatan tiba2 mati|Laporan kerusakan Jet Shower di Gedung B Lantai 3 Zona Selatan, kemungkinan disebabkan oleh korsleting|Jet Shower|Gedung B|Lantai 3|Zona Selatan|Plumbing|Ringan|Aus normal|Korsleting|319000
Jet Shower di Gedung B Lantai 3 Zona Selatan ada masalah, gak bisa nyala|Laporan kerusakan Jet Shower di Gedung B Lantai 3 Zona Selatan, sudah diperiksa dan ditemukan kerusakan jenis korsleting|Jet Shower|Gedung B|Lantai 3|Zona Selatan|Plumbing|Ringan|Aus normal|Korsleting|319000
Lampu LED Downlight di Gedung B Lantai 10 Zona Selatan mulai redup|Laporan: Lampu LED Downlight di Gedung B Lantai 10 Zona Selatan mengalami penurunan performa|Lampu LED Downlight|Gedung B|Lantai 10|Zona Selatan|Electrical|Ringan|Faktor lingkungan|Performa menurun|476000
Lampu di Lantai 10 Gedung B Zona Selatan tidak terang banget|Laporan: Penurunan intensitas cahaya pada Lampu LED Downlight di Gedung B Lantai 10 Zona Selatan|Lampu LED Downlight|Gedung B|Lantai 10|Zona Selatan|Electrical|Ringan|Faktor lingkungan|Performa menurun|476000
Gedung B Lantai 10 Zona Selatan lampunya kurang terang, kayaknya LED Downlight|Laporan: Dilaporkan adanya penurunan kinerja pada Lampu LED Downlight di Gedung B Lantai 10 Zona Selatan|Lampu LED Downlight|Gedung B|Lantai 10|Zona Selatan|Electrical|Ringan|Faktor lingkungan|Performa menurun|476000
Kamera cctv di gedung B lantai 3 zona selatan nggak nyala|Laporan kerusakan Kamera CCTV Bosch di Gedung B Lantai 3 Zona Selatan, tidak berfungsi|Kamera CCTV|Gedung B|Lantai 3|Zona Selatan|Security Sistem|Berat|Debu/kotoran|Berkarat/korosi|8714000
Kamera cctv bosch di lantai 3 gedung b zona selatan rusak parah banget|Laporan teknisi: Kamera CCTV Bosch di Gedung B Lantai 3 Zona Selatan mengalami kerusakan parah|Kamera CCTV|Gedung B|Lantai 3|Zona Selatan|Security Sistem|Berat|Debu/kotoran|Berkarat/korosi|8714000
Gedung b lantai 3 zona selatan kamera cctv mati total|Laporan inspeksi: Kamera CCTV Bosch di Gedung B Lantai 3 Zona Selatan mengalami kerusakan berat, tidak berfungsi|Kamera CCTV|Gedung B|Lantai 3|Zona Selatan|Security Sistem|Berat|Debu/kotoran|Berkarat/korosi|8714000
Sistem Penyalur Petir di Gedung B Lantai 2 Zona Utara tiba-tiba mati|Sistem Penyalur Petir di Gedung B Lantai 2 Zona Utara mengalami kerusakan mendadak, perlu perbaikan segera|Sistem Penyalur Petir|Gedung B|Lantai 2|Zona Utara|Electrical|Sedang|Faktor lingkungan|Mati mendadak|1969000
Sistem Penyalur Petir di Gedung B lantai 2 zona utara gak nyala|Kerusakan pada Sistem Penyalur Petir di Gedung B Lantai 2 Zona Utara disebabkan oleh faktor lingkungan, perlu penanganan segera|Sistem Penyalur Petir|Gedung B|Lantai 2|Zona Utara|Electrical|Sedang|Faktor lingkungan|Mati mendadak|1969000
Sistem Penyalur Petir di gedung B lantai 2 zona utara tiba2 nggak fungsi|Laporan kerusakan Sistem Penyalur Petir di Gedung B Lantai 2 Zona Utara menunjukkan bahwa kerusakan disebabkan oleh faktor lingkungan, perlu dilakukan perbaikan dengan biaya yang sesuai|Sistem Penyalur Petir|Gedung B|Lantai 2|Zona Utara|Electrical|Sedang|Faktor lingkungan|Mati mendadak|1969000
Lantai keramik di gedung E lantai 3 zona barat rusak parah banget|Kerusakan lantai keramik di Gedung E Lantai 3 Zona Barat disebabkan oleh korosi yang menyebabkan korsleting, perlu segera diperbaiki|Lantai Keramik|Gedung E|Lantai 3|Zona Barat|Civil|Ringan|Korosi|Korsleting|162000
Lantai keramik di zona barat gedung E lantai 3 ada yang korslet|Laporan inspeksi menunjukkan bahwa lantai keramik di Gedung E Lantai 3 Zona Barat mengalami kerusakan ringan akibat korosi yang menyebabkan korsleting|Lantai Keramik|Gedung E|Lantai 3|Zona Barat|Civil|Ringan|Korosi|Korsleting|162000
Gedung E lantai 3 zona barat, lantai keramiknya kena korosi, listriknya korslet|Tim teknisi telah menemukan bahwa kerusakan pada lantai keramik di Gedung E Lantai 3 Zona Barat disebabkan oleh korosi yang menyebabkan korsleting, biaya perbaikan telah diestimasi|Lantai Keramik|Gedung E|Lantai 3|Zona Barat|Civil|Ringan|Korosi|Korsleting|162000
AC Split di Gedung C lantai 3 zona tengah bunyi aneh banget|Laporan teknisi: AC Split Daikin di Gedung C lantai 3 zona tengah mengalami kerusakan dengan gejala bunyi abnormal|AC Split|Gedung C|Lantai 3|Zona Tengah|Mechanical|Sedang|Aus normal|Bunyi abnormal|891000
AC Split di Gedung C lantai 3 zona tengah ngga bunyi tapi ada suara aneh|Laporan teknisi: Pemeriksaan AC Split Daikin di Gedung C lantai 3 zona tengah menunjukkan adanya kerusakan mekanik yang menyebabkan bunyi abnormal|AC Split|Gedung C|Lantai 3|Zona Tengah|Mechanical|Sedang|Aus normal|Bunyi abnormal|891000
Gedung C lantai 3 zona tengah AC Splitnya bunyi kayak ada yang jatuh|Laporan teknisi: AC Split Daikin di Gedung C lantai 3 zona tengah ditemukan mengalami kerusakan dengan gejala bunyi abnormal dan perlu perbaikan segera|AC Split|Gedung C|Lantai 3|Zona Tengah|Mechanical|Sedang|Aus normal|Bunyi abnormal|891000
Plafon gypsum di gedung D lantai 2 zona tengah rusak parah|Kerusakan pada plafon gypsum di Gedung D, Lantai 2, Zona Tengah, disebabkan oleh suhu yang tidak stabil|Plafon Gypsum / GRC|Gedung D|Lantai 2|Zona Tengah|Arsitektur|Ringan|Human error|Suhu tidak stabil|291000
Plafon di gedung D lantai 2 zona tengah bocor|Laporan teknis menunjukkan bahwa plafon GRC di Gedung D, Lantai 2, Zona Tengah, mengalami kerusakan akibat suhu yang tidak stabil|Plafon Gypsum / GRC|Gedung D|Lantai 2|Zona Tengah|Arsitektur|Ringan|Human error|Suhu tidak stabil|291000
Gedung D lantai 2 zona tengah plafon gypsum kena rembesan air|Inspeksi menunjukkan bahwa plafon gypsum di Gedung D, Lantai 2, Zona Tengah, rusak karena suhu yang tidak stabil, menyebabkan kerusakan pada struktur|Plafon Gypsum / GRC|Gedung D|Lantai 2|Zona Tengah|Arsitektur|Ringan|Human error|Suhu tidak stabil|291000
Genset Diesel di Gedung D lantai 9 zona tengah rusak|Genset Diesel Perkins di Gedung D lantai 9 zona tengah mengalami kerusakan karena kelembaban tinggi|Genset Diesel|Gedung D|Lantai 9|Zona Tengah|Mechanical|Ringan|Kelembaban tinggi|Berkarat/korosi|98000
Genset Diesel di Gedung D lantai 9 zona tengah tidak bisa nyala|Genset Diesel Perkins di Gedung D lantai 9 zona tengah mengalami kerusakan mekanis karena kelembaban yang menyebabkan korosi|Genset Diesel|Gedung D|Lantai 9|Zona Tengah|Mechanical|Ringan|Kelembaban tinggi|Berkarat/korosi|98000
Genset Diesel di zona tengah lantai 9 Gedung D rusak berat, tapi kayaknya ringan aja|Laporan teknisi: Genset Diesel Perkins di Gedung D lantai 9 zona tengah mengalami kerusakan yang disebabkan oleh kelembaban tinggi, sehingga menyebabkan korosi pada komponen|Genset Diesel|Gedung D|Lantai 9|Zona Tengah|Mechanical|Ringan|Kelembaban tinggi|Berkarat/korosi|98000
Lampu UV di Gedung D Lantai 7 Zona Tengah rusak parah banget|Laporan kerusakan Lampu UV di Gedung D, Lantai 7, Zona Tengah, kondisi tampilan sudah tidak normal|Lampu UV|Gedung D|Lantai 7|Zona Tengah|Electrical|Ringan|Faktor lingkungan|Tampilan rusak|233000
Lampu UV di lantai 7 gedung D zona tengah tiba2 mati dan rusak|Inspeksi menunjukkan bahwa Lampu UV di Gedung D, Lantai 7, Zona Tengah mengalami kerusakan pada tampilan|Lampu UV|Gedung D|Lantai 7|Zona Tengah|Electrical|Ringan|Faktor lingkungan|Tampilan rusak|233000
Lampu UV gedung D lantai 7 zona tengah gak nyala dan ada kerusakan|Pemeriksaan teknis Lampu UV di Gedung D, Lantai 7, Zona Tengah menemukan bahwa kerusakan disebabkan oleh faktor lingkungan dan mengalami kerusakan pada tampilan|Lampu UV|Gedung D|Lantai 7|Zona Tengah|Electrical|Ringan|Faktor lingkungan|Tampilan rusak|233000
Tolong bantu, Push Button di Gedung Utama lantai 2 zona tengah bunyi aneh|Laporan kerusakan Push Button di Gedung Utama lantai 2 zona tengah, mengeluarkan bunyi abnormal|Push Button|Gedung Utama|Lantai 2|Zona Tengah|Security Sistem|Sedang|Getaran|Bunyi abnormal|1749000
Push Button di lantai 2 zona tengah Gedung Utama ngadat, suaranya jadi aneh|Kerusakan Push Button di Gedung Utama lantai 2 zona tengah menyebabkan bunyi tidak normal, perlu penanganan segera|Push Button|Gedung Utama|Lantai 2|Zona Tengah|Security Sistem|Sedang|Getaran|Bunyi abnormal|1749000
Gedung Utama lantai 2 zona tengah, Push Button suaranya jadi weird|Inspeksi menunjukkan Push Button di Gedung Utama lantai 2 zona tengah mengalami kerusakan yang menyebabkan bunyi abnormal, kemungkinan disebabkan getaran|Push Button|Gedung Utama|Lantai 2|Zona Tengah|Security Sistem|Sedang|Getaran|Bunyi abnormal|1749000
Lampu di parkir lantai 1 tengah mati|Laporan kerusakan lampu esensial di Gedung Parkir, Lantai 1, Zona Tengah|Lampu Esensial|Gedung Parkir|Lantai 1|Zona Tengah|Electrical|Sedang|Debu/kotoran|Korsleting|522000
Lampu di zona tengah lantai 1 parkir gedung rusak parah|Laporan perbaikan lampu esensial di Gedung Parkir, Lantai 1, Zona Tengah, karena korsleting|Lampu Esensial|Gedung Parkir|Lantai 1|Zona Tengah|Electrical|Sedang|Debu/kotoran|Korsleting|522000
Lampu esensial di lantai 1 zona tengah parkir gedung mati total|Laporan teknisi tentang kerusakan lampu esensial di Gedung Parkir, Lantai 1, Zona Tengah, disebabkan oleh debu dan kotoran|Lampu Esensial|Gedung Parkir|Lantai 1|Zona Tengah|Electrical|Sedang|Debu/kotoran|Korsleting|522000
Control Panel Penerangan di Gedung Utama lantai 14 zona selatan bermasalah|Laporan kerusakan Control Panel Penerangan di Gedung Utama lantai 14 zona selatan karena suhu tidak stabil|Control Panel Penerangan|Gedung Utama|Lantai 14|Zona Selatan|Electrical|Berat|Debu/kotoran|Suhu tidak stabil|2377000
Panel listrik di lantai 14 Gedung Utama zona selatan rusak parah|Kerusakan Control Panel Penerangan di Gedung Utama lantai 14 zona selatan disebabkan oleh debu dan kotoran yang menyebabkan suhu tidak stabil|Control Panel Penerangan|Gedung Utama|Lantai 14|Zona Selatan|Electrical|Berat|Debu/kotoran|Suhu tidak stabil|2377000
Lampu di zona selatan lantai 14 Gedung Utama mati total, kayaknya panel listriknya rusak|Laporan teknisi: Control Panel Penerangan di Gedung Utama lantai 14 zona selatan mengalami kerusakan berat karena debu dan kotoran yang menyebabkan suhu tidak stabil|Control Panel Penerangan|Gedung Utama|Lantai 14|Zona Selatan|Electrical|Berat|Debu/kotoran|Suhu tidak stabil|2377000
Kursi di Gedung Servis lantai 2 zona selatan bocor parah|Laporan kerusakan Kursi di Gedung Servis lantai 2 zona selatan, terjadi kebocoran yang disebabkan oleh kualitas material yang buruk|Kursi|Gedung Servis|Lantai 2|Zona Selatan|Arsitektur|Berat|Kualitas material|Kebocoran|2705000
Kursi di Gedung Servis lantai 2 zona selatan rembes air|Kerusakan Kursi di Gedung Servis lantai 2 zona selatan, disebabkan oleh kualitas material yang tidak memadai sehingga menyebabkan kebocoran|Kursi|Gedung Servis|Lantai 2|Zona Selatan|Arsitektur|Berat|Kualitas material|Kebocoran|2705000
Kursi di lantai 2 zona selatan Gedung Servis bocor|Terdapat kerusakan pada Kursi di Gedung Servis lantai 2 zona selatan, dengan gejala kebocoran yang disebabkan oleh kualitas material yang buruk|Kursi|Gedung Servis|Lantai 2|Zona Selatan|Arsitektur|Berat|Kualitas material|Kebocoran|2705000
Gw butuh bantuan, dinding kaca non tempered di Gedung Parkir lantai 4 zona timur bocor parah|Dinding kaca non tempered di Gedung Parkir lantai 4 zona timur mengalami kebocoran, perlu perbaikan segera|Dinding Kaca Non Tempered|Gedung Gedung Parkir|Lantai 4|Zona Timur|Civil|Berat|Tegangan tidak stabil|Aliran lemah|2329000
Dinding kaca import di lantai 4 zona timur gedung parkir ada masalah, air keluar terus|Laporan teknisi: dinding kaca non tempered import di Gedung Parkir lantai 4 zona timur mengalami kerusakan, penyebabnya adalah tegangan tidak stabil|Dinding Kaca Non Tempered|Gedung Gedung Parkir|Lantai 4|Zona Timur|Civil|Berat|Tegangan tidak stabil|Aliran lemah|2329000
Dinding kaca gedung parkir lantai 4 zona timur bermasalah, katanya karena listrik|Inspeksi menunjukkan bahwa dinding kaca non tempered di Gedung Parkir lantai 4 zona timur mengalami kerusakan parah, biaya perbaikan diperlukan|Dinding Kaca Non Tempered|Gedung Gedung Parkir|Lantai 4|Zona Timur|Civil|Berat|Tegangan tidak stabil|Aliran lemah|2329000
AC Split di Gedung B lantai 7 zona selatan bunyi aneh banget|Laporan kerusakan AC Split di Gedung B lantai 7 zona selatan mengalami bunyi abnormal|AC Split|Gedung B|Lantai 7|Zona Selatan|Mechanical|Ringan|Human error|Bunyi abnormal|334000
Gw butuh bantuan, AC Split di Gedung B lantai 7 zona selatan ngga bunyi tapi ada suara aneh|Kerusakan AC Split di Gedung B lantai 7 zona selatan disebabkan oleh human error yang menyebabkan bunyi abnormal|AC Split|Gedung B|Lantai 7|Zona Selatan|Mechanical|Ringan|Human error|Bunyi abnormal|334000
Tolong bantu, AC Split di Gedung B lantai 7 zona selatan ngga bisa jalan dan ada bunyi yang parah banget|Kerusakan AC Split di Gedung B lantai 7 zona selatan telah diidentifikasi sebagai bunyi abnormal yang disebabkan oleh kesalahan manusia|AC Split|Gedung B|Lantai 7|Zona Selatan|Mechanical|Ringan|Human error|Bunyi abnormal|334000
AC Split di lantai 17 gedung utama zona utara tiba2 mati|Laporan kerusakan AC Split Samsung di Gedung Utama Lantai 17 Zona Utara, mengalami mati mendadak|AC Split|Gedung Utama|Lantai 17|Zona Utara|Mechanical|Fatal|Kelembaban tinggi|Mati mendadak|27810000
Gedung utama lantai 17 zona utara AC Samsung nyala sebentar trs mati|Kerusakan AC Split Samsung di Gedung Utama Lantai 17 Zona Utara disebabkan kelembaban tinggi, mengakibatkan mati mendadak|AC Split|Gedung Utama|Lantai 17|Zona Utara|Mechanical|Fatal|Kelembaban tinggi|Mati mendadak|27810000
AC di gedung utama lantai 17 zona utara tiba2 gak nyala lagi, merek samsung|Inspeksi menunjukkan bahwa AC Split Samsung di Gedung Utama Lantai 17 Zona Utara mengalami kerusakan fatal akibat kelembaban tinggi, sehingga mengalami mati mendadak|AC Split|Gedung Utama|Lantai 17|Zona Utara|Mechanical|Fatal|Kelembaban tinggi|Mati mendadak|27810000
Gw butuh bantuin, pesawat telepon di gedung c lantai 5 zona timur tiba2 gak stabil|Pesawat telepon di Gedung C, Lantai 5, Zona Timur mengalami tekanan tidak stabil, perlu perbaikan segera|Pesawat Telepon|Gedung Gedung C|Lantai 5|Zona Timur|Sistem Telekomunikasi Gedung|Sedang|Aus normal|Tekanan tidak stabil|1564000
Telepon rusak bro, ada di gedung c lantai 5 zona timur, gak bisa nelpon|Telepon di Gedung C, Lantai 5, Zona Timur mengalami kerusakan tekanan, tidak dapat digunakan untuk melakukan panggilan|Pesawat Telepon|Gedung Gedung C|Lantai 5|Zona Timur|Sistem Telekomunikasi Gedung|Sedang|Aus normal|Tekanan tidak stabil|1564000
Gimana cara ngefix pesawat telepon di gedung c lantai 5 zona timur, tiba2 tekanannya jadi gak stabil|Pesawat telepon di Gedung C, Lantai 5, Zona Timur memerlukan perbaikan karena tekanan tidak stabil, perlu pengecekan dan perbaikan oleh teknisi|Pesawat Telepon|Gedung Gedung C|Lantai 5|Zona Timur|Sistem Telekomunikasi Gedung|Sedang|Aus normal|Tekanan tidak stabil|1564000
Dinding tembok gedung parkir lantai 5 zona timur bunyi aneh banget|Laporan teknisi: dinding tembok (masonry) gedung parkir lantai 5 zona timur mengalami bunyi abnormal yang kemungkinan disebabkan oleh kerusakan struktur|Dinding Tembok/Mansonry|Gedung Gedung Parkir|Lantai 5|Zona Timur|Civil|Fatal|Usia pakai|Bunyi abnormal|24284000
Dinding tembok gedung parkir lantai 5 zona timur ada suara aneh pas malam hari|Laporan teknisi: terdapat suara abnormal pada dinding tembok (masonry) gedung parkir lantai 5 zona timur yang kemungkinan disebabkan oleh kerusakan komponen struktur|Dinding Tembok/Mansonry|Gedung Gedung Parkir|Lantai 5|Zona Timur|Civil|Fatal|Usia pakai|Bunyi abnormal|24284000
Dinding tembok gedung parkir lantai 5 zona timur bunyi nyariin tidur|Laporan teknisi: dinding tembok (masonry) gedung parkir lantai 5 zona timur mengalami kerusakan yang menyebabkan bunyi abnormal dan perlu perbaikan segera|Dinding Tembok/Mansonry|Gedung Gedung Parkir|Lantai 5|Zona Timur|Civil|Fatal|Usia pakai|Bunyi abnormal|24284000
AC Split di Gedung B Lantai 3 Zona Selatan rusak berat banget|Laporan kerusakan AC Split merek Panasonic di Gedung B Lantai 3 Zona Selatan, jenis kerusakan aus/abrasi|AC Split|Gedung B|Lantai 3|Zona Selatan|Mechanical|Berat|Kurang perawatan|Aus/abrasi|6613000
AC Split di Gedung B lantai 3 Zona Selatan nggak dingin lagi, udah cek tapi bingung|Laporan teknisi: AC Split Panasonic di Gedung B Lantai 3 Zona Selatan mengalami kerusakan berat, kemungkinan karena kurang perawatan|AC Split|Gedung B|Lantai 3|Zona Selatan|Mechanical|Berat|Kurang perawatan|Aus/abrasi|6613000
AC Split di Lantai 3 Gedung B Zona Selatan tiba-tiba mati, tolong cepat bantu perbaiki|Laporan teknis: AC Split merek Panasonic di Gedung B Lantai 3 Zona Selatan mengalami kerusakan aus/abrasi, perlu perbaikan segera|AC Split|Gedung B|Lantai 3|Zona Selatan|Mechanical|Berat|Kurang perawatan|Aus/abrasi|6613000
AC Split di Gedung A Lantai 1 Zona Selatan rusak parah|Laporan kerusakan AC Split merek Gree di Gedung A, Lantai 1, Zona Selatan dengan gejala tampilan rusak|AC Split|Gedung A|Lantai 1|Zona Selatan|Mechanical|Ringan|Korosi|Tampilan rusak|156000
Gedung A Lantai 1 Zona Selatan AC Split Gree tiba2 rusak|Kerusakan AC Split di Gedung A, Lantai 1, Zona Selatan, merek Gree, dengan kerusakan pada tampilan|AC Split|Gedung A|Lantai 1|Zona Selatan|Mechanical|Ringan|Korosi|Tampilan rusak|156000
AC Split di Gedung A, Lantai 1, Zona Selatan rusak, merek Gree|Laporan teknisi untuk perbaikan AC Split di Gedung A, Lantai 1, Zona Selatan, dengan kerusakan tampilan rusak|AC Split|Gedung A|Lantai 1|Zona Selatan|Mechanical|Ringan|Korosi|Tampilan rusak|156000
AC Cassette di Gedung Servis Lantai 2 Zona Selatan bunyi aneh banget|Laporan teknisi: AC Cassette di Gedung Servis Lantai 2 Zona Selatan mengalami bunyi abnormal|AC Cassette|Gedung Servis|Lantai 2|Zona Selatan|Mechanical|Fatal|Kelembaban tinggi|Bunyi abnormal|39414000
AC Cassette di lantai 2 zona selatan gedung servis rusak parah|Laporan teknisi: AC Cassette di Gedung Servis Lantai 2 Zona Selatan mengalami kerusakan fatal karena kelembaban tinggi|AC Cassette|Gedung Servis|Lantai 2|Zona Selatan|Mechanical|Fatal|Kelembaban tinggi|Bunyi abnormal|39414000
Gedung Servis Lantai 2 Zona Selatan AC Cassette lg ngadat|Laporan teknisi: Pemeriksaan menunjukkan bahwa AC Cassette di Gedung Servis Lantai 2 Zona Selatan memiliki kerusakan fatal yang disebabkan oleh kelembaban tinggi|AC Cassette|Gedung Servis|Lantai 2|Zona Selatan|Mechanical|Fatal|Kelembaban tinggi|Bunyi abnormal|39414000
AC Split di gedung parkir lantai 4 zona barat tiba tiba mati|Laporan perbaikan AC Split Samsung di Gedung Parkir Lantai 4 Zona Barat, ditemukan kerusakan pada komponen yang menyebabkan mati mendadak|AC Split|Gedung Parkir|Lantai 4|Zona Barat|Mechanical|Sedang|Faktor lingkungan|Mati mendadak|1328000
AC Split samsung di lantai 4 gedung parkir tiba2 nggak nyala|Laporan teknisi: AC Split Samsung di Gedung Parkir Lantai 4 Zona Barat mengalami kerusakan yang disebabkan oleh faktor lingkungan, sehingga menyebabkan mati mendadak|AC Split|Gedung Parkir|Lantai 4|Zona Barat|Mechanical|Sedang|Faktor lingkungan|Mati mendadak|1328000
gue butuh bantuan, AC Split di gedung parkir lantai 4 zona barat tiba2 mati total|Laporan perbaikan AC Split Samsung di Gedung Parkir Lantai 4 Zona Barat, setelah dilakukan inspeksi, ditemukan bahwa kerusakan disebabkan oleh faktor lingkungan yang menyebabkan mati mendadak|AC Split|Gedung Parkir|Lantai 4|Zona Barat|Mechanical|Sedang|Faktor lingkungan|Mati mendadak|1328000
Rolling Door di Gedung Parkir Lantai 4 Zona Utara rusak parah|Laporan teknisi: Rolling Door di Gedung Parkir Lantai 4 Zona Utara mengalami korsleting|Rolling Door|Gedung Parkir|Lantai 4|Zona Utara|Arsitektur|Ringan|Usia pakai|Korsleting|89000
Rolling Door di Lantai 4 Gedung Parkir Zona Utara tidak bisa buka tutup|Laporan teknisi: Rolling Door di Gedung Parkir Lantai 4 Zona Utara mengalami masalah korsleting akibat usia pakai|Rolling Door|Gedung Parkir|Lantai 4|Zona Utara|Arsitektur|Ringan|Usia pakai|Korsleting|89000
Gedung Parkir Lantai 4 Zona Utara, Rolling Door rusak dan mengeluarkan api|Laporan teknisi: Inspeksi menunjukkan bahwa Rolling Door di Gedung Parkir Lantai 4 Zona Utara mengalami korsleting yang disebabkan oleh usia pakai|Rolling Door|Gedung Parkir|Lantai 4|Zona Utara|Arsitektur|Ringan|Usia pakai|Korsleting|89000
PABX di gedung utama lantai 3 zona utara tiba2 mati|Laporan perbaikan PABX Import di Gedung Utama, Lantai 3, Zona Utara, karena lampu mati|PABX|Gedung Utama|Lantai 3|Zona Utara|Sistem Telekomunikasi Gedung|Ringan|Usia pakai|Lampu mati|115000
PABX di lantai 3 gedung utama kenapa lampunya mati sih|Pemeriksaan PABX Import di Gedung Utama, Lantai 3, Zona Utara, menemukan kerusakan pada lampu yang tidak menyala|PABX|Gedung Utama|Lantai 3|Zona Utara|Sistem Telekomunikasi Gedung|Ringan|Usia pakai|Lampu mati|115000
PABX di zona utama lantai 3 gedung utama nggak nyala, tolong bantu|Laporan teknisi tentang PABX Import di Gedung Utama, Lantai 3, Zona Utara, yang mengalami kerusakan lampu, sehingga perlu perbaikan|PABX|Gedung Utama|Lantai 3|Zona Utara|Sistem Telekomunikasi Gedung|Ringan|Usia pakai|Lampu mati|115000
Smoke Detector di Gedung B Lantai 4 Zona Barat rusak parah bro|Laporan kerusakan Smoke Detector merek Hochiki di Gedung B Lantai 4 Zona Barat menunjukkan tampilan yang rusak|Smoke Detector|Gedung B|Lantai 4|Zona Barat|Sistem Proteksi Kebakaran Aktif|Sedang|Getaran|Tampilan rusak|1965000
Smoke Detector di Gedung B lantai 4 zona barat tiba2 ngga jalan lagi|Kerusakan Smoke Detector Hochiki di Gedung B Lantai 4 Zona Barat disebabkan oleh getaran yang menyebabkan tampilan rusak|Smoke Detector|Gedung B|Lantai 4|Zona Barat|Sistem Proteksi Kebakaran Aktif|Sedang|Getaran|Tampilan rusak|1965000
Gedung B Lantai 4 Zona Barat smoke detectornya bermasalah kayaknya|Smoke Detector merek Hochiki di Gedung B Lantai 4 Zona Barat mengalami kerusakan pada tampilan akibat getaran, memerlukan perbaikan segera|Smoke Detector|Gedung B|Lantai 4|Zona Barat|Sistem Proteksi Kebakaran Aktif|Sedang|Getaran|Tampilan rusak|1965000
AC Sentral di Gedung E Lantai 3 Zona Barat tiba-tiba nggak dingin lagi|Laporan perbaikan AC Sentral Daikin di Gedung E Lantai 3 Zona Barat karena suhu tidak stabil|AC Sentral|Gedung E|Lantai 3|Zona Barat|Mechanical|Sedang|Kurang perawatan|Suhu tidak stabil|1249000
AC Sentral di Gedung E lantai 3 zona barat suhunya nggak stabil, panas banget|Pemeriksaan AC Sentral Daikin di Gedung E Lantai 3 Zona Barat menunjukkan bahwa suhu tidak stabil karena kurang perawatan|AC Sentral|Gedung E|Lantai 3|Zona Barat|Mechanical|Sedang|Kurang perawatan|Suhu tidak stabil|1249000
Gedung E Lantai 3 Zona Barat, AC Sentral Daikin lagi bermasalah, suhu nggak stabil, tolong dicek|Hasil inspeksi AC Sentral Daikin di Gedung E Lantai 3 Zona Barat menunjukkan bahwa suhu tidak stabil karena kurang perawatan, perlu perbaikan|AC Sentral|Gedung E|Lantai 3|Zona Barat|Mechanical|Sedang|Kurang perawatan|Suhu tidak stabil|1249000
Pintu kaca hidrolik gedung A lantai 5 zona timur rusak parah|Pintu kaca hidrolik di Gedung A, Lantai 5, Zona Timur mengalami kerusakan pada tampilan|Pintu Kaca Hidrolik|Gedung A|Lantai 5|Zona Timur|Arsitektur|Sedang|Korosi|Tampilan rusak|1544000
Pintu gedung A lantai 5 zona timur kaca hidroliknya rusak|Pemeriksaan menunjukkan bahwa pintu kaca hidrolik di Gedung A, Lantai 5, Zona Timur memiliki kerusakan tampilan yang disebabkan oleh korosi|Pintu Kaca Hidrolik|Gedung A|Lantai 5|Zona Timur|Arsitektur|Sedang|Korosi|Tampilan rusak|1544000
Pintu kaca hidrolik lantai 5 zona timur gedung A rusak berat|Laporan teknis menyatakan bahwa pintu kaca hidrolik di Gedung A, Lantai 5, Zona Timur mengalami kerusakan tampilan yang memerlukan perbaikan segera|Pintu Kaca Hidrolik|Gedung A|Lantai 5|Zona Timur|Arsitektur|Sedang|Korosi|Tampilan rusak|1544000
Plafon Gypsum di Gedung E Lantai 5 Zona Barat rusak parah, remote gak bisa dipake|Laporan kerusakan Plafon Gypsum/GRC di Gedung E, Lantai 5, Zona Barat, remote tidak berfungsi|Plafon Gypsum / GRC|Gedung Gedung E|Lantai 5|Zona Barat|Arsitektur|Berat|Kelembaban tinggi|Remote tidak berfungsi|2823000
Gedung E Lantai 5 Zona Barat plafon gypsum rusak berat, gak bisa pake remote|Laporan teknisi: Plafon Gypsum/GRC di Gedung E, Lantai 5, Zona Barat mengalami kerusakan parah, remote tidak berfungsi|Plafon Gypsum / GRC|Gedung Gedung E|Lantai 5|Zona Barat|Arsitektur|Berat|Kelembaban tinggi|Remote tidak berfungsi|2823000
Plafon gypsum di lantai 5 zona barat gedung E rusak, remote gak nyala|Laporan kerusakan Plafon Gypsum/GRC di Gedung E, Lantai 5, Zona Barat, kondisi remote tidak berfungsi|Plafon Gypsum / GRC|Gedung Gedung E|Lantai 5|Zona Barat|Arsitektur|Berat|Kelembaban tinggi|Remote tidak berfungsi|2823000
AC di Gedung D lantai 4 zona tengah tiba2 nggak dingin lagi|Laporan kerusakan Control Panel AC di Gedung D, Lantai 4, Zona Tengah, dikarenakan faktor lingkungan menyebabkan aliran lemah|Control Panel AC|Gedung D|Lantai 4|Zona Tengah|Electrical|Sedang|Faktor lingkungan|Aliran lemah|341000
Gedung D lantai 4 zona tengah AC nyala tapi nggak ada angin keluar, Control Panel AC kayaknya rusak|Kerusakan Control Panel AC di Gedung D, Lantai 4, Zona Tengah, disebabkan oleh faktor lingkungan yang menyebabkan aliran lemah, perlu dilakukan perbaikan|Control Panel AC|Gedung D|Lantai 4|Zona Tengah|Electrical|Sedang|Faktor lingkungan|Aliran lemah|341000
Control Panel AC di Gedung D lantai 4 zona tengah nggak berfungsi, AC jadi nggak dingin, tolong bantu|Laporan kerusakan Control Panel AC di Gedung D, Lantai 4, Zona Tengah, diketahui bahwa kerusakan disebabkan oleh faktor lingkungan yang menyebabkan aliran lemah, dengan biaya perbaikan yang diperlukan|Control Panel AC|Gedung D|Lantai 4|Zona Tengah|Electrical|Sedang|Faktor lingkungan|Aliran lemah|341000
Deepwell di gedung parkir lantai 4 zona selatan bocor parah|Laporan kerusakan Deepwell di Gedung Parkir Lantai 4 Zona Selatan dengan gejala kebocoran, perlu penanganan segera|Deepwell|Gedung Parkir|Lantai 4|Zona Selatan|Distribusi Air|Ringan|Kurang perawatan|Retak/pecah|390000
Aduh, deepwell di lantai 4 gedung parkir zona selatan nyetrum, tolong bantu|Inspeksi menunjukkan kerusakan pada Deepwell di Gedung Parkir Lantai 4 Zona Selatan yang disebabkan oleh kurangnya perawatan, perlu dilakukan perbaikan|Deepwell|Gedung Parkir|Lantai 4|Zona Selatan|Distribusi Air|Ringan|Kurang perawatan|Retak/pecah|390000
Bro, deepwell di zona selatan lantai 4 gedung parkir bermasalah, air bocor dimana-mana|Tindakan perbaikan Deepwell di Gedung Parkir Lantai 4 Zona Selatan diperlukan untuk mengatasi kerusakan yang disebabkan oleh retak atau pecah, dengan biaya yang telah diestimasi|Deepwell|Gedung Parkir|Lantai 4|Zona Selatan|Distribusi Air|Ringan|Kurang perawatan|Retak/pecah|390000
Lampu pylon sign di gedung B lantai 1 zona timur tidak nyala|Laporan kerusakan Lampu Pylon Sign di Gedung B, Lantai 1, Zona Timur dengan gejala aliran lemah|Lampu Pylon Sign|Gedung B|Lantai 1|Zona Timur|Electrical|Ringan|Korosi|Aliran lemah|442000
Lampu di depan gedung B lantai 1 zona timur mati|Laporan kerusakan Lampu Pylon Sign di Gedung B, Lantai 1, Zona Timur dengan gejala aliran listrik yang lemah|Lampu Pylon Sign|Gedung B|Lantai 1|Zona Timur|Electrical|Ringan|Korosi|Aliran lemah|442000
Lampu pylon sign di zona timur gedung B lantai 1 tidak bisa nyala|Laporan kerusakan Lampu Pylon Sign di Gedung B, Lantai 1, Zona Timur dengan gejala tidak ada aliran listrik|Lampu Pylon Sign|Gedung B|Lantai 1|Zona Timur|Electrical|Ringan|Korosi|Aliran lemah|442000
Dinding tembok gedung E lantai 1 zona selatan bunyi aneh banget|Laporan kerusakan dinding tembok di Gedung E lantai 1 zona selatan menunjukkan bunyi abnormal|Dinding Tembok/Mansonry|Gedung Gedung E|Lantai 1|Zona Selatan|Civil|Ringan|Getaran|Bunyi abnormal|139000
Gedung E lantai 1 zona selatan dinding temboknya bunyi kayak ada yg jatuh|Pemeriksaan menunjukkan bahwa dinding tembok di Gedung E lantai 1 zona selatan mengalami kerusakan yang menyebabkan bunyi abnormal|Dinding Tembok/Mansonry|Gedung Gedung E|Lantai 1|Zona Selatan|Civil|Ringan|Getaran|Bunyi abnormal|139000
Dinding tembok gedung E lantai 1 zona selatan bunyi terus menerus kayak ada getaran|Kerusakan pada dinding tembok di Gedung E lantai 1 zona selatan disebabkan oleh getaran yang menyebabkan bunyi abnormal|Dinding Tembok/Mansonry|Gedung Gedung E|Lantai 1|Zona Selatan|Civil|Ringan|Getaran|Bunyi abnormal|139000
Monitor CCTV di Gedung A Lantai 4 Zona Utara rusak berat, gak bisa nyala lagi|Laporan teknisi: Monitor CCTV Samsung di Gedung A Lantai 4 Zona Utara mengalami kerusakan tekanan tidak stabil akibat debu/kotoran|Monitor CCTV|Gedung A|Lantai 4|Zona Utara|Security Sistem|Berat|Debu/kotoran|Tekanan tidak stabil|3560000
Gedung A Lantai 4 Zona Utara, CCTV Samsung rusak parah, udah coba direset tapi masih gak jalan|Laporan teknisi: Kerusakan pada Monitor CCTV Samsung di Gedung A Lantai 4 Zona Utara disebabkan oleh debu/kotoran yang menyebabkan tekanan tidak stabil|Monitor CCTV|Gedung A|Lantai 4|Zona Utara|Security Sistem|Berat|Debu/kotoran|Tekanan tidak stabil|3560000
CCTV Samsung di Gedung A Lantai 4 Zona Utara tiba-tiba mati, kayaknya ada masalah serius, tolong dicek|Laporan teknisi: Pemeriksaan pada Monitor CCTV Samsung di Gedung A Lantai 4 Zona Utara menunjukkan bahwa kerusakan tekanan tidak stabil disebabkan oleh akumulasi debu/kotoran|Monitor CCTV|Gedung A|Lantai 4|Zona Utara|Security Sistem|Berat|Debu/kotoran|Tekanan tidak stabil|3560000
Speaker di Gedung Servis Lantai 3 Zona Utara tiba tiba mati|Laporan kerusakan speaker sistem telekomunikasi di Gedung Servis Lantai 3 Zona Utara, jenis kerusakan mati mendadak, perlu perbaikan segera|Speaker|Gedung Servis|Lantai 3|Zona Utara|Sistem Telekomunikasi Gedung|Fatal|Faktor lingkungan|Mati mendadak|35584000
Speaker Generic di Gedung Servis Lantai 3 Zona Utara gak nyala lagi|Laporan kerusakan speaker Generic di Gedung Servis Lantai 3 Zona Utara, kemungkinan disebabkan faktor lingkungan, jenis kerusakan mati mendadak, biaya perbaikan dibutuhkan|Speaker|Gedung Servis|Lantai 3|Zona Utara|Sistem Telekomunikasi Gedung|Fatal|Faktor lingkungan|Mati mendadak|35584000
Speaker di ruang tamu Gedung Servis Lantai 3 Zona Utara tiba2 nggak bunyi|Mengkonfirmasi kerusakan speaker sistem telekomunikasi di Gedung Servis Lantai 3 Zona Utara, jenis kerusakan mati mendadak, perlu penanganan segera untuk menghindari kerusakan lebih lanjut|Speaker|Gedung Servis|Lantai 3|Zona Utara|Sistem Telekomunikasi Gedung|Fatal|Faktor lingkungan|Mati mendadak|35584000
Gedung A lantai 11 zona barat pesawat telepon lokal nggak bisa dipake lagi|Laporan kerusakan pesawat telepon lokal di Gedung A lantai 11 zona barat, tidak dapat digunakan karena performa menurun|Pesawat Telepon|Gedung A|Lantai 11|Zona Barat|Sistem Telekomunikasi Gedung|Berat|Kurang perawatan|Performa menurun|2447000
Pesawat telepon di gedung A lantai 11 zona barat rusak parah|Pesawat telepon lokal di Gedung A lantai 11 zona barat mengalami kerusakan berat karena kurang perawatan, sehingga performa menurun|Pesawat Telepon|Gedung A|Lantai 11|Zona Barat|Sistem Telekomunikasi Gedung|Berat|Kurang perawatan|Performa menurun|2447000
Pesawat telepon lokal di gedung A lantai 11 zona barat nggak berfungsi|Kerusakan pesawat telepon lokal di Gedung A lantai 11 zona barat disebabkan oleh kurang perawatan, sehingga mengalami performa menurun dan memerlukan perbaikan segera|Pesawat Telepon|Gedung A|Lantai 11|Zona Barat|Sistem Telekomunikasi Gedung|Berat|Kurang perawatan|Performa menurun|2447000
Pemipaan Air Kotor di Gedung C Lantai 3 Zona Utara bermasalah|Laporan kerusakan Pemipaan Air Kotor di Gedung C Lantai 3 Zona Utara karena getaran yang menyebabkan sensor error|Pemipaan Air Kotor|Gedung C|Lantai 3|Zona Utara|Plumbing|Ringan|Getaran|Sensor error|344000
Pemipaan Air Kotor di Gedung C lantai 3 zona utara rusak parah|Laporan teknisi: Pemipaan Air Kotor di Gedung C Lantai 3 Zona Utara mengalami kerusakan ringan akibat getaran yang menyebabkan kesalahan sensor|Pemipaan Air Kotor|Gedung C|Lantai 3|Zona Utara|Plumbing|Ringan|Getaran|Sensor error|344000
Pemipaan Air Kotor Gedung C lantai 3 zona utara ga berfungsi|Laporan teknis: Pemipaan Air Kotor di Gedung C Lantai 3 Zona Utara mengalami kerusakan sensor akibat getaran sehingga memerlukan perbaikan|Pemipaan Air Kotor|Gedung C|Lantai 3|Zona Utara|Plumbing|Ringan|Getaran|Sensor error|344000
AC Split di Gedung B lantai 2 zona barat tiba-tiba mati dan panas banget|Laporan perbaikan AC Split Samsung di Gedung B lantai 2 zona barat mengalami overheat karena getaran|AC Split|Gedung B|Lantai 2|Zona Barat|Mechanical|Sedang|Getaran|Overheat|1018000
AC Split Samsung di zona barat lantai 2 gedung B ngadat dan kepanasan|Pemeriksaan AC Split Samsung di Gedung B lantai 2 zona barat menunjukkan gejala overheat yang disebabkan oleh getaran|AC Split|Gedung B|Lantai 2|Zona Barat|Mechanical|Sedang|Getaran|Overheat|1018000
AC di kantor zona barat lantai 2 gedung B tiba2 panas dan tidak nyala, katanya AC Split Samsung|Peninjauan lapangan menemukan bahwa AC Split Samsung di Gedung B lantai 2 zona barat mengalami kerusakan overheat akibat getaran|AC Split|Gedung B|Lantai 2|Zona Barat|Mechanical|Sedang|Getaran|Overheat|1018000
Wastafel di lantai 13 gedung A zona timur bocor parah bro|Laporan teknisi: Wastafel Toto di Gedung A, Lantai 13, Zona Timur mengalami aliran lemah|Wastafel|Gedung A|Lantai 13|Zona Timur|Plumbing|Ringan|Kualitas material|Aliran lemah|300000
Wastafel di zona timur lantai 13 gedung A nggak keluar air deh|Laporan teknisi: Wastafel merek Toto di Gedung A, Lantai 13, Zona Timur mengalami kerusakan pada aliran air|Wastafel|Gedung A|Lantai 13|Zona Timur|Plumbing|Ringan|Kualitas material|Aliran lemah|300000
Wastafel Toto di gedung A lantai 13 zona timur airnya kecil banget|Laporan teknisi: Wastafel di Gedung A, Lantai 13, Zona Timur, merek Toto, memerlukan perbaikan karena aliran air yang lemah|Wastafel|Gedung A|Lantai 13|Zona Timur|Plumbing|Ringan|Kualitas material|Aliran lemah|300000
APAR Dry Powder Stored Pressure di lantai 5 zona tengah gedung utama rusak parah, tidak bisa dipakai|Laporan teknis: APAR Dry Powder Stored Pressure di Gedung Utama, Lantai 5, Zona Tengah mengalami kerusakan tekanan tidak stabil|APAR Dry Powder Stored Pressure|Gedung Utama|Lantai 5|Zona Tengah|Sistem Pemadam Kebakaran|Berat|Korosi|Tekanan tidak stabil|7225000
APAR di lantai 5 gedung utama zona tengah nganggur, gak bisa dipake, kayaknya udah lama gak perawatan|Laporan teknis: APAR di Lantai 5, Zona Tengah, Gedung Utama mengalami kerusakan karena korosi, menyebabkan tekanan tidak stabil|APAR Dry Powder Stored Pressure|Gedung Utama|Lantai 5|Zona Tengah|Sistem Pemadam Kebakaran|Berat|Korosi|Tekanan tidak stabil|7225000
Apa kabar APAR di gedung utama lantai 5 zona tengah? katanya rusak berat, gak bisa dipakai lagi, perlu perbaikan segera|Laporan teknis: APAR Dry Powder Stored Pressure yang terletak di Gedung Utama, Lantai 5, Zona Tengah memerlukan perbaikan karena mengalami kerusakan tekanan tidak stabil|APAR Dry Powder Stored Pressure|Gedung Utama|Lantai 5|Zona Tengah|Sistem Pemadam Kebakaran|Berat|Korosi|Tekanan tidak stabil|7225000
APAR Dry Powder Stored Pressure di Gedung A lantai 15 zona tengah tiba2 bermasalah|Laporan teknisi: APAR Dry Powder Stored Pressure di Gedung A, Lantai 15, Zona Tengah mengalami tekanan tidak stabil|APAR Dry Powder Stored Pressure|Gedung A|Lantai 15|Zona Tengah|Sistem Pemadam Kebakaran|Ringan|Getaran|Tekanan tidak stabil|354000
APAR Dry Powder Stored Pressure di lantai 15 gedung A zona tengah rusak parah|Laporan teknisi: APAR Dry Powder Stored Pressure di Gedung A, Lantai 15, Zona Tengah memerlukan perbaikan tekanan|APAR Dry Powder Stored Pressure|Gedung A|Lantai 15|Zona Tengah|Sistem Pemadam Kebakaran|Ringan|Getaran|Tekanan tidak stabil|354000
APAR Dry Powder Stored Pressure zona tengah lantai 15 gedung A bermasalah|Laporan teknisi: APAR Dry Powder Stored Pressure di Gedung A, Lantai 15, Zona Tengah mengalami kerusakan tekanan|APAR Dry Powder Stored Pressure|Gedung A|Lantai 15|Zona Tengah|Sistem Pemadam Kebakaran|Ringan|Getaran|Tekanan tidak stabil|354000
Wastafel di gedung C lantai 8 zona tengah rusak berat, getarannya parah|Laporan teknisi: Wastafel American Standard di Gedung C, Lantai 8, Zona Tengah mengalami getaran berlebihan|Wastafel|Gedung C|Lantai 8|Zona Tengah|Plumbing|Sedang|Overload|Getaran berlebihan|886000
Wastafel di lantai 8 gedung C zona tengah ada masalah, getar terus, tolong bantu|Laporan teknisi: Pemeriksaan menunjukkan bahwa Wastafel American Standard di Gedung C, Lantai 8, Zona Tengah mengalami kerusakan akibat overload|Wastafel|Gedung C|Lantai 8|Zona Tengah|Plumbing|Sedang|Overload|Getaran berlebihan|886000
Wastafel di zona tengah lantai 8 gedung C rusak, getarannya ga biasa, mohon segera diperbaiki|Laporan teknisi: Wastafel American Standard di Gedung C, Lantai 8, Zona Tengah mengalami getaran berlebihan yang disebabkan oleh overload, perlu perbaikan segera|Wastafel|Gedung C|Lantai 8|Zona Tengah|Plumbing|Sedang|Overload|Getaran berlebihan|886000
AC Split di Gedung D Lantai 7 Zona Timur nggak nyala|Laporan teknisi: AC Split di Gedung D Lantai 7 Zona Timur mengalami kerusakan total tidak berfungsi|AC Split|Gedung D|Lantai 7|Zona Timur|Mechanical|Sedang|Tegangan tidak stabil|Tidak berfungsi total|1720000
AC Split di lantai 7 Gedung D zona timur tiba2 mati|Laporan teknisi: AC Split di Gedung D Lantai 7 Zona Timur tidak beroperasi karena tegangan listrik tidak stabil|AC Split|Gedung D|Lantai 7|Zona Timur|Mechanical|Sedang|Tegangan tidak stabil|Tidak berfungsi total|1720000
Gedung D Lantai 7 Zona Timur AC Splitnya nggak nyala sama sekali|Laporan teknisi: AC Split merek LG di Gedung D Lantai 7 Zona Timur mengalami kerusakan parah tidak berfungsi total|AC Split|Gedung D|Lantai 7|Zona Timur|Mechanical|Sedang|Tegangan tidak stabil|Tidak berfungsi total|1720000
Plafon gypsum di Gedung B lantai 3 zona timur bocor parah|Laporan kerusakan plafon gypsum Gedung B lantai 3 zona timur mengalami kebocoran yang disebabkan oleh usia pakai, perlu perbaikan segera|Plafon Gypsum / GRC|Gedung B|Lantai 3|Zona Timur|Arsitektur|Ringan|Usia pakai|Kebocoran|491000
Plafon GRC di lantai 3 Gedung B zona timur rembes|Kerusakan plafon GRC di Gedung B lantai 3 zona timur disebabkan oleh usia pakai yang sudah lama, sehingga mengalami kebocoran, perlu penanganan segera|Plafon Gypsum / GRC|Gedung B|Lantai 3|Zona Timur|Arsitektur|Ringan|Usia pakai|Kebocoran|491000
 Ada kebocoran di plafon gypsum Gedung B lantai 3 zona timur|Terdapat kerusakan pada plafon gypsum di Gedung B lantai 3 zona timur yang menyebabkan kebocoran, setelah analisis, disimpulkan bahwa kerusakan disebabkan oleh usia pakai, perlu dilakukan perbaikan|Plafon Gypsum / GRC|Gedung B|Lantai 3|Zona Timur|Arsitektur|Ringan|Usia pakai|Kebocoran|491000
AC Split di Gedung C lantai 8 zona utara bunyi aneh banget|Laporan kerusakan AC Split di Gedung C lantai 8 zona utara dengan bunyi abnormal, kemungkinan disebabkan oleh debu/kotoran|AC Split|Gedung C|Lantai 8|Zona Utara|Mekanical|Ringan|Debu/kotoran|Bunyi abnormal|123000
AC Split di lantai 8 Gedung C zona utara ngadat bunyi nyaring|Laporan perbaikan AC Split di Gedung C lantai 8 zona utara, diketahui memiliki kerusakan berupa bunyi abnormal yang disebabkan oleh akumulasi debu/kotoran|AC Split|Gedung C|Lantai 8|Zona Utara|Mekanical|Ringan|Debu/kotoran|Bunyi abnormal|123000
Gedung C lantai 8 zona utara AC Splitnya bunyi gak biasa, tolong dicek|Laporan teknisi untuk AC Split di Gedung C lantai 8 zona utara, menemukan gejala bunyi abnormal yang kemungkinan disebabkan oleh debu/kotoran, perlu dilakukan pembersihan dan perawatan|AC Split|Gedung C|Lantai 8|Zona Utara|Mekanical|Ringan|Debu/kotoran|Bunyi abnormal|123000
AC Sentral di Gedung E lantai 4 zona tengah tiba2 nggak dingin lagi|Laporan perbaikan AC Sentral Trane di Gedung E lantai 4 zona tengah dengan performing yang menurun|AC Sentral|Gedung E|Lantai 4|Zona Tengah|Mechanical|Ringan|Debu/kotoran|Performa menurun|376000
Gedung E lantai 4 zona tengah AC Trane nggak enak lagi, panas|Pemeriksaan AC Sentral Trane di Gedung E lantai 4 zona tengah menunjukkan adanya penumpukan debu yang menyebabkan penurunan performa|AC Sentral|Gedung E|Lantai 4|Zona Tengah|Mechanical|Ringan|Debu/kotoran|Performa menurun|376000
Lagi di kantor, AC Sentral di Gedung E lantai 4 zona tengah nggak dingin, tolong bantu|Setelah dilakukan inspeksi, ditemukan bahwa AC Sentral Trane di Gedung E lantai 4 zona tengah mengalami penurunan performa karena adanya debu dan kotoran|AC Sentral|Gedung E|Lantai 4|Zona Tengah|Mechanical|Ringan|Debu/kotoran|Performa menurun|376000
APAR Dry Powder Cartridge di Gedung E lantai 5 zona selatan rusak berat|Laporan kerusakan APAR Dry Powder Cartridge di Gedung E, Lantai 5, Zona Selatan dengan kondisi retak yang parah|APAR Dry Powder Cartridge|Gedung E|Lantai 5|Zona Selatan|Sistem Pemadam Kebakaran|Berat|Aus normal|Retak/pecah|2197000
APAR di gedung E lantai 5 selatan tidak bisa dipake lagi|Kerusakan APAR Dry Powder Cartridge di Gedung E, Lantai 5, Zona Selatan disebabkan oleh aus normal yang mengakibatkan kerusakan retak|APAR Dry Powder Cartridge|Gedung E|Lantai 5|Zona Selatan|Sistem Pemadam Kebakaran|Berat|Aus normal|Retak/pecah|2197000
Rusak parah APAR Dry Powder Cartridge di lantai 5 gedung E zona selatan|Inspeksi menunjukkan kerusakan retak pada APAR Dry Powder Cartridge di Gedung E, Lantai 5, Zona Selatan yang memerlukan perbaikan segera|APAR Dry Powder Cartridge|Gedung E|Lantai 5|Zona Selatan|Sistem Pemadam Kebakaran|Berat|Aus normal|Retak/pecah|2197000
kloset gedung D lantai 7 zona timur bergejala getar parah bro|Laporan teknisi: Kloset di Gedung D Lantai 7 Zona Timur mengalami getaran berlebihan|Kloset|Gedung D|Lantai 7|Zona Timur|Plumbing|Sedang|Debu/kotoran|Getaran berlebihan|609000
kloset di lantai 7 gedung D zona timur tiba2 bergoyang|Pemeriksaan teknisi menunjukkan bahwa kloset di Gedung D Lantai 7 Zona Timur mengalami kerusakan karena getaran berlebihan|Kloset|Gedung D|Lantai 7|Zona Timur|Plumbing|Sedang|Debu/kotoran|Getaran berlebihan|609000
tolong bantu kloset gedung D lantai 7 zona timur rusak bergetar terus|Kloset di Gedung D Lantai 7 Zona Timur memerlukan perbaikan karena mengalami getaran yang berlebihan dan berpotensi menyebabkan kerusakan lebih lanjut|Kloset|Gedung D|Lantai 7|Zona Timur|Plumbing|Sedang|Debu/kotoran|Getaran berlebihan|609000
Urinal di Gedung B lantai 1 zona utara nggak bisa dipake, remotenya ga berfungsi|Laporan kerusakan urinal di Gedong B lantai 1 zona utara, remote tidak berfungsi|Urinal|Gedung B|Lantai 1|Zona Utara|Plumbing|Fatal|Kurang perawatan|Remote tidak berfungsi|19617000
Gw butuh bantuan, urinal di gedung B lantai 1 zona utara rusak parah, gak bisa dipakai|Inspeksi menunjukkan bahwa urinal di Gedung B lantai 1 zona utara mengalami kerusakan fatal, remote tidak berfungsi|Urinal|Gedung B|Lantai 1|Zona Utara|Plumbing|Fatal|Kurang perawatan|Remote tidak berfungsi|19617000
Urinal di zona utara lantai 1 gedung B nggak berfungsi, remote ga nyala, tolong bantu|Kerusakan urinal di Gedung B lantai 1 zona utara disebabkan oleh kurangnya perawatan, remote tidak berfungsi|Urinal|Gedung B|Lantai 1|Zona Utara|Plumbing|Fatal|Kurang perawatan|Remote tidak berfungsi|19617000
Min, AC split di Gedung A lantai 7 zona barat kok lampunya mati ya? Aduh panas nih.|Pemeriksaan AC Split di Gedung Gedung A, Lantai 7, Zona Barat menunjukkan indikator lampu tidak menyala. Diagnosis awal mengindikasikan kerusakan pada modul lampu.|AC Split|Gedung Gedung A|Lantai 7|Zona Barat|Mechanical|Ringan|Aus normal|Lampu mati|62000
Halo pak, AC di Gedung Gedung A lantai 7 zona barat lampunya mati total. Ini kenapa ya? Tolong dicek dong.|Telah dilakukan investigasi terhadap unit AC Split di lokasi Gedung Gedung A, Lantai 7, Zona Barat. Ditemukan bahwa lampu indikator tidak berfungsi.|AC Split|Gedung Gedung A|Lantai 7|Zona Barat|Mechanical|Ringan|Aus normal|Lampu mati|62000
Penting! AC Split Gedung A lt 7 zona barat lampunya mati. Butuh penanganan segera.|Inspeksi rutin pada AC Split di Gedung Gedung A, Lantai 7, Zona Barat mendapati kondisi lampu mati. Diperlukan penggantian komponen terkait.|AC Split|Gedung Gedung A|Lantai 7|Zona Barat|Mechanical|Ringan|Aus normal|Lampu mati|62000
Mas, Genset Diesel di Gedung Gedung Utama Lt 6 Zona Tengah kok bunyinya aneh ya? Agak berisik gitu. Tolong dicek dong.|Dilakukan inspeksi pada Genset Diesel di Gedung Gedung Utama, Lantai 6, Zona Tengah. Terdeteksi bunyi abnormal ringan yang disebabkan oleh akumulasi debu/kotoran.|Genset Diesel|Gedung Gedung Utama|Lantai 6|Zona Tengah|Mechanical|Ringan|Debu/kotoran|Bunyi abnormal|123000
Penting! Genset Diesel di Gedung Gedung Utama Lantai 6 Zona Tengah suaranya nggak normal nih. Kayak ada gesekan. Cepat ya!|Telah diperiksa Genset Diesel di Gedung Gedung Utama, Lantai 6, Zona Tengah menyusul laporan bunyi abnormal. Diagnosis awal menunjukkan penyebabnya adalah penumpukan kotoran/debu.|Genset Diesel|Gedung Gedung Utama|Lantai 6|Zona Tengah|Mechanical|Ringan|Debu/kotoran|Bunyi abnormal|123000
Halo tim teknisi, ini Genset Diesel kita di Gedung Gedung Utama lantai 6 zona tengah kok berbunyi nging nging gitu ya? Mohon bantuannya segera. Tq.|Menindaklanjuti laporan, Genset Diesel di Gedung Gedung Utama, Lantai 6, Zona Tengah menunjukkan gejala bunyi abnormal. Investigasi menemukan debu/kotoran sebagai akar masalah.|Genset Diesel|Gedung Gedung Utama|Lantai 6|Zona Tengah|Mechanical|
tolong dong pesawat telpon di gedung E lantai 3 zona tengah kok parah banget ya lemotnya, ga bisa dipake telpon penting nih. panik!|Dilaporkan Pesawat Telepon di Gedung E, Lantai 3, Zona Tengah mengalami penurunan performa signifikan akibat getaran, mengakibatkan fungsi komunikasi terganggu fatal. Penyelidikan lebih lanjut diperlukan.|Pesawat Telepon|Gedung E|Lantai 3|Zona Tengah|Sistem Telekomunikasi Gedung|Fatal|Getaran|Performa menurun|13132000
gawat! pesawat telepon di gedung E lantai 3 zona tengah ngadat lagi. kayaknya krn ada geteran deh. bener2 ga bisa buat nelpon. cepet dong dibenerin!!|Kerusakan fatal terdeteksi pada Pesawat Telepon di Gedung E, Lantai 3, Zona Tengah. Indikasi awal menunjukkan performa menurun drastis, kemungkinan besar dipicu oleh getaran eksternal. Perbaikan mendesak diperlukan.|Pesawat Telepon|Gedung E|Lantai 3|Zona Tengah|Sistem Telekomunikasi Gedung|Fatal|Getaran|Performa menurun|13132000
halo teknisi, pesawat telpon di gedung E lantai 3 zona tengah ini kok lambat bgt ya responnya? parah ini. urgent banget! gara2 getaran terus nih kayanya.|Performa Pesawat Telepon di lokasi Gedung E, Lantai 3, Zona Tengah terobservasi menurun secara fatal. Analisis awal mengidentifikasi getaran sebagai penyebab utama kerusakan, berdampak pada kapabilitas sistem telekomunikasi.|Pesawat Telepon|Gedung E|Lantai 3|Zona Tengah|Sistem Telekomunikasi Gedung|Fatal|Getaran|Performa menurun|13132000
Pak!! Lampu LED Downlight di Gedung Utama Lt 18 Zona Timur ada yg mati total nih, udah karat kayaknya. Tolong dibenerin secepatnya ya. Urgent!!|Ditemukan kerusakan pada Lampu LED Downlight di Gedung Utama, Lantai 18, Zona Timur. Indikasi awal menunjukkan korosi pada komponen, kemungkinan besar disebabkan oleh tegangan yang tidak stabil.|Lampu LED Downlight|Gedung Utama|Lantai 18|Zona Timur|Electrical|Ringan|Tegangan tidak stabil|Berkarat/korosi|91000
Misi min, mau lapor nih lampu downlight di Gedung Utama lantai 18 zona timur banyak yg udah karatan dan ga nyala. Kayaknya perlu dicek deh, takutnya ada masalah listrik.|Inspeksi Lampu LED Downlight di Gedung Utama, Lantai 18, Zona Timur mengkonfirmasi adanya kerusakan akibat korosi. Diduga kuat penyebabnya adalah fluktuasi tegangan listrik.|Lampu LED Downlight|Gedung Utama|Lantai 18|Zona Timur|Electrical|Ringan|Tegangan tidak stabil|Berkarat/korosi|91000
Halo! Lampu LED Downlight di ruanganku, Gedung Utama, Lantai 18, Zona Timur, udah mulai berkarat parah dan redup. Tolong segera ditangani ya, gak nyaman banget nih.|Laporan kerusakan Lampu LED Downlight di Gedung Utama, Lantai 18, Zona Timur telah divalidasi. Kondisi korosi teramati, dengan dugaan akar masalah pada ketidakstabilan pasokan tegangan.|Lampu LED Downlight|Gedung Utama|Lantai 18|Zona Timur|Electrical|Ringan|Tegangan tidak stabil|Berkarat/korosi|91000
HELP! AC Cassette di Gedung Utama Lantai 5 Zona Tengah ngaco banget ni, kayaknya tekanan nya ga stabil. Panas bgt disini, fatal nih kl rusak lama!|Dilaporkan kerusakan pada unit AC Cassette di Gedung Utama, Lantai 5, Zona Tengah. Indikasi awal menunjukkan tekanan sistem tidak stabil, kemungkinan disebabkan oleh kelembaban tinggi di area tersebut. Diperlukan penanganan segera untuk mencegah kerusakan lebih lanjut.|AC Cassette|Gedung Utama|Lantai 5|Zona Tengah|Mechanical|Fatal|Kelembaban tinggi|Tekanan tidak stabil|49116000
Min, AC Cassette di Gedung Utama Lt 5 Zona Tengah mati total! Udah beberapa hari ini kerasa aneh, kayaknya tekanannya ga stabil. Skrg beneran mati. Tolong segera ditangani ya, penting banget ini!|Pengecekan telah dilakukan pada AC Cassette di Gedung Utama, Lantai 5, Zona Tengah. Ditemukan adanya tekanan yang tidak stabil pada sistem, yang mengarah pada kerusakan fatal. Analisis awal menunjuk pada faktor kelembaban tinggi sebagai root cause. Perbaikan mendesak diperlukan.|AC Cassette|Gedung Utama|Lantai 5|Zona Tengah|Mechanical|Fatal|Kelembaban tinggi|Tekanan tidak stabil|49116000
Pak/Bu, AC Cassette di Gedung Utama Lantai 5 Zona Tengah ini kok performanya turun drastis ya? Udah cek, kayaknya ada masalah sama tekanannya, kayaknya mau rusak total. Udah fatal bgt ini. Bisa dibantu?|Evaluasi kondisi AC Cassette di Gedung Utama, Lantai 5, Zona Tengah menunjukkan penurunan performa signifikan. Teridentifikasi masalah tekanan tidak stabil yang berpotensi menyebabkan kegagalan fatal. Kondisi kelembaban tinggi di lokasi diperkirakan menjadi penyebab utama. Rekomendasi perbaikan segera.|AC Cassette|Gedung Utama|Lantai 5|Zona Tengah|Mechanical|Fatal|Kelembaban tinggi|Tekanan tidak stabil|49116000
Min, exhaust fan di Gedung E lantai 3 zona selatan mati nih. Panas banget!|Melakukan pemeriksaan pada Exhaust Fan di Gedung E, Lantai 3, Zona Selatan. Ditemukan unit mati mendadak akibat aus normal pada komponen.|Exhaust Fan|Gedung E|Lantai 3|Zona Selatan|Ventilasi Sistem|Ringan|Aus normal|Mati mendadak|90000
Halo admin, mau lapor nih exhaust fan Krisbow di Gedung E lantai 3 zona selatan kok gak nyala ya? Udah coba dihidupin tapi tetep diem aja.|Investigasi kerusakan Exhaust Fan merek Krisbow di Gedung E, Lantai 3, Zona Selatan. Hasil diagnosa menunjukkan kegagalan fungsi (mati mendadak) disebabkan oleh keausan komponen internal.|Exhaust Fan|Gedung E|Lantai 3|Zona Selatan|Ventilasi Sistem|Ringan|Aus normal|Mati mendadak|90000
Woi, exhaust fan di GD E L3 zona selatan mati. Cpet benerin dong, panas polll!|Penanganan laporan terkait Exhaust Fan di Gedung E, Lantai 3, Zona Selatan yang mengalami mati mendadak. Verifikasi penyebab: aus normal pada sistem motor.|Exhaust Fan|Gedung E|Lantai 3|Zona Selatan|Ventilasi Sistem|Ringan|Aus normal|Mati mendadak|90000
Pak, gawat! Genset diesel yang di Gedung B Lantai 1 Zona Utara itu remotnya ga bisa dipake. Panik nih!|Telah dilaporkan kerusakan pada unit Genset Diesel Caterpillar di Gedung B, Lantai 1, Zona Utara. Observasi awal menunjukkan remote control unit tidak berfungsi.|Genset Diesel|Gedung B|Lantai 1|Zona Utara|Mechanical|Sedang|Overload|Remote tidak berfungsi|1364000
Halo min, mau lapor genset diesel di Gedung B Lntai 1 Zona Utara, remotenya mati total. Tolong dicek segera ya.|Pemeriksaan Genset Diesel di area Gedung B, Lantai 1, Zona Utara mengindikasikan kegagalan fungsi pada modul remote. Perlu tindakan korektif.|Genset Diesel|Gedung B|Lantai 1|Zona Utara|Mechanical|Sedang|Overload|Remote tidak berfungsi|1364000
Urgent! Remote genset diesel Gedung B, Lt 1, Zona Utara gak respon sama sekali. Ini gimana dong?|Ditemukan anomali pada sistem remote control Genset Diesel Caterpillar yang berlokasi di Gedung B, Lantai 1, Zona Utara. Remote tidak memberikan respons.|Genset Diesel|Gedung B|Lantai 1|Zona Utara|Mechanical|Sedang|Overload|Remote tidak berfungsi|1364000
Pak, pompa air di Gedung Parkir lantai 2 zona tengah kok mati mendadak ya? Ga bisa nyala nih, butuh air cepet!|Pompa Air Tanah di Gedung Gedung Parkir, Lantai 2, Zona Tengah mengalami kegagalan fungsi (mati mendadak). Hasil investigasi awal menunjukkan kelembaban tinggi sebagai root cause. Penanganan segera diperlukan.|Pompa Air Tanah|Gedung Gedung Parkir|Lantai 2|Zona Tengah|Mechanical|Sedang|Kelembaban tinggi|Mati mendadak|1482000
Emergency! Pompa air tanah yang di Gedung Parkir Lt 2 zona tengah tiba2 mati total. Airnya ga keluar. Urgent banget ini tolong!|Laporan kerusakan pada unit Pompa Air Tanah di Gedung Gedung Parkir, Lantai 2, Zona Tengah. Unit tidak dapat beroperasi (mati mendadak) akibat indikasi kelembaban tinggi. Tingkat severity dinilai sedang, membutuhkan tindakan perbaikan segera.|Pompa Air Tanah|Gedung Gedung Parkir|Lantai 2|Zona Tengah|Mechanical|Sedang|Kelembaban tinggi|Mati mendadak|1482000
Heh pompa air di Parkiran Lantai 2 Zona Tengah rusak lagi nih? Mati total dari tadi pagi. Gimana ini? Butuh air!|Telah teridentifikasi kerusakan 'mati mendadak' pada Pompa Air Tanah di lokasi Gedung Gedung Parkir, Lantai 2, Zona Tengah. Penyebab utama diduga adalah kelembaban tinggi di area instalasi. Biaya perbaikan estimasi 1.482.000.|Pompa Air Tanah|Gedung Gedung Parkir|Lantai 2|Zona Tengah|Mechanical|Sedang|Kelembaban tinggi|Mati mendadak|1482000
OMG AC di Lantai 16 Gedung Utama Zona Timur bocor parah! Air netes2 terus nih. Tolong segera diperbaiki!|Ditemukan kebocoran signifikan pada unit AC Split di Gedung Utama, Lantai 16, Zona Timur. Indikasi korosi pada komponen internal menyebabkan kegagalan segel.|AC Split|Gedung Utama|Lantai 16|Zona Timur|Mechanical|Berat|Korosi|Kebocoran|4023000
AC Split di Gedung Utama lantai 16 zona timur netes air banyak banget! bahaya nih bisa konslet. cepet ya!|Unit AC Split di Gedung Utama, Lantai 16, Zona Timur mengalami kebocoran air akibat korosi pada jalur drainase. Diperlukan penggantian komponen terdampak.|AC Split|Gedung Utama|Lantai 16|Zona Timur|Mechanical|Berat|Korosi|Kebocoran|4023000
Halo! AC di Gedung Utama Lantai 16 Zona Timur ada masalah. Airnya keluar terus dari unitnya. Kayaknya bocor deh. Urgent!|Terjadi kebocoran pada unit AC Split di lokasi Gedung Utama, Lantai 16, Zona Timur. Hasil pemeriksaan awal menunjukkan adanya korosi yang menyebabkan kebocoran pada evaporator.|AC Split|Gedung Utama|Lantai 16|Zona Timur|Mechanical|Berat|Korosi|Kebocoran|4023000
Help! NVR IP di Gedung Utama Lantai 13 Zona Selatan mati total! Ga bisa rekam apa-apa. Tolong segera!|Telah dilakukan investigasi terhadap unit NVR IP di Gedung Utama, Lantai 13, Zona Selatan. Ditemukan unit mengalami kegagalan fungsi akibat korosi dan overload, menyebabkan sistem perekaman tidak berjalan.|NVR IP|Gedung Utama|Lantai 13|Zona Selatan|Security Sistem|Sedang|Overload|Berkarat/korosi|1092000
Halo, NVR IP di Gedung Utama lt 13 Zona Selatan error nih, gambar buram bgt. Udah macet kayaknya. Urgent!|Pemeriksaan NVR IP di Gedung Utama Lantai 13 Zona Selatan menunjukkan adanya indikasi kerusakan korosi pada komponen internal yang diperparah oleh kondisi overload, mengakibatkan penurunan kualitas gambar.|NVR IP|Gedung Utama|Lantai 13|Zona Selatan|Security Sistem|Sedang|Overload|Berkarat/korosi|1092000
Pak, NVR IP di Gedung Utama lantai 13 zona selatan ngehang terus. Kadang nyala kadang mati. Panas bgt juga. Apa rusak ya?|Analisis unit NVR IP di Gedung Utama, Lantai 13, Zona Selatan mengidentifikasi adanya korosi signifikan pada sirkuit internal dan tanda-tanda overload. Hal ini menyebabkan ketidak
HELP!!! Kran air di Gedung Utama Lt 13 Zona Barat mati total nih, gak keluar air sama sekali. Urgent!|Dilaporkan kerusakan pada kran air di Gedung Gedung Utama, Lantai 13, Zona Barat. Unit tidak berfungsi total.|Kran Air|Gedung Gedung Utama|Lantai 13|Zona Barat|Plumbing|Sedang|Kelembaban tinggi|Tidak berfungsi total|1909000
Min, kran air di Gedung Gedung Utama lantai 13 Zona Barat rusak parah, airnya ga keluar sama sekali. Tolong segera!|Telah teridentifikasi kran air di Gedung Gedung Utama, Lantai 13, Zona Barat mengalami kegagalan fungsi sepenuhnya.|Kran Air|Gedung Gedung Utama|Lantai 13|Zona Barat|Plumbing|Sedang|Kelembaban tinggi|Tidak berfungsi total|1909000
Kran air di Gedung Utama, lantai 13, zona barat, mati total! Gak bisa dipake. Panik nih.|Verifikasi kerusakan pada kran air di lokasi Gedung Gedung Utama, Lantai 13, Zona Barat. Aset tidak beroperasi sama sekali.|Kran Air|Gedung Gedung Utama|Lantai 13|Zona Barat|Plumbing|Sedang|Kelembaban tinggi|Tidak berfungsi total|1909000
Pak tolong ini lampu LED Downlight di Gedung B Lantai 7 Zona Utara kok kedip2 terus ya? bikin pusing nih, kayaknya sensornya error deh.|Telah dilakukan inspeksi terhadap Lampu LED Downlight di Gedung B, Lantai 7, Zona Utara. Ditemukan indikasi sensor error akibat akumulasi debu/kotoran. Kerusakan bersifat ringan dan memerlukan pembersihan serta kalibrasi ulang sensor.|Lampu LED Downlight|Gedung B|Lantai 7|Zona Utara|Electrical|Ringan|Debu/kotoran|Sensor error|434000
Penting! Lampu LED Downlight di Lantai 7 Gedung B Zona Utara error lagi. Sensornya ngaco kayaknya, ini ga bisa dibiarin pak.|Lampu LED Downlight pada Gedung B, Lantai 7, Zona Utara menunjukkan gejala kerusakan sensor. Hasil investigasi awal menunjukkan penyebabnya adalah penumpukan debu. Kerusakan tergolong ringan.|Lampu LED Downlight|Gedung B|Lantai 7|Zona Utara|Electrical|Ringan|Debu/kotoran|Sensor error|434000
Halo min, lampu di Gedung B lantai 7 zona utara yg LED Downlight itu error sensornya. Kedip2 mulu. Mohon dicek. Thanks.|Pengecekan Lampu LED Downlight di Gedung B, Lantai 7, Zona Utara mengidentifikasi sensor error. Dugaan kuat penyebabnya adalah debu/kotoran yang mengganggu kinerja sensor. Kerusakan diklasifikasikan sebagai ringan.|Lampu LED Downlight|Gedung B|Lantai 7|Zona Utara|Electrical|Ringan|Debu/kotoran|Sensor error|434000
Genset diesel di Gedung Servis Lantai 1 Zona Timur kok kayaknya macet ya? Agak khawatir nih.|Ditemukan indikasi kemacetan pada Genset Diesel di Gedung Servis, Lantai 1, Zona Timur. Pemeriksaan awal mengindikasikan penyebab kelembaban tinggi.|Genset Diesel|Gedung Servis|Lantai 1|Zona Timur|Mechanical|Ringan|Kelembaban tinggi|Macet/tersumbat|187000
Penting! Genset diesel di Gdg Servis Lt 1 Zona Timur kayaknya ada masalah, tersumbat gitu. Tolong cek!|Laporan kerusakan Genset Diesel di Gedung Servis, Lantai 1, Zona Timur. Teridentifikasi adanya penyumbatan yang disebabkan oleh kelembaban tinggi.|Genset Diesel|Gedung Servis|Lantai 1|Zona Timur|Mechanical|Ringan|Kelembaban tinggi|Macet/tersumbat|187000
Halo, genset diesel di Gedung Servis Lantai 1 Zona Timur ga bisa nyala. Kayaknya macet, ada yang bisa bantu?|Unit Genset Diesel di Gedung Servis, Lantai 1, Zona Timur mengalami masalah kemacetan. Analisis awal menunjukkan kontribusi dari kelembaban lingkungan yang tinggi.|Genset Diesel|Gedung Servis|Lantai 1|Zona Timur|Mechanical|Ringan|Kelembaban tinggi|Macet/tersumbat|187000
Pak tolong ini lampu led di Gedung A lantai 8 zona barat kok mati total ya? Kayaknya ada korosi deh, panik nih!|Pemeriksaan Lampu LED di Gedung A, Lantai 8, Zona Barat menunjukkan korosi parah dan kerusakan total akibat overload.|Lampu LED|Gedung A|Lantai 8|Zona Barat|Electrical|Berat|Overload|Berkarat/korosi|5830000
Waduh, lampu LED di lantai 8 Gedung A Zona Barat rusak parah, gosong dan berkarat. Cepet dicek ya pak!|Ditemukan kerusakan berat pada Lampu LED di Gedung A, Lantai 8, Zona Barat dengan indikasi korosi dan kegagalan fungsi akibat beban berlebih.|Lampu LED|Gedung A|Lantai 8|Zona Barat|Electrical|Berat|Overload|Berkarat/korosi|5830000
Misi, lampu LED di Gedung A, Lantai 8, Zona Barat mati lagi. Udah karatan gitu, bahaya gak sih? Tolong banget ya.|Lampu LED di lokasi Gedung A, Lantai 8, Zona Barat mengalami kegagalan operasional. Investigasi awal menunjukkan korosi signifikan akibat overload sistem.|Lampu LED|Gedung A|Lantai 8|Zona Barat|Electrical|Berat|Overload|Berkarat/korosi|5830000
woy ini lampu TL di gedung D lantai 1 zona utara kok kedap kedip terus sih, panas banget lagi. bahaya ga sih?|Dilaporkan kerusakan pada Lampu TL di Gedung D, Lantai 1, Zona Utara. Indikasi suhu tidak stabil dan fluktuasi cahaya.|Lampu TL|Gedung D|Lantai 1|Zona Utara|Electrical|Sedang|Aus normal|Suhu tidak stabil|1435000
tolong dong lampu tl di gedung D lntai 1 zona utara mati nyala sendiri nih, serem bgt. cepetan cek plis|Pemeriksaan Lampu TL di area Gedung D, Lantai 1, Zona Utara menunjukkan gejala suhu operasional yang tidak stabil, menyebabkan gangguan pada pencahayaan.|Lampu TL|Gedung D|Lantai 1|Zona Utara|Electrical|Sedang|Aus normal|Suhu tidak stabil|1435000
lampu TL di gedung D lantai satu zona utara ada masalah nih, kadang terang kadang redup, panas juga. ini knp ya?|Teridentifikasi masalah pada Lampu TL di Gedung D, Lantai 1, Zona Utara. Ditemukan adanya suhu yang tidak stabil selama pengoperasian, mengindikasikan aus normal komponen.|Lampu TL|Gedung D|Lantai 1|Zona Utara|Electrical|Sedang|Aus normal|Suhu tidak stabil|1435000
tolonggg ini kran air di Gedung Utama lantai 5 zona selatan bocor parah bangettt, airnya muncrat kemana2!!|Kran air merek Wasser di Gedung Gedung Utama, Lantai 5, Zona Selatan mengalami kerusakan berat. Observasi menunjukkan koneksi terputus pada unit kran air akibat aus normal.|Kran Air|Gedung Gedung Utama|Lantai 5|Zona Selatan|Plumbing|Berat|Aus normal|Koneksi terputus|5843000
Min, kran air di Gedung Utama L5 Zona Selatan rusak nih, airnya ngocor terus gak bisa mati. Urgent!|Telah dilakukan inspeksi terhadap kran air di area Plumbing, Gedung Gedung Utama, Lantai 5, Zona Selatan. Ditemukan koneksi terputus pada unit kran air Wasser yang disebabkan oleh aus normal.|Kran Air|Gedung Gedung Utama|Lantai 5|Zona Selatan|Plumbing|Berat|Aus normal|Koneksi terputus|5843000
Woy, ini kran di Gedung Utama lantai 5 Zona Selatan kok airnya nyembur keluar ya? Ada apa ini? Pipa nya putus apa?|Laporan kerusakan kran air di Gedung Gedung Utama, Lantai 5, Zona Selatan telah diverifikasi. Kerusakan berupa koneksi terputus pada kran air merek Wasser, diindikasikan akibat aus normal pada komponen internal.|Kran Air|Gedung Gedung Utama|Lantai 5|Zona Selatan|Plumbing|Berat|Aus normal|Koneksi terputus|5843000
Min tolong dong! Lampu downlight di Gedung A Lantai 10 Zona Tengah ada yg retak. Agak panik nih takut copot. Buruan ya!|Melaporkan adanya keretakan pada unit Lampu Downlight di area Gedung A, Lantai 10, Zona Tengah. Diperlukan tindakan perbaikan segera.|Lampu Downlight|Gedung A|Lantai 10|Zona Tengah|Electrical|Ringan|Kualitas material|Retak/pecah|426000
Halo, ini lampu downlight di Lantai 10 Gedung A Zona Tengah ada yg pecah. Tolong cek secepatnya dong. Bahaya ini!|Ditemukan kerusakan jenis pecah pada Lampu Downlight di lokasi Gedung A, Lantai 10, Zona Tengah. Investigasi awal menunjukkan indikasi kualitas material.|Lampu Downlight|Gedung A|Lantai 10|Zona Tengah|Electrical|Ringan|Kualitas material|Retak/pecah|426000
Urgent! Lampu downlight di Gedung A, lantai 10, zona tengah retak parah. Kapan bisa diservis? Udah mau jatuh kayanya.|Unit Lampu Downlight di Gedung A, Lantai 10, Zona Tengah mengalami retak pada housing. Diperkirakan disebabkan oleh kualitas material yang kurang baik.|Lampu Downlight|Gedung A|Lantai 10|Zona Tengah|Electrical|Ringan|Kualitas material|Retak/pecah|426000
Min, ini lampu downlight di Gedung A lantai 4 Zona Barat mati total nih. Gelap banget. Bisa tolong dicek cepet ga?|Pemeriksaan Lampu Downlight di Gedung A, Lantai 4, Zona Barat menunjukkan tidak berfungsinya unit secara total. Diduga akibat overload.|Lampu Downlight|Gedung A|Lantai 4|Zona Barat|Electrical|Ringan|Overload|Tidak berfungsi total|77000
Haloo.. lampu downlight di zona barat lantai 4 gedung A mendadak gak nyala sama sekali. Fix rusak nih kayaknya. Tolong ya!|Telah diterima laporan kerusakan Lampu Downlight di Gedung A Lantai 4 Zona Barat. Unit dipastikan tidak berfungsi total. Analisis awal mengarah pada kondisi overload.|Lampu Downlight|Gedung A|Lantai 4|Zona Barat|Electrical|Ringan|Overload|Tidak berfungsi total|77000
Gawat! Lampu downlight di gedung A lantai 4 zona barat mati semua. Gelap gulita. Urgent nih min, tolong segera teknisi ya.|Investigasi Lampu Downlight di area Gedung A, Lantai 4, Zona Barat mengkonfirmasi kerusakan total. Penyebab utama diidentifikasi sebagai overload pada sirkuit.|Lampu Downlight|Gedung A|Lantai 4|Zona Barat|Electrical|Ringan|Overload|Tidak berfungsi total|77000
OMG telpon di Gedung Utama lantai 6 Zona Timur panas banget nih! Udah ga bisa dipake, takut meledak malah. Tolongin dong!|Telah terdeteksi kerusakan pada Pesawat Telepon di Gedung Utama, Lantai 6, Zona Timur. Indikasi utama adalah suhu perangkat yang terlalu tinggi (overheat). Kerusakan ini dikategorikan Berat dan memerlukan penanganan segera.|Pesawat Telepon|Gedung Utama|Lantai 6|Zona Timur|Sistem Telekomunikasi Gedung|Berat|Overload|Overheat|7876000
Penting! Pesawat telepon di lt 6 Zona Timur Gedung Utama mati total, trus anget bgt pas dipegang. Ini serius deh, perlu cepet!|Laporan kerusakan Pesawat Telepon diterima dari Gedung Utama, Lantai 6, Zona Timur. Perangkat mengalami overheat ekstrem yang menyebabkan kegagalan fungsi. Investigasi awal menunjukkan adanya kondisi overload sistem.|Pesawat Telepon|Gedung Utama|Lantai 6|Zona Timur|Sistem Telekomunikasi Gedung|Berat|Overload|Overheat|7876000
Halo! Telpon kantor di Gedung Utama lantai 6 Zona Timur kok berasap tipis ya? Panas banget juga. Ini kenapa ya? Bahaya ga?|Ditemukan Pesawat Telepon di Gedung Utama, Lantai 6, Zona Timur, mengalami gejala overheat dan emisi asap ringan. Kondisi ini menunjukkan severity Berat, kemungkinan besar akibat overload sistem internal, mengancam operasional dan keamanan.|Pesawat Telepon|Gedung Utama|Lantai 6|Zona Timur|Sistem Telekomunikasi Gedung|Berat|Overload|Overheat|7876000
Halo tolong dong, lampu hias di Gedung Gedung Utama Lantai 15 Zona Tengah kayaknya retak. Agak bahaya nih.|Ditemukan kerusakan retak pada unit Lampu Hias di Gedung Gedung Utama, Lantai 15, Zona Tengah. Diduga akibat usia pakai.|Lampu Hias|Gedung Gedung Utama|Lantai 15|Zona Tengah|Electrical|Ringan|Usia pakai|Retak/pecah|238000
Waduh, lampu hias di lantai 15 Gedung Utama, bagian Zona Tengah, ada pecah2 gitu. Bisa jatuh kapan aja nih.|Inspeksi rutin mengidentifikasi keretakan/pecahan pada Lampu Hias di lokasi Gedung Gedung Utama, Lantai 15, Zona Tengah. Kerusakan tergolong ringan dan disebabkan faktor usia pakai.|Lampu Hias|Gedung Gedung Utama|Lantai 15|Zona Tengah|Electrical|Ringan|Usia pakai|Retak/pecah|238000
PENTING! Lampu hias di Gedung Gedung Utama, Lantai 15, Zona Tengah retak parah. Mohon segera diperbaiki.|Laporan kerusakan Lampu Hias di area Gedung Gedung Utama, Lantai 15, Zona Tengah telah diverifikasi. Kerusakan berupa retakan/pecahan minor, penyebab utama adalah usia pakai komponen.|Lampu Hias|Gedung Gedung Utama|Lantai 15|Zona Tengah|Electrical|Ringan|Usia pakai|Retak/pecah|238000
Pak, ini panel lampu di gedung A lantai 7 zona selatan kok panas bgt ya? Bau gosong dikit, takut kebakar.|Ditemukan indikasi overheat pada Control Panel Penerangan di Gedung A, Lantai 7, Zona Selatan. Pemeriksaan awal menunjukkan suhu operasional melebihi batas normal.|Control Panel Penerangan|Gedung A|Lantai 7|Zona Selatan|Electrical|Sedang|Usia pakai|Overheat|1044000
Help!! control panel penerangan di geding A lt 7 zona selatan mati total, trus berasap, panik bgt!!|Laporan kerusakan total pada Control Panel Penerangan di Gedung A, Lantai 7, Zona Selatan. Teridentifikasi asap dan suhu tinggi, mengindikasikan kerusakan serius akibat overheat.|Control Panel Penerangan|Gedung A|Lantai 7|Zona Selatan|Electrical|Sedang|Usia pakai|Overheat|1044000
Woi, panel penerangan di gedung A lantai 7 zona selatan eror nih, lampu kedip2 terus trus panas banget, tolong dong!|Terjadi gangguan operasional dan overheat pada Control Panel Penerangan yang berlokasi di Gedung A, Lantai 7, Zona Selatan. Gejala yang diamati meliputi flicker lampu dan peningkatan suhu signifikan.|Control Panel Penerangan|Gedung A|Lantai 7|Zona Selatan|Electrical|Sedang|Usia pakai|Overheat|1044000
APAR CO2 di Gedung C Lantai 6 Zona Barat tiba2 mati|Laporan kerusakan APAR CO2 di Gedung C Lantai 6 Zona Barat, aset import, kondisi mati mendadak|APAR CO2|Gedung C|Lantai 6|Zona Barat|Sistem Pemadam Kebakaran|Sedang|Aus normal|Mati mendadak|1536000
APAR CO2 di lantai 6 zona barat gedung C rusak bro|Kerusakan APAR CO2 di Gedung C Lantai 6 Zona Barat, merek import, penyebab aus normal|APAR CO2|Gedung C|Lantai 6|Zona Barat|Sistem Pemadam Kebakaran|Sedang|Aus normal|Mati mendadak|1536000
Gedung C lantai 6 zona barat APAR CO2 tdk nyala|Laporan perbaikan APAR CO2 di Gedung C Lantai 6 Zona Barat, aset import, biaya perbaikan sebesar 1536000|APAR CO2|Gedung C|Lantai 6|Zona Barat|Sistem Pemadam Kebakaran|Sedang|Aus normal|Mati mendadak|1536000
Lemari di lantai 4 zona utara gedung parkir rusak parah|Lemari/Loker di Gedung Parkir, Lantai 4, Zona Utara mengalami kerusakan sensor error|Lemari/Loker|Gedung Gedung Parkir|Lantai 4|Zona Utara|Arsitektur|Berat|Aus normal|Sensor error|3291000
Lemari di zona utara lantai 4 gedung parkir tidak bisa digunakan|Laporan teknisi: Lemari/Loker di Gedung Parkir, Lantai 4, Zona Utara memerlukan perbaikan karena sensor error|Lemari/Loker|Gedung Gedung Parkir|Lantai 4|Zona Utara|Arsitektur|Berat|Aus normal|Sensor error|3291000
Lemari loker di gedung parkir lantai 4 zona utara rusak berat|Lemari/Loker di Gedung Parkir, Lantai 4, Zona Utara mengalami kerusakan parah karena sensor error dan perlu segera diperbaiki|Lemari/Loker|Gedung Gedung Parkir|Lantai 4|Zona Utara|Arsitektur|Berat|Aus normal|Sensor error|3291000
Sink di gedung D lantai 5 zona tengah bocor parah|Laporan kerusakan kitchen sink di Gedung D, Lantai 5, Zona Tengah dengan koneksi terputus dan kerusakan fatal|Kitchen sink|Gedung D|Lantai 5|Zona Tengah|Plumbing|Fatal|Aus normal|Koneksi terputus|10451000
Kitchen sink di zona tengah lantai 5 gedung D rusak berat, air bocor|Kerusakan kitchen sink di Gedung D, Lantai 5, Zona Tengah disebabkan oleh aus normal, perlu perbaikan segera|Kitchen sink|Gedung D|Lantai 5|Zona Tengah|Plumbing|Fatal|Aus normal|Koneksi terputus|10451000
Tolong bantu, kitchen sink di lantai 5 gedung D zona tengah bocor dan koneksi putus, apa harus ganti|Laporan teknisi tentang kerusakan kitchen sink di Gedung D, Lantai 5, Zona Tengah dengan jenis kerusakan koneksi terputus dan biaya perbaikan sebesar Rp 10.451.000|Kitchen sink|Gedung D|Lantai 5|Zona Tengah|Plumbing|Fatal|Aus normal|Koneksi terputus|10451000
Pompa Sampit di Gedung B lantai 9 zona utara nggak jalan|Pompa Sampit di Gedung B lantai 9 zona utara mengalami penurunan performa sehingga tidak dapat beroperasi dengan baik|Pompa Sampit|Gedung B|Lantai 9|Zona Utara|Mechanical|Sedang|Kurang perawatan|Performa menurun|1735000
Pompa di lantai 9 Gedung B zona utara tiba2 mati|Pompa Sampit di Gedung B lantai 9 zona utara mengalami kerusakan sehingga tidak dapat beroperasi|Pompa Sampit|Gedung B|Lantai 9|Zona Utara|Mechanical|Sedang|Kurang perawatan|Performa menurun|1735000
Pompa Sampit di Gedung B lantai 9 nggak bisa jalan lagi|Pompa Sampit di Gedung B lantai 9 zona utara mengalami penurunan kinerja sehingga perlu perawatan|Pompa Sampit|Gedung B|Lantai 9|Zona Utara|Mechanical|Sedang|Kurang perawatan|Performa menurun|1735000
Kick Bar di Lantai 3 Gedung Servis zona timur rusak|Kick Bar di Gedung Servis Lantai 3 zona timur mengalami sensor error karena kelembaban tinggi|Kick Bar|Gedung Gedung Servis|Lantai 3|Zona Timur|Security Sistem|Ringan|Kelembaban tinggi|Sensor error|285000
Kick Bar di zona timur lantai 3 gedung servis tidak berfungsi|Laporan teknisi: Kick Bar di Gedung Servis Lantai 3 zona timur mengalami kerusakan sensor akibat kelembaban|Kick Bar|Gedung Gedung Servis|Lantai 3|Zona Timur|Security Sistem|Ringan|Kelembaban tinggi|Sensor error|285000
Ada masalah di Kick Bar lantai 3 zona timur gedung servis, tidak bisa digunakan|Kick Bar di Gedung Servis Lantai 3 zona timur mengalami kerusakan karena kelembaban yang tinggi, menyebabkan sensor error|Kick Bar|Gedung Gedung Servis|Lantai 3|Zona Timur|Security Sistem|Ringan|Kelembaban tinggi|Sensor error|285000
DVR CCTV di gedung A lantai 9 zona timur rusak parah|DVR CCTV Honeywell di Gedung A lantai 9 zona timur mengalami kerusakan tekanan tidak stabil|DVR CCTV|Gedung A|Lantai 9|Zona Timur|Security Sistem|Berat|Korosi|Tekanan tidak stabil|6983000
DVR CCTV honeywell di lantai 9 gedung A zona timur tiba2 mati|Laporan teknisi: DVR CCTV Honeywell di Gedung A lantai 9 zona timur mengalami korosi yang menyebabkan tekanan tidak stabil|DVR CCTV|Gedung A|Lantai 9|Zona Timur|Security Sistem|Berat|Korosi|Tekanan tidak stabil|6983000
Gedung A lantai 9 zona timur DVR CCTV tidak nyala|DVR CCTV Honeywell di lokasi Gedung A lantai 9 zona timur memerlukan perbaikan akibat korosi yang menyebabkan kerusakan tekanan tidak stabil|DVR CCTV|Gedung A|Lantai 9|Zona Timur|Security Sistem|Berat|Korosi|Tekanan tidak stabil|6983000
AC Split di gedung utama lantai 17 zona timur rusak banget|Laporan kerusakan AC Split Daikin di Gedung Utama, Lantai 17, Zona Timur, dengan gejala aus dan abrasi pada komponen|AC Split|Gedung Utama|Lantai 17|Zona Timur|Mechanical|Sedang|Usia pakai|Aus/abrasi|1932000
AC Split di lantai 17 gedung utama zona timur nggak dingin lagi|Laporan perawatan AC Split Daikin di Gedung Utama, Lantai 17, Zona Timur, menunjukkan kerusakan pada komponen yang 已 aus dan abrasi|AC Split|Gedung Utama|Lantai 17|Zona Timur|Mechanical|Sedang|Usia pakai|Aus/abrasi|1932000
Gedung utama lantai 17 zona timur AC Splitnya mati|Laporan pemeriksaan AC Split Daikin di Gedung Utama, Lantai 17, Zona Timur, menemukan kerusakan akibat aus dan abrasi pada komponen, memerlukan perbaikan segera|AC Split|Gedung Utama|Lantai 17|Zona Timur|Mechanical|Sedang|Usia pakai|Aus/abrasi|1932000
Kloset di Gedung A lantai 2 zona selatan bocor parah banget|Laporan kerusakan kloset di Gedung A lantai 2 zona selatan, jenis aset kloset, dengan gejala bocor yang parah|Kloset|Gedung A|Lantai 2|Zona Selatan|Plumbing|Fatal|Korosi|Getaran berlebihan|40787000
Kloset gedung A lantai 2 zona selatan rusak berat, airnya mengalir terus|Kerusakan kloset di Gedung A lantai 2 zona selatan, penyebabnya kemungkinan korosi, perlu penanganan segera|Kloset|Gedung A|Lantai 2|Zona Selatan|Plumbing|Fatal|Korosi|Getaran berlebihan|40787000
Kloset di lantai 2 zona selatan gedung A tiba-tiba bocor, harus segera diperbaiki|Laporan teknisi tentang kerusakan kloset di Gedung A lantai 2 zona selatan, dengan tipe aset kloset, merek import, dan kategori plumbing, disebabkan oleh korosi|Kloset|Gedung A|Lantai 2|Zona Selatan|Plumbing|Fatal|Korosi|Getaran berlebihan|40787000
Lemari di lantai 8 zona tengah gedung A rusak parah|Laporan kerusakan Lemari/Loker di Gedung A, Lantai 8, Zona Tengah dikarenakan getaran berlebihan|Lemari/Loker|Gedung A|Lantai 8|Zona Tengah|Arsitektur|Sedang|Human error|Getaran berlebihan|1399000
Lemari loker di gedung A lantai 8 ada masalah|Inspeksi menunjukkan kerusakan Lemari/Loker di Gedung A, Lantai 8, Zona Tengah disebabkan oleh human error yang menyebabkan getaran berlebihan|Lemari/Loker|Gedung A|Lantai 8|Zona Tengah|Arsitektur|Sedang|Human error|Getaran berlebihan|1399000
Lemari di zona tengah lantai 8 gedung A rusak|Laporan teknisi menunjukkan kerusakan Lemari/Loker di Gedung A, Lantai 8, Zona Tengah dengan biaya perbaikan sebesar 1399000 dikarenakan getaran berlebihan yang disebabkan oleh human error|Lemari/Loker|Gedung A|Lantai 8|Zona Tengah|Arsitektur|Sedang|Human error|Getaran berlebihan|1399000
Meter PLN di Gedung A lantai 10 zona barat rusak parah bro|Pada saat inspeksi, ditemukan bahwa Meter PLN di Gedung A lantai 10 zona barat mengalami kerusakan retak/pecah|Meter PLN|Gedung A|Lantai 10|Zona Barat|Pencatatan Meter|Sedang|Tegangan tidak stabil|Retak/pecah|318000
Meter PLN di lantai 10 zona barat gedung A tiba2 mati|Setelah melakukan analisis, diketahui bahwa Meter PLN di Gedung A lantai 10 zona barat mengalami kerusakan akibat tegangan tidak stabil|Meter PLN|Gedung A|Lantai 10|Zona Barat|Pencatatan Meter|Sedang|Tegangan tidak stabil|Retak/pecah|318000
Gedung A lantai 10 zona barat listriknya sering mati, katanya karena Meter PLN-nya rusak|Berdasarkan hasil pemeriksaan, ditemukan bahwa Meter PLN di Gedung A lantai 10 zona barat mengalami kerusakan retak/pecah yang disebabkan oleh tegangan tidak stabil|Meter PLN|Gedung A|Lantai 10|Zona Barat|Pencatatan Meter|Sedang|Tegangan tidak stabil|Retak/pecah|318000
Pompa air tanah shimizu di gedung utama lantai 17 zona tengah tiba tiba mati|Pompa air tanah Shimizu di Gedung Utama, Lantai 17, Zona Tengah mengalami kerusakan sehingga tidak dapat beroperasi|Pompa Air Tanah|Gedung Utama|Lantai 17|Zona Tengah|Mechanical|Ringan|Faktor lingkungan|Performa menurun|283000
Pompa air shimizu lantai 17 zona tengah gedung utama tdk bunyi apa2|Laporan teknisi: Pompa air tanah Shimizu di Lantai 17, Zona Tengah, Gedung Utama tidak mengeluarkan suara dan tidak berfungsi|Pompa Air Tanah|Gedung Utama|Lantai 17|Zona Tengah|Mechanical|Ringan|Faktor lingkungan|Performa menurun|283000
Pompa air tanah shimizu di lantai 17 gedung utama zona tengah mati total|Pompa air tanah Shimizu di Gedung Utama, Lantai 17, Zona Tengah mengalami kerusakan total dan tidak dapat digunakan|Pompa Air Tanah|Gedung Utama|Lantai 17|Zona Tengah|Mechanical|Ringan|Faktor lingkungan|Performa menurun|283000
Detektor panas di lantai 1 zona utara gedung parkir nggak nyala|Laporan kerusakan sistem keamanan gedung parkir, Rate Of Rise Heat Detector di lantai 1 zona utara mengalami gangguan|Rate Of Rise Heat Detector|Gedung Parkir|Lantai 1|Zona Utara|Security Sistem|Berat|Aus normal|Remote tidak berfungsi|1994000
Sistem keamanan gedung parkir lantai 1 zona utara rusak, detektor panasnya nggak berfungsi|Inspeksi sistem keamanan gedung parkir menemukan bahwa Rate Of Rise Heat Detector di lantai 1 zona utara mengalami kerusakan pada remotenya|Rate Of Rise Heat Detector|Gedung Parkir|Lantai 1|Zona Utara|Security Sistem|Berat|Aus normal|Remote tidak berfungsi|1994000
Gedung parkir lantai 1 zona utara kebakaran, detektor panas nggak nyala, tolong bantu|Laporan kejadian darurat sistem keamanan gedung parkir, Rate Of Rise Heat Detector di lantai 1 zona utara gagal berfungsi|Rate Of Rise Heat Detector|Gedung Parkir|Lantai 1|Zona Utara|Security Sistem|Berat|Aus normal|Remote tidak berfungsi|1994000
Pompa air tanah di gedung E lantai 1 zona timur rusak banget|Pompa air tanah Wasser di Gedung E, Lantai 1, Zona Timur mengalami kerusakan pada remote control sehingga tidak dapat berfungsi dengan baik|Pompa Air Tanah|Gedung E|Lantai 1|Zona Timur|Mechanical|Sedang|Tegangan tidak stabil|Remote tidak berfungsi|1136000
Pompa air tanah wasser di lantai 1 gedung E zona timur gak jalan|Laporan teknis menunjukkan bahwa pompa air tanah Wasser di Gedung E, Lantai 1, Zona Timur mengalami kerusakan remote control akibat tegangan listrik tidak stabil|Pompa Air Tanah|Gedung E|Lantai 1|Zona Timur|Mechanical|Sedang|Tegangan tidak stabil|Remote tidak berfungsi|1136000
Pompa air tanah di zona timur gedung E lantai 1 rusak, tolong bantu|Inspeksi teknis menemukan bahwa pompa air tanah Wasser di Gedung E, Lantai 1, Zona Timur mengalami kerusakan pada remote control sehingga perlu dilakukan perbaikan segera|Pompa Air Tanah|Gedung E|Lantai 1|Zona Timur|Mechanical|Sedang|Tegangan tidak stabil|Remote tidak berfungsi|1136000
AC Split di gedung A lantai 3 zona barat rusak parah|Laporan kerusakan AC Split merk LG di Gedung A, Lantai 3, Zona Barat dengan tampilan yang rusak|AC Split|Gedung A|Lantai 3|Zona Barat|Mechanical|Sedang|Debu/kotoran|Tampilan rusak|1550000
AC Split di lantai 3 gedung A zona barat tiba2 tidak bisa nyala lagi|Kerusakan pada AC Split merk LG di Gedung A, Lantai 3, Zona Barat, dengan gejala tampilan yang rusak|AC Split|Gedung A|Lantai 3|Zona Barat|Mechanical|Sedang|Debu/kotoran|Tampilan rusak|1550000
AC Split di zona barat lantai 3 gedung A rusak, mohon segera diperbaiki|Laporan perbaikan AC Split merk LG di Gedung A, Lantai 3, Zona Barat, dengan kerusakan pada tampilan|AC Split|Gedung A|Lantai 3|Zona Barat|Mechanical|Sedang|Debu/kotoran|Tampilan rusak|1550000
Dinding tembok gedung E lantai 2 zona tengah bocor parah|Laporan kerusakan dinding tembok masonry di gedung E lantai 2 zona tengah, kondisi bocor dan tersumbat|Dinding Tembok/Mansonry|Gedung Gedung E|Lantai 2|Zona Tengah|Civil|Sedang|Kelembaban tinggi|Macet/tersumbat|810000
Dinding gedung E lantai 2 zona tengah macet, air bocor|Kerusakan dinding tembok di gedung E lantai 2 zona tengah disebabkan kelembaban tinggi, perlu perbaikan segera|Dinding Tembok/Mansonry|Gedung Gedung E|Lantai 2|Zona Tengah|Civil|Sedang|Kelembaban tinggi|Macet/tersumbat|810000
Gedung E lantai 2 zona tengah dinding bocor, tolong bantu|Laporan teknisi: dinding tembok masonry di gedung E lantai 2 zona tengah mengalami kerusakan, penyebab kelembaban tinggi, perlu perbaikan|Dinding Tembok/Mansonry|Gedung Gedung E|Lantai 2|Zona Tengah|Civil|Sedang|Kelembaban tinggi|Macet/tersumbat|810000
Genset Diesel di Gedung Utama lantai 8 zona selatan tiba-tiba mati|Laporan teknisi: Genset Diesel Deutz di Gedung Utama lantai 8 zona selatan mengalami korsleting akibat overload|Genset Diesel|Gedung Utama|Lantai 8|Zona Selatan|Mechanical|Sedang|Overload|Korsleting|1035000
Genset Deutz di lantai 8 Gedung Utama zona selatan nyala tapi listrik tidak keluar|Inspeksi menunjukkan Genset Diesel Deutz di Gedung Utama lantai 8 zona selatan mengalami kerusakan korsleting karena overload|Genset Diesel|Gedung Utama|Lantai 8|Zona Selatan|Mechanical|Sedang|Overload|Korsleting|1035000
Genset di zona selatan lantai 8 Gedung Utama tiba-tiba ngadat, mohon dicek genset Deutz|Pemeriksaan Genset Diesel Deutz di Gedung Utama lantai 8 zona selatan menemukan bahwa kerusakan disebabkan oleh korsleting akibat overload|Genset Diesel|Gedung Utama|Lantai 8|Zona Selatan|Mechanical|Sedang|Overload|Korsleting|1035000
Monitor CCTV di Gedung Utama Lantai 17 Zona Utara rusak parah|Monitor CCTV Samsung di Gedung Utama Lantai 17 Zona Utara mengalami kerusakan akibat overheat|Monitor CCTV|Gedung Utama|Lantai 17|Zona Utara|Security Sistem|Sedang|Human error|Overheat|982000
Monitor CCTV Samsung di Lantai 17 Gedung Utama Zona Utara nggak nyala, ada apa nih?|Kerusakan pada Monitor CCTV Samsung di Lantai 17 Gedung Utama Zona Utara disebabkan oleh human error yang menyebabkan overheat|Monitor CCTV|Gedung Utama|Lantai 17|Zona Utara|Security Sistem|Sedang|Human error|Overheat|982000
CCTV Samsung di Gedung Utama Lantai 17 nggak jalan, mungkin karena terlalu panas?|Laporan kerusakan pada Monitor CCTV Samsung di Gedung Utama Lantai 17 Zona Utara menunjukkan bahwa kerusakan disebabkan oleh overheat akibat human error|Monitor CCTV|Gedung Utama|Lantai 17|Zona Utara|Security Sistem|Sedang|Human error|Overheat|982000
Kabel listrik di Gedung D Lantai 3 Zona Selatan tiba-tiba bocor dan ada kebocoran|Sistem instalasi kabel di Gedung D Lantai 3 Zona Selatan mengalami kebocoran akibat tegangan tidak stabil|Wiring System|Gedung D|Lantai 3|Zona Selatan|Electrical|Ringan|Tegangan tidak stabil|Kebocoran|121000
Kabel listrik di Gedung D Lantai 3 Zona Selatan bocor parah dan butuh perbaikan segera|Laporan teknisi: Sistem instalasi kabel di Gedung D Lantai 3 Zona Selatan mengalami kerusakan akibat tegangan tidak stabil, perlu perbaikan segera|Wiring System|Gedung D|Lantai 3|Zona Selatan|Electrical|Ringan|Tegangan tidak stabil|Kebocoran|121000
Kabel di Gedung D Lantai 3 Zona Selatan bermasalah dan ada kebocoran, tolong periksa segera|Sistem instalasi kabel di Gedung D Lantai 3 Zona Selatan mengalami gangguan, kemungkinan akibat tegangan tidak stabil, perlu penanganan segera|Wiring System|Gedung D|Lantai 3|Zona Selatan|Electrical|Ringan|Tegangan tidak stabil|Kebocoran|121000
PABX di Gedung Servis, Lantai 1, Zona Tengah rusak parah|PABX di Gedung Servis, Lantai 1, Zona Tengah mengalami kerusakan pada komponen utama karena aus|PABX|Gedung Servis|Lantai 1|Zona Tengah|Sistem Telekomunikasi Gedung|Sedang|Usia pakai|Aus/abrasi|924000
PABX di lantai 1 zona tengah gedung servis tidak bisa dipake|Pemeriksaan PABX di Gedung Servis, Lantai 1, Zona Tengah menunjukkan adanya kerusakan pada komponen yang sudah aus|PABX|Gedung Servis|Lantai 1|Zona Tengah|Sistem Telekomunikasi Gedung|Sedang|Usia pakai|Aus/abrasi|924000
PABX gedung servis lantai 1 zona tengah rusak berat, tidak bisa digunakan|Laporan teknisi menunjukkan bahwa PABX di Gedung Servis, Lantai 1, Zona Tengah memerlukan perbaikan karena kerusakan akibat usia pakai|PABX|Gedung Servis|Lantai 1|Zona Tengah|Sistem Telekomunikasi Gedung|Sedang|Usia pakai|Aus/abrasi|924000
Atap beton gedung C lantai 7 zona selatan bocor parah|Laporan perbaikan Atap Beton Gedung C Lantai 7 Zona Selatan karena macet/tersumbat akibat debu/kotoran|Atap Beton|Gedung C|Lantai 7|Zona Selatan|Civil|Sedang|Debu/kotoran|Macet/tersumbat|1315000
Atap beton lantai 7 gedung C zona selatan macet gak bisa buka tutup|Tindakan perbaikan Atap Beton Gedung C Lantai 7 Zona Selatan karena terjadi kerusakan macet/tersumbat yang disebabkan oleh debu/kotoran|Atap Beton|Gedung C|Lantai 7|Zona Selatan|Civil|Sedang|Debu/kotoran|Macet/tersumbat|1315000
Gedung C lantai 7 zona selatan atap betonnya macet/tersumbat, tolong bantu|Pemeriksaan dan perbaikan Atap Beton Gedung C Lantai 7 Zona Selatan yang mengalami kerusakan macet/tersumbat karena adanya debu/kotoran|Atap Beton|Gedung C|Lantai 7|Zona Selatan|Civil|Sedang|Debu/kotoran|Macet/tersumbat|1315000
Plafon Gedung A lantai 15 zona selatan bocor parah banget|Laporan kerusakan plafon gedung A lantai 15 zona selatan mengalami kebocoran air|Plafon|Gedung A|Lantai 15|Zona Selatan|Arsitektur|Sedang|Overload|Aliran lemah|1565000
Gw baru masuk kantor tadi pagi eh plafon gedung A lantai 15 zona selatan tuh bocor|Kerusakan plafon di gedung A lantai 15 zona selatan disebabkan oleh kelebihan beban|Plafon|Gedung A|Lantai 15|Zona Selatan|Arsitektur|Sedang|Overload|Aliran lemah|1565000
Plafon di gedung A lantai 15 zona selatan nyemplung kebawah, cepetan perbaiki dong|Tindakan perbaikan plafon di gedung A lantai 15 zona selatan sedang dalam proses|Plafon|Gedung A|Lantai 15|Zona Selatan|Arsitektur|Sedang|Overload|Aliran lemah|1565000
DVR CCTV di gedung E lantai 4 zona selatan bunyi aneh banget|DVR CCTV Honeywell di Gedung E, Lantai 4, Zona Selatan mengalami kerusakan dengan gejala bunyi abnormal|DVR CCTV|Gedung E|Lantai 4|Zona Selatan|Security Sistem|Sedang|Kelembaban tinggi|Bunyi abnormal|677000
DVR CCTV gedung E lantai 4 zona selatan ngadat terus|DVR CCTV Honeywell di lokasi Gedung E, Lantai 4, Zona Selatan ditemukan mengeluarkan bunyi yang tidak normal|DVR CCTV|Gedung E|Lantai 4|Zona Selatan|Security Sistem|Sedang|Kelembaban tinggi|Bunyi abnormal|677000
DVR CCTV zona selatan lantai 4 gedung E ada suara aneh|DVR CCTV Honeywell yang terletak di Gedung E, Lantai 4, Zona Selatan mengalami kerusakan dengan gejala suara abnormal|DVR CCTV|Gedung E|Lantai 4|Zona Selatan|Security Sistem|Sedang|Kelembaban tinggi|Bunyi abnormal|677000
Lampu TL LED di Gedung B lantai 9 zona selatan tiba-tiba mati semua|Laporan perbaikan lampu TL LED di Gedung B lantai 9 zona selatan karena overheat|Lampu TL LED|Gedung B|Lantai 9|Zona Selatan|Electrical|Berat|Aus normal|Overheat|4525000
Lampu di lantai 9 gedung B zona selatan nggak nyala, katanya lampu TL LED|Inspeksi menunjukkan bahwa lampu TL LED di Gedung B lantai 9 zona selatan mengalami kerusakan karena overheat|Lampu TL LED|Gedung B|Lantai 9|Zona Selatan|Electrical|Berat|Aus normal|Overheat|4525000
Gedung B lantai 9 zona selatan gelap karena lampu TL LED rusak parah|Perbaikan lampu TL LED di Gedung B lantai 9 zona selatan telah dilakukan karena kerusakan akibat overheat|Lampu TL LED|Gedung B|Lantai 9|Zona Selatan|Electrical|Berat|Aus normal|Overheat|4525000
Lampu LED Strip di Gedung C lantai 4 zona barat tiba2 mati trus|Laporan kerusakan Lampu LED Strip di Gedung C, Lantai 4, Zona Barat, mengalami mati mendadak|Lampu LED Strip|Gedung C|Lantai 4|Zona Barat|Electrical|Berat|Debu/kotoran|Mati mendadak|8662000
Lampu LED Strip di gedung C lantai 4 zona barat nggak nyala lagi|Kerusakan Lampu LED Strip di Gedung C, Lantai 4, Zona Barat, disebabkan oleh debu/kotoran yang mengakibatkan mati mendadak|Lampu LED Strip|Gedung C|Lantai 4|Zona Barat|Electrical|Berat|Debu/kotoran|Mati mendadak|8662000
Lampu LED Strip zona barat lantai 4 gedung C tiba2 padam, tolong bantu|Laporan teknisi: Kerusakan Lampu LED Strip di Gedung C, Lantai 4, Zona Barat, dengan gejala mati mendadak, kemungkinan disebabkan oleh debu/kotoran|Lampu LED Strip|Gedung C|Lantai 4|Zona Barat|Electrical|Berat|Debu/kotoran|Mati mendadak|8662000
AC Split di Gedung D Lantai 5 Zona Selatan rusak berat bunyi aneh|Laporan perbaikan AC Split di Gedung D Lantai 5 Zona Selatan dengan gejala bunyi abnormal, kemungkinan akibat tegangan tidak stabil|AC Split|Gedung D|Lantai 5|Zona Selatan|Mechanical|Berat|Tegangan tidak stabil|Bunyi abnormal|1666000
AC Split di Gedung D Lantai 5 Zona Selatan bunyi aneh terus menerus|Laporan inspeksi menunjukkan bahwa AC Split di Gedung D Lantai 5 Zona Selatan mengalami kerusakan berat dengan gejala bunyi abnormal, disebabkan oleh tegangan listrik yang tidak stabil|AC Split|Gedung D|Lantai 5|Zona Selatan|Mechanical|Berat|Tegangan tidak stabil|Bunyi abnormal|1666000
Saya di Gedung D Lantai 5 Zona Selatan, AC Split rusak parah bunyi sangat keras|Hasil pemeriksaan menunjukkan bahwa AC Split di Gedung D Lantai 5 Zona Selatan mengalami kerusakan berat dengan gejala bunyi abnormal, yang kemungkinan disebabkan oleh tegangan listrik yang tidak stabil|AC Split|Gedung D|Lantai 5|Zona Selatan|Mechanical|Berat|Tegangan tidak stabil|Bunyi abnormal|1666000
Kabel listrik di gedung C lantai 8 zona barat ada yang korslet|Laporan kerusakan sistem instalasi kabel di gedung C lantai 8 zona barat dikarenakan kelembaban tinggi menyebabkan korsleting|Wiring System|Gedung C|Lantai 8|Zona Barat|Electrical|Sedang|Kelembaban tinggi|Korsleting|1628000
Saya baru aja lihat kabel di lantai 8 gedung C zona barat nyala api kecil|Kerusakan pada sistem instalasi kabel di gedung C lantai 8 zona barat telah menyebabkan korsleting dan api kecil|Wiring System|Gedung C|Lantai 8|Zona Barat|Electrical|Sedang|Kelembaban tinggi|Korsleting|1628000
Kabel di zona barat lantai 8 gedung C sering korslet, tolong diperbaiki|Sistem instalasi kabel di gedung C lantai 8 zona barat mengalami kerusakan berupa korsleting yang disebabkan oleh kelembaban tinggi|Wiring System|Gedung C|Lantai 8|Zona Barat|Electrical|Sedang|Kelembaban tinggi|Korsleting|1628000
Kdk exhaust fan di gedung c lantai 6 zona selatan rusak banget|Laporan kerusakan Exhaust Fan KDK di Gedung C, Lantai 6, Zona Selatan, dengan gejala tampilan yang rusak|Exhaust Fan|Gedung C|Lantai 6|Zona Selatan|Ventilasi Sistem|Sedang|Overload|Tampilan rusak|1247000
Exhaust fan kdk di lantai 6 gedung c zona selatan tiba2 ngga bisa dipake|Inspeksi menunjukkan bahwa Exhaust Fan KDK di Gedung C, Lantai 6, Zona Selatan, mengalami kerusakan pada tampilan, kemungkinan akibat overload|Exhaust Fan|Gedung C|Lantai 6|Zona Selatan|Ventilasi Sistem|Sedang|Overload|Tampilan rusak|1247000
Kdk exhaust fan di gedung c lantai 6 zona selatan ngga mau jalan, apa karena listriknya kelebihan beban?|Analisis menunjukkan bahwa Exhaust Fan KDK di Gedung C, Lantai 6, Zona Selatan, mengalami kerusakan pada tampilan, yang disebabkan oleh overload, perlu dilakukan perbaikan segera|Exhaust Fan|Gedung C|Lantai 6|Zona Selatan|Ventilasi Sistem|Sedang|Overload|Tampilan rusak|1247000
Jet Shower di Gedung E lantai 3 zona tengah rusak parah bro, air nyangkut dan bocor|Laporan kerusakan Jet Shower Import di Gedung E, Lantai 3, Zona Tengah, ditemukan kerusakan retak yang menyebabkan kebocoran air|Jet Shower|Gedung E|Lantai 3|Zona Tengah|Plumbing|Berat|Kualitas material|Retak/pecah|8667000
Jet Shower di Gedung E lantai 3 bocor, cepat perbaiki dong, kami butuh banget|Kerusakan Jet Shower di Gedung E, Lantai 3, Zona Tengah, disebabkan oleh kualitas material yang buruk, sehingga menyebabkan kebocoran|Jet Shower|Gedung E|Lantai 3|Zona Tengah|Plumbing|Berat|Kualitas material|Retak/pecah|8667000
Jet Shower di lantai 3 Gedung E zona tengah rusak berat, tolong dicek segera, takut kebocoran makin parah|Jet Shower di Gedung E, Lantai 3, Zona Tengah, mengalami kerusakan retak yang parah, perlu perbaikan segera untuk mencegah kerusakan lebih lanjut|Jet Shower|Gedung E|Lantai 3|Zona Tengah|Plumbing|Berat|Kualitas material|Retak/pecah|8667000
Lampu downlight di lantai 12 zona selatan gedung utama rusak bro|Laporan kerusakan lampu downlight di Gedung Utama, Lantai 12, Zona Selatan, mengalami overheat|Lampu Downlight|Gedung Utama|Lantai 12|Zona Selatan|Electrical|Ringan|Getaran|Overheat|466000
Lampu di atas mejaku udah panas banget, kayaknya lampu downlight di lantai 12 zona selatan gedung utama|Laporan inspeksi menunjukkan bahwa lampu downlight di Gedung Utama, Lantai 12, Zona Selatan, mengalami kerusakan akibat getaran|Lampu Downlight|Gedung Utama|Lantai 12|Zona Selatan|Electrical|Ringan|Getaran|Overheat|466000
Lampu downlight di zona selatan lantai 12 gedung utama ngga nyala, kayaknya overheat deh|Laporan teknisi menyatakan bahwa lampu downlight di Gedung Utama, Lantai 12, Zona Selatan, mengalami kerusakan karena overheat akibat getaran|Lampu Downlight|Gedung Utama|Lantai 12|Zona Selatan|Electrical|Ringan|Getaran|Overheat|466000
Lantai granit di gedung servis lantai 2 zona timur rusak parah banget|Lantai granit di Gedung Servis, Lantai 2, Zona Timur mengalami kerusakan pada tampilan|Lantai Granit|Gedung Servis|Lantai 2|Zona Timur|Civil|Berat|Human error|Tampilan rusak|6401000
Lantai granit gedung servis zona timur lantai 2 ada yang rusak|Kerusakan terjadi pada lantai granit di Gedung Servis, Lantai 2, Zona Timur, perlu perbaikan segera|Lantai Granit|Gedung Servis|Lantai 2|Zona Timur|Civil|Berat|Human error|Tampilan rusak|6401000
Kerusakan lantai granit di zona timur lantai 2 gedung servis|Laporan teknisi: kerusakan pada lantai granit di Gedung Servis, Lantai 2, Zona Timur, disebabkan oleh human error|Lantai Granit|Gedung Servis|Lantai 2|Zona Timur|Civil|Berat|Human error|Tampilan rusak|6401000
Pompa Chiller Water Primer di gedung parkir lantai 5 zona utara rusak parah banget|Pompa Chiller Water Primer di Gedung Parkir, Lantai 5, Zona Utara mengalami kerusakan berat akibat getaran berlebihan|Pompa Chiller Water Primer|Gedung Parkir|Lantai 5|Zona Utara|Mechanical|Berat|Tegangan tidak stabil|Getaran berlebihan|6481000
Pompa chiler di lantai 5 gedung parkir zona utara ada masalah, gak stabil|Pompa Chiller Water Primer di Gedung Parkir, Lantai 5, Zona Utara mengalami kerusakan karena tegangan listrik yang tidak stabil|Pompa Chiller Water Primer|Gedung Parkir|Lantai 5|Zona Utara|Mechanical|Berat|Tegangan tidak stabil|Getaran berlebihan|6481000
Pompa chiller water primer di zona utara lantai 5 gedung parkir rusak, vibrasinya terlalu kuat|Pompa Chiller Water Primer di Gedung Parkir, Lantai 5, Zona Utara mengalami kerusakan berat dengan gejala getaran berlebihan|Pompa Chiller Water Primer|Gedung Parkir|Lantai 5|Zona Utara|Mechanical|Berat|Tegangan tidak stabil|Getaran berlebihan|6481000
Lampu LED di Gedung Utama Lantai 4 Zona Barat mati total bro|Laporan kerusakan Lampu LED Gedung Utama Lantai 4 Zona Barat, kondisi mati total|Lampu LED|Gedung Utama|Lantai 4|Zona Barat|Electrical|Sedang|Overload|Tampilan rusak|1574000
Lampu LED di kantor lantai 4 zona barat gedung utama rusak gak tahu kenapa|Laporan inspeksi menemukan kerusakan pada Lampu LED di Gedung Utama Lantai 4 Zona Barat, kemungkinan akibat overload|Lampu LED|Gedung Utama|Lantai 4|Zona Barat|Electrical|Sedang|Overload|Tampilan rusak|1574000
Gedung Utama Lantai 4 Zona Barat lampu led gak nyala, tolong bantu|Laporan perbaikan Lampu LED Gedung Utama Lantai 4 Zona Barat, kerusakan pada tampilan akibat overload|Lampu LED|Gedung Utama|Lantai 4|Zona Barat|Electrical|Sedang|Overload|Tampilan rusak|1574000
AC Split di Gedung Utama lantai 16 zona timur rusak banget|Laporan kerusakan AC Split di Gedung Utama lantai 16 zona timur, sensor error karena getaran|AC Split|Gedung Utama|Lantai 16|Zona Timur|Mekanical|Sedang|Getaran|Sensor error|1529000
AC Split di lantai 16 zona timur Gedung Utama tiba2 ngga dingin lagi|Laporan kerusakan AC Split di Gedung Utama lantai 16 zona timur, ditemukan kerusakan sensor karena getaran|AC Split|Gedung Utama|Lantai 16|Zona Timur|Mekanical|Sedang|Getaran|Sensor error|1529000
Gedung Utama lantai 16 zona timur AC Splitnya ngga berfungsi|Laporan perbaikan AC Split di Gedung Utama lantai 16 zona timur, dilakukan perbaikan sensor yang rusak karena getaran|AC Split|Gedung Utama|Lantai 16|Zona Timur|Mekanical|Sedang|Getaran|Sensor error|1529000
AC Split di Gedung A lantai 11 zona barat nggak nyala lagi|Laporan teknisi: AC Split Mitsubishi di Gedung A, lantai 11, zona barat mengalami kerusakan total|AC Split|Mitsubishi|Gedung A|11|Zona Barat|Mechanical|Sedang|Human error|Tidak berfungsi total|1699000
AC Split zona barat lantai 11 gedung A tiba2 mati|Laporan teknisi: Kerusakan AC Split Mitsubishi di Gedung A, lantai 11, zona barat disebabkan oleh kesalahan manusia|AC Split|Mitsubishi|Gedung A|11|Zona Barat|Mechanical|Sedang|Human error|Tidak berfungsi total|1699000
Gedung A lantai 11 zona barat AC Split Mitsubishi nggak bisa dinyalain|Laporan teknisi: Pemeriksaan menunjukkan bahwa AC Split di Gedung A, lantai 11, zona barat mengalami kerusakan total dan memerlukan perbaikan segera|AC Split|Mitsubishi|Gedung A|11|Zona Barat|Mechanical|Sedang|Human error|Tidak berfungsi total|1699000
AC Split di Gedung C lantai 8 zona barat rusak parah, gak dingin lagi|Laporan kerusakan AC Split Daikin di Gedung C, Lantai 8, Zona Barat, karena kurang perawatan menyebabkan korosi|AC Split|Gedung C|Lantai 8|Zona Barat|Mechanical|Sedang|Kurang perawatan|Berkarat/korosi|1275000
AC Split Daikin di lantai 8 gedung C zona barat gak berfungsi dengan baik, tolong dicek|Inspeksi AC Split di Gedung C, Lantai 8, Zona Barat menemukan kerusakan berat karena korosi, perlu perbaikan segera|AC Split|Gedung C|Lantai 8|Zona Barat|Mechanical|Sedang|Kurang perawatan|Berkarat/korosi|1275000
Gedung C lantai 8 zona barat, AC Split Daikin rusak berat, harap segera diperbaiki|Pemeriksaan AC Split di Gedung C, Lantai 8, Zona Barat menunjukkan kerusakan korosi, disebabkan oleh kurangnya perawatan, perlu segera diperbaiki|AC Split|Gedung C|Lantai 8|Zona Barat|Mechanical|Sedang|Kurang perawatan|Berkarat/korosi|1275000
AC Ceiling di Gedung Parkir Lantai 1 Zona Selatan nggak dingin lagi, apa yang salah?|Laporan teknisi: AC Ceiling Generic di Gedung Parkir Lantai 1 Zona Selatan mengalami gangguan, perlu pengecekan segera|AC Ceiling|Gedung Parkir|Lantai 1|Zona Selatan|Mechanical|Fatal|Kelembaban tinggi|Aliran lemah|31006000
AC di Gedung Parkir Lantai 1 Zona Selatan nggak berfungsi dengan baik, tolong bantu!|Laporan teknisi: AC Ceiling Generic di Gedung Parkir Lantai 1 Zona Selatan mengalami kerusakan, kemungkinan disebabkan kelembaban tinggi|AC Ceiling|Gedung Parkir|Lantai 1|Zona Selatan|Mechanical|Fatal|Kelembaban tinggi|Aliran lemah|31006000
Gedung Parkir Lantai 1 Zona Selatan ACnya nggak enak, panas banget, apa yang harus saya lakukan?|Laporan teknisi: AC Ceiling Generic di Gedung Parkir Lantai 1 Zona Selatan mengalami kerusakan parah, perlu perbaikan segera untuk menghindari kerusakan lebih lanjut|AC Ceiling|Gedung Parkir|Lantai 1|Zona Selatan|Mechanical|Fatal|Kelembaban tinggi|Aliran lemah|31006000
Genset Diesel di Gedung Utama lantai 17 zona utara tiba-tiba mati|Laporan kerusakan Genset Diesel Perkins di Gedung Utama, Lantai 17, Zona Utara, menyatakan bahwa aliran lemah menyebabkan genset tidak dapat beroperasi dengan normal|Genset Diesel|Gedung Gedung Utama|Lantai 17|Zona Utara|Mechanical|Sedang|Faktor lingkungan|Aliran lemah|562000
Genset Perkins di lantai 17 Gedung Utama zona utara nggak nyala bro|Inspeksi awal menunjukkan bahwa Genset Diesel Perkins di Gedung Utama, Lantai 17, Zona Utara, mengalami kerusakan pada aliran yang lemah sehingga menyebabkan genset mati|Genset Diesel|Gedung Gedung Utama|Lantai 17|Zona Utara|Mechanical|Sedang|Faktor lingkungan|Aliran lemah|562000
Genset di Gedung Utama lantai 17 zona utara tiba2 nggak jalan, katanya sih genset perkins|Setelah dilakukan pengecekan, ditemukan bahwa Genset Diesel Perkins di Gedung Utama, Lantai 17, Zona Utara, mengalami aliran lemah yang menyebabkan genset tidak dapat beroperasi dengan normal|Genset Diesel|Gedung Gedung Utama|Lantai 17|Zona Utara|Mechanical|Sedang|Faktor lingkungan|Aliran lemah|562000
Pompa Boster di lantai 12 gedung utama zona barat tiba-tiba mati|Pemeliharaan rutin pompa boster Grundfos di Gedung Utama, Lantai 12, Zona Barat menemukan adanya sensor error yang menyebabkan pompa tidak berfungsi|Pompa Boster|Gedung Utama|Lantai 12|Zona Barat|Mechanical|Sedang|Aus normal|Sensor error|1557000
Pompa boster di zona barat lantai 12 gedung utama tiba2 nggak jalan|Inspeksi pompa boster Grundfos di Gedung Utama, Lantai 12, Zona Barat menunjukkan adanya kerusakan pada sensor yang menyebabkan pompa boster tidak dapat beroperasi|Pompa Boster|Gedung Utama|Lantai 12|Zona Barat|Mechanical|Sedang|Aus normal|Sensor error|1557000
Pompa boster di gedung utama lantai 12 zona barat mati total|Laporan teknisi: pompa boster Grundfos di Gedung Utama, Lantai 12, Zona Barat mengalami kerusakan pada sistem sensor, sehingga menyebabkan pompa tidak dapat berfungsi dengan baik|Pompa Boster|Gedung Utama|Lantai 12|Zona Barat|Mechanical|Sedang|Aus normal|Sensor error|1557000
Kamera CCTV di Gedung E lantai 4 zona tengah rusak banget|Kamera CCTV Bosch di Gedung E, Lantai 4, Zona Tengah mengalami kerusakan jenis aus/abrasi yang disebabkan oleh human error|Kamera CCTV|Gedung E|Lantai 4|Zona Tengah|Security Sistem|Sedang|Human error|Aus/abrasi|446000
Kamera CCTV di lantai 4 gedung E zona tengah nggak nyala|Laporan teknisi: Kamera CCTV Bosch di Gedung E, Lantai 4, Zona Tengah mengalami kerusakan yang menyebabkan biaya perbaikan sebesar 446000|Kamera CCTV|Gedung E|Lantai 4|Zona Tengah|Security Sistem|Sedang|Human error|Aus/abrasi|446000
Kamera cctv bosch di zona tengah lantai 4 gedung E error total|Kerusakan Kamera CCTV Bosch di Gedung E, Lantai 4, Zona Tengah disebabkan oleh human error dan mengalami aus/abrasi yang cukup parah|Kamera CCTV|Gedung E|Lantai 4|Zona Tengah|Security Sistem|Sedang|Human error|Aus/abrasi|446000
Pintu biasa berdaun tunggal di gedung A lantai 7 zona tengah tiba2 korslet|Laporan kerusakan pintu biasa berdaun tunggal di Gedung A, Lantai 7, Zona Tengah, ditemukan korsleting listrik|Pintu Biasa Berdaun Tunggal|Gedung A|Lantai 7|Zona Tengah|Arsitektur|Fatal|Kualitas material|Korsleting|31826000
Pintu di gedung A lantai 7 zona tengah korslet parah banget|Laporan inspeksi menunjukkan bahwa pintu biasa berdaun tunggal di Gedung A, Lantai 7, Zona Tengah mengalami korsleting akibat kualitas material yang buruk|Pintu Biasa Berdaun Tunggal|Gedung A|Lantai 7|Zona Tengah|Arsitektur|Fatal|Kualitas material|Korsleting|31826000
Pintu biasa berdaun tunggal di lantai 7 zona tengah gedung A korslet gara2 apa ya?|Laporan teknisi menyebutkan bahwa pintu biasa berdaun tunggal di Gedung A, Lantai 7, Zona Tengah mengalami kerusakan berat karena korsleting, perlu perbaikan segera|Pintu Biasa Berdaun Tunggal|Gedung A|Lantai 7|Zona Tengah|Arsitektur|Fatal|Kualitas material|Korsleting|31826000
AC Split di Gedung B lantai 9 zona barat tiba-tiba tidak nyala sama sekali|Laporan kerusakan AC Split Mitsubishi di Gedung B lantai 9 zona barat, tidak berfungsi total|AC Split|Gedung B|Lantai 9|Zona Barat|Mekanical|Ringan|Kualitas material|Tidak berfungsi total|260000
AC Split di lantai 9 Gedung B zona barat rusak parah, gak dingin lagi|Kerusakan AC Split Mitsubishi di Gedung B lantai 9 zona barat, kemungkinan disebabkan kualitas material yang tidak memadai|AC Split|Gedung B|Lantai 9|Zona Barat|Mekanical|Ringan|Kualitas material|Tidak berfungsi total|260000
Gedung B lantai 9 zona barat, AC Splitnya tiba-tiba mati, tolong bantu perbaiki|Mengidentifikasi kerusakan pada AC Split Mitsubishi di Gedung B lantai 9 zona barat, penyebabnya kemungkinan karena kualitas material yang kurang baik|AC Split|Gedung B|Lantai 9|Zona Barat|Mekanical|Ringan|Kualitas material|Tidak berfungsi total|260000
Plafon Gypsum/GRC di Gedung C lantai 8 zona tengah rusak parah|Laporan kerusakan plafon gypsum/GRC di Gedung C lantai 8 zona tengah karena korosi|Plafon Gypsum / GRC|Gedung Gedung C|Lantai 8|Zona Tengah|Arsitektur|Berat|Faktor lingkungan|Berkarat/korosi|9694000
Plafon gypsum di lantai 8 gedung C zona tengah hancur berat|Kerusakan plafon gypsum di Gedung C lantai 8 zona tengah disebabkan oleh faktor lingkungan yang menyebabkan korosi|Plafon Gypsum / GRC|Gedung Gedung C|Lantai 8|Zona Tengah|Arsitektur|Berat|Faktor lingkungan|Berkarat/korosi|9694000
Gedung C lantai 8 zona tengah plafon GRC rusak akibat karat|Laporan teknisi: kerusakan plafon GRC di Gedung C lantai 8 zona tengah karena faktor lingkungan yang menyebabkan berkarat|Plafon Gypsum / GRC|Gedung Gedung C|Lantai 8|Zona Tengah|Arsitektur|Berat|Faktor lingkungan|Berkarat/korosi|9694000
Pompa boster di gedung D lantai 10 zona timur rusak banget, gak bisa jalan|Pompa Boster Wilo di Gedung D Lantai 10 Zona Timur mengalami kerusakan pada tampilan, sehingga tidak dapat beroperasi dengan baik|Pompa Boster|Gedung D|Lantai 10|Zona Timur|Mechanical|Sedang|Faktor lingkungan|Tampilan rusak|1400000
Ada masalah di pompa boster wilo lantai 10 gedung D zona timur, tampilannya rusak parah|Laporan teknisi: Pompa Boster Wilo di Gedung D Lantai 10 Zona Timur memiliki kerusakan pada tampilan yang disebabkan oleh faktor lingkungan|Pompa Boster|Gedung D|Lantai 10|Zona Timur|Mechanical|Sedang|Faktor lingkungan|Tampilan rusak|1400000
Pompa boster di zona timur lantai 10 gedung D wilo rusak, mohon bantu perbaiki secepatnya|Pompa Boster Wilo di Gedung D Lantai 10 Zona Timur mengalami kerusakan pada tampilan, perlu dilakukan perbaikan segera|Pompa Boster|Gedung D|Lantai 10|Zona Timur|Mechanical|Sedang|Faktor lingkungan|Tampilan rusak|1400000
Monitor CCTV di Gedung D Lantai 1 Zona Tengah rusak parah, gak nyala lagi|Laporan kerusakan Monitor CCTV Hikvision di Gedung D Lantai 1 Zona Tengah, tidak dapat menampilkan gambar|Monitor CCTV|Gedung D|Lantai 1|Zona Tengah|Security Sistem|Sedang|Getaran|Tekanan tidak stabil|1639000
CCTV di lantai 1 Gedung D zona tengah gak jalan, kasian|Kerusakan pada Monitor CCTV Hikvision di Gedung D Lantai 1 Zona Tengah, kemungkinan disebabkan oleh getaran yang berlebihan|Monitor CCTV|Gedung D|Lantai 1|Zona Tengah|Security Sistem|Sedang|Getaran|Tekanan tidak stabil|1639000
Monitor CCTV Hikvision di zona tengah lantai 1 gedung D ngadat, tolong bantu, sangat penting|Laporan perbaikan Monitor CCTV di Gedung D Lantai 1 Zona Tengah, dengan biaya perbaikan sebesar 1639000, disebabkan oleh tekanan tidak stabil akibat getaran|Monitor CCTV|Gedung D|Lantai 1|Zona Tengah|Security Sistem|Sedang|Getaran|Tekanan tidak stabil|1639000
AC Split di Gedung B lantai 8 zona tengah tidak nyala sama sekali|Laporan perbaikan AC Split merek Gree di Gedung B lantai 8 zona tengah, tidak berfungsi total|AC Split|Gedung B|Lantai 8|Zona Tengah|Mechanical|Berat|Korosi|Tidak berfungsi total|2857000
AC Split di Gedung B lantai 8 zona tengah rusak parah, gak bisa dinyalain|Inspeksi menunjukkan bahwa AC Split merek Gree di Gedung B lantai 8 zona tengah mengalami kerusakan berat akibat korosi|AC Split|Gedung B|Lantai 8|Zona Tengah|Mechanical|Berat|Korosi|Tidak berfungsi total|2857000
Gedung B lantai 8 zona tengah, AC Split Gree mati total, tolong bantu perbaiki|Pemeriksaan technis menemukan bahwa AC Split merek Gree di Gedung B lantai 8 zona tengah mengalami kerusakan total sehingga memerlukan perbaikan|AC Split|Gedung B|Lantai 8|Zona Tengah|Mechanical|Berat|Korosi|Tidak berfungsi total|2857000
Kick Bar di Gedung A Lantai 2 Zona Utara tiba2 mati|Kick Bar di Gedung A Lantai 2 Zona Utara mengalami kerusakan mendadak|Kick Bar|Gedung A|Lantai 2|Zona Utara|Security Sistem|Sedang|Aus normal|Mati mendadak|1039000
Kick Bar di lantai 2 zona utara gedung A tidak nyala|Laporan teknisi: Kick Bar di Gedung A Lantai 2 Zona Utara mengalami gangguan teknis|Kick Bar|Gedung A|Lantai 2|Zona Utara|Security Sistem|Sedang|Aus normal|Mati mendadak|1039000
Gedung A Lantai 2 Zona Utara kick bar tidak berfungsi|Kick Bar di Gedung A Lantai 2 Zona Utara memerlukan perbaikan segera karena kerusakan|Kick Bar|Gedung A|Lantai 2|Zona Utara|Security Sistem|Sedang|Aus normal|Mati mendadak|1039000
APAR Dry Powder Cartridge di Gedung Servis Lantai 2 Zona Utara rusak parah|APAR Dry Powder Cartridge di Gedung Servis Lantai 2 Zona Utara mengalami kerusakan koneksi terputus|APAR Dry Powder Cartridge|Gedung Servis|Lantai 2|Zona Utara|Sistem Pemadam Kebakaran|Sedang|Faktor lingkungan|Koneksi terputus|1373000
APAR di lantai 2 zona utara gedung servis bermasalah|Inspeksi menunjukkan APAR Dry Powder Cartridge di Gedung Servis Lantai 2 Zona Utara memiliki masalah koneksi|APAR Dry Powder Cartridge|Gedung Servis|Lantai 2|Zona Utara|Sistem Pemadam Kebakaran|Sedang|Faktor lingkungan|Koneksi terputus|1373000
APAR Dry Powder Cartridge di zona utara lantai 2 gedung servis rusak karena koneksi putus|Laporan teknisi menunjukkan APAR Dry Powder Cartridge di Gedung Servis Lantai 2 Zona Utara memerlukan perbaikan koneksi|APAR Dry Powder Cartridge|Gedung Servis|Lantai 2|Zona Utara|Sistem Pemadam Kebakaran|Sedang|Faktor lingkungan|Koneksi terputus|1373000
Meter PDAM di Gedung Parkir lantai 3 zona tengah tiba-tiba mati|Laporan teknisi: Meter PDAM merek Lokal di Gedung Parkir lantai 3 zona tengah mengalami kerusakan karena overload, sehingga menyebabkan meter mati mendadak|Meter PDAM|Gedung Parkir|Lantai 3|Zona Tengah|Pencatatan Meter|Sedang|Overload|Mati mendadak|1406000
Meter PDAM di lantai 3 Gedung Parkir zona tengah tidak bunyi lagi|Laporan teknisi: Kerusakan pada Meter PDAM merek Lokal di Gedung Parkir lantai 3 zona tengah disebabkan oleh overload, sehingga mengakibatkan meter menjadi tidak berfungsi|Meter PDAM|Gedung Parkir|Lantai 3|Zona Tengah|Pencatatan Meter|Sedang|Overload|Mati mendadak|1406000
Gedung Parkir lantai 3 zona tengah meter airnya mati total|Laporan teknisi: Meter PDAM merek Lokal di Gedung Parkir lantai 3 zona tengah mengalami kerusakan parah akibat overload, sehingga menyebabkan meter menjadi mati total|Meter PDAM|Gedung Parkir|Lantai 3|Zona Tengah|Pencatatan Meter|Sedang|Overload|Mati mendadak|1406000
Lampu TL di gedung C lantai 2 zona utara mati total|Laporan perbaikan Lampu TL Gedung C, Lantai 2, Zona Utara, dikarenakan human error menyebabkan performa menurun|Lampu TL|Gedung C|Lantai 2|Zona Utara|Electrical|Sedang|Human error|Performa menurun|1172000
Lampu TL di lantai 2 gedung C zona utara nyala tapi redup banget|Inspeksi menunjukkan bahwa Lampu TL di Gedung C, Lantai 2, Zona Utara mengalami penurunan performa yang signifikan|Lampu TL|Gedung C|Lantai 2|Zona Utara|Electrical|Sedang|Human error|Performa menurun|1172000
Lampu TL di zona utara lantai 2 gedung C tiba2 mati|Hasil pemeriksaan teknisi menunjukkan bahwa Lampu TL di Gedung C, Lantai 2, Zona Utara mengalami kerusakan akibat human error, sehingga menyebabkan performa menurun|Lampu TL|Gedung C|Lantai 2|Zona Utara|Electrical|Sedang|Human error|Performa menurun|1172000
Kamera CCTV di Gedung D lantai 1 zona barat tiba tiba mati|Kamera CCTV Hikvision di Gedung D lantai 1 zona barat mengalami kerusakan aliran lemah|Kamera CCTV|Gedung D|Lantai 1|Zona Barat|Security Sistem|Sedang|Usia pakai|Aliran lemah|1527000
Kamera cctv di lantai 1 gedung D zona barat tdk nyala|Kerusakan pada Kamera CCTV Hikvision di Gedung D lantai 1 zona barat menyebabkan aliran lemah, perlu perbaikan segera|Kamera CCTV|Gedung D|Lantai 1|Zona Barat|Security Sistem|Sedang|Usia pakai|Aliran lemah|1527000
Gw baru cek kamera cctv di gedung D lantai 1 zona barat, tiba2 gak bisa nyala|Laporan teknisi: Kamera CCTV Hikvision di Gedung D lantai 1 zona barat mengalami kerusakan, kemungkinan disebabkan oleh usia pakai yang sudah lama|Kamera CCTV|Gedung D|Lantai 1|Zona Barat|Security Sistem|Sedang|Usia pakai|Aliran lemah|1527000
Tadi malam pas hujan deras, Roof Tank di Gedung Parkir Lantai 1 Zona Selatan bunyi aneh banget|Laporan teknisi: Roof Tank di Gedung Parkir Lantai 1 Zona Selatan mengalami bunyi abnormal akibat overload, perlu perbaikan segera|Roof Tank|Gedung Parkir|Lantai 1|Zona Selatan|Distribusi Air|Sedang|Overload|Bunyi abnormal|1250000
Halo, ada bunyi aneh dari Roof Tank di Lantai 1 Gedung Parkir Zona Selatan, kayaknya ada yang bocor atau apa, tolong cepat|Laporan teknisi: Roof Tank di Gedung Parkir Lantai 1 Zona Selatan mengalami kerusakan yang menyebabkan bunyi tidak normal, kemungkinan akibat overload, perlu penanganan teknisi|Roof Tank|Gedung Parkir|Lantai 1|Zona Selatan|Distribusi Air|Sedang|Overload|Bunyi abnormal|1250000
Roof Tank di Gedung Parkir Lantai 1 Zona Selatan ngeluarin bunyi langka, kayaknya overload, tolong dicek secepatnya|Laporan teknisi: Roof Tank di Gedung Parkir Lantai 1 Zona Selatan mengalami gangguan teknis berupa bunyi abnormal, akibat overload, perlu dilakukan perbaikan untuk menghindari kerusakan lebih lanjut|Roof Tank|Gedung Parkir|Lantai 1|Zona Selatan|Distribusi Air|Sedang|Overload|Bunyi abnormal|1250000
Mas, AC di Gedung C lantai 7 zona barat kok error ya? Ga dingin trus ada kedip-kedip lampu sensornya. Panas bgt ini!|Dilakukan inspeksi pada unit AC Cassette di Gedung C, Lantai 7, Zona Barat. Ditemukan indikasi sensor error yang disebabkan oleh getaran berlebih.|AC Cassette|Gedung C|Lantai 7|Zona Barat|Mechanical|Sedang|Getaran|Sensor error|1529000
HELP! AC Cassette di lantai 7 Gedung C zona barat kayaknya rusak deh. Udah ga dingin, trus ada bunyi aneh gitu, sama lampu sensornya kedip-kedip.|Perbaikan unit AC Cassette merek Mitsubishi di Gedung C, Lantai 7, Zona Barat. Dikonfirmasi adanya kerusakan sensor akibat getaran.|AC Cassette|Gedung C|Lantai 7|Zona Barat|Mechanical|Sedang|Getaran|Sensor error|1529000
Pak, AC di Gedung C, Lantai 7, Zona Barat, ini kenapa ya? Tiba-tiba mati dan lampu indikatornya nyala-mati. Dinginnya juga ilang. Tolong dicek.|Penanganan keluhan AC Cassette di Gedung C, Lantai 7, Zona Barat. Investigasi menunjukkan sensor error dipicu oleh getaran pada komponen internal.|AC Cassette|Gedung C|Lantai 7|Zona Barat|Mechanical|Sedang|Getaran|Sensor error|1529000
Lampu TL di Gedung B Lantai 5 Zona Tengah mati tiba2|Laporan teknisi: Lampu TL di Gedung B Lantai 5 Zona Tengah mengalami kerusakan sensor, perlu perbaikan segera|Lampu TL|Gedung B|Lantai 5|Zona Tengah|Electrical|Sedang|Faktor lingkungan|Sensor error|493000
Lampu TL di lantai 5 zona tengah gedung B tidak nyala|Laporan teknisi: Lampu TL di Gedung B Lantai 5 Zona Tengah mengalami gangguan teknis, kemungkinan disebabkan oleh faktor lingkungan|Lampu TL|Gedung B|Lantai 5|Zona Tengah|Electrical|Sedang|Faktor lingkungan|Sensor error|493000
Lampu di zona tengah lantai 5 gedung B tiba2 mati, kayaknya Lampu TL|Laporan teknisi: Kerusakan pada Lampu TL di Gedung B Lantai 5 Zona Tengah, jenis kerusakan sensor error, perlu biaya perbaikan sebesar 493000|Lampu TL|Gedung B|Lantai 5|Zona Tengah|Electrical|Sedang|Faktor lingkungan|Sensor error|493000
AC Split di Gedung A lantai 7 zona timur rusak, remote gak nyala|AC Split Samsung di Gedung A lantai 7 zona timur mengalami kerusakan pada remote, tidak dapat digunakan|AC Split|Gedung A|Lantai 7|Zona Timur|Mechanical|Sedang|Kurang perawatan|Remote tidak berfungsi|1828000
AC Split Samsung di lantai 7 zona timur Gedung A mati, gak bisa nyalain|Laporan perbaikan AC Split Samsung di Gedung A lantai 7 zona timur, kerusakan pada remote kontrol|AC Split|Gedung A|Lantai 7|Zona Timur|Mechanical|Sedang|Kurang perawatan|Remote tidak berfungsi|1828000
Gedung A lantai 7 zona timur, AC Split Samsung rusak, remote gak fungsi|Kerusakan AC Split Samsung di Gedung A lantai 7 zona timur, remote tidak berfungsi, perlu perbaikan|AC Split|Gedung A|Lantai 7|Zona Timur|Mechanical|Sedang|Kurang perawatan|Remote tidak berfungsi|1828000
Kamera CCTV di Gedung A lantai 12 zona selatan nggak nyala lagi|Kamera CCTV Hikvision di Gedung A lantai 12 zona selatan mengalami kerusakan total|Kamera CCTV|Gedung A|Lantai 12|Zona Selatan|Security Sistem|Ringan|Getaran|Tidak berfungsi total|491000
Kamera cctv di lantai 12 gedung A zona selatan tiba2 mati|Kerusakan kamera CCTV Hikvision di Gedung A lantai 12 zona selatan disebabkan oleh getaran, perlu perbaikan segera|Kamera CCTV|Gedung A|Lantai 12|Zona Selatan|Security Sistem|Ringan|Getaran|Tidak berfungsi total|491000
Cctv di gedung A lantai 12 zona selatan nggak berfungsi|Laporan kerusakan kamera CCTV Hikvision di Gedung A lantai 12 zona selatan, jenis kerusakan total, perlu biaya perbaikan sebesar 491000|Kamera CCTV|Gedung A|Lantai 12|Zona Selatan|Security Sistem|Ringan|Getaran|Tidak berfungsi total|491000
Plafon Gypsum di Gedung C Lantai 1 Zona Tengah roboh|Laporan kerusakan Plafon Gypsum/GRC di Gedung C, Lantai 1, Zona Tengah, menunjukkan gejala overload|Plafon Gypsum / GRC|Gedung C|Lantai 1|Zona Tengah|Arsitektur|Fatal|Overload|Performa menurun|17665000
Plafon Gypsum Gedung C lantai 1 zona tengah ambles parah|Pemeriksaan Plafon Gypsum/GRC di Gedung C, Lantai 1, Zona Tengah, mengindikasikan overload yang menyebabkan kerusakan parah|Plafon Gypsum / GRC|Gedung C|Lantai 1|Zona Tengah|Arsitektur|Fatal|Overload|Performa menurun|17665000
Gedung C Lantai 1 Zona Tengah plafon gypsumnya jebol|Inspeksi Plafon Gypsum/GRC di Gedung C, Lantai 1, Zona Tengah, menemukan kerusakan akibat overload yang memerlukan perbaikan segera|Plafon Gypsum / GRC|Gedung C|Lantai 1|Zona Tengah|Arsitektur|Fatal|Overload|Performa menurun|17665000
Kloset di Gedung B lantai 4 zona timur gak bisa dipake|Laporan kerusakan kloset di Gedung B lantai 4 zona timur, kondisi tidak berfungsi total karena kelembaban tinggi|Kloset|Gedung B|Lantai 4|Zona Timur|Plumbing|Ringan|Kelembaban tinggi|Tidak berfungsi total|322000
Kloset di lantai 4 Gedung B zona timur rusak parah, tolong bantu|Kerusakan kloset di Gedung B lantai 4 zona timur disebabkan kelembaban yang terlalu tinggi, perlu perbaikan segera|Kloset|Gedung B|Lantai 4|Zona Timur|Plumbing|Ringan|Kelembaban tinggi|Tidak berfungsi total|322000
Gedung B lantai 4 zona timur, klosetnya gak bisa digunakan, kelembaban terlalu tinggi|Tindakan perbaikan kloset di Gedung B lantai 4 zona timur diperlukan karena kelembaban tinggi yang menyebabkan kerusakan total|Kloset|Gedung B|Lantai 4|Zona Timur|Plumbing|Ringan|Kelembaban tinggi|Tidak berfungsi total|322000
AC cassette di gedung D lantai 12 zona selatan tiba2 nggak stabil|Laporan perbaikan AC cassette Panasonic di Gedung D Lantai 12 Zona Selatan, tekanan tidak stabil|AC Cassette|Gedung D|Lantai 12|Zona Selatan|Mechanical|Ringan|Human error|Tekanan tidak stabil|246000
Ac cassette panasonic di lantai 12 zona selatan gedung D rusak, tekanannya naik turun|Laporan teknis kerusakan AC cassette Panasonic di Gedung D Lantai 12 Zona Selatan, penyebab human error|AC Cassette|Gedung D|Lantai 12|Zona Selatan|Mechanical|Ringan|Human error|Tekanan tidak stabil|246000
Gedung D lantai 12 zona selatan, ac cassette panasonic tiba2 nggak stabil, tolong bantu|Laporan perawatan AC cassette Panasonic di Gedung D Lantai 12 Zona Selatan, jenis kerusakan tekanan tidak stabil|AC Cassette|Gedung D|Lantai 12|Zona Selatan|Mechanical|Ringan|Human error|Tekanan tidak stabil|246000
Panel PP-ME di Gedung C lantai 6 zona barat cepet banget getar|Laporan kerusakan Panel PP-ME di Gedung C lantai 6 zona barat, mengalami getaran berlebihan|Panel PP-ME|Gedung C|Lantai 6|Zona Barat|Electrical|Ringan|Human error|Getaran berlebihan|327000
Gedung C lantai 6 zona barat panel listriknya getar parah|Kerusakan Panel PP-ME di Gedung C lantai 6 zona barat disebabkan oleh human error, menyebabkan getaran berlebihan|Panel PP-ME|Gedung C|Lantai 6|Zona Barat|Electrical|Ringan|Human error|Getaran berlebihan|327000
Laporkan kekacauan di Gedung C lantai 6 zona barat, panel PP-ME getar terus|Kerusakan pada Panel PP-ME di Gedung C lantai 6 zona barat, dapat diperbaiki dengan biaya 327000, disebabkan oleh human error|Panel PP-ME|Gedung C|Lantai 6|Zona Barat|Electrical|Ringan|Human error|Getaran berlebihan|327000
Control Panel Pompa Transfer di Gedung B Lantai 3 Zona Timur rusak berat, tolong bantu|Laporan kerusakan Control Panel Pompa Transfer di Gedung B, Lantai 3, Zona Timur dengan gejala sensor error, perlu perbaikan segera|Control Panel Pompa Transfer|Gedung B|Lantai 3|Zona Timur|Electrical|Berat|Usia pakai|Sensor error|7355000
Pompa Transfer di Lantai 3 Gedung B tidak jalan, kayaknya sensor error, cepat tolong|Pemeriksaan menunjukkan bahwa Control Panel Pompa Transfer di Gedung B, Lantai 3, Zona Timur mengalami kerusakan pada sensor, perlu penanganan|Control Panel Pompa Transfer|Gedung B|Lantai 3|Zona Timur|Electrical|Berat|Usia pakai|Sensor error|7355000
Gedung B Lantai 3 Zona Timur, Control Panel Pompa Transfer rusak parah, tolong segera periksa dan perbaiki|Laporan teknis menunjukkan bahwa Control Panel Pompa Transfer di Gedung B, Lantai 3, Zona Timur mengalami kerusakan yang disebabkan oleh usia pakai, gejala sensor error, perlu perbaikan segera|Control Panel Pompa Transfer|Gedung B|Lantai 3|Zona Timur|Electrical|Berat|Usia pakai|Sensor error|7355000
Lampu Downlight di Gedung D Lantai 1 Zona Utara tiba-tiba mati dan ada suara korsleting|Laporan kerusakan pada Lampu Downlight di Gedung D, Lantai 1, Zona Utara, dengan gejala korsleting dan mati|Lampu Downlight|Gedung D|Lantai 1|Zona Utara|Electrical|Fatal|Tegangan tidak stabil|Korsleting|6812000
Lampu di Gedung D Zona Utara Lantai 1 tiba2 korslet dan mati total|Laporan teknis: Kerusakan pada Lampu Downlight di Gedung D, Lantai 1, Zona Utara, akibat tegangan tidak stabil menyebabkan korsleting|Lampu Downlight|Gedung D|Lantai 1|Zona Utara|Electrical|Fatal|Tegangan tidak stabil|Korsleting|6812000
Ada masalah dengan Lampu Downlight di Lantai 1 Gedung D Zona Utara, suara aneh dan mati|Laporan inspeksi: Ditemukan kerusakan pada Lampu Downlight di Gedung D, Lantai 1, Zona Utara, dengan tanda-tanda korsleting dan kerusakan akibat tegangan tidak stabil|Lampu Downlight|Gedung D|Lantai 1|Zona Utara|Electrical|Fatal|Tegangan tidak stabil|Korsleting|6812000
Gak bisa nelpon pake pesawat telepon di Gedung B Lantai 6 Zona Barat|Laporan kerusakan pesawat telepon di Gedung B Lantai 6 Zona Barat, remote tidak berfungsi karena getaran|Pesawat Telepon|Gedung B|Lantai 6|Zona Barat|Sistem Telekomunikasi Gedung|Sedang|Getaran|Remote tidak berfungsi|1186000
Pesawat telepon di Gedung B Lantai 6 Zona Barat gak bisa digunakan|Pemeriksaan pesawat telepon di Gedung B Lantai 6 Zona Barat menunjukkan kerusakan remote karena getaran, perlu perbaikan|Pesawat Telepon|Gedung B|Lantai 6|Zona Barat|Sistem Telekomunikasi Gedung|Sedang|Getaran|Remote tidak berfungsi|1186000
Tolong bantu, pesawat telepon di kantor Gedung B Lantai 6 Zona Barat rusak, ga bisa nelpon|Kerusakan pesawat telepon di Gedung B Lantai 6 Zona Barat disebabkan oleh getaran, mengakibatkan remote tidak berfungsi, biaya perbaikan sebesar 1186000|Pesawat Telepon|Gedung B|Lantai 6|Zona Barat|Sistem Telekomunikasi Gedung|Sedang|Getaran|Remote tidak berfungsi|1186000
kloset di gedung D lantai 7 zona barat bermasalah, airnya keluar terus|Laporan teknisi: Kloset di Gedung D Lantai 7 Zona Barat mengalami kebocoran, kemungkinan disebabkan oleh tekanan air yang tidak stabil|Kloset|Gedung D|Lantai 7|Zona Barat|Plumbing|Ringan|Tegangan tidak stabil|Tekanan tidak stabil|68000
kloset di lantai 7 gedung D zona barat nggak bisa dipake, airnya bocor terus|Laporan teknisi: Kloset di Lantai 7 Gedung D Zona Barat tidak berfungsi dengan baik, kemungkinan disebabkan oleh tekanan air yang tidak stabil|Kloset|Gedung D|Lantai 7|Zona Barat|Plumbing|Ringan|Tegangan tidak stabil|Tekanan tidak stabil|68000
kloset import di gedung D lantai 7 zona barat rusak, air keluar terus, tolong bantu|Laporan teknisi: Kloset merek import di Gedung D Lantai 7 Zona Barat mengalami kerusakan, kemungkinan disebabkan oleh tekanan air yang tidak stabil|Kloset|Gedung D|Lantai 7|Zona Barat|Plumbing|Ringan|Tegangan tidak stabil|Tekanan tidak stabil|68000
Kamera cctv di gedung c lantai 4 zona utara tidak nyala|Laporan teknisi: Kamera CCTV Hikvision di Gedung C, Lantai 4, Zona Utara mengalami kerusakan pada remote, perlu perbaikan segera|Kamera CCTV|Gedung C|Lantai 4|Zona Utara|Security Sistem|Fatal|Kurang perawatan|Remote tidak berfungsi|49341000
Kamera cctv hikvision di lantai 4 gedung c zona utara rusak total|Laporan teknisi: Kamera CCTV Hikvision di Gedung C, Lantai 4, Zona Utara tidak berfungsi dengan baik, kemungkinan karena kurang perawatan, perlu diperiksa segera|Kamera CCTV|Gedung C|Lantai 4|Zona Utara|Security Sistem|Fatal|Kurang perawatan|Remote tidak berfungsi|49341000
Gak bisa akses kamera cctv di gedung c lantai 4 zona utara, tolong bantu|Laporan teknisi: Kamera CCTV Hikvision di Gedung C, Lantai 4, Zona Utara mengalami gangguan pada sistem remote, sehingga tidak dapat diakses, perlu dilakukan perbaikan dengan segera|Kamera CCTV|Gedung C|Lantai 4|Zona Utara|Security Sistem|Fatal|Kurang perawatan|Remote tidak berfungsi|49341000
Lampu backlit sign di gedung parkir lantai 5 zona timur tiba2 mati dan rusak parah|Laporan kerusakan Lampu Backlit Sign di Gedung Parkir, Lantai 5, Zona Timur, kondisi tampilan rusak dan tidak berfungsi|Lampu Backlit Sign|Gedung Parkir|Lantai 5|Zona Timur|Electrical|Fatal|Debu/kotoran|Tampilan rusak|37482000
Lampu backlit sign di parkiran lantai 5 zona timur rusak berat, gak tau kenapa|Laporan inspeksi menunjukkan kerusakan pada Lampu Backlit Sign di Gedung Parkir, Lantai 5, Zona Timur, kemungkinan disebabkan oleh debu dan kotoran|Lampu Backlit Sign|Gedung Parkir|Lantai 5|Zona Timur|Electrical|Fatal|Debu/kotoran|Tampilan rusak|37482000
Lampu backlit sign di lantai 5 gedung parkir zona timur rusak total, butuh bantuan cepat|Laporan teknisi menunjukkan kerusakan fatal pada Lampu Backlit Sign di Gedung Parkir, Lantai 5, Zona Timur, dengan kerusakan pada tampilan dan memerlukan perbaikan segera|Lampu Backlit Sign|Gedung Parkir|Lantai 5|Zona Timur|Electrical|Fatal|Debu/kotoran|Tampilan rusak|37482000
APAR Dry Powder Cartridge di Gedung Servis Lantai 1 Zona Tengah nggak bisa nyala|Pemeriksaan APAR Dry Powder Cartridge di Gedung Servis, Lantai 1, Zona Tengah menunjukkan adanya kerusakan pada aliran|APAR Dry Powder Cartridge|Gedung Servis|Lantai 1|Zona Tengah|Sistem Pemadam Kebakaran|Berat|Usia pakai|Aliran lemah|1531000
Apa yang terjadi sama APAR Dry Powder Cartridge di Lantai 1 Gedung Servis Zona Tengah, udah periksa tapi ga bisa jalan|Kerusakan pada APAR Dry Powder Cartridge di Gedung Servis, Lantai 1, Zona Tengah disebabkan oleh usia pakai yang telah mencapai batas|APAR Dry Powder Cartridge|Gedung Servis|Lantai 1|Zona Tengah|Sistem Pemadam Kebakaran|Berat|Usia pakai|Aliran lemah|1531000
APAR Dry Powder Cartridge di Zona Tengah Lantai 1 Gedung Servis rusak berat, tolong dicek|Pemeriksaan lanjutan APAR Dry Powder Cartridge di Gedung Servis, Lantai 1, Zona Tengah menunjukkan bahwa kerusakan disebabkan oleh aliran lemah karena usia pakai|APAR Dry Powder Cartridge|Gedung Servis|Lantai 1|Zona Tengah|Sistem Pemadam Kebakaran|Berat|Usia pakai|Aliran lemah|1531000
Heat Detector di Gedung C Lantai 2 Zona Tengah rusak|Laporan perbaikan Heat Detector di Gedung C Lantai 2 Zona Tengah telah dilakukan|Heat Detector|Gedung C|Lantai 2|Zona Tengah|Sistem Proteksi Kebakaran Aktif|Ringan|Debu/kotoran|Tekanan tidak stabil|353000
Heat Detector di lantai 2 Gedung C zona tengah tiba2 ngga jalan|Pemeriksaan Heat Detector di Gedung C Lantai 2 Zona Tengah menunjukkan kerusakan akibat debu/kotoran|Heat Detector|Gedung C|Lantai 2|Zona Tengah|Sistem Proteksi Kebakaran Aktif|Ringan|Debu/kotoran|Tekanan tidak stabil|353000
Alat pendeteksi kebakaran di Gedung C Lantai 2 Zona Tengah bermasalah, tolong diperbaiki|Tindakan perbaikan Heat Detector di Gedung C Lantai 2 Zona Tengah telah selesai dilakukan dengan biaya 353000|Heat Detector|Gedung C|Lantai 2|Zona Tengah|Sistem Proteksi Kebakaran Aktif|Ringan|Debu/kotoran|Tekanan tidak stabil|353000
dinding partisi grc di gedung E lantai 2 zona tengah rusak|Dinding partisi GRC/Gypsum di Gedung E, Lantai 2, Zona Tengah mengalami kerusakan sensor|Dinding Partisi, GRC / Gypsum|Gedung E|Lantai 2|Zona Tengah|Civil|Ringan|Usia pakai|Sensor error|495000
dinding partisi grc gedung e lantai 2 nggak berfungsi|Kerusakan dinding partisi GRC/Gypsum di Gedung E, Lantai 2, Zona Tengah menyebabkan kesalahan sensor|Dinding Partisi, GRC / Gypsum|Gedung E|Lantai 2|Zona Tengah|Civil|Ringan|Usia pakai|Sensor error|495000
partisi grc di lantai 2 zona tengah gedung E bermasalah|Dinding partisi GRC/Gypsum di Gedung E, Lantai 2, Zona Tengah mengalami kesalahan sensor karena usia pakai|Dinding Partisi, GRC / Gypsum|Gedung E|Lantai 2|Zona Tengah|Civil|Ringan|Usia pakai|Sensor error|495000
Plafon di Gedung E, Lantai 4, Zona Barat bocor parah|Laporan teknisi: Plafon di Gedung E, Lantai 4, Zona Barat mengalami kebocoran parah|Plafon|Gedung E|Lantai 4|Zona Barat|Arsitektur|Fatal|Faktor lingkungan|Aliran lemah|5301000
Plafon di Gedung E, Lantai 4, Zona Barat nyaris roboh, tolong cepat|Laporan teknisi: Inspeksi plafon di Gedung E, Lantai 4, Zona Barat menunjukkan kondisi yang sangat mengkhawatirkan|Plafon|Gedung E|Lantai 4|Zona Barat|Arsitektur|Fatal|Faktor lingkungan|Aliran lemah|5301000
Plafon Gedung E, Lantai 4, Zona Barat rembes terus, apa yang harus saya lakukan?|Laporan teknisi: Plafon di Gedung E, Lantai 4, Zona Barat mengalami kerusakan akibat aliran lemah, perlu perbaikan segera|Plafon|Gedung E|Lantai 4|Zona Barat|Arsitektur|Fatal|Faktor lingkungan|Aliran lemah|5301000
Plafon di Gedung Utama lantai 2 zona barat ada getaran|Laporan teknisi: Plafon Gedung Utama lantai 2 zona barat mengalami getaran berlebihan|Plafon|Gedung Utama|Lantai 2|Zona Barat|Arsitektur|Ringan|Debu/kotoran|Getaran berlebihan|398000
Plafon lantai 2 zona barat gedung utama rusak bergetar|Kerusakan plafon di Gedung Utama lantai 2 zona barat disebabkan oleh debu/kotoran yang menyebabkan getaran berlebihan|Plafon|Gedung Utama|Lantai 2|Zona Barat|Arsitektur|Ringan|Debu/kotoran|Getaran berlebihan|398000
Plafon di zona barat lantai 2 gedung utama getar terus|Laporan kerusakan plafon Gedung Utama lantai 2 zona barat: getaran berlebihan disebabkan oleh debu/kotoran, perlu perbaikan segera|Plafon|Gedung Utama|Lantai 2|Zona Barat|Arsitektur|Ringan|Debu/kotoran|Getaran berlebihan|398000
Lampu LED Downlight di Gedung Utama Lantai 2 Zona Barat tiba-tiba mati|Laporan kerusakan Lampu LED Downlight di Gedung Utama Lantai 2 Zona Barat karena tegangan tidak stabil|Lampu LED Downlight|Gedung Utama|Lantai 2|Zona Barat|Electrical|Fatal|Tegangan tidak stabil|Aus/abrasi|17784000
Lampu di Gedung Utama Lantai 2 Zona Barat rusak parah, kayaknya karena listrik tidak stabil|Laporan teknisi: kerusakan Lampu LED Downlight di Gedung Utama Lantai 2 Zona Barat disebabkan oleh tegangan listrik yang tidak stabil|Lampu LED Downlight|Gedung Utama|Lantai 2|Zona Barat|Electrical|Fatal|Tegangan tidak stabil|Aus/abrasi|17784000
Lampu LED Downlight di Lantai 2 Gedung Utama Zona Barat tiba-tiba padam, mungkin karena kabel yang aus|Laporan teknis: kerusakan pada Lampu LED Downlight di Gedung Utama Lantai 2 Zona Barat dikarenakan tegangan listrik yang tidak stabil serta kerusakan pada komponen|Lampu LED Downlight|Gedung Utama|Lantai 2|Zona Barat|Electrical|Fatal|Tegangan tidak stabil|Aus/abrasi|17784000
Gedung B lantai 1 zona barat, pesawat telepon lokal ga nyala lagi|Pesawat telepon lokal di Gedung B lantai 1 zona barat mengalami gangguan, tidak dapat digunakan|Pesawat Telepon|Gedung B|Lantai 1|Zona Barat|Sistem Telekomunikasi Gedung|Berat|Debu/kotoran|Performa menurun|4196000
Pesawat telepon di gedung B lantai 1 zona barat tiba-tiba mati|Laporan teknisi: Pesawat telepon lokal di Gedung B lantai 1 zona barat mengalami kerusakan berat, kemungkinan disebabkan oleh debu/kotoran|Pesawat Telepon|Gedung B|Lantai 1|Zona Barat|Sistem Telekomunikasi Gedung|Berat|Debu/kotoran|Performa menurun|4196000
Gedung B lantai 1 zona barat, pesawat telpon lokal jadi lemot banget|Pesawat telepon lokal di Gedung B lantai 1 zona barat mengalami penurunan performa, perlu perbaikan segera|Pesawat Telepon|Gedung B|Lantai 1|Zona Barat|Sistem Telekomunikasi Gedung|Berat|Debu/kotoran|Performa menurun|4196000
Genset diesel di lantai 19 gedung utama zona tengah mati tiba2|Genset Diesel Deutz di Gedung Utama, Lantai 19, Zona Tengah mengalami kerusakan karena getaran berlebihan|Genset Diesel|Gedung Utama|Lantai 19|Zona Tengah|Mechanical|Sedang|Human error|Getaran berlebihan|1103000
Genset di gedung utama lantai 19 zona tengah tiba2 getar keras banget|Laporan teknisi: Genset Diesel Deutz di Gedung Utama, Lantai 19, Zona Tengah mengalami kerusakan akibat human error yang menyebabkan getaran berlebihan|Genset Diesel|Gedung Utama|Lantai 19|Zona Tengah|Mechanical|Sedang|Human error|Getaran berlebihan|1103000
Genset diesel deutz di lantai 19 gedung utama zona tengah ngadat karena getaran kuat|Kerusakan Genset Diesel Deutz di Gedung Utama, Lantai 19, Zona Tengah disebabkan oleh kesalahan manusia yang menyebabkan getaran berlebihan|Genset Diesel|Gedung Utama|Lantai 19|Zona Tengah|Mechanical|Sedang|Human error|Getaran berlebihan|1103000
APAB Dry Powder di Gedung Utama lantai 14 zona barat rusak|Sistem Pemadam Kebakaran APAB Dry Powder di Gedung Utama lantai 14 zona barat mengalami kerusakan|APAB Dry Powder|Gedung Utama|Lantai 14|Zona Barat|Sistem Pemadam Kebakaran|Ringan|Getaran|Sensor error|77000
APAB Dry Powder di lantai 14 zona barat gedung utama nggak bisa jalan|Setelah melakukan pemeriksaan, ditemukan bahwa APAB Dry Powder di Gedung Utama lantai 14 zona barat mengalami kerusakan pada sensor|APAB Dry Powder|Gedung Utama|Lantai 14|Zona Barat|Sistem Pemadam Kebakaran|Ringan|Getaran|Sensor error|77000
Sistem Pemadam Kebakaran APAB Dry Powder di zona barat lantai 14 gedung utama rusak parah banget|APAB Dry Powder di Gedung Utama lantai 14 zona barat mengalami kerusakan akibat getaran, sehingga menyebabkan sensor error|APAB Dry Powder|Gedung Utama|Lantai 14|Zona Barat|Sistem Pemadam Kebakaran|Ringan|Getaran|Sensor error|77000
Jet Shower di Gedung C Lantai 5 Zona Selatan rusak parah bro|Laporan teknisi: Jet Shower di Gedung C, Lantai 5, Zona Selatan mengalami kerusakan pada tampilan akibat kelembaban tinggi|Jet Shower|Gedung C|Lantai 5|Zona Selatan|Plumbing|Fatal|Kelembaban tinggi|Tampilan rusak|10420000
Jet Shower di lantai 5 gedung C zona selatan gak bisa dipake gan|Laporan teknisi: Kerusakan pada Jet Shower di Gedung C, Lantai 5, Zona Selatan, disebabkan oleh kelembaban tinggi yang menyebabkan tampilan rusak|Jet Shower|Gedung C|Lantai 5|Zona Selatan|Plumbing|Fatal|Kelembaban tinggi|Tampilan rusak|10420000
Jet Shower gedung C lantai 5 zona selatan rusak berat, tolong bantu|Laporan teknisi: Jet Shower di Gedung C, Lantai 5, Zona Selatan, mengalami kerusakan fatal pada tampilan akibat kelembaban tinggi, perlu perbaikan segera|Jet Shower|Gedung C|Lantai 5|Zona Selatan|Plumbing|Fatal|Kelembaban tinggi|Tampilan rusak|10420000
Gedung Servis lantai 2 zona timur MDP import rusak|MDP import di Gedung Servis lantai 2 zona timur mengalami gangguan akibat overload sehingga performa menurun|MDP|Gedung Servis|Lantai 2|Zona Timur|Electrical|Sedang|Overload|Performa menurun|544000
Lagi, MDP import di zona timur lantai 2 gedung servis nggak jalan|Pemeriksaan MDP import di Gedung Servis lantai 2 zona timur menunjukkan adanya overload yang menyebabkan penurunan performa|MDP|Gedung Servis|Lantai 2|Zona Timur|Electrical|Sedang|Overload|Performa menurun|544000
MDP import di lantai 2 zona timur gedung servis tiba2 nggak nyala, tolong bantu|Laporan teknisi: MDP import di Gedung Servis lantai 2 zona timur mengalami kerusakan akibat overload, perlu perbaikan segera|MDP|Gedung Servis|Lantai 2|Zona Timur|Electrical|Sedang|Overload|Performa menurun|544000
Meter PDAM di Gedung Utama lantai 17 zona timur bermasalah, air tidak keluar|Laporan teknisi: Meter PDAM di Gedung Utama lantai 17 zona timur mengalami kerusakan, perlu perbaikan|Meter PDAM|Gedung Utama|Lantai 17|Zona Timur|Pencatatan Meter|Ringan|Kelembaban tinggi|Koneksi terputus|374000
Meter PDAM di lantai 17 zona timur gedung utama tidak berfungsi dengan baik, tolong bantu|Laporan teknisi: Pemeriksaan Meter PDAM di Gedung Utama lantai 17 zona timur menunjukkan adanya kerusakan pada koneksi|Meter PDAM|Gedung Utama|Lantai 17|Zona Timur|Pencatatan Meter|Ringan|Kelembaban tinggi|Koneksi terputus|374000
Gangguan air di Gedung Utama lantai 17 zona timur, meter PDAM rusak, apa yang harus saya lakukan?|Laporan teknisi: Setelah melakukan pengecekan, ditemukan bahwa Meter PDAM di Gedung Utama lantai 17 zona timur mengalami kerusakan akibat kelembaban tinggi|Meter PDAM|Gedung Utama|Lantai 17|Zona Timur|Pencatatan Meter|Ringan|Kelembaban tinggi|Koneksi terputus|374000
Lampu Downlight di Gedung Servis Lantai 1 Zona Timur mati tiba2|Laporan kerusakan Lampu Downlight di Gedung Servis Lantai 1 Zona Timur, kondisi mati total|Lampu Downlight|Gedung Servis|Lantai 1|Zona Timur|Electrical|Sedang|Human error|Getaran berlebihan|1809000
Lampu Downlight di Lantai 1 Zona Timur Gedung Servis rusak parah|Kerusakan pada Lampu Downlight di Gedung Servis Lantai 1 Zona Timur, diduga karena getaran yang berlebihan|Lampu Downlight|Gedung Servis|Lantai 1|Zona Timur|Electrical|Sedang|Human error|Getaran berlebihan|1809000
Lampu Downlight di Zona Timur Lantai 1 Gedung Servis error|Laporan perbaikan Lampu Downlight di Gedung Servis Lantai 1 Zona Timur, kerusakan disebabkan oleh human error|Lampu Downlight|Gedung Servis|Lantai 1|Zona Timur|Electrical|Sedang|Human error|Getaran berlebihan|1809000
UPS di gedung utama lantai 5 zona barat nggak nyala bro|Laporan kerusakan Uninterruptible Power Supply di Gedung Utama, Lantai 5, Zona Barat, karena aliran listrik lemah|Uninterruptible Power Supply|Gedung Utama|Lantai 5|Zona Barat|Electrical|Sedang|Kelembaban tinggi|Aliran lemah|761000
UPS di lantai 5 gedung utama tiba2 mati pas dipake|Kerusakan Uninterruptible Power Supply di Gedung Utama, Lantai 5, Zona Barat, disebabkan kelembaban tinggi yang menyebabkan aliran lemah|Uninterruptible Power Supply|Gedung Utama|Lantai 5|Zona Barat|Electrical|Sedang|Kelembaban tinggi|Aliran lemah|761000
Gedung utama lantai 5 zona barat UPS nya nggak jalan|Uninterruptible Power Supply di Gedung Utama, Lantai 5, Zona Barat mengalami kerusakan karena kelembaban tinggi yang menyebabkan aliran listrik lemah|Uninterruptible Power Supply|Gedung Utama|Lantai 5|Zona Barat|Electrical|Sedang|Kelembaban tinggi|Aliran lemah|761000
Genset bensin Krisbow di gedung A lantai 1 zona selatan tiba2 mati|Laporan kerusakan genset bensin Krisbow di Gedung A, Lantai 1, Zona Selatan, menyebabkan gangguan operasional|Genset Bensin|Gedung A|Lantai 1|Zona Selatan|Mechanical|Berat|Kurang perawatan|Overheat|3927000
Genset Krisbow di gedung A lantai 1 zona selatan panas banget sampai mati|Pemeriksaan genset Krisbow di Gedung A, Lantai 1, Zona Selatan, menemukan indikasi overheat yang parah|Genset Bensin|Gedung A|Lantai 1|Zona Selatan|Mechanical|Berat|Kurang perawatan|Overheat|3927000
Genset bensin Krisbow di gedung A lantai 1 zona selatan tidak bisa dinyalakan, kayaknya terlalu panas|Kerusakan genset bensin Krisbow di Gedung A, Lantai 1, Zona Selatan, disebabkan oleh kurangnya perawatan rutin yang menyebabkan overheat|Genset Bensin|Gedung A|Lantai 1|Zona Selatan|Mechanical|Berat|Kurang perawatan|Overheat|3927000
Lantai granit di gedung D lantai 1 zona timur rusak banget|Laporan perbaikan lantai granit di Gedung D, Lantai 1, Zona Timur karena remote tidak berfungsi|Lantai Granit|Gedung D|Lantai 1|Zona Timur|Civil|Sedang|Kurang perawatan|Remote tidak berfungsi|737000
Lagi ada masalah di lantai granit zona timur gedung D, lantai 1, remote ga nyala|Laporan teknisi untuk memperbaiki lantai granit di Gedung D, Lantai 1, Zona Timur karena kerusakan remote|Lantai Granit|Gedung D|Lantai 1|Zona Timur|Civil|Sedang|Kurang perawatan|Remote tidak berfungsi|737000
Gedung D lantai 1 zona timur, lantai granit rusak, tolong dicek remote nya|Laporan perawatan lantai granit di Gedung D, Lantai 1, Zona Timur karena kurangnya perawatan menyebabkan remote tidak berfungsi|Lantai Granit|Gedung D|Lantai 1|Zona Timur|Civil|Sedang|Kurang perawatan|Remote tidak berfungsi|737000
Dinding tembok gedung E lantai 3 zona tengah bunyi aneh banget|Laporan kerusakan dinding tembok di gedung E lantai 3 zona tengah dengan gejala bunyi abnormal|Dinding Tembok/Mansonry|Gedung E|Lantai 3|Zona Tengah|Civil|Ringan|Overload|Bunyi abnormal|224000
Gedung E lantai 3 zona tengah dinding temboknya ada suara-suara aneh|Kerusakan dinding tembok di gedung E lantai 3 zona tengah disebabkan oleh overload sehingga menimbulkan bunyi abnormal|Dinding Tembok/Mansonry|Gedung E|Lantai 3|Zona Tengah|Civil|Ringan|Overload|Bunyi abnormal|224000
Halo, dinding tembok gedung E lantai 3 zona tengah bunyi nyaring, tolong periksa|Dinding tembok di gedung E lantai 3 zona tengah mengalami kerusakan dengan gejala bunyi abnormal dan perlu perbaikan segera|Dinding Tembok/Mansonry|Gedung E|Lantai 3|Zona Tengah|Civil|Ringan|Overload|Bunyi abnormal|224000
Lampu downlight di lantai 12 gedung A zona barat tiba-tiba mati dan bau gosong|Laporan kerusakan lampu downlight di Gedung A, Lantai 12, Zona Barat, dikarenakan overheat sehingga mengalami kerusakan berat|Lampu Downlight|Gedung A|Lantai 12|Zona Barat|Electrical|Berat|Kurang perawatan|Overheat|1740000
Lampu di gedung A lantai 12 zona barat tiba2 mati dan ada bau terbakar|Laporan inspeksi menunjukkan bahwa lampu downlight di Gedung A, Lantai 12, Zona Barat mengalami kerusakan karena overheat, kemungkinan disebabkan kurangnya perawatan|Lampu Downlight|Gedung A|Lantai 12|Zona Barat|Electrical|Berat|Kurang perawatan|Overheat|1740000
Lampu downlight di lantai 12 zona barat gedung A tidak nyala dan ada bau gosong parah|Laporan teknisi menyebutkan bahwa kerusakan pada lampu downlight di Gedung A, Lantai 12, Zona Barat disebabkan oleh overheat yang parah, dan memerlukan perbaikan segera|Lampu Downlight|Gedung A|Lantai 12|Zona Barat|Electrical|Berat|Kurang perawatan|Overheat|1740000
Gedung parkir lantai 5 zona barat ada floor drain bocor parah banget|Laporan teknisi: Floor Drain di Gedung Parkir, Lantai 5, Zona Barat mengalami kebocoran parah|Floor Drain|Gedung Parkir|Lantai 5|Zona Barat|Plumbing|Fatal|Aus normal|Korsleting|15900000
Floor drain di gedung parkir lantai 5 zona barat korslet dan bau banget|Laporan teknisi: Floor Drain di Gedung Parkir, Lantai 5, Zona Barat mengalami korsleting dan bau tidak sedap|Floor Drain|Gedung Parkir|Lantai 5|Zona Barat|Plumbing|Fatal|Aus normal|Korsleting|15900000
Lagi parkir di lantai 5 zona barat, tiba2 air dari floor drain gedung parkir muncrat ke mana2|Laporan teknisi: Kejadian kebocoran air dari Floor Drain di Gedung Parkir, Lantai 5, Zona Barat perlu segera ditangani|Floor Drain|Gedung Parkir|Lantai 5|Zona Barat|Plumbing|Fatal|Aus normal|Korsleting|15900000
Lampu LED Bulb di Gedung Servis Lantai 2 Zona Tengah mati tiba2|Laporan teknisi: Lampu LED Bulb di Gedung Servis Lantai 2 Zona Tengah mengalami kerusakan karena getaran berlebihan|Lampu LED Bulb|Gedung Servis|Lantai 2|Zona Tengah|Electrical|Sedang|Kualitas material|Getaran berlebihan|1744000
Lampu LED Bulb di lantai 2 zona tengah gedung servis rusak parah|Inspeksi menunjukkan bahwa Lampu LED Bulb di Gedung Servis Lantai 2 Zona Tengah mengalami kerusakan akibat kualitas material yang buruk|Lampu LED Bulb|Gedung Servis|Lantai 2|Zona Tengah|Electrical|Sedang|Kualitas material|Getaran berlebihan|1744000
Lampu LED Bulb di zona tengah lantai 2 gedung servis tiba2 getar dan mati|Laporan teknis: Kerusakan pada Lampu LED Bulb di Gedung Servis Lantai 2 Zona Tengah disebabkan oleh getaran berlebihan yang diakibatkan oleh kualitas material yang tidak memadai|Lampu LED Bulb|Gedung Servis|Lantai 2|Zona Tengah|Electrical|Sedang|Kualitas material|Getaran berlebihan|1744000
Lampu jet pump di gedung D lantai 11 zona utara tiba2 mati|Laporan kerusakan lampu jet pump di Gedung D Lantai 11 Zona Utara, jenis kerusakan lampu mati, kemungkinan disebabkan korosi|Jet Pump|Gedung D|Lantai 11|Zona Utara|Distribusi Air|Sedang|Korosi|Lampu mati|1198000
Jet pump di lantai 11 gedung D zona utara gak nyala bro|Pemeriksaan menunjukkan bahwa jet pump di Gedung D Lantai 11 Zona Utara mengalami kerusakan pada lampu, kemungkinan disebabkan korosi, perlu perbaikan segera|Jet Pump|Gedung D|Lantai 11|Zona Utara|Distribusi Air|Sedang|Korosi|Lampu mati|1198000
Lampu jet pump gedung D lantai 11 zona utara mati total|Kerusakan pada lampu jet pump di Gedung D Lantai 11 Zona Utara, kemungkinan disebabkan korosi, perlu perbaikan untuk menghindari kerusakan lebih lanjut|Jet Pump|Gedung D|Lantai 11|Zona Utara|Distribusi Air|Sedang|Korosi|Lampu mati|1198000
kloset di gedung D lantai 6 zona selatan bermasalah, tiba-tiba mati sendiri|Kerusakan kloset di Gedung D Lantai 6 Zona Selatan disebabkan oleh korsleting, perlu penanganan segera|Kloset|Gedung D|Lantai 6|Zona Selatan|Plumbing|Berat|Tegangan tidak stabil|Korsleting|5783000
kloset di gedung D lantai 6 zona selatan rusak parah, tidak bisa dipakai|Laporan teknisi: Kloset di Gedung D Lantai 6 Zona Selatan mengalami kerusakan berat karena tegangan tidak stabil, menyebabkan korsleting|Kloset|Gedung D|Lantai 6|Zona Selatan|Plumbing|Berat|Tegangan tidak stabil|Korsleting|5783000
kloset di gedung D lantai 6 zona selatan tiba2 nggak nyala, mungkin korslet atau apa|Kerusakan kloset di Gedung D Lantai 6 Zona Selatan diduga karena korsleting akibat tegangan tidak stabil, perlu diperiksa segera|Kloset|Gedung D|Lantai 6|Zona Selatan|Plumbing|Berat|Tegangan tidak stabil|Korsleting|5783000
Smoke Detector di Gedung E Lantai 1 Zona Barat rusak banget|Laporan teknisi: Smoke Detector merk Notifier di Gedung E Lantai 1 Zona Barat mengalami kerusakan|Smoke Detector|Gedung E|Lantai 1|Zona Barat|Sistem Proteksi Kebakaran Aktif|Sedang|Kurang perawatan|Getaran berlebihan|1133000
Smoke Detector di Gedung E Lantai 1 Zona Barat tiba2 bunyi terus|Terdapat kerusakan pada Smoke Detector Notifier di Gedung E Lantai 1 Zona Barat, perlu perbaikan segera|Smoke Detector|Gedung E|Lantai 1|Zona Barat|Sistem Proteksi Kebakaran Aktif|Sedang|Kurang perawatan|Getaran berlebihan|1133000
Gedung E Lantai 1 Zona Barat smoke detectornya gak jalan|Ditemukan masalah pada Smoke Detector Notifier di Gedung E Lantai 1 Zona Barat, kemungkinan karena kurang perawatan|Smoke Detector|Gedung E|Lantai 1|Zona Barat|Sistem Proteksi Kebakaran Aktif|Sedang|Kurang perawatan|Getaran berlebihan|1133000
Lampu pylon sign di gedung parkir lantai 1 zona selatan mati total|Lampu pylon sign di Gedung Parkir, Lantai 1, Zona Selatan mengalami kebocoran yang parah akibat debu/kotoran|Lampu Pylon Sign|Gedung Parkir|Lantai 1|Zona Selatan|Electrical|Berat|Debu/kotoran|Kebocoran|6408000
Lampu di lantai 1 zona selatan gedung parkir ga nyala|Laporan teknisi: Lampu pylon sign di Gedung Parkir, Lantai 1, Zona Selatan mengalami kerusakan kebocoran yang disebabkan oleh debu/kotoran|Lampu Pylon Sign|Gedung Parkir|Lantai 1|Zona Selatan|Electrical|Berat|Debu/kotoran|Kebocoran|6408000
Lampu pylon sign di parkir lantai 1 zona selatan rusak berat|Lampu pylon sign di Gedung Parkir, Lantai 1, Zona Selatan rusak berat akibat kebocoran yang disebabkan oleh debu/kotoran, memerlukan perbaikan segera|Lampu Pylon Sign|Gedung Parkir|Lantai 1|Zona Selatan|Electrical|Berat|Debu/kotoran|Kebocoran|6408000
APAR Dry Powder Stored Pressure di parkiran lantai 1 utara rusak parah|APAR Dry Powder Stored Pressure di Gedung Parkir, Lantai 1, Zona Utara mengalami kerusakan retak/pecah karena human error|APAR Dry Powder Stored Pressure|Gedung Parkir|Lantai 1|Zona Utara|Sistem Pemadam Kebakaran|Berat|Human error|Retak/pecah|2342000
APAR di lantai 1 parkir utara gedung parkir tidak bisa dipakai lagi|APAR Dry Powder Stored Pressure di lokasi Gedung Parkir, Lantai 1, Zona Utara mengalami kerusakan yang cukup parah akibat kesalahan manusia|APAR Dry Powder Stored Pressure|Gedung Parkir|Lantai 1|Zona Utara|Sistem Pemadam Kebakaran|Berat|Human error|Retak/pecah|2342000
Sistem pemadaman kebakaran APAR Dry Powder di zona utara lantai 1 parkir rusak berat|Laporan teknis: APAR Dry Powder Stored Pressure di Gedung Parkir, Lantai 1, Zona Utara mengalami kerusakan serius yang disebabkan oleh human error|APAR Dry Powder Stored Pressure|Gedung Parkir|Lantai 1|Zona Utara|Sistem Pemadam Kebakaran|Berat|Human error|Retak/pecah|2342000
Gedung Utama lantai 16 zona utara APAR Dry Powder Stored Pressure rusak parah|APAR Dry Powder Stored Pressure di Gedung Utama lantai 16 zona utara mengalami kerusakan berat akibat korosi, suhu tidak stabil|APAR Dry Powder Stored Pressure|Gedung Utama|Lantai 16|Zona Utara|Sistem Pemadam Kebakaran|Berat|Korosi|Suhu tidak stabil|9169000
APAR di lantai 16 gedung utama zona utara nggak bisa dipake, kayaknya korosi|Pemeriksaan APAR Dry Powder Stored Pressure di Gedung Utama lantai 16 zona utara menunjukkan kerusakan akibat korosi, perlu perbaikan segera|APAR Dry Powder Stored Pressure|Gedung Utama|Lantai 16|Zona Utara|Sistem Pemadam Kebakaran|Berat|Korosi|Suhu tidak stabil|9169000
APAR Dry Powder Stored Pressure di zona utara lantai 16 gedung utama bermasalah, tolong bantu|Laporan kerusakan APAR Dry Powder Stored Pressure di Gedung Utama lantai 16 zona utara menunjukkan adanya kerusakan berat akibat korosi, suhu tidak stabil, memerlukan perbaikan|APAR Dry Powder Stored Pressure|Gedung Utama|Lantai 16|Zona Utara|Sistem Pemadam Kebakaran|Berat|Korosi|Suhu tidak stabil|9169000
Kursi di lantai 1 zona tengah gedung parkir bocor parah bro|Laporan kerusakan Kursi di Gedung Parkir, Lantai 1, Zona Tengah, mengalami kebocoran akibat korosi|Kursi|Gedung Parkir|Lantai 1|Zona Tengah|Arsitektur|Sedang|Korosi|Kebocoran|1143000
Kursi di gedung parkir lantai 1 zona tengah ada kebocoran|Inspeksi menunjukkan bahwa Kursi di Gedung Parkir, Lantai 1, Zona Tengah, mengalami kerusakan berupa kebocoran|Kursi|Gedung Parkir|Lantai 1|Zona Tengah|Arsitektur|Sedang|Korosi|Kebocoran|1143000
Kursi di zona tengah lantai 1 gedung parkir rembes air|Pemeriksaan teknis Kursi di Gedung Parkir, Lantai 1, Zona Tengah, menemukan kebocoran yang disebabkan oleh korosi|Kursi|Gedung Parkir|Lantai 1|Zona Tengah|Arsitektur|Sedang|Korosi|Kebocoran|1143000
monitor di gedung B lantai 8 zona barat rusak|Laporan perbaikan monitor import di gedung B lantai 8 zona barat karena sensor error|Monitor/Layar|Gedung B|Lantai 8|Zona Barat|Sistem Telekomunikasi Gedung|Sedang|Aus normal|Sensor error|384000
layar import di gedung B lantai 8 zona barat tidak nyala|Laporan perbaikan layar import di gedung B lantai 8 zona barat karena kerusakan sensor|Monitor/Layar|Gedung B|Lantai 8|Zona Barat|Sistem Telekomunikasi Gedung|Sedang|Aus normal|Sensor error|384000
gedung B lantai 8 zona barat monitor import tidak bisa digunakan|Laporan perbaikan monitor import di gedung B lantai 8 zona barat karena error sensor|Monitor/Layar|Gedung B|Lantai 8|Zona Barat|Sistem Telekomunikasi Gedung|Sedang|Aus normal|Sensor error|384000
Pintu Kayu/HPL di Gedung B lantai 8 zona selatan tiba2 nggak buka|Pintu Kayu/HPL di Gedung B lantai 8 zona selatan mengalami kerusakan mendadak, tidak dapat dibuka|Pintu Kayu/HPL|Gedung B|Lantai 8|Zona Selatan|Arsitektur|Sedang|Kurang perawatan|Mati mendadak|1545000
Pintu di Gedung B lantai 8 zona selatan rusak nggak bisa dibuka, kayaknya mati mendadak deh|Pintu Kayu/HPL di Gedung B lantai 8 zona selatan mengalami kerusakan teknis, tidak dapat digunakan|Pintu Kayu/HPL|Gedung B|Lantai 8|Zona Selatan|Arsitektur|Sedang|Kurang perawatan|Mati mendadak|1545000
Pintu kayu di lantai 8 Gedung B zona selatan tiba2 nggak bisa dibuka, kayaknya perlu diperbaiki|Pintu Kayu/HPL di Gedung B lantai 8 zona selatan memerlukan perawatan dan perbaikan segera|Pintu Kayu/HPL|Gedung B|Lantai 8|Zona Selatan|Arsitektur|Sedang|Kurang perawatan|Mati mendadak|1545000
APAR CO2 di Gedung D lantai 7 zona barat tidak nyala|Laporan teknisi: APAR CO2 di Gedung D, Lantai 7, Zona Barat mengalami kerusakan total, tidak dapat berfungsi|APAR CO2|Gedung D|Lantai 7|Zona Barat|Sistem Pemadam Kebakaran|Ringan|Kualitas material|Tidak berfungsi total|120000
Apa yang terjadi dengan APAR CO2 di lantai 7 Gedung D zona barat, tidak bisa dipake|Laporan teknisi: APAR CO2 di Gedung D, Lantai 7, Zona Barat mengalami kerusakan akibat kualitas material yang buruk, sehingga tidak dapat berfungsi|APAR CO2|Gedung D|Lantai 7|Zona Barat|Sistem Pemadam Kebakaran|Ringan|Kualitas material|Tidak berfungsi total|120000
Pak, tolong bantu, APAR CO2 di Gedung D lantai 7 zona barat rusak total, gak bisa dipakai|Laporan teknisi: APAR CO2 di Gedung D, Lantai 7, Zona Barat mengalami kerusakan total karena kualitas material yang tidak memadai, sehingga perlu diperbaiki dengan biaya sebesar 120000|APAR CO2|Gedung D|Lantai 7|Zona Barat|Sistem Pemadam Kebakaran|Ringan|Kualitas material|Tidak berfungsi total|120000
Trafo IT UPS di Gedung A lantai 9 zona selatan rusak parah bro|Laporan kerusakan Trafo IT UPS di Gedung A, Lantai 9, Zona Selatan, mengalami kerusakan aus/abrasi|Trafo IT UPS|Gedung A|Lantai 9|Zona Selatan|Electrical|Fatal|Kurang perawatan|Aus/abrasi|21233000
Trafo IT UPS di lantai 9 Gedung A zona selatan mati total|Kerusakan Trafo IT UPS di Gedung A, Lantai 9, Zona Selatan, disebabkan oleh kurangnya perawatan, mengakibatkan aus/abrasi|Trafo IT UPS|Gedung A|Lantai 9|Zona Selatan|Electrical|Fatal|Kurang perawatan|Aus/abrasi|21233000
Gedung A lantai 9 zona selatan trafo IT UPS rusak berat|Kerusakan fatal pada Trafo IT UPS di Gedung A, Lantai 9, Zona Selatan, dengan gejala aus/abrasi, memerlukan perbaikan segera|Trafo IT UPS|Gedung A|Lantai 9|Zona Selatan|Electrical|Fatal|Kurang perawatan|Aus/abrasi|21233000
Access Control di Gedung A Lantai 10 Zona Timur error|Laporan perbaikan Access Control di Gedung A Lantai 10 Zona Timur karena sensor error|Access Control|Gedung A|Lantai 10|Zona Timur|Security Sistem|Sedang|Debu/kotoran|Sensor error|680000
Aset Access Control di Lantai 10 Gedung A Zona Timur nggak jalan|Inspeksi menunjukkan bahwa Access Control di Gedung A Lantai 10 Zona Timur mengalami kerusakan sensor karena debu|Access Control|Gedung A|Lantai 10|Zona Timur|Security Sistem|Sedang|Debu/kotoran|Sensor error|680000
Gedung A Lantai 10 Zona Timur access controlnya rusak, gak bisa dipakai|Pemeriksaan Access Control di Gedung A Lantai 10 Zona Timur menemukan bahwa kerusakan disebabkan oleh debu/kotoran yang mengakibatkan sensor error|Access Control|Gedung A|Lantai 10|Zona Timur|Security Sistem|Sedang|Debu/kotoran|Sensor error|680000
Kursi di Gedung C lantai 7 zona tengah rusak parah|Laporan kerusakan aset Kursi di Gedung C lantai 7 zona tengah dengan jenis kerusakan retak/pecah dan biaya perbaikan sebesar 334000|Kursi|Gedung C|Lantai 7|Zona Tengah|Arsitektur|Ringan|Kualitas material|Retak/pecah|334000
Kursi di zona tengah lantai 7 gedung C dah retak|Kerusakan Kursi di zona tengah lantai 7 gedung C disebabkan oleh kualitas material yang kurang baik dan memerlukan biaya perbaikan sebesar 334000|Kursi|Gedung C|Lantai 7|Zona Tengah|Arsitektur|Ringan|Kualitas material|Retak/pecah|334000
Kursi di lantai 7 gedung C zona tengah udah patah|Laporan teknisi tentang kerusakan Kursi di lantai 7 gedung C zona tengah dengan severity ringan dan biaya perbaikan sebesar 334000 karena kualitas material yang tidak memadai|Kursi|Gedung C|Lantai 7|Zona Tengah|Arsitektur|Ringan|Kualitas material|Retak/pecah|334000
Lampu pylon sign di gedung A lantai 4 zona utara mati total, tolong bantu|Lampu Pylon Sign di Gedung A, Lantai 4, Zona Utara mengalami kerusakan pada sensor, menyebabkan gangguan operasional|Lampu Pylon Sign|Gedung A|Lantai 4|Zona Utara|Electrical|Berat|Debu/kotoran|Sensor error|4808000
Lampu pylon sign di zona utara lantai 4 gedung A nggak nyala, kira-kira apa yang bermasalah?|Inspeksi awal menunjukkan bahwa Lampu Pylon Sign di Gedung A, Lantai 4, Zona Utara memiliki masalah dengan sensor yang tidak berfungsi dengan baik|Lampu Pylon Sign|Gedung A|Lantai 4|Zona Utara|Electrical|Berat|Debu/kotoran|Sensor error|4808000
Lampu pylon sign gedung A lantai 4 zona utara tiba-tiba mati, mohon dicek segera|Setelah melakukan pengecekan, ditemukan bahwa Lampu Pylon Sign di Gedung A, Lantai 4, Zona Utara mengalami kerusakan pada sistem sensor akibat debu/kotoran|Lampu Pylon Sign|Gedung A|Lantai 4|Zona Utara|Electrical|Berat|Debu/kotoran|Sensor error|4808000
Kamera CCTV di lantai 2 gedung utama zona barat tiba-tiba gak nyala bro|Laporan teknisi: Kamera CCTV Hikvision di Gedung Utama, Lantai 2, Zona Barat mengalami kerusakan remote tidak berfungsi|Kamera CCTV|Gedung Utama|Lantai 2|Zona Barat|Security Sistem|Sedang|Tegangan tidak stabil|Remote tidak berfungsi|1663000
Kamera cctv di gedung utama lantai 2 zona barat rusak banget, gak bisa diakses|Laporan teknisi: Kamera CCTV Hikvision di Gedung Utama, Lantai 2, Zona Barat mengalami gangguan teknis yang menyebabkan remote tidak berfungsi|Kamera CCTV|Gedung Utama|Lantai 2|Zona Barat|Security Sistem|Sedang|Tegangan tidak stabil|Remote tidak berfungsi|1663000
Kamera cctv di zona barat lantai 2 gedung utama tiba-tiba mati, tolong bantu|Laporan teknisi: Kamera CCTV Hikvision di Gedung Utama, Lantai 2, Zona Barat mengalami kerusakan yang disebabkan oleh tegangan tidak stabil, sehingga remote tidak berfungsi|Kamera CCTV|Gedung Utama|Lantai 2|Zona Barat|Security Sistem|Sedang|Tegangan tidak stabil|Remote tidak berfungsi|1663000
