teks_keluhan_awam|teks_laporan_teknisi|tipe_aset|lokasi_gedung|lokasi_lantai|lokasi_zona|kategori_aset|severity|root_cause|jenis_kerusakan|biaya_perbaikan
Kamera CCTV di Gedung Utama lantai 15 zona timur tiba-tiba netes dan agak berisik karena overheat, sepertinya ada human error yang menyebabkan kerusakan ini|Belum ada laporan teknisi|Kamera CCTV|Gedung Utama|Lantai 15|Zona Timur|Security Sistem|Ringan|Human error|Overheat|356000
Kamera CCTV di Gedung Utama lantai 15 zona timur mengalami kerusakan karena overheat yang disebabkan oleh human error, perlu perbaikan segera|Belum ada laporan teknisi|Kamera CCTV|Gedung Utama|Lantai 15|Zona Timur|Security Sistem|Ringan|Human error|Overheat|356000
DVR CCTV di Gedung B Lantai 10 Zona Timur netes karena getaran berlebihan dan tegangan tidak stabil|DVR CCTV mengalami kerusakan karena getaran berlebihan|DVR CCTV|Gedung B|Lantai 10|Zona Timur|Security Sistem|Sedang|Tegangan tidak stabil|Getaran berlebihan|1760000
DVR CCTV rusak di Gedung B Lantai 10 Zona Timur karena getaran berlebihan|DVR CCTV mengalami kerusakan|DVR CCTV|Gedung B|Lantai 10|Zona Timur|Security Sistem|Sedang|Tegangan tidak stabil|Getaran berlebihan|1760000
DVR CCTV Honeywell di Gedung B Lantai 10 Zona Timur mengalami gangguan karena getaran berlebihan dan tegangan tidak stabil|DVR CCTV memerlukan perbaikan karena kerusakan|DVR CCTV|Gedung B|Lantai 10|Zona Timur|Security Sistem|Sedang|Tegangan tidak stabil|Getaran berlebihan|1760000
Saya ingin melaporkan bahwa detektor panas di gedung utama lantai 15 zona selatan mengalami kerusakan karena getaran berlebihan dan overload, sehingga menyebabkan suara agak berisik dan mengganggu rutinitas|Detektor panas mengalami kerusakan karena getaran berlebihan dan overload|Rate Of Rise Heat Detector|Gedung Utama|15|Selatan|Security Sistem|Ringan|Overload|Getaran berlebihan|322000
AC split di Gedung Utama Lantai 6 Zona Tengah saya mengalami aliran lemah dan kurang perawatan sehingga tidak bisa digunakan lagi|Aliran lemah karena kurang perawatan|Mitsubishi|Gedung Utama|Lantai 6|Zona Tengah|Mechanical|Berat|Kurang perawatan|Aliran lemah|8985000
Saya laporan bahwa AC split di Gedung Utama Lantai 6 Zona Tengah mengalami kerusakan parah karena kurang perawatan sehingga aliran udara sangat lemah|Kerusakan karena kurang perawatan|Mitsubishi|Gedung Utama|Lantai 6|Zona Tengah|Mechanical|Berat|Kurang perawatan|Aliran lemah|8985000
Lampu TL di gedung parkir lantai 2 zona timur mati total karena faktor lingkungan, sangat mengganggu rutinitas|Lampu TL mati|Lampu TL|Gedung Parkir|Lantai 2|Zona Timur|Electrical|Sedang|Faktor lingkungan|Lampu mati|1714000
Pemipaan air bersih di Gedung Parkir Lantai 2 Zona Timur mengalami masalah sensor error yang disebabkan oleh faktor lingkungan sehingga mengeluarkan suara agak berisik|Tidak ada laporan teknisi|Pemipaan Air Bersih|Gedung Parkir|Lantai 2|Zona Timur|Plumbing|Sedang|Faktor lingkungan|Sensor error|1483000
Lantai granit di gedung parkir lantai 1 zona utara mengalami performa menurun akibat faktor lingkungan, terkadang netes dan agak berisik|Lantai granit mengalami kerusakan|Lantai Granit|Gedung Parkir|Lantai 1|Zona Utara|Civil|Ringan|Faktor lingkungan|Performa menurun|480000
Lantai granit di gedung parkir zona utara mengalami penurunan performa karena faktor lingkungan, perlu perbaikan segera agar tidak mengganggu rutinitas|Laporan kerusakan lantai granit|Lantai Granit|Gedung Parkir|Lantai 1|Zona Utara|Civil|Ringan|Faktor lingkungan|Performa menurun|480000
Pompa air tanah di gedung A lantai 8 zona barat mati total karena aus dan abrasi parah akibat usia pakai yang sudah lama sekali|Pompa air tanah aus dan abrasi parah|Pompa Air Tanah|Gedung A|Lantai 8|Zona Barat|Mechanical|Berat|Usia pakai|Aus/abrasi|2996000
Pompa air tanah di gedung A lantai 8 zona barat mengalami kerusakan berat karena aus dan abrasi yang disebabkan oleh usia pakai yang sudah lama|Pompa air tanah aus dan abrasi|Pompa Air Tanah|Gedung A|Lantai 8|Zona Barat|Mechanical|Berat|Usia pakai|Aus/abrasi|2996000
Speaker di Gedung E Lantai 1 Zona Barat mengalami masalah overheat karena debu/kotoran, sehingga suaranya menjadi agak berisik|Speaker memiliki masalah overheat karena debu/kotoran|Speaker|Gedung E|Lantai 1|Zona Barat|Sistem Telekomunikasi Gedung|Ringan|Debu/kotoran|Overheat|150000
Plafon gypsum di gedung E lantai 4 zona tengah ini membuat saya agak terganggu karena bunyi abnormal yang terdengar seperti netes-netes kecil, sepertinya aus normal karena sudah lama terpasang, tapi saya tidak terlalu khawatir karena hanya sedikit mengganggu rutinitas|Tidak ada laporan teknisi|Plafon Gypsum / GRC|Gedung E|Lantai 4|Zona Tengah|Arsitektur|Ringan|Aus normal|Bunyi abnormal|279000
Plafon gedung E lantai 4 zona tengah bunyi abnormal|Tidak ada laporan teknisi|Plafon Gypsum / GRC|Gedung E|Lantai 4|Zona Tengah|Arsitektur|Ringan|Aus normal|Bunyi abnormal|279000
Plafon di gedung E lantai 4 zona tengah mengalami kerusakan berupa bunyi abnormal yang cukup mengganggu, kemungkinan besar disebabkan oleh aus normal, perlu segera diperbaiki agar tidak mengganggu aktivitas|Tidak ada laporan teknisi|Plafon Gypsum / GRC|Gedung E|Lantai 4|Zona Tengah|Arsitektur|Ringan|Aus normal|Bunyi abnormal|279000
Saya ingin melaporkan kerusakan pada kitchen sink di Gedung B Lantai 10 Zona Barat, yaitu tekanan air yang tidak stabil dan bocor, kemungkinan karena usia pakai yang sudah lama, sehingga perlu perbaikan segera|Kerusakan kitchen sink|Kitchen sink|Gedung B|Lantai 10|Zona Barat|Plumbing|Sedang|Usia pakai|Tekanan tidak stabil|Rp 1829000
Exhaust Fan di Gedung Servis Lantai 1 Zona Tengah bocor parah karena kurang perawatan, suaranya sangat berisik dan mengganggu rutinitas|Exhaust Fan bocor, perlu perbaikan segera|Exhaust Fan|Gedung Servis|Lantai 1|Zona Tengah|Ventilasi Sistem|Fatal|Kurang perawatan|Kebocoran|47574000
Exhaust Fan di Gedung Utama Lantai 19 Zona Tengah mengalami tekanan tidak stabil karena overload, suaranya agak berisik dan mengganggu rutinitas, tolong diperbaiki secepatnya|Tekanan tidak stabil karena overload|Exhaust Fan|Gedung Utama|Lantai 19|Zona Tengah|Ventilasi Sistem|Ringan|Overload|Tekanan tidak stabil|Rp 265000
Saya melaporkan kerusakan Exhaust Fan di Gedung Utama Lantai 19 Zona Tengah, tekanan tidak stabil karena overload, mengeluarkan suara netes yang mengganggu, mohon diperbaiki|Kerusakan tekanan tidak stabil|Exhaust Fan|Gedung Utama|Lantai 19|Zona Tengah|Ventilasi Sistem|Ringan|Overload|Tekanan tidak stabil|Rp 265000
Kerusakan pada AC Split di Gedung Utama Lantai 1 Zona Utara disebabkan oleh sensor error yang terkait dengan usia pakai|Diperlukan perbaikan segera untuk mengatasi kerusakan|AC Split|Gedung Utama|Lantai 1|Zona Utara|Mechanical|Sedang|Usia pakai|Sensor error|1989000
Pintu kayu di lantai 3 zona selatan gedung parkir rusak parah, aus normal sehingga tampilan rusak dan mengganggu rutinitas sehari-hari|Pintu kayu/HPL rusak|Pintu Kayu/HPL|Gedung Parkir|Lantai 3|Zona Selatan|Arsitektur|Sedang|Aus normal|Tampilan rusak|1032000
Pintu kayu di gedung parkir lantai 3 zona selatan mengalami kerusakan pada tampilan karena aus normal, perlu perbaikan segera|Pintu kayu/HPL rusak|Pintu Kayu/HPL|Gedung Parkir|Lantai 3|Zona Selatan|Arsitektur|Sedang|Aus normal|Tampilan rusak|1032000
AC Cassette di Gedung B Lantai 7 Zona Barat mengalami kerusakan karena korsleting yang disebabkan oleh usia pakai, sehingga mengganggu rutinitas kerja|Laporan teknisi masih dalam proses|AC Cassette|Gedung B|Lantai 7|Zona Barat|Mechanical|Sedang|Usia pakai|Korsleting|1111000
Terdapat kerusakan pada AC Split di Gedung B Lantai 6 Zona Tengah karena koneksi terputus yang disebabkan oleh human error|Laporan teknisi|AC Split|Gedung B|Lantai 6|Zona Tengah|Mechanical|Berat|Human error|Koneksi terputus|3303000
Plafon gypsum di lantai 5 zona selatan gedung parkir mengalami korsleting parah karena kelembaban tinggi, saya sangat panik karena listrik mati total|Laporan teknisi: korsleting pada plafon gypsum|Plafon Gypsum / GRC|Gedung Parkir|Lantai 5|Zona Selatan|Arsitektur|Berat|Kelembaban tinggi|Korsleting|Rp 2580000
Plafon gypsum di gedung parkir lantai 5 zona selatan mengalami kerusakan berat karena korsleting akibat kelembaban tinggi, perlu perbaikan segera|Laporan teknisi: perbaikan plafon gypsum|Plafon Gypsum / GRC|Gedung Parkir|Lantai 5|Zona Selatan|Arsitektur|Berat|Kelembaban tinggi|Korsleting|Rp 2580000
Saya melaporkan bahwa Bell Alarm di Gedung Utama, Lantai 20, Zona Barat tidak berfungsi total akibat kualitas material yang kurang baik, perlu perbaikan segera|Bell Alarm tidak berfungsi|Bell Alarm|Gedung Utama|Lantai 20|Zona Barat|Sistem Proteksi Kebakaran Aktif|Berat|Kualitas material|Tidak berfungsi total|8398000
Karyawan melaporkan bahwa AC Split di Gedung E Lantai 1 Zona Tengah mengalami bunyi abnormal agak berisik, kemungkinan aus normal|Perlu dilakukan perbaikan segera|AC Split|Gedung E|Lantai 1|Zona Tengah|Mechanical|Sedang|Aus normal|Bunyi abnormal|891000
Pesawat Telepon di lantai 12 gedung D zona timur mengalami tekanan tidak stabil, suaranya netes terus dan agak berisik sehingga mengganggu rutinitas, kemungkinan karena aus normal|Tekanan tidak stabil dan aus normal menyebabkan suara tidak jelas|Pesawat Telepon|Gedung D|Lantai 12|Zona Timur|Sistem Telekomunikasi Gedung|Sedang|Aus normal|Tekanan tidak stabil|1564000
Pesawat telepon di gedung D lantai 12 zona timur bermasalah, tekanan suara tidak stabil, kemungkinan karena aus, perlu perbaikan segera|Perbaikan tekanan suara dan penggantian komponen aus|Pesawat Telepon|Gedung D|Lantai 12|Zona Timur|Sistem Telekomunikasi Gedung|Sedang|Aus normal|Tekanan tidak stabil|1564000
Dinding kayu Gedung D lantai 4 zona utara mengalami kerusakan berat dengan bunyi abnormal yang disebabkan oleh usia pakai, perlu perbaikan segera|Dinding kayu Gedung D lantai 4 zona utara rusak|Dinding Kayu|Gedung D|Lantai 4|Zona Utara|Civil|Fatal|Usia pakai|Bunyi abnormal|24284000
Dinding GRC di lantai 10 zona selatan gedung D mengalami getaran dan bunyi abnormal yang sangat mengganggu rutinitas harian kita, sehingga perlu segera diperbaiki|Dinding GRC mengalami getaran yang menyebabkan bunyi abnormal|Dinding GRC|Gedung D|Lantai 10|Zona Selatan|Civil|Ringan|Getaran|Bunyi abnormal|139000
Dinding GRC gedung D lantai 10 zona selatan bunyi abnormal karena getaran|Perlu perbaikan dinding GRC|Dinding GRC|Gedung D|Lantai 10|Zona Selatan|Civil|Ringan|Getaran|Bunyi abnormal|139000
Dinding GRC di gedung D lantai 10 zona selatan mengalami bunyi abnormal yang disebabkan oleh getaran, perlu dilakukan perbaikan segera untuk menghindari gangguan lebih lanjut|Dinding GRC mengalami bunyi abnormal karena getaran|Dinding GRC|Gedung D|Lantai 10|Zona Selatan|Civil|Ringan|Getaran|Bunyi abnormal|139000
Wastafel di lantai 5 zona timur gedung parkir bocor dan aliran airnya lemah karena kualitas material yang tidak baik|Toto wastafel bocor dan aliran airnya lemah|Wastafel|Gedung Parkir|Lantai 5|Zona Timur|Plumbing|Ringan|Kualitas material|Aliran lemah|300000
Karyawan melaporkan wastafel di lantai 5 zona timur gedung parkir mengalami kerusakan berupa aliran air yang lemah akibat kualitas material yang tidak memadai|Laporan teknisi: wastafel Toto bocor dan aliran airnya lemah|Wastafel|Gedung Parkir|Lantai 5|Zona Timur|Plumbing|Ringan|Kualitas material|Aliran lemah|300000
Wastafel Toto di lantai 5 zona tengah gedung A tidak berfungsi dengan baik karena kelembaban yang tinggi sehingga mengakibatkan kerusakan|Laporan teknisi tentang wastafel Toto yang tidak berfungsi|Wastafel|Gedung A|Lantai 5|Zona Tengah|Plumbing|Sedang|Kelembaban tinggi|Tidak berfungsi total|1909000
Genset Diesel di Gedung Servis Lantai 3 Zona Selatan macet karena kelembaban tinggi membuatnya netes dan agak berisik|Genset Diesel macet dan berisik|Genset Diesel|Gedung Servis|Lantai 3|Zona Selatan|Mechanical|Ringan|Kelembaban tinggi|Macet/tersumbat|187000
Genset Diesel merek Perkins di Gedung Servis Lantai 3 Zona Selatan mengalami kerusakan macet karena kelembaban tinggi sehingga perlu perbaikan|Genset Diesel perlu perbaikan|Genset Diesel|Gedung Servis|Lantai 3|Zona Selatan|Mechanical|Ringan|Kelembaban tinggi|Macet/tersumbat|187000
Wiring sistem di Gedung A lantai 12 zona selatan saya korosi parah karena overload, netes terus dan mengganggu rutinitas|Sistem instalasi kabel mengalami kerusakan karena beban berlebih|Wiring System|Gedung A|Lantai 12|Zona Selatan|Electrical|Berat|Overload|Berkarat/korosi|5830000
Sistem instalasi kabel di Gedung A lantai 12 zona selatan mengalami kerusakan korosi dan overload sehingga mengganggu operasional, perlu perbaikan segera|Laporan teknisi tentang kerusakan sistem instalasi kabel|Wiring System|Gedung A|Lantai 12|Zona Selatan|Electrical|Berat|Overload|Berkarat/korosi|5830000
Kerusakan wastafel di lantai 7 Gedung A, zona barat, yaitu koneksi terputus dan aus normal, memerlukan perbaikan segera|Laporan teknisi tentang kerusakan wastafel|Wastafel|Gedung A|7|Barat|Plumbing|Berat|Aus normal|Koneksi terputus|5843000
Kerusakan retak pada MDP di Gedung D Lantai 4 Zona Timur|Perlu penanganan segera|MDP|Gedung D|Lantai 4|Zona Timur|Electrical|Ringan|Usia pakai|Retak/pecah|238000
APAR Halon di Gedung A Lantai 12 Zona Timur mengalami kerusakan mati mendadak karena aus normal, gangguan ini cukup mengganggu rutinitas|Laporan teknisi: APAR Halon rusak, kemungkinan aus normal|APAR Halon|Gedung A|Lantai 12|Zona Timur|Sistem Pemadam Kebakaran|Sedang|Aus normal|Mati mendadak|1536000
Pemipaan air bersih di Gedung E Lantai 1 Zona Selatan mengalami kerusakan parah karena getaran berlebihan dan korosi, sehingga menyebabkan kebocoran yang sangat parah dan mengganggu aktivitas sehari-hari, tolong segera diperbaiki|Kerusakan pada pipa air bersih di Gedung E Lantai 1 Zona Selatan|Pemipaan Air Bersih|Gedung E|Lantai 1|Zona Selatan|Plumbing|Fatal|Korosi|Getaran berlebihan|40787000
Kerusakan pada pipa air bersih di Gedung E Lantai 1 Zona Selatan disebabkan oleh getaran berlebihan dan korosi, sehingga menyebabkan kebocoran yang cukup parah, perlu segera diperbaiki untuk menghindari kerugian lebih lanjut|Laporan kerusakan pipa air bersih|Pemipaan Air Bersih|Gedung E|Lantai 1|Zona Selatan|Plumbing|Fatal|Korosi|Getaran berlebihan|40787000
Meja kerja di lantai 19 zona timur gedung utama mengalami getaran berlebihan karena human error, sehingga perlu perbaikan segera untuk menghindari gangguan lebih lanjut|Laporan teknisi tentang getaran berlebihan pada meja kerja|Meja kerja|Gedung Utama|19|Timur|Arsitektur|Sedang|Human error|Getaran berlebihan|1399000
Meter PDAM di gedung utama lantai 16 zona selatan bermasalah, retak dan netes terus karena tegangan tidak stabil|Kerusakan retak pada meter PDAM di zona selatan|Meter PDAM|Gedung Utama|16|Zona Selatan|Pencatatan Meter|Sedang|Tegangan tidak stabil|Retak/pecah|318000
Adanya kerusakan pada meter PDAM di gedung utama lantai 16 zona selatan, yaitu retak yang disebabkan oleh tegangan tidak stabil, mengharuskan perbaikan segera|Laporan kerusakan meter PDAM|Meter PDAM|Gedung Utama|16|Zona Selatan|Pencatatan Meter|Sedang|Tegangan tidak stabil|Retak/pecah|318000
Dinding partisi GRC/Gypsum di gedung B lantai 4 zona timur macet/tersumbat karena kelembaban tinggi membuat suara netes yang agak berisik dan mengganggu rutinitas|Tidak ada laporan teknisi|Dinding Partisi, GRC / Gypsum|Gedung B|Lantai 4|Zona Timur|Civil|Sedang|Kelembaban tinggi|Macet/tersumbat|810000
Dinding partisi GRC/Gypsum di zona timur lantai 4 gedung B mengalami kerusakan macet/tersumbat yang disebabkan oleh kelembaban tinggi, sehingga menimbulkan suara yang agak berisik dan memerlukan perbaikan|Tidak ada laporan teknisi|Dinding Partisi, GRC / Gypsum|Gedung B|Lantai 4|Zona Timur|Civil|Sedang|Kelembaban tinggi|Macet/tersumbat|810000
Lampu LED di Gedung D Lantai 10 Zona Tengah bocor dan suaranya agak berisik karena tegangan tidak stabil|Lampu LED bocor dan berisik|Lampu LED|Gedung D|Lantai 10|Zona Tengah|Electrical|Ringan|Tegangan tidak stabil|Kebocoran|121000
Lampu LED di Gedung D Lantai 10 Zona Tengah mengalami kebocoran dan netes karena tegangan listrik tidak stabil sehingga perlu diperbaiki|Lampu LED perlu diperbaiki karena kebocoran|Lampu LED|Gedung D|Lantai 10|Zona Tengah|Electrical|Ringan|Tegangan tidak stabil|Kebocoran|121000
MDB di Gedung E, Lantai 2, Zona Tengah mengalami kerusakan karena debu/kotoran, sehingga menyebabkan mati mendadak|Kerusakan MDB karena debu/kotoran|MDB|Gedung E|Lantai 2|Zona Tengah|Electrical|Berat|Debu/kotoran|Mati mendadak|8662000
Kloset di gedung C lantai 3 zona utara rusak parah karena retak dan pecah, sepertinya kualitas material yang digunakan tidak bagus, ini sangat mengganggu rutinitas kami|Kerusakan kloset di gedung C lantai 3 zona utara|Kloset|Gedung C|Lantai 3|Zona Utara|Plumbing|Berat|Kualitas material|Retak/pecah|8667000
Kloset rusak total di gedung C lantai 3 zona utara, retak dan pecah, tolong perbaiki segera|Kerusakan kloset yang parah|Kloset|Gedung C|Lantai 3|Zona Utara|Plumbing|Berat|Kualitas material|Retak/pecah|8667000
Kerusakan kloset di gedung C lantai 3 zona utara cukup serius, retak dan pecah, kemungkinan karena kualitas material yang tidak memadai, perlu diperbaiki dengan segera|Laporan kerusakan kloset|Kloset|Gedung C|Lantai 3|Zona Utara|Plumbing|Berat|Kualitas material|Retak/pecah|8667000
Saya laporan kerusakan atap spandek di Gedung B Lantai 2 Zona Tengah, kondisinya rusak parah karena human error, perlu perbaikan segera|Atap spandek rusak karena kesalahan manusia|Atap Spandek|Gedung B|Lantai 2|Zona Tengah|Civil|Berat|Human error|Tampilan rusak|6401000
Saya laporkan bahwa AC Cassette di Gedung D Lantai 9 Zona Barat mengalami getaran berlebihan dan tegangan tidak stabil sehingga tidak bisa digunakan|Tegangan tidak stabil menyebabkan kerusakan|AC Cassette|Gedung D|9|Zona Barat|Mechanical|Berat|Tegangan tidak stabil|Getaran berlebihan|6481000
AC Split di Gedung E Lantai 6 Zona Tengah mengalami kerusakan sensor error yang disebabkan oleh getaran, sehingga mengganggu rutinitas dan perlu perbaikan segera|Perlu perbaikan segera|AC Split|Gedung E|Lantai 6|Zona Tengah|Mechanical|Sedang|Getaran|Sensor error|1529000
Kursi di gedung A lantai 15 zona barat sudah berkarat parah karena faktor lingkungan, jangan sampai ambruk dan bahayakan orang lain|Kerusakan struktural pada kursi|Kursi|Gedung A|Lantai 15|Zona Barat|Arsitektur|Berat|Faktor lingkungan|Berkarat/korosi|9694000
Kerusakan pada kursi di zona barat lantai 15 gedung A disebabkan oleh faktor lingkungan yang menyebabkan korosi, perlu perbaikan segera|Kerusakan korosi pada kursi|Kursi|Gedung A|Lantai 15|Zona Barat|Arsitektur|Berat|Faktor lingkungan|Berkarat/korosi|9694000
Hydrant Pillar di Gedung Servis Lantai 3 Zona Tengah koneksi terputus karena faktor lingkungan, membuatnya netes dan mengganggu rutinitas harian|Kerusakan koneksi hydrant pillar|Hydrant Pillar|Gedung Servis|Lantai 3|Zona Tengah|Sistem Pemadam Kebakaran|Sedang|Faktor lingkungan|Koneksi terputus|1373000
Koneksi hydrant pillar terputus karena faktor lingkungan di Gedung Servis Lantai 3 Zona Tengah, agak berisik dan mengganggu|Laporan teknisi tentang kerusakan hydrant pillar|Hydrant Pillar|Gedung Servis|Lantai 3|Zona Tengah|Sistem Pemadam Kebakaran|Sedang|Faktor lingkungan|Koneksi terputus|1373000
Kamera CCTV di Gedung Utama Lantai 12 Zona Utara netes terus karena usia pakai yang sudah lama, jadi aliran lemah dan agak berisik|Kamera CCTV mengalami aliran lemah|Kamera CCTV|Gedung Utama|Lantai 12|Zona Utara|Security Sistem|Sedang|Usia pakai|Aliran lemah|1527000
Kamera CCTV di Gedung Utama Lantai 12 Zona Utara mengalami gangguan karena aliran lemah yang disebabkan oleh usia pakai, sehingga perlu perbaikan|Kamera CCTV mengalami kerusakan|Kamera CCTV|Gedung Utama|Lantai 12|Zona Utara|Security Sistem|Sedang|Usia pakai|Aliran lemah|1527000
Kerusakan pada Deepwell di Gedung D Lantai 12 Zona Selatan menyebabkan bunyi abnormal dan kemungkinan overload, sehingga perlu perbaikan segera|Tidak ada laporan teknisi|Deepwell|Gedung D|Lantai 12|Zona Selatan|Distribusi Air|Sedang|Overload|Bunyi abnormal|1250000
Kerusakan pada MDP di Gedung B Lantai 4 Zona Timur karena sensor error yang disebabkan faktor lingkungan membuat pekerjaan terganggu|Laporan teknisi|MDP|Gedung B|Lantai 4|Zona Timur|Electrical|Sedang|Faktor lingkungan|Sensor error|493000
Gree AC Split di Gedung E Lantai 5 Zona Barat mengalami kerusakan remote tidak berfungsi, kemungkinan karena kurang perawatan, sehingga perlu diperbaiki segera|Tidak ada laporan teknisi|AC Split|Gedung E|Lantai 5|Zona Barat|Mechanical|Sedang|Kurang perawatan|Remote tidak berfungsi|1828000
DVR CCTV di gedung parkir lantai 1 zona selatan tidak berfungsi total karena getaran, agak berisik dan mengganggu rutinitas|Tidak berfungsi total karena getaran|DVR CCTV|Gedung Parkir|Lantai 1|Zona Selatan|Security Sistem|Ringan|Getaran|Tidak berfungsi total|491000
DVR CCTV di gedung parkir lantai 1 zona selatan mengalami kerusakan karena getaran, sehingga tidak dapat beroperasi dengan baik, perlu dilakukan perbaikan|Laporan teknisi|DVR CCTV|Gedung Parkir|Lantai 1|Zona Selatan|Security Sistem|Ringan|Getaran|Tidak berfungsi total|491000
Rooftank di lantai 11 zona utara Gedung A tidak berfungsi total karena kelembaban tinggi, netes terus dan mengganggu rutinitas|Laporan teknisi: Rooftank rusak total|Rooftank|Gedung A|Lantai 11|Zona Utara|Plumbing|Ringan|Kelembaban tinggi|Tidak berfungsi total|322000
Rooftank di Gedung A lantai 11 zona utara mengalami kerusakan karena kelembaban tinggi sehingga tidak berfungsi total, agak berisik dan mengganggu|Laporan teknisi: Rooftank Gedung A perlu perbaikan|Rooftank|Gedung A|Lantai 11|Zona Utara|Plumbing|Ringan|Kelembaban tinggi|Tidak berfungsi total|322000
Saya melaporkan kerusakan AC Split di Gedung Utama Lantai 3 Zona Utara, tekanan tidak stabil dan berisik, kemungkinan karena human error, tolong diperbaiki secepatnya|Perlu perawatan rutin|AC Split|Gedung Utama|Lantai 3|Zona Utara|Mechanical|Ringan|Human error|Tekanan tidak stabil|246000
Lampu TL di lantai 18 gedung utama zona utara tiba-tiba netes dan agak berisik karena getaran berlebihan, sepertinya human error yang menyebabkan kerusakan ini|Lampu TL mengalami getaran berlebihan|Lampu TL|Gedung Utama|Lantai 18|Zona Utara|Electrical|Ringan|Human error|Getaran berlebihan|327000
Lampu TL di lantai 18 zona utara gedung utama mengalami gangguan karena getaran berlebihan yang disebabkan oleh human error, perlu diperbaiki segera|Laporan teknisi: Lampu TL mengalami getaran berlebihan|Lampu TL|Gedung Utama|Lantai 18|Zona Utara|Electrical|Ringan|Human error|Getaran berlebihan|327000
Breker panel di gedung parkir lantai 4 zona tengah rusak parah, sensor error total, sudah tidak bisa dipakai lagi, kemungkinan karena usia pakai yang sudah lama|Breker panel rusak|Breker Panel|Gedung Parkir|Lantai 4|Zona Tengah|Electrical|Berat|Usia pakai|Sensor error|7355000
Breker panel di gedung parkir lantai 4 zona tengah mengalami kerusakan sensor, kemungkinan karena usia pakai yang sudah lama, perlu diperbaiki segera untuk menghindari kerusakan lebih lanjut|Perlu penanganan cepat|Breker Panel|Gedung Parkir|Lantai 4|Zona Tengah|Electrical|Berat|Usia pakai|Sensor error|7355000
Tidak berfungsi total karena kualitas material yang jelek, membuat control panel penerangan di gedung C lantai 3 zona timur mati total, sangat mengganggu rutinitas|Control Panel Penerangan Import tidak berfungsi|Control Panel Penerangan|Gedung C|Lantai 3|Zona Timur|Electrical|Sedang|Kualitas material|Tidak berfungsi total|1270000
Saya melaporkan bahwa control panel penerangan di gedung C lantai 3 zona timur tidak berfungsi dengan baik, kemungkinan disebabkan oleh kualitas material yang kurang baik, perlu perbaikan segera|Perlu perbaikan control panel penerangan|Control Panel Penerangan|Gedung C|Lantai 3|Zona Timur|Electrical|Sedang|Kualitas material|Tidak berfungsi total|1270000
Kran air di gedung utama lantai 15 zona selatan bocor dan netes terus menerus sehingga mengganggu rutinitas kantor|Kran air bocor|Kran Air|Gedung Utama|15|Zona Selatan|Plumbing|Ringan|Tegangan tidak stabil|Tekanan tidak stabil|68000
Kran air di lantai 15 zona selatan gedung utama mengalami tekanan air yang tidak stabil sehingga menyebabkan kebocoran dan kerusakan pada kran air|Laporan teknisi tentang kerusakan kran air|Kran Air|Gedung Utama|15|Zona Selatan|Plumbing|Ringan|Tegangan tidak stabil|Tekanan tidak stabil|68000
Kamera CCTV di Gedung B Lantai 2 Zona Selatan mengalami kerusakan remote tidak berfungsi karena kurang perawatan, sehingga sangat mengganggu keamanan, perlu perbaikan segera|Kamera CCTV perlu perbaikan karena kerusakan remote|Kamera CCTV|Gedung B|Lantai 2|Zona Selatan|Security Sistem|Fatal|Kurang perawatan|Remote tidak berfungsi|49341000
APAR Dry Powder Cartridge bermasalah, aliran lemah dan tidak bisa dipakai karena usia pakai yang sudah terlalu lama, ini sangat mengganggu rutinitas harian kami di Gedung D Lantai 5 Zona Barat|Aliran lemah karena usia pakai|APAR Dry Powder Cartridge|Gedung D|Lantai 5|Zona Barat|Sistem Pemadam Kebakaran|Berat|Usia pakai|Aliran lemah|1531000
Kerusakan APAR Dry Powder Cartridge di Gedung D Lantai 5 Zona Barat karena aliran lemah dan usia pakai yang sudah terlalu lama, perlu segera diperbaiki|APAR Dry Powder Cartridge perlu perbaikan|APAR Dry Powder Cartridge|Gedung D|Lantai 5|Zona Barat|Sistem Pemadam Kebakaran|Berat|Usia pakai|Aliran lemah|1531000
Lantai granit di Gedung A lantai 9 zona timur mengalami masalah sensor error karena usia pakai yang sudah lama, sehingga agak berisik|Laporan teknisi: kerusakan sensor|Lantai Granit|Gedung A|9|Timur|Civil|Ringan|Usia pakai|Sensor error|495000
Pintu kayu HPL di lantai 6 zona timur gedung A bocor parah karena aliran air lemah akibat faktor lingkungan, jadi airnya netes terus dan mengganggu rutinitas|Pintu kayu HPL bocor|Pintu Kayu/HPL|Gedung A|Lantai 6|Zona Timur|Arsitektur|Fatal|Faktor lingkungan|Aliran lemah|5301000
Pintu HPL lantai 6 zona timur gedung A jebol karena aliran air lemah|Pintu HPL rusak|Pintu Kayu/HPL|Gedung A|Lantai 6|Zona Timur|Arsitektur|Fatal|Faktor lingkungan|Aliran lemah|5301000
Pintu kayu HPL di gedung A lantai 6 zona timur mengalami kerusakan berat karena aliran air yang lemah akibat faktor lingkungan, sehingga perlu perbaikan segera|Pintu kayu HPL rusak parah|Pintu Kayu/HPL|Gedung A|Lantai 6|Zona Timur|Arsitektur|Fatal|Faktor lingkungan|Aliran lemah|5301000
Plafon di Gedung D, Lantai 4, Zona Barat mengalami getaran berlebihan dan penumpukan debu/kotoran, sehingga terdengar agak berisik dan mengganggu|Tidak ada laporan teknisi|Plafon|Gedung D|Lantai 4|Zona Barat|Arsitektur|Ringan|Debu/kotoran|Getaran berlebihan|398000
Lampu LED Downlight di Gedung Utama Lantai 4 Zona Timur mati total karena aus dan tegangan tidak stabil, membuat ruangan gelap dan sangat mengganggu|Lampu LED Downlight mengalami kerusakan fatal|Lampu LED Downlight|Gedung Utama|Lantai 4|Zona Timur|Electrical|Fatal|Tegangan tidak stabil|Aus/abrasi|17784000
Lampu LED Downlight di Gedung Utama Lantai 4 Zona Timur mengalami kerusakan parah karena aus dan tegangan tidak stabil, perlu perbaikan segera|Laporan teknisi: Lampu LED Downlight mengalami kerusakan fatal|Lampu LED Downlight|Gedung Utama|Lantai 4|Zona Timur|Electrical|Fatal|Tegangan tidak stabil|Aus/abrasi|17784000
APAR Dry Powder Cartridge di Gedung E Lantai 4 Zona Timur mengalami gangguan sensor error yang kemungkinan disebabkan oleh getaran, perlu perbaikan segera|Laporan teknisi menunjukkan kerusakan sensor error|APAR Dry Powder Cartridge|Gedung E|Lantai 4|Zona Timur|Sistem Pemadam Kebakaran|Ringan|Getaran|Sensor error|77000
Jet Shower di gedung utama lantai 14 zona timur tiba-tiba mati total karena kelembaban tinggi, tampilan rusak parah, sangat mengganggu|Tidak ada laporan teknisi|Jet Shower|Gedung Utama|Lantai 14|Zona Timur|Plumbing|Fatal|Kelembaban tinggi|Tampilan rusak|10420000
Jet Shower di lantai 14 zona timur gedung utama mengalami kerusakan tampilan karena kelembaban tinggi, perlu perbaikan segera|Tidak ada laporan teknisi|Jet Shower|Gedung Utama|Lantai 14|Zona Timur|Plumbing|Fatal|Kelembaban tinggi|Tampilan rusak|10420000
Lampu TL di Gedung Utama Lantai 5 Zona Selatan tiba-tiba performa menurun dan sering netes, sepertinya ada overload yang membuatnya agak berisik dan mengganggu rutinitas|Laporan teknisi tentang kerusakan Lampu TL|Lampu TL|Gedung Utama|Lantai 5|Zona Selatan|Electrical|Sedang|Overload|Performa menurun|544000
Meter PDAM di Gedung B lantai 7 zona tengah mengalami koneksi terputus karena kelembaban tinggi, sehingga air tidak bisa mengalir dengan lancar, agak mengganggu rutinitas harian kita|Koneksi terputus|Meter PDAM|Gedung B|Lantai 7|Zona Tengah|Pencatatan Meter|Ringan|Kelembaban tinggi|Koneksi terputus|374000
Gedung B lantai 7 zona tengah mengalami masalah koneksi terputus pada meter PDAM karena kelembaban tinggi, sehingga perlu dilakukan perbaikan agar air dapat mengalir dengan lancar|Perlu dilakukan perbaikan|Meter PDAM|Gedung B|Lantai 7|Zona Tengah|Pencatatan Meter|Ringan|Kelembaban tinggi|Koneksi terputus|374000
Lampu TL di Gedung D Lantai 5 Zona Utara netes terus karena getaran berlebihan, kayaknya karena human error deh, jadi agak berisik dan mengganggu|Lampu TL mengalami getaran berlebihan|Lampu TL|Gedung D|Lantai 5|Zona Utara|Electrical|Sedang|Human error|Getaran berlebihan|1809000
Lampu TL Gedung D Lantai 5 Zona Utara rusak, getaran berlebihan, human error|Lampu TL rusak|Lampu TL|Gedung D|Lantai 5|Zona Utara|Electrical|Sedang|Human error|Getaran berlebihan|1809000
Lampu TL di Gedung D Lantai 5 Zona Utara mengalami kerusakan karena getaran berlebihan yang disebabkan oleh human error, sehingga perlu perbaikan segera|Laporan teknisi: Lampu TL mengalami kerusakan|Lampu TL|Gedung D|Lantai 5|Zona Utara|Electrical|Sedang|Human error|Getaran berlebihan|1809000
Control Panel Penerangan di Gedung C Lantai 1 Zona Selatan mengalami aliran listrik yang lemah karena kelembaban tinggi, ini sangat mengganggu rutinitas harian|Ditemukan adanya kelembaban tinggi yang menyebabkan aliran listrik lemah|Control Panel Penerangan|Gedung C|Lantai 1|Zona Selatan|Electrical|Sedang|Kelembaban tinggi|Aliran lemah|761000
Aliran listrik di Control Panel Penerangan Gedung C Lantai 1 Zona Selatan jadi lemah karena kelembaban, perlu diperbaiki|Perlu diperbaiki karena kelembaban|Control Panel Penerangan|Gedung C|Lantai 1|Zona Selatan|Electrical|Sedang|Kelembaban tinggi|Aliran lemah|761000
Sistem penerangan di Gedung C Lantai 1 Zona Selatan mengalami gangguan karena aliran listrik yang lemah, kemungkinan disebabkan kelembaban tinggi, perlu penanganan segera|Sistem penerangan mengalami gangguan|Control Panel Penerangan|Gedung C|Lantai 1|Zona Selatan|Electrical|Sedang|Kelembaban tinggi|Aliran lemah|761000
Kami memiliki masalah dengan AC Split di lantai 7 Gedung A, zona Barat, yang mengalami overheat karena kurang perawatan, sehingga menyebabkan kerusakan yang cukup parah|Tidak ada laporan teknisi|AC Split|Gedung A|7|Barat|Mechanical|Berat|Kurang perawatan|Overheat|3927000
Dinding tembok masonry di gedung utama lantai 13 zona barat mengalami kerusakan remote tidak berfungsi karena kurang perawatan, sangat mengganggu rutinitas harian|Belum ada laporan teknisi|Dinding Tembok/Mansonry|Gedung Utama|Lantai 13|Zona Barat|Civil|Sedang|Kurang perawatan|Remote tidak berfungsi|737000
Kerusakan dinding tembok masonry di zona barat lantai 13 gedung utama karena kurang perawatan menyebabkan remote tidak berfungsi, agak berisik dan mengganggu|Sedang dalam proses perbaikan|Dinding Tembok/Mansonry|Gedung Utama|Lantai 13|Zona Barat|Civil|Sedang|Kurang perawatan|Remote tidak berfungsi|737000
Dinding tembok di gedung utama lantai 1 zona barat mengeluarkan bunyi abnormal karena overload, ini sangat mengganggu rutinitas|Dinding tembok mengalami kerusakan karena overload|Dinding Tembok/Mansonry|Gedung Utama|Lantai 1|Zona Barat|Civil|Ringan|Overload|Bunyi abnormal|224000
Kerusakan dinding tembok di gedung utama lantai 1 zona barat menyebabkan bunyi abnormal yang agak berisik, kemungkinan karena overload|Dinding tembok mengalami kerusakan|Dinding Tembok/Mansonry|Gedung Utama|Lantai 1|Zona Barat|Civil|Ringan|Overload|Bunyi abnormal|224000
Lampu LED Bulb di Gedung Utama Lantai 15 Zona Utara mati total karena overheat parah, kurang perawatan yang menyebabkan kerusakan fatal, sangat mengganggu aktivitas|Lampu LED Bulb mengalami kerusakan overheat|Lampu LED Bulb|Gedung Utama|Lantai 15|Zona Utara|Electrical|Berat|Kurang perawatan|Overheat|1740000
Lampu LED Bulb di Gedung Utama Lantai 15 Zona Utara mengalami kerusakan karena overheat dan kurang perawatan, perlu segera diperbaiki|Laporan teknisi: kerusakan overheat pada Lampu LED Bulb|Lampu LED Bulb|Gedung Utama|Lantai 15|Zona Utara|Electrical|Berat|Kurang perawatan|Overheat|1740000
Wastafel Toto di Gedung A Lantai 1 Zona Barat mengalami korsleting parah dan aus normal, sehingga tidak dapat digunakan, perlu perbaikan segera|Laporan kerusakan wastafel Toto|Wastafel|Gedung A|Lantai 1|Zona Barat|Plumbing|Fatal|Aus normal|Korsleting|15900000
Lampu wall sign di gedung B lantai 5 zona utara mengalami getaran berlebihan dan suara netes yang mengganggu rutinitas harian karena kualitas material yang rendah|Lampu wall sign mengalami kerusakan getaran berlebihan|Lampu Wall sign|Gedung B|Lantai 5|Zona Utara|Electrical|Sedang|Kualitas material|Getaran berlebihan|1744000
Lampu wall sign gedung B lantai 5 zona utara rusak getaran berlebihan|Lampu wall sign rusak|Lampu Wall sign|Gedung B|Lantai 5|Zona Utara|Electrical|Sedang|Kualitas material|Getaran berlebihan|1744000
Lampu wall sign di gedung B lantai 5 zona utara mengalami masalah getaran berlebihan yang disebabkan oleh kualitas material yang kurang baik sehingga menghasilkan suara agak berisik|Laporan teknisi: lampu wall sign mengalami kerusakan getaran berlebihan|Lampu Wall sign|Gedung B|Lantai 5|Zona Utara|Electrical|Sedang|Kualitas material|Getaran berlebihan|1744000
Lampu roof tank di gedung B lantai 3 zona tengah mati total karena korosi, sangat mengganggu rutinitas, mohon segera diperbaiki|Lampu roof tank mati, korosi|Roof Tank|Gedung B|Lantai 3|Zona Tengah|Distribusi Air|Sedang|Korosi|Lampu mati|1198000
Lampu roof tank di gedung B lantai 3 zona tengah mengalami kerusakan karena korosi, sehingga lampu menjadi mati, perlu perbaikan segera, biaya diperkirakan sekitar 1198000|Laporan teknisi: lampu roof tank mati karena korosi|Roof Tank|Gedung B|Lantai 3|Zona Tengah|Distribusi Air|Sedang|Korosi|Lampu mati|1198000
Smoke Detector di Gedung D Lantai 9 Zona Barat mengalami masalah getaran berlebihan akibat kurang perawatan, perlu perhatian segera|Perlu perbaikan|Smoke Detector|Gedung D|9|Zona Barat|Sistem Proteksi Kebakaran Aktif|Sedang|Kurang perawatan|Getaran berlebihan|1133000
Wiring System di Gedung D Lantai 1 Zona Tengah mengalami kebocoran parah karena debu dan kotoran, sangat mengganggu|Kerusakan kebocoran pada Wiring System|Wiring System|Gedung D|Lantai 1|Zona Tengah|Electrical|Berat|Debu/kotoran|Kebocoran|6408000
Wiring System di Gedung D Lantai 1 Zona Tengah mengalami kerusakan kebocoran karena debu dan kotoran, perlu perbaikan segera|Laporan teknisi: kebocoran parah|Wiring System|Gedung D|Lantai 1|Zona Tengah|Electrical|Berat|Debu/kotoran|Kebocoran|6408000
Pintu kayu HPL di gedung utama lantai 11 zona barat bocor karena korosi, suara netesnya agak berisik dan mengganggu|Kerusakan kebocoran pada pintu kayu HPL|Pintu Kayu/HPL|Gedung Utama|Lantai 11|Zona Barat|Arsitektur|Sedang|Korosi|Kebocoran|1143000
Pintu kayu HPL di zona barat lantai 11 gedung utama mengalami kebocoran karena korosi, perlu perbaikan segera untuk menghindari kerusakan lebih lanjut|Laporan perbaikan pintu kayu HPL|Pintu Kayu/HPL|Gedung Utama|Lantai 11|Zona Barat|Arsitektur|Sedang|Korosi|Kebocoran|1143000
PABX di gedung E lantai 3 zona utara mengalami gangguan sensor error yang membuatnya aus normal, sehingga mengganggu rutinitas kerja|PABX mengalami sensor error|PABX|Gedung E|Lantai 3|Zona Utara|Sistem Telekomunikasi Gedung|Sedang|Aus normal|Sensor error|384000
PABX gedung E lantai 3 zona utara rusak, sensor error, aus normal, perlu diperbaiki segera|PABX rusak|PABX|Gedung E|Lantai 3|Zona Utara|Sistem Telekomunikasi Gedung|Sedang|Aus normal|Sensor error|384000
PABX di gedung E lantai 3 zona utara mengalami kerusakan sensor yang menyebabkan aus normal, perlu dilakukan perbaikan untuk menghindari gangguan lebih lanjut|PABX mengalami kerusakan sensor|PABX|Gedung E|Lantai 3|Zona Utara|Sistem Telekomunikasi Gedung|Sedang|Aus normal|Sensor error|384000
Sistem pemadam kebakaran APAB Dry Powder di Gedung Parkir Lantai 1 Zona Selatan tidak berfungsi dengan baik, kemungkinan karena kualitas material yang kurang|Pemadaman kebakaran APAB Dry Powder bermasalah|APAB Dry Powder|Gedung Parkir|Lantai 1|Zona Selatan|Sistem Pemadam Kebakaran|Ringan|Kualitas material|Tidak berfungsi total|120000
Lampu LED Downlight di Gedung Parkir Lantai 1 Zona Tengah ini sudah aus dan abrasi parah karena kurang perawatan, sehingga mati total dan sangat mengganggu|Lampu LED Downlight rusak|Lampu LED Downlight|Gedung Parkir|Lantai 1|Zona Tengah|Electrical|Fatal|Kurang perawatan|Aus/abrasi|21233000
Monitor CCTV di Gedung B lantai 8 zona utara netes karena sensor error yang disebabkan debu/kotoran|Debu/kotoran menyebabkan sensor error|Monitor CCTV|Gedung B|8|Utara|Security Sistem|Sedang|Debu/kotoran|Sensor error|680000
CCTV di Gedung B lantai 8 zona utara mengalami gangguan karena sensor error yang disebabkan oleh debu/kotoran sehingga perlu perbaikan|Sensor error akibat debu/kotoran|Monitor CCTV|Gedung B|8|Utara|Security Sistem|Sedang|Debu/kotoran|Sensor error|680000
ATS Panel di Gedung B Lantai 1 Zona Selatan mengalami sensor error, kemungkinan karena debu/kotoran, perlu diperbaiki untuk menghindari kerusakan lebih lanjut|ATS Panel di Gedung B perlu perbaikan|Automatic Transfer Switch (ATS Panel)|Gedung B|Lantai 1|Zona Selatan|Electrical|Berat|Debu/kotoran|Sensor error|4808000
Monitor CCTV di Gedung D Lantai 1 Zona Utara tiba-tiba remote tidak berfungsi karena tegangan tidak stabil, mengganggu rutinitas harian|Teknisi mendapati kerusakan pada remote monitor CCTV|Monitor CCTV|Gedung D|Lantai 1|Zona Utara|Security Sistem|Sedang|Tegangan tidak stabil|Remote tidak berfungsi|1663000
Kerusakan terjadi pada monitor CCTV Hikvision di Gedung D Lantai 1 Zona Utara, remote tidak berfungsi akibat tegangan tidak stabil, mengganggu kegiatan sehari-hari|Perlu diperiksa dan diperbaiki secepatnya|Monitor CCTV|Gedung D|Lantai 1|Zona Utara|Security Sistem|Sedang|Tegangan tidak stabil|Remote tidak berfungsi|1663000
Atap beton gedung E lantai 4 zona timur saya mengalami bunyi abnormal yang sangat mengganggu karena adanya debu dan kotoran yang menumpuk, saya sangat terganggu dengan suara netes-netes yang terus menerus|Debu dan kotoran menyebabkan bunyi abnormal|Atap Beton|Gedung E|Lantai 4|Zona Timur|Civil|Ringan|Debu/kotoran|Bunyi abnormal|173000
Saya ingin melaporkan bahwa atap beton di gedung E lantai 4 zona timur mengalami masalah bunyi abnormal yang disebabkan oleh debu dan kotoran, suara agak berisik dan mengganggu rutinitas|Debu dan kotoran menyebabkan bunyi abnormal|Atap Beton|Gedung E|Lantai 4|Zona Timur|Civil|Ringan|Debu/kotoran|Bunyi abnormal|173000
Roof tank di Gedung Parkir Lantai 1 Zona Timur bocor dan berisik karena retak dan kotoran|Tidak ada laporan teknisi|Roof Tank|Gedung Parkir|Lantai 1|Zona Timur|Distribusi Air|Sedang|Debu/kotoran|Retak/pecah|1084000
Roof tank di Gedung Parkir Lantai 1 Zona Timur mengalami kerusakan retak dan kotoran sehingga menyebabkan kebocoran dan suara berisik|Tidak ada laporan teknisi|Roof Tank|Gedung Parkir|Lantai 1|Zona Timur|Distribusi Air|Sedang|Debu/kotoran|Retak/pecah|1084000
Saya melaporkan bahwa SDP di Gedung Servis, Lantai 2, Zona Utara mengalami masalah macet akibat korosi, sehingga mengganggu rutinitas kerja|Kerusakan SDP karena korosi memerlukan perbaikan|SDP|Gedung Servis|Lantai 2|Zona Utara|Electrical|Ringan|Korosi|Macet/tersumbat|279000
Kerusakan APAR Dry Powder Stored Pressure di Gedung Utama Lantai 2 Zona Barat disebabkan oleh kurangnya perawatan yang membuat remote tidak berfungsi dengan baik, ini agak berisik dan mengganggu rutinitas|Tidak ada laporan teknisi|APAR Dry Powder Stored Pressure|Gedung Utama|Lantai 2|Zona Barat|Sistem Pemadam Kebakaran|Ringan|Kurang perawatan|Remote tidak berfungsi|81000
Dinding tembok gedung B lantai 7 zona selatan mengalami korsleting parah karena human error, membuat listrik netes dan agak berisik|Korsleting listrik pada dinding tembok gedung B|Dinding Tembok/Mansonry|Gedung B|Lantai 7|Zona Selatan|Civil|Sedang|Human error|Korsleting|1994000
Dinding tembok di gedung B lantai 7 zona selatan mengalami kerusakan listrik karena korsleting yang disebabkan oleh human error, perlu perbaikan segera|Laporan kerusakan listrik di gedung B|Dinding Tembok/Mansonry|Gedung B|Lantai 7|Zona Selatan|Civil|Sedang|Human error|Korsleting|1994000
PABX di Gedung A, Lantai 1, Zona Barat, tiba-tiba lampu mati dan tidak bisa dihidupkan, kemungkinan karena tegangan tidak stabil, ini cukup mengganggu rutinitas kita|Lampu PABX mati|PABX|Gedung A|Lantai 1|Zona Barat|Sistem Telekomunikasi Gedung|Ringan|Tegangan tidak stabil|Lampu mati|165000
PABX di Gedung A, Lantai 1, Zona Barat mengalami gangguan, lampu mati dan tidak bisa dioperasikan, kemungkinan disebabkan oleh tegangan listrik yang tidak stabil, perlu diperbaiki secepatnya|Laporan teknisi PABX|PABX|Gedung A|Lantai 1|Zona Barat|Sistem Telekomunikasi Gedung|Ringan|Tegangan tidak stabil|Lampu mati|165000
Lampu Backlit Sign di Gedung D Lantai 10 Zona Tengah saya netes terus karena udah tua dan sering overheat, jadi saya khawatir bakal rusak lebih parah|Lampu Backlit Sign di Gedung D Lantai 10 Zona Tengah mengalami overheat karena usia pakai|Lampu Backlit Sign|Gedung D|Lantai 10|Zona Tengah|Electrical|Ringan|Usia pakai|Overheat|122000
Lampu Backlit Sign di Gedung D Lantai 10 Zona Tengah rusak, overheat, perlu diperbaiki|Lampu Backlit Sign di Gedung D Lantai 10 Zona Tengah perlu diperbaiki karena overheat|Lampu Backlit Sign|Gedung D|Lantai 10|Zona Tengah|Electrical|Ringan|Usia pakai|Overheat|122000
Lampu Backlit Sign di Gedung D Lantai 10 Zona Tengah sedang mengalami masalah overheat yang disebabkan oleh usia pakai, sehingga perlu dilakukan perbaikan untuk menghindari kerusakan lebih lanjut|Lampu Backlit Sign di Gedung D Lantai 10 Zona Tengah perlu diperbaiki karena overheat|Lampu Backlit Sign|Gedung D|Lantai 10|Zona Tengah|Electrical|Ringan|Usia pakai|Overheat|122000
Lampu LED di gedung utama lantai 16 zona tengah mati total karena remote tidak berfungsi dan tegangan tidak stabil|Tegangan tidak stabil menyebabkan kerusakan pada remote|Lampu LED|Gedung Utama|16|Tengah|Electrical|Berat|Tegangan tidak stabil|Remote tidak berfungsi|7075000
Lampu LED di zona tengah lantai 16 gedung utama mengalami kerusakan pada remotenya dan tidak bisa digunakan karena tegangan listrik yang tidak stabil|Kerusakan remote dan tegangan tidak stabil|Lampu LED|Gedung Utama|16|Tengah|Electrical|Berat|Tegangan tidak stabil|Remote tidak berfungsi|7075000
Lampu downlight di gedung A lantai 10 zona barat mati total karena berkarat dan tegangan tidak stabil, sangat mengganggu|Lampu downlight rusak|Lampu Downlight|Gedung A|Lantai 10|Zona Barat|Electrical|Fatal|Tegangan tidak stabil|Berkarat/korosi|44312000
Lampu downlight zona barat lantai 10 gedung A jebol|Lampu downlight jebol|Lampu Downlight|Gedung A|Lantai 10|Zona Barat|Electrical|Fatal|Tegangan tidak stabil|Berkarat/korosi|44312000
Lampu downlight di gedung A lantai 10 zona barat mengalami kerusakan berat karena korosi dan tegangan listrik yang tidak stabil, perlu segera diperbaiki|Lampu downlight rusak berat|Lampu Downlight|Gedung A|Lantai 10|Zona Barat|Electrical|Fatal|Tegangan tidak stabil|Berkarat/korosi|44312000
Atap beton di Gedung B, Lantai 1, Zona Utara, retak parah karena overload, suara netes air terus menerus, agak berisik, mengganggu rutinitas|Atap beton retak karena overload|Atap Beton|Gedung B|Lantai 1|Zona Utara|Civil|Ringan|Overload|Retak/pecah|315000
Kerusakan atap beton di Gedung B, Lantai 1, Zona Utara, karena overload, menyebabkan retak, suara agak berisik, perlu perbaikan segera|Atap beton retak karena overload|Atap Beton|Gedung B|Lantai 1|Zona Utara|Civil|Ringan|Overload|Retak/pecah|315000
Paving Block di gedung parkir lantai 2 zona barat tiba-tiba mati mendadak karena human error, sangat mengganggu kegiatan sehari-hari|Laporan teknisi: Paving Block mati total|Paving Block|Gedung Parkir|Lantai 2|Zona Barat|Arsitektur|Berat|Human error|Mati mendadak|2945000
Paving Block di zona barat lantai 2 gedung parkir mengalami kerusakan parah karena human error, perlu perbaikan segera|Laporan teknisi: Paving Block mengalami kerusakan parah|Paving Block|Gedung Parkir|Lantai 2|Zona Barat|Arsitektur|Berat|Human error|Mati mendadak|2945000
APAR CO2 di Gedung C, Lantai 3, Zona Selatan mengalami kerusakan karena suara abnormal dan human error, perlu perbaikan segera dengan biaya Rp 2720000|Perlu pengecekan dan perbaikan segera|APAR CO2|Gedung C|Lantai 3|Zona Selatan|Sistem Pemadam Kebakaran|Berat|Human error|Bunyi abnormal|2720000
AC Split di Gedung Utama, Lantai 10, Zona Tengah mengalami kerusakan mati mendadak dikarenakan aus normal, sehingga perlu perbaikan untuk menghilangkan suara berisik yang mengganggu|Laporan teknisi tentang kerusakan AC Split|AC Split|Gedung Utama|10|Tengah|Mekanikal|Ringan|Aus normal|Mati mendadak|108000
Pemipaan air kotor di gedung A lantai 15 zona timur tidak berfungsi total karena getaran, membuat air netes terus menerus dan agak berisik|Pemipaan air kotor rusak total|Pemipaan Air Kotor|Gedung A|15|Timur|Plumbing|Ringan|Getaran|Tidak berfungsi total|318000
Pemipaan air kotor mati total di gedung A lantai 15 zona timur|Pemipaan air kotor rusak|Pemipaan Air Kotor|Gedung A|15|Timur|Plumbing|Ringan|Getaran|Tidak berfungsi total|318000
Pemipaan air kotor di gedung A lantai 15 zona timur mengalami kerusakan karena getaran, sehingga tidak berfungsi total dan menimbulkan suara berisik|Pemipaan air kotor rusak karena getaran|Pemipaan Air Kotor|Gedung A|15|Timur|Plumbing|Ringan|Getaran|Tidak berfungsi total|318000
Hydrant Box di Gedung B Lantai 5 Zona Tengah mengalami korsleting yang disebabkan oleh human error, sehingga perlu diperbaiki dengan biaya sebesar Rp 1168000|Perlu penanganan segera|Hydrant Box|Gedung B|Lantai 5|Zona Tengah|Sistem Pemadam Kebakaran|Sedang|Human error|Korsleting|1168000
Gedung A lantai 11 zona Utara Exhaust Fan-nya mati total bgt, gk tau dmn salahnya, tolong dong bantu perbaiki ya|Exhaust Fan KDK mengalami kerusakan berat akibat aus normal, perlu dilakukan penggantian komponen untuk mengembalikan fungsinya|R|KDK|Gedung A|11|Utara|Ventilasi Sistem|Berat|Aus normal|Tidak berfungsi total|1420000
Lapor, Exhaust Fan lt 11 Utara mati|Exhaust Fan KDK mengalami kerusakan berat akibat aus normal, perlu dilakukan penggantian komponen untuk mengembalikan fungsinya|Exhaust Fan|Gedung A|11|Utara|Ventilasi Sistem|Berat|Aus normal|Tidak berfungsi total|1420000
Saya ingin melaporkan bahwa Exhaust Fan di Gedung A lantai 11 zona Utara tidak berfungsi sama sekali, mohon bantu perbaiki secepatnya|Exhaust Fan KDK mengalami kerusakan berat akibat aus normal, perlu dilakukan penggantian komponen untuk mengembalikan fungsinya, biaya perbaikan sebesar Rp 1420000|Exhaust Fan|Gedung A|11|Utara|Ventilasi Sistem|Berat|Aus normal|Tidak berfungsi total|1420000
Tolong dong Kursi di Gedung Gedung B lantai 4 zona Utara rusak nih, bgt kotor dan berdebu, gk bisa dipake lagi|Perbaikan dilakukan dengan mengganti komponen yang rusak dan menstabilkan tegangan, sehingga getaran berlebihan dapat diatasi|Kursi|Gedung B|4|Utara|Arsitektur|Ringan|Tegangan tidak stabil|Getaran berlebihan|160000
Lapor, Kursi rusak di Gedung B lantai 4 Utara|Perbaikan berhasil dilakukan dengan mengatasi tegangan tidak stabil, biaya perbaikan sebesar Rp 160000|Kursi|Gedung B|4|Utara|Arsitektur|Ringan|Tegangan tidak stabil|Getaran berlebihan|160000
Mohon perhatian, Kursi di Gedung Gedung B lantai 4 zona Utara mengalami kerusakan, yaitu getaran berlebihan, sehingga perlu dilakukan perbaikan segera|Perbaikan telah dilaksanakan dengan mengganti komponen yang rusak dan menstabilkan tegangan, biaya perbaikan adalah Rp 160000|Kursi|Gedung B|4|Utara|Arsitektur|Ringan|Tegangan tidak stabil|Getaran berlebihan|160000
Tolong dong APAR CO2 di Gedung Gedung Utama lantai 10 zona Tengah rusak nih, gk nyala sama sekali bgt!|APAR CO2 mengalami aus normal, perlu dilakukan perbaikan dan penggantian komponen yang rusak|APAR CO2|Gedung Utama|10|Tengah|Sistem Pemadam Kebakaran|Berat|Aus normal|Aus/abrasi|2770000
Lapor. APAR CO2 lt 10 Tengah mati.|APAR CO2 mengalami kerusakan berat, perlu dilakukan perbaikan segera|APAR CO2|Gedung Utama|10|Tengah|Sistem Pemadam Kebakaran|Berat|Aus normal|Aus/abrasi|2770000
Mohon bantuan untuk memperbaiki APAR CO2 di Gedung Gedung Utama lantai 10 zona Tengah, karena sudah tidak nyala sama sekali.|APAR CO2 mengalami aus normal, perlu dilakukan perbaikan dan penggantian komponen yang rusak dengan biaya perbaikan sebesar Rp 2770000|APAR CO2|Gedung Utama|10|Tengah|Sistem Pemadam Kebakaran|Berat|Aus normal|Aus/abrasi|2770000
Tolong dong Urinal di Gedung Gedung E lantai 6 zona Barat rusak nih, netes air terus, gk tau dmn letak kerusakannya, bgt repot!|Kerusakan disebabkan kurang perawatan, perlu dilakukan perbaikan dan pembersihan secara menyeluruh|Urinal|Gedung E|6|Barat|Plumbing|Sedang|Kurang perawatan|Kebocoran|1930000
Lapor, Urinal Gedung E lantai 6 zona Barat bermasalah|Kerusakan disebabkan kurang perawatan, dilakukan perbaikan dan penggantian komponen yang rusak|Urinal|Gedung E|6|Barat|Plumbing|Sedang|Kurang perawatan|Kebocoran|1930000
Mohon perhatian, Urinal yang terletak di Gedung Gedung E, lantai 6, zona Barat mengalami kerusakan, yaitu netes air, mohon dilakukan perbaikan secepatnya|Kerusakan disebabkan kurang perawatan, perlu dilakukan perbaikan dan pembersihan, biaya perbaikan sebesar Rp 1930000|Urinal|Gedung E|6|Barat|Plumbing|Sedang|Kurang perawatan|Kebocoran|1930000
Tolong dong APAR Dry Powder Stored Pressure di Gedung Gedung B lantai 10 zona Barat rusak nih, gk tau dmn salahnya, tapi yg jelas bunyi pelan bgt|Kualitas material yang rendah menyebabkan korsleting, perlu dilakukan penggantian komponen untuk memperbaiki APAR Dry Powder Stored Pressure|APAR Dry Powder Stored Pressure|Gedung B|10|Barat|Sistem Pemadam Kebakaran|Ringan|Kualitas material|Korsleting|420000
Lapor, APAR Dry Powder Stored Pressure di lt 10 Barat rusak|Kualitas material yang buruk menyebabkan kerusakan, perlu dilakukan perbaikan segera|APAR Dry Powder Stored Pressure|Gedung B|10|Barat|Sistem Pemadam Kebakaran|Ringan|Kualitas material|Korsleting|420000
Mohon perhatian, APAR Dry Powder Stored Pressure di Gedung Gedung B lantai 10 zona Barat mengalami kerusakan ringan, bunyi pelan dan kotor, mohon dilakukan perbaikan secepatnya|Kualitas material yang tidak memadai menyebabkan korsleting, perlu dilakukan penggantian komponen dan pembersihan untuk memperbaiki APAR Dry Powder Stored Pressure|APAR Dry Powder Stored Pressure|Gedung B|10|Barat|Sistem Pemadam Kebakaran|Ringan|Kualitas material|Korsleting|420000
Tolong dong Electric Fire Pump di Gedung Gedung E lantai 1 zona Tengah rusak nih, bunyi abnormal bgt, gk tau dmn letak masalahnya, tolong bantu yg|Laporan teknisi: Electric Fire Pump di Gedung Gedung E lantai 1 zona Tengah mengalami gangguan karena Tegangan tidak stabil, tindakan perbaikan: pengecekan dan penggantian komponen yang rusak, biaya perbaikan Rp 200000|Electric Fire Pump|Gedung E|1|Tengah|Sistem Pemadam Kebakaran|Ringan|Tegangan tidak stabil|Bunyi abnormal|200000
Lapor, Electric Fire Pump lt 1 Tengah rusak|Laporan teknisi: Electric Fire Pump di Gedung Gedung E lantai 1 zona Tengah mengalami gangguan karena Tegangan tidak stabil, tindakan perbaikan: pengecekan dan penggantian komponen yang rusak|Electric Fire Pump|Gedung E|1|Tengah|Sistem Pemadam Kebakaran|Ringan|Tegangan tidak stabil|Bunyi abnormal|200000
Mohon bantuan untuk Electric Fire Pump di Gedung Gedung E lantai 1 zona Tengah yang mengalami bunyi abnormal, saya khawatir akan mengganggu operasional|Laporan teknisi: Electric Fire Pump di Gedung Gedung E lantai 1 zona Tengah mengalami gangguan karena Tegangan tidak stabil, tindakan perbaikan: pengecekan dan penggantian komponen yang rusak, biaya perbaikan Rp 200000|Electric Fire Pump|Gedung E|1|Tengah|Sistem Pemadam Kebakaran|Ringan|Tegangan tidak stabil|Bunyi abnormal|200000
Tolong dong Dinding Keramik/Mozaik di Gedung Gedung D lantai 5 zona Tengah rusak nih, gk tahu penyebabnya, tp yg jelas bunyi pelan banget!|Laporan teknisi: dinding keramik/mozaik mengalami korosi, dilakukan perbaikan dengan mengganti komponen yang rusak, biaya perbaikan Rp 200000|Dinding Keramik/Mozaik|Gedung D|5|Tengah|Civil|Ringan|Korosi|Korsleting|200000
Lapor, Dinding Keramik/Mozaik lt 5 Tengah rusak!|Laporan teknisi: korosi pada dinding keramik/mozaik, perbaikan dilakukan dengan mengganti komponen yang rusak|Dinding Keramik/Mozaik|Gedung D|5|Tengah|Civil|Ringan|Korosi|Korsleting|200000
Mohon bantu perbaiki Dinding Keramik/Mozaik di Gedung Gedung D lantai 5 zona Tengah, kondisinya kusam dan bunyi pelan, terima kasih|Laporan teknisi: dinding keramik/mozaik mengalami korosi, dilakukan perbaikan dengan mengganti komponen yang rusak|Dinding Keramik/Mozaik|Gedung D|5|Tengah|Civil|Ringan|Korosi|Korsleting|200000
Gak bisa pakai Smoke Detector di Gedung Gedung Servis lantai 2 zona Tengah, kedap-kedip bgt, tolong dong diperbaiki yg, dmn ada waktu?|Perbaikan dilakukan dengan mengganti komponen yang rusak akibat getaran, biaya perbaikan sebesar Rp 1690000|Smoke Detector|Gedung Servis|2|Tengah|Sistem Proteksi Kebakaran Aktif|Sedang|Getaran|Tampilan rusak|1690000
Lapor, Smoke Detector di lantai 2 Tengah rusak!|Perbaikan Smoke Detector dengan mengganti komponen yang rusak akibat getaran|Smoke Detector|Gedung Servis|2|Tengah|Sistem Proteksi Kebakaran Aktif|Sedang|Getaran|Tampilan rusak|1690000
Mohon bantuan untuk memperbaiki Smoke Detector di Gedung Gedung Servis lantai 2 zona Tengah, karena tampilannya rusak dan kedap-kedip, mohon diperiksa dan diperbaiki secepatnya|Perbaikan dilakukan dengan mengganti komponen yang rusak akibat getaran, biaya perbaikan akan dihitung setelah perbaikan selesai, perkiraan biaya perbaikan Rp 1690000|Smoke Detector|Gedung Servis|2|Tengah|Sistem Proteksi Kebakaran Aktif|Sedang|Getaran|Tampilan rusak|1690000
Tolong dong Siamese Connection di Gedung Gedung A lantai 15 zona Selatan rusak nih, gk tau dmn salahnya, bgt mogok, yg penting cepat diperbaiki!|Laporan teknisi: Siamese Connection mengalami kerusakan berat akibat aus normal, dilakukan perbaikan dengan mengganti komponen yang rusak, biaya perbaikan sebesar 3680000|Siamese Connection|Gedung A|15|Selatan|Sistem Pemadam Kebakaran|Berat|Aus normal|Retak/pecah|3680000
Lapor. Siamese Connection lt 15 Selatan mati total.|Laporan teknisi: Siamese Connection mengalami kerusakan berat, dilakukan perbaikan dengan mengganti komponen yang rusak, biaya perbaikan sebesar 3680000|Siamese Connection|Gedung A|15|Selatan|Sistem Pemadam Kebakaran|Berat|Aus normal|Retak/pecah|3680000
Mohon periksa Siamese Connection di Gedung Gedung A lantai 15 zona Selatan, karena telah mengalami kerusakan berat dan tidak dapat berfungsi dengan baik.|Laporan teknisi: Siamese Connection mengalami kerusakan berat akibat aus normal, dilakukan perbaikan dengan mengganti komponen yang rusak, untuk memulihkan fungsinya, biaya perbaikan sebesar 3680000|Siamese Connection|Gedung A|15|Selatan|Sistem Pemadam Kebakaran|Berat|Aus normal|Retak/pecah|3680000
Wastafel di Gedung Gedung Utama lantai 18 zona Barat bgt rusak nih, airnya bocor deras bgt, tolong dong cepat dicek yg, gk tau dmn letak kerusakannya!|Teknisi melakukan pengecekan dan perbaikan, ditemukan Aus normal pada koneksi, sehingga dilakukan penggantian koneksi|Wastafel|Gedung Utama|18|Barat|Plumbing|Fatal|Aus normal|Koneksi terputus|19680000
Lapor, Wastafel lt 18 Barat mati total!|Teknisi melakukan analisis kerusakan dan menemukan Aus normal, lalu melakukan perbaikan koneksi|Wastafel|Gedung Utama|18|Barat|Plumbing|Fatal|Aus normal|Koneksi terputus|19680000
Mohon perhatian, Wastafel di Gedung Gedung Utama lantai 18 zona Barat mengalami kerusakan parah, air bocor deras dan menyebabkan banjir, mohon segera dikirim teknisi untuk pengecekan dan perbaikan|Teknisi melakukan pengecekan menyeluruh dan menemukan Aus normal, melakukan perbaikan koneksi dan mengganti komponen yang rusak, biaya perbaikan sebesar Rp 19680000|Wastafel|Gedung Utama|18|Barat|Plumbing|Fatal|Aus normal|Koneksi terputus|19680000
Halo, Lampu LED Strip di Gedung Gedung Parkir lantai 4 zona Timur rusak nih, gk nyala bgt, tolong dong diperbaiki yg cepat, klo gk bisa diperbaiki bisa ganti yg baru, dmn saya harus menghubungi sih?|Lampu LED Strip mengalami Overheat karena Getaran, perlu dilakukan pembersihan dan pengecekan komponen, biaya perbaikan sebesar Rp 130000|Lampu LED Strip|Gedung Parkir|4|Timur|Electrical|Ringan|Getaran|Overheat|130000
Lapor, Lampu LED Strip di lantai 4 Timur gedung parkir rusak|Lampu LED Strip mengalami kerusakan karena Getaran, perlu dilakukan perbaikan dan penggantian komponen|Lampu LED Strip|Gedung Parkir|4|Timur|Electrical|Ringan|Getaran|Overheat|130000
Mohon perhatian, terdapat kerusakan pada Lampu LED Strip yang terletak di Gedung Gedung Parkir lantai 4 zona Timur, kondisinya tidak berfungsi dengan baik, mohon untuk segera diperbaiki|Lampu LED Strip mengalami Overheat karena Getaran, dilakukan pembersihan dan perbaikan, biaya perbaikan sebesar Rp 130000|Lampu LED Strip|Gedung Parkir|4|Timur|Electrical|Ringan|Getaran|Overheat|130000
Tolong dong Pintu Biasa Berdaun Tunggal di Gedung Gedung B lantai 9 zona Barat rusak bgt, nyetrum gk ya?|Pintu Biasa Berdaun Tunggal mengalami korsleting akibat kualitas material yang buruk, perlu dilakukan penggantian komponen|Pintu Biasa Berdaun Tunggal|Gedung B|9|Barat|Arsitektur|Fatal|Kualitas material|Korsleting|29560000
Lapor. Pintu Biasa Berdaun Tunggal lt 9 Barat terbakar|Pintu Biasa Berdaun Tunggal mengalami kerusakan fatal akibat kualitas material yang buruk, perlu dilakukan perbaikan segera|Pintu Biasa Berdaun Tunggal|Gedung B|9|Barat|Arsitektur|Fatal|Kualitas material|Korsleting|29560000
Mohon periksa Pintu Biasa Berdaun Tunggal di Gedung Gedung B lantai 9 zona Barat, karena terjadi korsleting yang menyebabkan nyetrum|Pintu Biasa Berdaun Tunggal mengalami kerusakan akibat kualitas material yang buruk, perlu dilakukan penggantian komponen dan perbaikan segera dengan biaya Rp 29560000|Pintu Biasa Berdaun Tunggal|Gedung B|9|Barat|Arsitektur|Fatal|Kualitas material|Korsleting|29560000
Tolong dong Plafon Gypsum / GRC di Gedung Gedung B lantai 2 zona Utara rusak bgt, gk tahu dmn salahnya, tp yg jelas plafonnya ambruk banget|Overload pada plafon GRC menyebabkan kerusakan fatal, perlu peninjauan ulang desain struktur dan pemasangan|Plafon Gypsum / GRC|Gedung B|2|Utara|Arsitektur|Fatal|Overload|Performa menurun|12220000
Lapor, Plafon Gypsum / GRC lt 2 Utara terbakar|Kerusakan plafon disebabkan oleh overload, perlu dilakukan pemeriksaan dan perbaikan segera|Plafon Gypsum / GRC|Gedung B|2|Utara|Arsitektur|Fatal|Overload|Performa menurun|12220000
Mohon bantuan, Plafon Gypsum / GRC di Gedung Gedung B lantai 2 zona Utara mengalami kerusakan yang sangat parah, nyetrum listrik dan bau gosong|Kerusakan plafon GRC disebabkan oleh overload, perlu dilakukan perbaikan dan penggantian komponen yang rusak segera, dengan biaya perbaikan sebesar|Plafon Gypsum / GRC|Gedung B|2|Utara|Arsitektur|Fatal|Overload|Performa menurun|12220000
Lampu LED Strip di Gedung Gedung Utama lantai 6 zona Utara nyetrum bgt, tolong dong cepat dicek yg bermasalah dmn|Laporan teknisi: Perbaikan dilakukan dengan mengganti komponen yang rusak akibat Tegangan tidak stabil, kemudian dilakukan pengetesan ulang untuk memastikan kinerja yang stabil|Lampu LED Strip|Gedung Gedung Utama|6|Utara|Electrical|Fatal|Tegangan tidak stabil|Korsleting|36110000
Lapor, Lampu LED Strip lt 6 Utara terbakar|Laporan teknisi: Perbaikan dilakukan dengan mengganti komponen yang rusak akibat Tegangan tidak stabil|Lampu LED Strip|Gedung Gedung Utama|6|Utara|Electrical|Fatal|Tegangan tidak stabil|Korsleting|36110000
Mohon bantuannya untuk memperbaiki Lampu LED Strip di Gedung Gedung Utama lantai 6 zona Utara, karena terjadi kejadian nyetrum yang sangat membahayakan|Laporan teknisi: Perbaikan dilakukan dengan mengganti komponen yang rusak akibat Tegangan tidak stabil, dengan biaya perbaikan sebesar Rp 36110000|Lampu LED Strip|Gedung Gedung Utama|6|Utara|Electrical|Fatal|Tegangan tidak stabil|Korsleting|36110000
Tolong dong Panel LSA Telepon di Gedung Gedung B lantai 10 zona Selatan rusak nih, bgt berisik banget dan remote gk berfungsi yg bikin kita gk bisa nelpon|Ditemukan kerusakan pada Panel LSA Telepon di Gedung Gedung B lantai 10 zona Selatan, kemungkinan disebabkan oleh Getaran, perlu dilakukan perbaikan untuk mengganti remote yang tidak berfungsi dengan biaya perbaikan sebesar Rp 1030000|Panel LSA Telepon|Gedung B|10|Selatan|Sistem Telekomunikasi Gedung|Sedang|Getaran|Remote tidak berfungsi|1030000
Lapor, Panel LSA Telepon di lantai 10 Selatan bermasalah|Ditemukan kerusakan pada Panel LSA Telepon di Gedung Gedung B lantai 10 zona Selatan, kemungkinan disebabkan oleh Getaran, perlu dilakukan perbaikan untuk mengganti remote yang tidak berfungsi|Panel LSA Telepon|Gedung B|10|Selatan|Sistem Telekomunikasi Gedung|Sedang|Getaran|Remote tidak berfungsi|1030000
Mohon perhatian, Panel LSA Telepon di Gedung Gedung B lantai 10 zona Selatan mengalami kerusakan pada remote yang tidak berfungsi, sehingga menyebabkan gangguan pada sistem telekomunikasi|Ditemukan kerusakan pada Panel LSA Telepon di Gedung Gedung B lantai 10 zona Selatan, kemungkinan disebabkan oleh Getaran, perlu dilakukan perbaikan untuk mengganti remote yang tidak berfungsi dengan biaya perbaikan sebesar Rp 1030000|Panel LSA Telepon|Gedung B|10|Selatan|Sistem Telekomunikasi Gedung|Sedang|Getaran|Remote tidak berfungsi|1030000
Lampu Neon Sign di Gedung Utama lantai 16 zona Barat rusak bgt, nyetrum, tolong dong bantu perbaiki, gk tahu dmn masalahnya|Laporan teknisi: perbaikan dilakukan dengan membersihkan Debu/kotoran dan mengganti komponen yang rusak, biaya perbaikan sebesar Rp 50000|Lampu Neon Sign|Gedung Utama|16|Barat|Electrical|Fatal|Debu/kotoran|Tampilan rusak|50000
Lapor, Lampu Neon Sign lt 16 Barat terbakar|Perbaikan dilakukan dengan mengganti komponen yang rusak dan membersihkan Debu/kotoran, tindakan perbaikan selesai dengan biaya Rp 50000|Lampu Neon Sign|Gedung Utama|16|Barat|Electrical|Fatal|Debu/kotoran|Tampilan rusak|50000
Mohon bantuan untuk memperbaiki Lampu Neon Sign di Gedung Utama lantai 16 zona Barat yang mengalami kerusakan fatal, nyetrum, dan tidak dapat digunakan|Laporan teknisi: dilakukan pembersihan Debu/kotoran, penggantian komponen yang rusak, dan perbaikan lainnya dengan biaya perbaikan sebesar Rp 50000|Lampu Neon Sign|Gedung Utama|16|Barat|Electrical|Fatal|Debu/kotoran|Tampilan rusak|50000
Tolong dong Smoke Detector di Gedung Gedung D lantai 11 zona Selatan rusak nih, bgt kotor dan berdebu, gk tau dmn letak masalahnya tapi yg jelas bunyi pelan bgt!|Debu/kotoran menyebabkan tekanan tidak stabil, perbaikan dilakukan dengan membersihkan komponen dan mengganti filter|Smoke Detector|Gedung D|11|Selatan|Sistem Proteksi Kebakaran Aktif|Ringan|Debu/kotoran|Tekanan tidak stabil|290000
Lapor, Smoke Detector di lt 11 Selatan rusak|Debu/kotoran menyebabkan tekanan tidak stabil, perbaikan dilakukan dengan membersihkan komponen dan mengganti filter|Smoke Detector|Gedung D|11|Selatan|Sistem Proteksi Kebakaran Aktif|Ringan|Debu/kotoran|Tekanan tidak stabil|290000
Saya ingin melaporkan bahwa Smoke Detector di Gedung Gedung D lantai 11 zona Selatan mengalami kerusakan ringan, yaitu kotor dan berdebu, sehingga menyebabkan tekanan tidak stabil|Debu/kotoran menyebabkan tekanan tidak stabil, perbaikan dilakukan dengan membersihkan komponen dan mengganti filter, biaya perbaikan sebesar Rp 290000|Smoke Detector|Gedung D|11|Selatan|Sistem Proteksi Kebakaran Aktif|Ringan|Debu/kotoran|Tekanan tidak stabil|290000
Tolong dong LAN (Local Area Network) di Gedung Gedung B lantai 8 zona Tengah rusak nih, gk tau kenapa, bgt mogok, dmn hrus lapor?|Ditemukan kerusakan pada LAN (Local Area Network) di Gedung Gedung B lantai 8 zona Tengah, disebabkan oleh Debu/kotoran, sehingga menyebabkan Performa menurun, dilakukan pembersihan dan perawatan untuk mengembalikan kondisi normal|LAN (Local Area Network)|Gedung B|8|Tengah|Sistem Telekomunikasi Gedung|Berat|Debu/kotoran|Performa menurun|7640000
Lapor. LAN (Local Area Network) lt 8 Tengah mati.|Kerusakan pada LAN (Local Area Network) di Gedung Gedung B lantai 8 zona Tengah disebabkan oleh Debu/kotoran, sehingga menyebabkan Performa menurun, perlu dilakukan perawatan dan pembersihan|LAN (Local Area Network)|Gedung B|8|Tengah|Sistem Telekomunikasi Gedung|Berat|Debu/kotoran|Performa menurun|7640000
Mohon bantuan untuk memperbaiki LAN (Local Area Network) di Gedung Gedung B lantai 8 zona Tengah, karena LAN tersebut mogok dan tidak berfungsi dengan baik.|Dilakukan analisis dan perbaikan pada LAN (Local Area Network) di Gedung Gedung B lantai 8 zona Tengah, ditemukan kerusakan akibat Debu/kotoran, sehingga menyebabkan Performa menurun, biaya perbaikan sebesar Rp 7640000|LAN (Local Area Network)|Gedung B|8|Tengah|Sistem Telekomunikasi Gedung|Berat|Debu/kotoran|Performa menurun|7640000
Genset Diesel di Gedung Gedung Parkir lantai 4 zona Barat rusak nih, bunyi berisik banget bgt, gk tau dmn letak kerusakannya, tolong dong cepat dicek|Kerusakan disebabkan oleh Human error, perlu dilakukan pengecekan dan perbaikan pada sistem pendingin untuk mengurangi getaran berlebihan|Genset Diesel|Gedung Gedung Parkir|4|Barat|Mechanical|Sedang|Human error|Getaran berlebihan|1460000
Lapor, Genset Diesel di lt 4 Barat bermasalah|Kerusakan akibat Human error, perlu perbaikan untuk mengatasi getaran berlebihan|Genset Diesel|Gedung Gedung Parkir|4|Barat|Mechanical|Sedang|Human error|Getaran berlebihan|1460000
Mohon bantuan untuk memperbaiki Genset Diesel yang berada di Gedung Gedung Parkir lantai 4 zona Barat, karena mengalami getaran berlebihan yang menyebabkan bunyi berisik|Perbaikan dilakukan dengan memperbaiki sistem pendingin yang rusak akibat Human error, biaya perbaikan sebesar Rp 1460000|Genset Diesel|Gedung Gedung Parkir|4|Barat|Mechanical|Sedang|Human error|Getaran berlebihan|1460000
Tolong dong Pemipaan Air Kotor di Gedung Gedung E lantai 1 zona Utara rusak bgt, gk tahu dmn salahnya, tp yg jelas patah dan mogok, bantu yaa!|Tegangan tidak stabil menyebabkan korsleting, dilakukan perbaikan dan penggantian komponen|Pemipaan Air Kotor|Gedung E|1|Utara|Plumbing|Berat|Tegangan tidak stabil|Korsleting|3170000
Lapor. Pemipaan Air Kotor lt 1 Utara mati.|Kerusakan disebabkan oleh Tegangan tidak stabil, perlu dilakukan perbaikan|Pemipaan Air Kotor|Gedung E|1|Utara|Plumbing|Berat|Tegangan tidak stabil|Korsleting|3170000
Pemipaan Air Kotor di Gedung Gedung E lantai 1 zona Utara mengalami kerusakan berat, yaitu mati total dan patah, mohon bantuan untuk perbaikan|Tegangan tidak stabil menyebabkan korsleting, perlu dilakukan penggantian komponen dan perbaikan, biaya perbaikan sebesar Rp 3170000|Pemipaan Air Kotor|Gedung E|1|Utara|Plumbing|Berat|Tegangan tidak stabil|Korsleting|3170000
Gue butuh bantuan, APAR Dry Powder Cartridge di Gedung Gedung D lantai 6 zona Utara mati total gk bisa dipake lagi, tolong dong!|APAR Dry Powder Cartridge mengalami kerusakan berat karena human error, perlu dilakukan perbaikan dengan mengganti komponen yang rusak|APAR Dry Powder Cartridge|Gedung D|6|Utara|Sistem Pemadam Kebakaran|Berat|Human error|Retak/pecah|1640000
Lapor. APAR Dry Powder Cartridge lt 6 Utara mati.|APAR Dry Powder Cartridge mengalami kerusakan akibat human error, perlu dilakukan perbaikan segera|APAR Dry Powder Cartridge|Gedung D|6|Utara|Sistem Pemadam Kebakaran|Berat|Human error|Retak/pecah|1640000
Mohon perhatian, APAR Dry Powder Cartridge di Gedung Gedung D lantai 6 zona Utara tidak berfungsi dengan baik, sehingga perlu dilakukan perbaikan secepatnya|APAR Dry Powder Cartridge mengalami kerusakan berat karena human error, perlu dilakukan tindakan perbaikan dengan mengganti komponen yang rusak, biaya perbaikan sebesar Rp 1640000|APAR Dry Powder Cartridge|Gedung D|6|Utara|Sistem Pemadam Kebakaran|Berat|Human error|Retak/pecah|1640000
Tolong dong APAR CO2 di Gedung Gedung E lantai 2 zona Barat rusak bgt, patah, gk bisa nyala sama sekali, tolong cepat bgt, yg bisa bantu?|Ditemukan kerusakan pada APAR CO2 di Gedung Gedung E lantai 2 zona Barat akibat korosi, dilakukan perbaikan dengan mengganti komponen yang rusak|APAR CO2|Gedung E|2|Barat|Sistem Pemadam Kebakaran|Berat|Korosi|Suhu tidak stabil|2970000
Lapor, APAR CO2 lt 2 Barat mati total|APAR CO2 di Gedung Gedung E lantai 2 zona Barat mengalami kerusakan akibat korosi, perlu dilakukan perbaikan segera|APAR CO2|Gedung E|2|Barat|Sistem Pemadam Kebakaran|Berat|Korosi|Suhu tidak stabil|2970000
Mohon bantuan untuk perbaikan APAR CO2 yang terletak di Gedung Gedung E lantai 2 zona Barat, karena APAR CO2 tersebut已经 tidak berfungsi dengan baik, yaitu mati total|Dilakukan inspeksi dan perbaikan pada APAR CO2 di Gedung Gedung E lantai 2 zona Barat, ditemukan kerusakan akibat korosi, biaya perbaikan sebesar Rp 2970000|APAR CO2|Gedung E|2|Barat|Sistem Pemadam Kebakaran|Berat|Korosi|Suhu tidak stabil|2970000
Tolong dong Rolling Door di Gedung Gedung Parkir lantai 2 zona Selatan rusak nih, gk tau knp tiba2 mati gitu, bgt berisik juga, tolong bantu yah|Rolling Door mengalami kerusakan karena kurang perawatan, perlu dilakukan pengecekan dan perbaikan untuk mengembalikan fungsi normal|Rolling Door|Gedung Gedung Parkir|2|Selatan|Arsitektur|Sedang|Kurang perawatan|Mati mendadak|1620000
Lapor, Rolling Door lt 2 Selatan mati|Rolling Door mengalami kerusakan karena kurang perawatan, perlu dilakukan pengecekan dan perbaikan untuk mengembalikan fungsi normal|Rolling Door|Gedung Gedung Parkir|2|Selatan|Arsitektur|Sedang|Kurang perawatan|Mati mendadak|1620000
Rolling Door di Gedung Gedung Parkir lantai 2 zona Selatan mengalami kerusakan, saya mohon bantuan untuk memperbaiki, karena Rolling Door tersebut sangat penting untuk keamanan dan kenyamanan|Rolling Door mengalami kerusakan karena kurang perawatan, perlu dilakukan pengecekan dan perbaikan untuk mengembalikan fungsi normal dengan biaya perbaikan sebesar Rp 1620000|Rolling Door|Gedung Gedung Parkir|2|Selatan|Arsitektur|Sedang|Kurang perawatan|Mati mendadak|1620000
Tolong dong Plafon Gypsum / GRC di Gedung Gedung B lantai 8 zona Barat rusak nih, bgt kotor dan kusam, gk tau dmn masalahnya|Perbaikan dilakukan dengan mengganti material yang berkualitas rendah, biaya perbaikan sebesar Rp 260000|Plafon Gypsum / GRC|Gedung B|8|Barat|Arsitektur|Ringan|Kualitas material|Retak/pecah|260000
Lapor, Plafon Gypsum / GRC lt 8 Barat rusak|Perlu peninjauan ulang kualitas material dan perbaikan yang tepat|Plafon Gypsum / GRC|Gedung B|8|Barat|Arsitektur|Ringan|Kualitas material|Retak/pecah|260000
Mohon perhatian, terdapat kerusakan pada Plafon Gypsum / GRC di Gedung Gedung B, lantai 8, zona Barat, kondisinya kusam dan berdebu|Perbaikan akan dilakukan dengan memperhatikan kualitas material dan melakukan tindakan yang tepat, biaya perbaikan akan ditentukan setelah peninjauan|Plafon Gypsum / GRC|Gedung B|8|Barat|Arsitektur|Ringan|Kualitas material|Retak/pecah|260000
Tolong dong Lampu LED Bulb di Gedung Gedung E lantai 6 zona Utara rusak bgt, gk nyala sama sekali, bau gosong, tolong bantu kita dmn bisa komplain?|Laporan teknisi: Lampu LED Bulb di Gedung Gedung E lantai 6 zona Utara rusak karena Debu/kotoran, dilakukan pembersihan dan penggantian komponen yang rusak|Lampu LED Bulb|Gedung E|6|Utara|Electrical|Fatal|Debu/kotoran|Lampu mati|27190000
Lapor, Lampu LED Bulb lt 6 Utara mati, bau gosong!|Laporan teknisi: Lampu LED Bulb di Gedung Gedung E lantai 6 zona Utara mengalami kerusakan karena Debu/kotoran, perlu dilakukan perbaikan segera|Lampu LED Bulb|Gedung E|6|Utara|Electrical|Fatal|Debu/kotoran|Lampu mati|27190000
Mohon bantuan, Lampu LED Bulb di Gedung Gedung E lantai 6 zona Utara tidak nyala, terdapat bau gosong, kemungkinan karena Debu/kotoran, tolong dilakukan pengecekan dan perbaikan|Laporan teknisi: Dilakukan pembersihan dan penggantian komponen yang rusak pada Lampu LED Bulb di Gedung Gedung E lantai 6 zona Utara, biaya perbaikan sebesar Rp 27190000|Lampu LED Bulb|Gedung E|6|Utara|Electrical|Fatal|Debu/kotoran|Lampu mati|27190000
Tolong dong Smoke Detector di Gedung Gedung Utama lantai 20 zona Timur rusak nih, bunyi pelan bgt, gk tau dmn salahnya|Perbaikan dilakukan dengan mengganti komponen yang rusak akibat Human error, biaya perbaikan sebesar Rp 530000|Smoke Detector|Gedung Utama|20|Timur|Sistem Proteksi Kebakaran Aktif|Ringan|Human error|Suhu tidak stabil|530000
Lapor, Smoke Detector lt 20 Timur bunyi pelan|Perbaikan berhasil dilakukan dengan mengganti komponen yang rusak, penyebabnya adalah Human error|Smoke Detector|Gedung Utama|20|Timur|Sistem Proteksi Kebakaran Aktif|Ringan|Human error|Suhu tidak stabil|530000
Smoke Detector di Gedung Gedung Utama lantai 20 zona Timur mengalami gangguan, suhu tidak stabil sehingga bunyi pelan|Perbaikan telah dilakukan dengan mengganti komponen yang rusak, kemungkinan disebabkan oleh Human error, biaya perbaikan Rp 530000|Smoke Detector|Gedung Utama|20|Timur|Sistem Proteksi Kebakaran Aktif|Ringan|Human error|Suhu tidak stabil|530000
Proyektor di Gedung Gedung B lantai 3 zona Tengah rusak bgt nih, gk tau dmn salahnya, tp kedap-kedip terus!|Laporan teknisi: Overload pada sistem proyektor, perlu dilakukan perbaikan dan penggantian komponen yang rusak|Proyektor|Gedung B|3|Tengah|Sistem Telekomunikasi Gedung|Sedang|Overload|Tampilan rusak|2240000
Lapor, Proyektor lt 3 Tengah rusak!|Laporan teknisi: Overload pada proyektor, dilakukan perbaikan dan penggantian komponen|Proyektor|Gedung B|3|Tengah|Sistem Telekomunikasi Gedung|Sedang|Overload|Tampilan rusak|2240000
Mohon bantuan, Proyektor di Gedung Gedung B lantai 3 zona Tengah mengalami kerusakan pada tampilan, sehingga tidak dapat digunakan dengan baik, mohon dicek dan diperbaiki secepatnya|Laporan teknisi: Overload pada sistem proyektor, perlu dilakukan perbaikan dan penggantian komponen yang rusak, dengan biaya perbaikan sebesar Rp 2240000|Proyektor|Gedung B|3|Tengah|Sistem Telekomunikasi Gedung|Sedang|Overload|Tampilan rusak|2240000
Tolong dong AC Split di Gedung Gedung A lantai 15 zona Timur rusak bgt, gk bisa nyala sama sekali, tolong bantu yg dmn|AC Split rusak karena debu/kotoran, perlu dibersihkan dan diperiksa|AC Split|Gedung Gedung A|15|Timur|Mechanical|Berat|Debu/kotoran|Overheat|8630000
Lapor. AC Split lt 15 Timur mati|AC Split mengalami overheat karena debu/kotoran, dilakukan pembersihan dan perawatan|AC Split|Gedung Gedung A|15|Timur|Mechanical|Berat|Debu/kotoran|Overheat|8630000
Mohon bantuan, AC Split di Gedung Gedung A lantai 15 zona Timur mengalami kerusakan, tidak bisa nyala sama sekali|AC Split rusak karena debu/kotoran, dilakukan pembersihan dan perawatan, biaya perbaikan sebesar Rp 8630000|AC Split|Gedung Gedung A|15|Timur|Mechanical|Berat|Debu/kotoran|Overheat|8630000
Tolong dong Pesawat Telepon di Gedung Gedung Servis lantai 1 zona Barat rusak bgt, gk bisa dipake, berisik banget, kedap-kedip terus!|Teknisi menemukan Tegangan tidak stabil, dilakukan perbaikan dengan mengganti komponen yang rusak dan penyetelan ulang sistem|Pesawat Telepon|Gedung Gedung Servis|1|Barat|Sistem Telekomunikasi Gedung|Sedang|Tegangan tidak stabil|Koneksi terputus|1020000
Lapor, Pesawat Telepon lt 1 zona Barat bermasalah|Teknisi melakukan analisis dan perbaikan dengan mengacu pada standar operasional yang berlaku, biaya perbaikan sebesar Rp 1020000|Pesawat Telepon|Gedung Gedung Servis|1|Barat|Sistem Telekomunikasi Gedung|Sedang|Tegangan tidak stabil|Koneksi terputus|1020000
Mohon bantuan untuk perbaikan Pesawat Telepon di Gedung Gedung Servis lantai 1 zona Barat, karena mengalami gangguan berupa koneksi terputus dan kedap-kedip|Teknisi melakukan pengecekan dan perbaikan sistem, dengan menemukan penyebab akar masalah adalah Tegangan tidak stabil, dan melakukan tindakan perbaikan yang sesuai|Pesawat Telepon|Gedung Gedung Servis|1|Barat|Sistem Telekomunikasi Gedung|Sedang|Tegangan tidak stabil|Koneksi terputus|1020000
Tolong dong APAR Dry Powder Stored Pressure di Gedung Gedung D lantai 4 zona Barat rusak bgt, gk bisa dipakai, meledak gitu!|APAR Dry Powder Stored Pressure mengalami kerusakan karena kelembaban tinggi, perlu dilakukan penggantian komponen yang rusak dan pengecekan rutin|APAR Dry Powder Stored Pressure|Gedung D|4|Barat|Sistem Pemadam Kebakaran|Fatal|Kelembaban tinggi|Macet/tersumbat|34880000
Lapor, APAR Dry Powder Stored Pressure di lt 4 Barat mati, kelembaban tinggi!|APAR Dry Powder Stored Pressure mengalami kerusakan karena kelembaban tinggi, perlu dilakukan penggantian komponen yang rusak|APAR Dry Powder Stored Pressure|Gedung D|4|Barat|Sistem Pemadam Kebakaran|Fatal|Kelembaban tinggi|Macet/tersumbat|34880000
Mohon bantuan, APAR Dry Powder Stored Pressure di Gedung Gedung D lantai 4 zona Barat mengalami kerusakan parah, terbakar dan tidak dapat digunakan, mohon dilakukan perbaikan segera|APAR Dry Powder Stored Pressure mengalami kerusakan karena kelembaban tinggi, perlu dilakukan penggantian komponen yang rusak dan pengecekan rutin, biaya perbaikan diperkirakan sebesar 34880000|APAR Dry Powder Stored Pressure|Gedung D|4|Barat|Sistem Pemadam Kebakaran|Fatal|Kelembaban tinggi|Macet/tersumbat|34880000
Tolong dong Monitor/Layar di Gedung Gedung A lantai 12 zona Timur rusak bgt, gk bisa nyala sama sekali, tolong bantu yg, dmn ada teknisi?|Teknisi menemukan kerusakan pada Monitor/Layar karena Debu/kotoran, dilakukan pembersihan dan penggantian komponen yang rusak|Monitor/Layar|Gedung A|12|Timur|Sistem Telekomunikasi Gedung|Berat|Debu/kotoran|Tidak berfungsi total|3070000
Lapor. Monitor/Layar lt 12 Timur mati.|Teknisi melakukan pengecekan dan perbaikan pada Monitor/Layar karena Debu/kotoran, biaya perbaikan sebesar Rp 3070000|Monitor/Layar|Gedung A|12|Timur|Sistem Telekomunikasi Gedung|Berat|Debu/kotoran|Tidak berfungsi total|3070000
Mohon bantuan untuk perbaikan Monitor/Layar di Gedung Gedung A lantai 12 zona Timur, karena tidak berfungsi total, mungkin karena Debu/kotoran|Teknisi telah melakukan perbaikan pada Monitor/Layar dengan membersihkan dan mengganti komponen yang rusak karena Debu/kotoran, biaya perbaikan Rp 3070000|Monitor/Layar|Gedung A|12|Timur|Sistem Telekomunikasi Gedung|Berat|Debu/kotoran|Tidak berfungsi total|3070000
Tolong dong AC Split di Gedung Gedung C lantai 1 zona Barat rusak nih, gk tau knp tiba2 mati gitu, bgt rusak bgt|Perbaikan dilakukan dengan mengganti komponen aus, kemudian dilakukan pengetesan untuk memastikan AC Split berfungsi normal kembali, biaya perbaikan sebesar Rp 180000|AC Split|Gedung C|1|Barat|Mechanical|Ringan|Aus normal|Mati mendadak|180000
Lapor, AC Split lt 1 Barat mati|Perbaikan telah dilakukan dengan mengganti komponen yang aus, biaya perbaikan sebesar Rp 180000|AC Split|Gedung C|1|Barat|Mechanical|Ringan|Aus normal|Mati mendadak|180000
Mohon perhatian, AC Split di Gedung Gedung C lantai 1 zona Barat mengalami kerusakan, sehingga perlu dilakukan perbaikan segera|Perbaikan telah dilakukan dengan mengganti komponen aus normal, dan telah dilakukan pengetesan untuk memastikan AC Split berfungsi normal kembali, biaya perbaikan sebesar Rp 180000|AC Split|Gedung C|1|Barat|Mechanical|Ringan|Aus normal|Mati mendadak|180000
Tolong dong Dinding Tembok/Mansonry di Gedung Gedung B lantai 2 zona Barat rusak nih, gk tau penyebabnya tapi bunyi pelan gitu, tolong bantu yg|Dinding Tembok/Mansonry mengalami kerusakan karena Faktor lingkungan, perlu dilakukan perbaikan dengan membersihkan dan mengganti komponen yang rusak, biaya perbaikan sebesar Rp 280000|Dinding Tembok/Mansonry|Gedung B|2|Barat|Civil|Ringan|Faktor lingkungan|Macet/tersumbat|280000
Lapor, Dinding Tembok/Mansonry lt 2 zona Barat kotor|Dinding Tembok/Mansonry mengalami kerusakan karena Faktor lingkungan, perlu dilakukan perbaikan dengan membersihkan dan mengganti komponen yang rusak|Dinding Tembok/Mansonry|Gedung B|2|Barat|Civil|Ringan|Faktor lingkungan|Macet/tersumbat|280000
Dengan hormat, saya melaporkan bahwa Dinding Tembok/Mansonry di Gedung Gedung B lantai 2 zona Barat mengalami kerusakan ringan, yaitu bunyi pelan dan kotor, mohon bantuannya|Dinding Tembok/Mansonry mengalami kerusakan karena Faktor lingkungan, perlu dilakukan perbaikan dengan membersihkan dan mengganti komponen yang rusak, biaya perbaikan sebesar Rp 280000|Dinding Tembok/Mansonry|Gedung B|2|Barat|Civil|Ringan|Faktor lingkungan|Macet/tersumbat|280000
Tolong dong Kran Air di Gedung Gedung Servis lantai 1 zona Selatan rusak nih, bunyi pelan bgt, gk tau dmn letak kerusakannya, tolong bantu perbaiki ya|Kran Air mengalami kerusakan karena Overload, perlu dilakukan perbaikan segera dengan mengganti komponen yang rusak|Kran Air|Gedung Servis|1|Selatan|Plumbing|Ringan|Overload|Mati mendadak|380000
Lapor, Kran Air lt 1 Selatan mati|Kran Air mengalami kerusakan karena Overload, perlu dilakukan perbaikan segera dengan mengganti komponen yang rusak|Kran Air|Gedung Servis|1|Selatan|Plumbing|Ringan|Overload|Mati mendadak|380000
Mohon periksa Kran Air di Gedung Gedung Servis lantai 1 zona Selatan karena mengalami kerusakan, bunyi pelan dan tidak berfungsi dengan baik|Kran Air mengalami kerusakan karena Overload, perlu dilakukan perbaikan segera dengan mengganti komponen yang rusak, biaya perbaikan sebesar Rp 380000|Kran Air|Gedung Servis|1|Selatan|Plumbing|Ringan|Overload|Mati mendadak|380000
Tolong dong Dinding Partisi, GRC / Gypsum di Gedung Gedung C lantai 4 zona Timur rusak bgt, kedap-kedip terus, gk tau dmn letak kerusakannya, tolong bantu yaa|Dinding Partisi, GRC / Gypsum mengalami kerusakan karena Human error, perlu dilakukan pengecekan dan perbaikan tekanan|Dinding Partisi, GRC / Gypsum|Gedung C|4|Timur|Civil|Sedang|Human error|Tekanan tidak stabil|1640000
Lapor, Dinding Partisi, GRC / Gypsum lt 4 Timur rusak|Dinding Partisi, GRC / Gypsum mengalami kerusakan karena Human error, perlu dilakukan pengecekan dan perbaikan tekanan|Dinding Partisi, GRC / Gypsum|Gedung C|4|Timur|Civil|Sedang|Human error|Tekanan tidak stabil|1640000
Mohon perhatian, Dinding Partisi, GRC / Gypsum di Gedung Gedung C lantai 4 zona Timur mengalami masalah tekanan tidak stabil, sehingga menyebabkan kerusakan, mohon dilakukan pengecekan dan perbaikan|Dinding Partisi, GRC / Gypsum mengalami kerusakan karena Human error, perlu dilakukan pengecekan dan perbaikan tekanan, dengan biaya perbaikan sebesar 1640000|Dinding Partisi, GRC / Gypsum|Gedung C|4|Timur|Civil|Sedang|Human error|Tekanan tidak stabil|1640000
Tolong dong Lantai Granit di Gedung Gedung Utama lantai 4 zona Utara rusak bgt, gk bisa dipake lagi, yg bingung dmn salahnya!|Lantai Granit mengalami kerusakan akibat aus normal, perlu dilakukan perbaikan dengan mengganti komponen yang rusak|Lantai Granit|Gedung Utama|4|Utara|Civil|Sedang|Aus normal|Tidak berfungsi total|1140000
Lapor, Lantai Granit lt 4 Utara rusak!|Lantai Granit mengalami kerusakan akibat aus normal, perlu dilakukan perbaikan|Lantai Granit|Gedung Utama|4|Utara|Civil|Sedang|Aus normal|Tidak berfungsi total|1140000
Mohon perhatian, Lantai Granit di Gedung Gedung Utama lantai 4 zona Utara mengalami kerusakan, sehingga tidak dapat berfungsi dengan baik|Lantai Granit mengalami kerusakan akibat aus normal, perlu dilakukan perbaikan dengan biaya Rp 1140000|Lantai Granit|Gedung Utama|4|Utara|Civil|Sedang|Aus normal|Tidak berfungsi total|1140000
Tolong dong Kursi di Gedung Gedung A lantai 5 zona Selatan rusak nih, gk tau dmn letak kerusakannya, tp yg jelas bunyi pelan bgt|Kerusakan pada Kursi di Gedung Gedung A lantai 5 zona Selatan disebabkan oleh Kualitas material yang buruk, perlu dilakukan perbaikan dengan mengganti komponen yang rusak|Kursi|Gedung A|5|Selatan|Arsitektur|Ringan|Kualitas material|Retak/pecah|210000
Lapor, Kursi rusak di lantai 5 Selatan|Kerusakan pada Kursi disebabkan oleh Kualitas material yang buruk, perlu dilakukan perbaikan|Kursi|Gedung A|5|Selatan|Arsitektur|Ringan|Kualitas material|Retak/pecah|210000
Mohon perhatian, Kursi di Gedung Gedung A lantai 5 zona Selatan mengalami kerusakan, terdapat bunyi pelan yang mengganggu, mohon dilakukan perbaikan secepatnya|Kerusakan pada Kursi disebabkan oleh Kualitas material yang buruk, perlu dilakukan perbaikan dengan mengganti komponen yang rusak, biaya perbaikan diperkirakan sebesar 210000|Kursi|Gedung A|5|Selatan|Arsitektur|Ringan|Kualitas material|Retak/pecah|210000
Tolong dong Latihan Balakar di Gedung Gedung Parkir lantai 3 zona Selatan rusak bgt, yg bermasalah ada getaran dan kedap-kedip terus, gk tau kenapa, tolong dicek dan diperbaiki|Getaran menyebabkan korsleting, perlu pengecekan dan penggantian komponen yang rusak|Latihan Balakar|Gedung Parkir|3|Selatan|Latihan Balakar|Sedang|Getaran|Korsleting|910000
Lapor, Latihan Balakar di lantai 3 Selatan rusak|Perlu diperiksa dan diperbaiki karena getaran yang menyebabkan korsleting|Latihan Balakar|Gedung Parkir|3|Selatan|Latihan Balakar|Sedang|Getaran|Korsleting|910000
Mohon bantuan untuk memperbaiki Latihan Balakar di Gedung Gedung Parkir lantai 3 zona Selatan, karena mengalami masalah getaran yang menyebabkan korsleting, sehingga perlu diperiksa dan diperbaiki secara teknis|Diperlukan pengecekan dan penggantian komponen yang rusak karena getaran, serta perbaikan untuk mengatasi korsleting, biaya perbaikan sebesar 910000|Latihan Balakar|Gedung Parkir|3|Selatan|Latihan Balakar|Sedang|Getaran|Korsleting|910000
Gw butuh bantuan, Wiring System (Sistem Instalasi Kabel) di Gedung Gedung D lantai 10 zona Utara bgt berisik banget gk tau dmn asalnya, tolong dong!|Laporan teknisi: Wiring System (Sistem Instalasi Kabel) mengalami kerusakan karena kurang perawatan, perlu dilakukan pembersihan dan penggantian komponen yang rusak|Wiring System (Sistem Instalasi Kabel)|Gedung D|10|Utara|Electrical|Sedang|Kurang perawatan|Retak/pecah|1320000
Lapor, Wiring System (Sistem Instalasi Kabel) lt 10 Utara kurang dingin!|Laporan teknisi: Kerusakan pada Wiring System (Sistem Instalasi Kabel) disebabkan oleh kurang perawatan, perlu dilakukan pengecekan dan perbaikan|Wiring System (Sistem Instalasi Kabel)|Gedung D|10|Utara|Electrical|Sedang|Kurang perawatan|Retak/pecah|1320000
Mohon bantuan, terdapat masalah pada Wiring System (Sistem Instalasi Kabel) di Gedung Gedung D lantai 10 zona Utara, yaitu mengalami kerusakan berupa retak/pecah yang menyebabkan kurang dingin, mohon dilakukan perbaikan segera|Laporan teknisi: Wiring System (Sistem Instalasi Kabel) mengalami kerusakan retak/pecah karena kurang perawatan, telah dilakukan perbaikan dengan biaya sebesar Rp 1320000|Wiring System (Sistem Instalasi Kabel)|Gedung D|10|Utara|Electrical|Sedang|Kurang perawatan|Retak/pecah|1320000
Tolong dong APAR CO2 di Gedung Gedung Parkir lantai 4 zona Timur rusak nih, gk tahu dmn letak salahnya, tp yg jelas kedap-kedip terus bgt|Perbaikan APAR CO2 dengan mengganti komponen yang rusak akibat kelembaban tinggi, serta melakukan kalibrasi ulang untuk memastikan performa optimal|APAR CO2|Gedung Gedung Parkir|4|Timur|Sistem Pemadam Kebakaran|Sedang|Kelembaban tinggi|Performa menurun|910000
Lapor, APAR CO2 lt 4 Timur bermasalah|Identifikasi kerusakan APAR CO2 akibat kelembaban tinggi, dilakukan perbaikan dan penggantian komponen yang rusak|APAR CO2|Gedung Gedung Parkir|4|Timur|Sistem Pemadam Kebakaran|Sedang|Kelembaban tinggi|Performa menurun|910000
Mohon periksa APAR CO2 di Gedung Gedung Parkir lantai 4 zona Timur, karena mengalami kedap-kedip terus, kemungkinan akibat kelembaban tinggi|Perbaikan APAR CO2 dengan memperbaiki komponen yang rusak dan mengoptimalkan performa, biaya perbaikan sebesar Rp 910000|APAR CO2|Gedung Gedung Parkir|4|Timur|Sistem Pemadam Kebakaran|Sedang|Kelembaban tinggi|Performa menurun|910000
Tolong dong Dinding Tembok/Mansonry di Gedung Gedung B lantai 6 zona Selatan rusak nih, gk tau kenapa bgt, tolong dicek yg|Korosi pada Dinding Tembok/Mansonry menyebabkan kerusakan, perlu dilakukan perawatan dan penggantian komponen yang rusak|Dinding Tembok/Mansonry|Gedung B|6|Selatan|Civil|Ringan|Korosi|Overheat|50000
Lapor, Dinding Tembok/Mansonry lt 6 Selatan kotor|Dinding Tembok/Mansonry mengalami korosi yang menyebabkan kerusakan, dilakukan pembersihan dan perawatan|Dinding Tembok/Mansonry|Gedung B|6|Selatan|Civil|Ringan|Korosi|Overheat|50000
Mohon bantuan, Dinding Tembok/Mansonry di Gedung Gedung B lantai 6 zona Selatan mengalami kerusakan, mohon dicek dan diperbaiki|Dinding Tembok/Mansonry mengalami korosi yang menyebabkan overheat, dilakukan perawatan dan penggantian komponen yang rusak dengan biaya perbaikan sebesar Rp 50000|Dinding Tembok/Mansonry|Gedung B|6|Selatan|Civil|Ringan|Korosi|Overheat|50000
Tolong dong Panel UPS di Gedung Gedung B lantai 4 zona Tengah kurang dingin bgt, gk tau knp, tolong bantu ya!|Usia pakai menyebabkan performa menurun, dilakukan perbaikan dan penggantian komponen|Panel UPS|Gedung B|4|Tengah|Electrical|Sedang|Usia pakai|Performa menurun|770000
Lapor, Panel UPS lt 4 Tengah bermasalah!|Usia pakai yang tinggi menyebabkan menurunnya performa, perlu perbaikan segera|Panel UPS|Gedung B|4|Tengah|Electrical|Sedang|Usia pakai|Performa menurun|770000
Mohon perhatian, Panel UPS di Gedung Gedung B lantai 4 zona Tengah mengalami gangguan, yaitu performa yang menurun|Diperlukan perbaikan karena usia pakai yang sudah lama, sehingga menyebabkan performa menurun, biaya perbaikan sebesar Rp 770000|Panel UPS|Gedung B|4|Tengah|Electrical|Sedang|Usia pakai|Performa menurun|770000
Tolong dong Lantai Parket / Parquet di Gedung Gedung E lantai 6 zona Utara rusak bgt, gk tau dmn letak kerusakannya, tp yg jelas berisik banget|Laporan teknisi: Korosi menyebabkan getaran berlebihan, perlu dilakukan perbaikan dengan mengganti komponen yang rusak|Lantai Parket / Parquet|Gedung E|6|Utara|Civil|Sedang|Korosi|Getaran berlebihan|700000
Lapor, Lantai Parket / Parquet lt 6 Utara bermasalah|Kerusakan disebabkan oleh korosi, perlu perbaikan segera|Lantai Parket / Parquet|Gedung E|6|Utara|Civil|Sedang|Korosi|Getaran berlebihan|700000
Mohon perhatian, terdapat kerusakan pada Lantai Parket / Parquet di Gedung Gedung E lantai 6 zona Utara, gejala yang terjadi adalah getaran berlebihan|Tindakan perbaikan: penggantian komponen yang rusak akibat korosi, biaya perbaikan sebesar Rp 700000|Lantai Parket / Parquet|Gedung E|6|Utara|Civil|Sedang|Korosi|Getaran berlebihan|700000
Tolong dong Lampu LED Strip di Gedung Gedung Utama lantai 8 zona Utara rusak nih, gk tau dmn letak masalahnya, tp yg jelas bunyi pelan bgt|Laporan teknisi: Human error menyebabkan sensor error, dilakukan perbaikan dengan mengganti komponen yang rusak|Lampu LED Strip|Gedung Utama|8|Utara|Electrical|Ringan|Human error|Sensor error|330000
Lapor, Lampu LED Strip lt 8 Utara rusak|Laporan teknisi: Kerusakan disebabkan oleh human error, dilakukan perbaikan dengan mengganti sensor yang rusak|Lampu LED Strip|Gedung Utama|8|Utara|Electrical|Ringan|Human error|Sensor error|330000
Mohon bantuan untuk memperbaiki Lampu LED Strip di Gedung Gedung Utama lantai 8 zona Utara, karena lampu tersebut mengalami kerusakan ringan dengan gejala bunyi pelan|Laporan teknisi: Human error menyebabkan sensor error, perbaikan dilakukan dengan mengganti komponen yang rusak, biaya perbaikan sebesar Rp 330000|Lampu LED Strip|Gedung Utama|8|Utara|Electrical|Ringan|Human error|Sensor error|330000
Hai, kamera CCTV di Gedung Gedung A lantai 13 zona Barat rusak nih, bgt berisik banget dan kedap-kedip terus, tolong dong cepat diperbaiki ya|Kamera CCTV mengalami kerusakan suhu tidak stabil akibat aus normal, dilakukan penggantian komponen yang rusak dan pengecekan sistem|Kamera CCTV|Gedung Gedung A|13|Zona Barat|Security Sistem|Sedang|Aus normal|Suhu tidak stabil|1360000
Lapor, kamera CCTV lt 13 zona Barat rusak|Kamera CCTV mengalami kerusakan suhu tidak stabil karena aus normal, perlu dilakukan perbaikan segera|Kamera CCTV|Gedung Gedung A|13|Zona Barat|Security Sistem|Sedang|Aus normal|Suhu tidak stabil|1360000
Mohon perhatian, kamera CCTV di Gedung Gedung A lantai 13 zona Barat mengalami gangguan teknis, yaitu suhu tidak stabil dan berisik, mohon dilakukan perbaikan secepatnya|Kamera CCTV mengalami kerusakan suhu tidak stabil karena aus normal, dilakukan perbaikan dan penggantian komponen yang rusak, biaya perbaikan sebesar Rp 1360000|Kamera CCTV|Gedung Gedung A|13|Zona Barat|Security Sistem|Sedang|Aus normal|Suhu tidak stabil|1360000
Tolong dong AC Split di Gedung Gedung Utama lantai 12 zona Tengah rusak nih, gk nyala sama sekali, bau gosong bgt, tolong cepat bantu perbaikin yg rusak dmn|Ditemukan kerusakan pada AC Split akibat usia pakai, dilakukan perbaikan dengan mengganti komponen yang rusak|AC Split|Gedung Utama|12|Tengah|Mechanical|Fatal|Usia pakai|Korsleting|25340000
Lapor, AC Split Gedung Utama lantai 12 zona Tengah terbakar|Dilakukan analisis root cause dan ditemukan bahwa kerusakan disebabkan oleh usia pakai, dilakukan perbaikan dengan biaya sebesar Rp 25340000|AC Split|Gedung Utama|12|Tengah|Mechanical|Fatal|Usia pakai|Korsleting|25340000
Mohon bantuan untuk memperbaiki AC Split di Gedung Gedung Utama lantai 12 zona Tengah, karena telah terjadi kebakaran dan tidak dapat digunakan, mohon segera ditangani oleh tim teknisi|Ditemukan kerusakan pada AC Split akibat usia pakai, dilakukan perbaikan dengan mengganti komponen yang rusak, biaya perbaikan sebesar Rp 25340000|AC Split|Gedung Utama|12|Tengah|Mechanical|Fatal|Usia pakai|Korsleting|25340000
Tolong dong DVR CCTV di Gedung Gedung Servis lantai 2 zona Tengah rusak bgt, remote gk nyala sama sekali, dmn bisa diperbaiki ya?|DVR CCTV mengalami kerusakan pada remote karena kualitas material yang kurang baik, perlu dilakukan perbaikan dan penggantian komponen|DVR CCTV|Gedung Servis|2|Tengah|Security Sistem|Sedang|Kualitas material|Remote tidak berfungsi|1070000
Lapor, DVR CCTV lt 2 Tengah bermasalah|DVR CCTV mengalami kerusakan pada remote karena kualitas material yang kurang baik, perlu dilakukan perbaikan dan penggantian komponen|DVR CCTV|Gedung Servis|2|Tengah|Security Sistem|Sedang|Kualitas material|Remote tidak berfungsi|1070000
Mohon bantuan untuk memperbaiki DVR CCTV di Gedung Servis lantai 2 zona Tengah, remote tidak berfungsi dengan baik, terima kasih|DVR CCTV mengalami kerusakan pada remote karena kualitas material yang kurang baik, perlu dilakukan perbaikan dan penggantian komponen dengan biaya perbaikan sebesar Rp 1070000|DVR CCTV|Gedung Servis|2|Tengah|Security Sistem|Sedang|Kualitas material|Remote tidak berfungsi|1070000
Tolong dong Plafon Gypsum / GRC di Gedung Gedung A lantai 13 zona Barat rusak nih, bgt kotor dan berdebu, gk tau dmn salahnya, yg penting dibenerin aja|Debu/kotoran menyebabkan kerusakan, perbaikan dengan membersihkan dan mengganti komponen yang rusak|Rangka Plafon Gypsum / GRC|Gedung A|13|Barat|Arsitektur|Ringan|Debu/kotoran|Retak/pecah|280000
Lapor, Plafon Gypsum / GRC lt 13 Barat rusak|Perbaikan dilakukan dengan membersihkan debu dan kotoran, serta mengganti komponen yang rusak|Plafon Gypsum / GRC|Gedung A|13|Barat|Arsitektur|Ringan|Debu/kotoran|Retak/pecah|280000
Mohon bantuan untuk memperbaiki Plafon Gypsum / GRC di Gedung Gedung A, lantai 13, zona Barat, karena terdapat kerusakan ringan berupa retak dan pecah, yang disebabkan oleh debu dan kotoran|Debu/kotoran menyebabkan kerusakan, perlu dibersihkan dan diperbaiki dengan mengganti komponen yang rusak, biaya perbaikan sebesar Rp 280000|Plafon Gypsum / GRC|Gedung A|13|Barat|Arsitektur|Ringan|Debu/kotoran|Retak/pecah|280000
Halo, saya mau lapor, AC Split di Gedung Gedung A lantai 7 zona Utara rusak bgt, yg benerin cepet dmn?|Diperlukan pembersihan Debu/kotoran dan perbaikan komponen, biaya perbaikan sebesar Rp 350000|AC Split|Gedung A|7|Utara|Mechanical|Ringan|Debu/kotoran|Lampu mati|350000
Lapor, AC Split lt 7 Utara mati|Diperlukan perbaikan dan pembersihan Debu/kotoran|AC Split|Gedung A|7|Utara|Mechanical|Ringan|Debu/kotoran|Lampu mati|350000
Saya ingin melaporkan bahwa AC Split di Gedung Gedung A, lantai 7, zona Utara mengalami kerusakan, kira-kira ada debu/kotoran, tolong dicek dan diperbaiki|Diperlukan tindakan pembersihan dan perbaikan Debu/kotoran, biaya perbaikan sebesar Rp 350000|AC Split|Gedung A|7|Utara|Mechanical|Ringan|Debu/kotoran|Lampu mati|350000
Tolong dong Jet Shower di Gedung Gedung C lantai 1 zona Barat rusak nih, gk bisa dipake bgt, tolong dicek yg, dmn permasalahannya|Jet Shower mengalami kebocoran karena usia pakai, perlu dilakukan perbaikan dengan mengganti spare part yang rusak, biaya perbaikan sebesar Rp 5180000|Jet Shower|Gedung C|1|Barat|Plumbing|Berat|Usia pakai|Kebocoran|5180000
Lapor. Jet Shower lt 1 Barat mati.|Jet Shower mengalami kebocoran karena usia pakai, perlu dilakukan perbaikan dengan mengganti spare part yang rusak|Jet Shower|Gedung C|1|Barat|Plumbing|Berat|Usia pakai|Kebocoran|5180000
Jet Shower di Gedung Gedung C lantai 1 zona Barat mengalami kebocoran, tolong dilakukan perbaikan secepatnya|Jet Shower mengalami kebocoran karena usia pakai, perlu dilakukan perbaikan dengan mengganti spare part yang rusak, biaya perbaikan sebesar Rp 5180000|Jet Shower|Gedung C|1|Barat|Plumbing|Berat|Usia pakai|Kebocoran|5180000
Dinding Tembok/Mansonry di Gedung Gedung Servis lantai 1 zona Barat rusak nih, bgt, yg bikin lampu mati, tolong dong!|Laporan teknisi: Getaran menyebabkan kerusakan, perbaikan dilakukan dengan memperkuat struktur dan mengganti komponen yang rusak, biaya perbaikan sebesar Rp 220000|Dinding Tembok/Mansonry|Gedung Servis|1|Barat|Civil|Ringan|Getaran|Lampu mati|220000
Lapor, Dinding Tembok/Mansonry lt 1 Barat mati|Getaran menyebabkan kerusakan, dilakukan perbaikan|Dinding Tembok/Mansonry|Gedung Servis|1|Barat|Civil|Ringan|Getaran|Lampu mati|220000
Mohon periksa Dinding Tembok/Mansonry di Gedung Gedung Servis, lantai 1, zona Barat, karena terdapat kerusakan yang menyebabkan lampu mati, mohon segera diperbaiki|Laporan teknisi: Kerusakan disebabkan oleh Getaran, perbaikan telah dilakukan dengan mengganti komponen yang rusak, biaya perbaikan Rp 220000|Dinding Tembok/Mansonry|Gedung Servis|1|Barat|Civil|Ringan|Getaran|Lampu mati|220000
Tolong dong Genset Bensin di Gedung Gedung E lantai 1 zona Timur rusak nih, bgt berisik banget dan netes air, gk tau apa penyebabnya, yg penting dibenerin dmn|Laporan teknisi: kerusakan disebabkan kurang perawatan, dilakukan pembersihan dan penggantian komponen yang rusak|Genset Bensin|Gedung E|1|Timur|Mechanical|Sedang|Kurang perawatan|Berkarat/korosi|1040000
Lapor, Genset Bensin lt 1 Timur rusak|Laporan teknisi: kerusakan disebabkan kurang perawatan, dilakukan pembersihan dan penggantian komponen yang rusak, dengan biaya perbaikan sebesar Rp 1040000|Genset Bensin|Gedung E|1|Timur|Mechanical|Sedang|Kurang perawatan|Berkarat/korosi|1040000
Mohon periksa Genset Bensin di Gedung Gedung E lantai 1 zona Timur, karena mengalami kerusakan yang menyebabkan netes air dan berisik, sehingga memerlukan perbaikan segera|Laporan teknisi: kerusakan disebabkan kurang perawatan, dilakukan pembersihan dan penggantian komponen yang rusak, dengan biaya perbaikan|Genset Bensin|Gedung E|1|Timur|Mechanical|Sedang|Kurang perawatan|Berkarat/korosi|1040000
Halo, MDP di Gedung Gedung E lantai 2 zona Selatan rusak bgt, dmn ada suara berisik banget, yg bikin gk nyaman, tolong dong diperbaiki secepatnya!|Teknisi menemukan debu/kotoran yang menyebabkan kerusakan, dilakukan pembersihan dan perbaikan, biaya perbaikan Rp 1380000|MDP|Gedung E|2|Selatan|Electrical|Sedang|Debu/kotoran|Tampilan rusak|1380000
Lapor, MDP lt 2 Selatan rusak|Teknisi melakukan inspeksi dan menemukan debu/kotoran sebagai penyebab kerusakan, dilakukan perbaikan dan pembersihan|MDP|Gedung E|2|Selatan|Electrical|Sedang|Debu/kotoran|Tampilan rusak|1380000
Mohon perbaikan MDP di Gedung Gedung E lantai 2 zona Selatan, karena terdapat kerusakan pada tampilan yang disebabkan oleh debu/kotoran, teknisi akan melakukan perbaikan dan pembersihan|Teknisi akan melakukan perbaikan dan pembersihan untuk menghilangkan debu/kotoran, biaya perbaikan akan ditentukan setelah perbaikan selesai|MDP|Gedung E|2|Selatan|Electrical|Sedang|Debu/kotoran|Tampilan rusak|1380000
Tolong dong Pesawat Telepon di Gedung Gedung Utama lantai 10 zona Utara rusak nih, bunyi pelan bgt, gk tau knp, tolong dicek yg, dmn permasalahannya|Perbaikan dilakukan dengan memperbarui sistem pendingin dan membersihkan komponen yang kotor akibat faktor lingkungan, biaya perbaikan sebesar Rp 310000|Pesawat Telepon|Gedung Utama|10|Utara|Sistem Telekomunikasi Gedung|Ringan|Faktor lingkungan|Overheat|310000
Lapor, Pesawat Telepon lt 10 Utara bermasalah|Perbaikan dilakukan dengan mengganti komponen yang rusak dan membersihkan sistem, kemungkinan disebabkan oleh faktor lingkungan|Pesawat Telepon|Gedung Utama|10|Utara|Sistem Telekomunikasi Gedung|Ringan|Faktor lingkungan|Overheat|310000
Mohon bantuan, Pesawat Telepon di Gedung Gedung Utama lantai 10 zona Utara mengalami kerusakan, tombol agak keras dan bunyi pelan, mohon dicek dan diperbaiki|Perbaikan dilakukan dengan memeriksa dan mengganti komponen yang rusak, serta membersihkan sistem yang kotor akibat faktor lingkungan, biaya perbaikan Rp 310000|Pesawat Telepon|Gedung Utama|10|Utara|Sistem Telekomunikasi Gedung|Ringan|Faktor lingkungan|Overheat|310000
Tolong dong Jockey Pump di Gedung Gedung Utama lantai 17 zona Utara rusak nih, bgt kotor dan berdebu, gk tau kenapa, yg penting dibenerin dmn cepat!|Ditemukan kerusakan pada Jockey Pump di Gedung Utama lantai 17 zona Utara, penyebabnya adalah Debu/kotoran yang menyebabkan korsleting, dilakukan pembersihan dan perbaikan, biaya perbaikan sebesar Rp 50000|Jockey Pump|Gedung Utama|17|Utara|Sistem Pemadam Kebakaran|Ringan|Debu/kotoran|Korsleting|50000
Lapor, Jockey Pump lt 17 Utara bermasalah!|Dilakukan inspeksi dan perbaikan pada Jockey Pump, ditemukan kerusakan karena Debu/kotoran, telah dilakukan pembersihan dan perbaikan, biaya perbaikan Rp 50000|Jockey Pump|Gedung Utama|17|Utara|Sistem Pemadam Kebakaran|Ringan|Debu/kotoran|Korsleting|50000
Mohon perhatian, Jockey Pump di Gedung Utama lantai 17 zona Utara mengalami kerusakan, gejala yang terjadi adalah kotor dan berdebu, mohon untuk dilakukan perbaikan secepatnya|Ditemukan kerusakan pada Jockey Pump di Gedung Utama lantai 17 zona Utara, penyebabnya adalah Debu/kotoran yang menyebabkan korsleting, dilakukan pembersihan dan perbaikan, biaya perbaikan sebesar Rp 50000|Jockey Pump|Gedung Utama|17|Utara|Sistem Pemadam Kebakaran|Ringan|Debu/kotoran|Korsleting|50000
Tolong dong Automatic Transfer Switch (ATS Panel) di Gedung Gedung Utama lantai 4 zona Timur rusak nih,gk bisa jalan bgt,perlu diperbaiki segera|Perbaikan ATS Panel karena kualitas material yang buruk,perlu dilakukan penggantian komponen yang rusak|Automatic Transfer Switch (ATS Panel)|Gedung Utama|4|Timur|Electrical|Sedang|Kualitas material|Macet/tersumbat|810000
Lapor. Automatic Transfer Switch (ATS Panel) lt 4 Timur bermasalah|Perbaikan ATS Panel karena kualitas material yang buruk,perlu dilakukan penggantian komponen yang rusak|Automatic Transfer Switch (ATS Panel)|Gedung Utama|4|Timur|Electrical|Sedang|Kualitas material|Macet/tersumbat|810000
Mohon periksa Automatic Transfer Switch (ATS Panel) di Gedung Gedung Utama lantai 4 zona Timur,karena mengalami kerusakan yang mengganggu operasional|Perbaikan ATS Panel karena kualitas material yang buruk,perlu dilakukan penggantian komponen yang rusak dengan biaya Rp 810000|Automatic Transfer Switch (ATS Panel)|Gedung Utama|4|Timur|Electrical|Sedang|Kualitas material|Macet/tersumbat|810000
Hai, saya mau lapor, Pesawat Telepon di Gedung Gedung B lantai 8 zona Utara rusak nih, tombolnya agak keras gitu, bgt rusak ya?|Perbaikan dilakukan dengan mengganti komponen yang rusak, penanganan berkualitas rendah, perlu peningkatan material|Pesawat Telepon|Gedung B|8|Utara|Sistem Telekomunikasi Gedung|Ringan|Kualitas material|Remote tidak berfungsi|170000
Lapor, Pesawat Telepon lt 8 Utara bermasalah|Penanganan perlu peningkatan kualitas material|Pesawat Telepon|Gedung B|8|Utara|Sistem Telekomunikasi Gedung|Ringan|Kualitas material|Remote tidak berfungsi|170000
Saya ingin melaporkan ada kerusakan pada Pesawat Telepon di Gedung Gedung B, lantai 8, zona Utara, kondisinya agak kusam dan_remote tidak berfungsi dengan baik|Diperlukan perbaikan segera dengan peningkatan kualitas material yang tepat|Pesawat Telepon|Gedung B|8|Utara|Sistem Telekomunikasi Gedung|Ringan|Kualitas material|Remote tidak berfungsi|170000
Tolong dong Pintu Kayu/HPL di Gedung Gedung D lantai 8 zona Tengah rusak bgt, gk bisa dibuka dmn yg bener, bgt berisik banget!|Debu/kotoran menyebabkan aus/abrasi, perlu dibersihkan dan diolesi|Pintu Kayu/HPL|Gedung D|8|Tengah|Arsitektur|Sedang|Debu/kotoran|Aus/abrasi|780000
Lapor, Pintu Kayu/HPL lt 8 Tengah rusak, berisik banget!|Perbaikan dilakukan dengan membersihkan debu/kotoran dan mengganti komponen yang aus|Pintu Kayu/HPL|Gedung D|8|Tengah|Arsitektur|Sedang|Debu/kotoran|Aus/abrasi|780000
Mohon perhatian, Pintu Kayu/HPL di Gedung Gedung D lantai 8 zona Tengah mengalami kerusakan, menimbulkan suara berisik|Kerusakan disebabkan oleh debu/kotoran, perlu dilakukan pembersihan dan perawatan, biaya perbaikan sebesar Rp 780000|Pintu Kayu/HPL|Gedung D|8|Tengah|Arsitektur|Sedang|Debu/kotoran|Aus/abrasi|780000
Tolong dong PABX di Gedung Gedung Utama lantai 6 zona Barat rusak bgt, gk tau dmn yg salah, tp remote gk berfungsi, bau gosong keluar, nyetrum|Kerusakan akibat kurang perawatan, perlu dilakukan pembersihan dan pengecekan ulang, biaya perbaikan sebesar Rp 28070000|PABX|Gedung Utama|6|Barat|Sistem Telekomunikasi Gedung|Fatal|Kurang perawatan|Remote tidak berfungsi|28070000
Lapor, PABX lt 6 Barat mati, terbakar|Kerusakan parah, perlu penanganan segera, kurang perawatan menjadi penyebab utama, biaya perbaikan sebesar Rp 28070000|PABX|Gedung Utama|6|Barat|Sistem Telekomunikasi Gedung|Fatal|Kurang perawatan|Remote tidak berfungsi|28070000
Mohon perhatian, PABX di Gedung Gedung Utama lantai 6 zona Barat mengalami kerusakan, remote tidak berfungsi, terdapat bau gosong, perlu penanganan segera|Kerusakan disebabkan kurang perawatan, perlu dilakukan perawatan rutin, biaya perbaikan sebesar Rp 28070000|PABX|Gedung Utama|6|Barat|Sistem Telekomunikasi Gedung|Fatal|Kurang perawatan|Remote tidak berfungsi|28070000
Tolong dong Lampu Downlight di Gedung Gedung A lantai 13 zona Utara rusak nih, remote gk berfungsi bgt, tolong dmn yg bisa bantu?|Lampu Downlight mengalami kerusakan remote karena kelembaban tinggi, dilakukan perbaikan dengan mengganti remote baru|Lampu Downlight|Gedung A|13|Utara|Electrical|Ringan|Kelembaban tinggi|Remote tidak berfungsi|470000
Lapor, Lampu Downlight lt 13 Utara rusak|Lampu Downlight mengalami kerusakan remote karena kelembaban tinggi, dilakukan perbaikan dengan mengganti remote baru|Lampu Downlight|Gedung A|13|Utara|Electrical|Ringan|Kelembaban tinggi|Remote tidak berfungsi|470000
Saya ingin melaporkan bahwa Lampu Downlight di Gedung Gedung A lantai 13 zona Utara mengalami kerusakan, remote tidak berfungsi|Lampu Downlight mengalami kerusakan remote karena kelembaban tinggi, dilakukan perbaikan dengan mengganti remote baru|Lampu Downlight|Gedung A|13|Utara|Electrical|Ringan|Kelembaban tinggi|Remote tidak berfungsi|470000
Tolong dong APAR CO2 di Gedung Gedung C lantai 7 zona Tengah rusak bgt, dmn yg benerin ya?|Laporan teknisi: APAR CO2 mengalami kerusakan pada remote karena faktor lingkungan, perlu dilakukan perbaikan dengan mengganti komponen yang rusak|APAR CO2|Gedung C|7|Tengah|Sistem Pemadam Kebakaran|Fatal|Faktor lingkungan|Remote tidak berfungsi|11770000
Lapor, APAR CO2 lt 7 Tengah mati total|Laporan teknisi: APAR CO2 mengalami kerusakan karena faktor lingkungan, perlu dilakukan perbaikan|APAR CO2|Gedung C|7|Tengah|Sistem Pemadam Kebakaran|Fatal|Faktor lingkungan|Remote tidak berfungsi|11770000
APAR CO2 di Gedung Gedung C lantai 7 zona Tengah mengalami kerusakan yang sangat parah, saya mohon bantuan untuk segera memperbaiki|Laporan teknisi: APAR CO2 mengalami kerusakan pada sistem remote karena faktor lingkungan, perlu dilakukan perbaikan dengan segera|APAR CO2|Gedung C|7|Tengah|Sistem Pemadam Kebakaran|Fatal|Faktor lingkungan|Remote tidak berfungsi|11770000
Tolong dong APAR CO2 di Gedung Gedung A lantai 9 zona Selatan rusak bgt, gk tau dmn letak kerusakannya, tapi kedap-kedip terus, bgt yg, tolong dicek|Teknisi menemukan bahwa kerusakan disebabkan oleh human error, melakukan perbaikan dengan mengganti komponen yang rusak dan melakukan kalibrasi ulang, biaya perbaikan sebesar Rp 1400000|APAR CO2|Gedung A|9|Selatan|Sistem Pemadam Kebakaran|Sedang|Human error|Suhu tidak stabil|1400000
Lapor, APAR CO2 di Gedung A lantai 9 zona Selatan error terus|Teknisi melakukan perbaikan dengan mengganti komponen yang rusak dan melakukan kalibrasi ulang, kerusakan disebabkan oleh human error|APAR CO2|Gedung A|9|Selatan|Sistem Pemadam Kebakaran|Sedang|Human error|Suhu tidak stabil|1400000
Mohon bantuan untuk memperbaiki APAR CO2 di Gedung Gedung A lantai 9 zona Selatan, karena APAR CO2 tersebut kurang dingin dan kedap-kedip, sehingga menyebabkan gangguan|Teknisi menemukan bahwa kerusakan disebabkan oleh human error, melakukan perbaikan dengan mengganti komponen yang rusak dan melakukan kalibrasi ulang, biaya perbaikan sebesar Rp 1400000|APAR CO2|Gedung A|9|Selatan|Sistem Pemadam Kebakaran|Sedang|Human error|Suhu tidak stabil|1400000
Tolong dong Dinding Tembok/Mansonry di Gedung Gedung B lantai 10 zona Tengah rusak nih, gk tahu dmn letak kerusakannya, bgt|Kerusakan disebabkan oleh Korosi, perlu dilakukan perbaikan dengan mengganti komponen yang rusak|Dinding Tembok/Mansonry|Gedung B|10|Tengah|Civil|Ringan|Korosi|Aus/abrasi|340000
Lapor, Dinding Tembok/Mansonry lt 10 Tengah rusak|Kerusakan ringan akibat Korosi, perlu perbaikan|Dinding Tembok/Mansonry|Gedung B|10|Tengah|Civil|Ringan|Korosi|Aus/abrasi|340000
Dengan hormat, saya melaporkan bahwa Dinding Tembok/Mansonry di Gedung Gedung B lantai 10 zona Tengah mengalami kerusakan, yaitu aus/abrasi|Kerusakan disebabkan oleh Korosi, dilakukan perbaikan dengan mengganti komponen yang rusak, biaya perbaikan sebesar Rp 340000|Dinding Tembok/Mansonry|Gedung B|10|Tengah|Civil|Ringan|Korosi|Aus/abrasi|340000
Tolong dong Pemipaan Air Bersih di Gedung Gedung B lantai 5 zona Timur rusak bgt, gk nyala sama sekali, bgt butuh bantuan yg cepat dmn bisa diatasi secepatnya|Ditemukan kerusakan pada Pemipaan Air Bersih di Gedung Gedung B lantai 5 zona Timur karena Getaran, dilakukan perbaikan dengan mengganti komponen yang rusak|Pemipaan Air Bersih|Gedung B|5|Timur|Plumbing|Berat|Getaran|Lampu mati|8590000
Lapor, Pemipaan Air Bersih lt 5 Timur mati total|Dilakukan analisis kerusakan Pemipaan Air Bersih di Gedung Gedung B lantai 5 zona Timur karena Getaran, kemudian dilakukan perbaikan|Pemipaan Air Bersih|Gedung B|5|Timur|Plumbing|Berat|Getaran|Lampu mati|8590000
Mohon bantuan untuk perbaikan Pemipaan Air Bersih di Gedung Gedung B lantai 5 zona Timur, karena lampunya mati total dan sangat dibutuhkan|Diperlukan tindakan perbaikan Pemipaan Air Bersih di Gedung Gedung B lantai 5 zona Timur akibat Getaran, dengan biaya perbaikan sebesar Rp 8590000|Pemipaan Air Bersih|Gedung B|5|Timur|Plumbing|Berat|Getaran|Lampu mati|8590000
Tolong dong Kamera CCTV di Gedung Gedung Utama lantai 17 zona Timur rusak bgt, gk nyala sama sekali, jebol, tolong bantu dmn cari teknisinya yg bisa perbaiki|Kamera CCTV mengalami overload sehingga mengakibatkan retak/pecah, perbaikan dilakukan dengan mengganti komponen yang rusak dan memastikan sistem bekerja dengan baik, biaya perbaikan sebesar Rp 7890000|Kamera CCTV|Gedung Utama|17|Timur|Security Sistem|Berat|Overload|Retak/pecah|7890000
Lapor, Kamera CCTV lt 17 Timur mati|Kamera CCTV mengalami kerusakan akibat overload, perlu dilakukan perbaikan dengan mengganti komponen yang rusak|Kamera CCTV|Gedung Utama|17|Timur|Security Sistem|Berat|Overload|Retak/pecah|7890000
Mohon bantuan, Kamera CCTV di Gedung Gedung Utama lantai 17 zona Timur tidak berfungsi dengan baik, saya mohon teknisi segera memeriksa dan memperbaiki|Kamera CCTV mengalami overload yang menyebabkan retak/pecah, perbaikan dilakukan dengan mengganti komponen yang rusak, memastikan sistem bekerja dengan baik, biaya perbaikan sebesar Rp 7890000|Kamera CCTV|Gedung Utama|17|Timur|Security Sistem|Berat|Overload|Retak/pecah|7890000
Tolong dong Dinding GRC di Gedung Gedung A lantai 15 zona Selatan rusak nih, gk tau dmn letak kerusakannya, tp yg jelas bunyi pelan bgt|Dinding GRC mengalami tekanan tidak stabil karena human error, perlu dilakukan penyesuaian ulang untuk menghindari kerusakan lebih lanjut, biaya perbaikan sebesar Rp 250000|Dinding GRC|Gedung A|15|Selatan|Civil|Ringan|Human error|Tekanan tidak stabil|250000
Lapor, Dinding GRC lt 15 Selatan rusak|Dinding GRC mengalami kerusakan karena human error, perlu dilakukan perbaikan segera|Dinding GRC|Gedung A|15|Selatan|Civil|Ringan|Human error|Tekanan tidak stabil|250000
Dengan hormat, saya melaporkan bahwa Dinding GRC di Gedung Gedung A lantai 15 zona Selatan mengalami kerusakan, yaitu tekanan tidak stabil, dan perlu dilakukan perbaikan segera|Dinding GRC mengalami tekanan tidak stabil karena human error, perlu dilakukan penyesuaian ulang untuk menghindari kerusakan lebih lanjut|Dinding GRC|Gedung A|15|Selatan|Civil|Ringan|Human error|Tekanan tidak stabil|250000
Tolong dong Kamera CCTV di Gedung Gedung D lantai 9 zona Timur rusak bgt, gk tau dmn masalahnya, tp yg jelas mati total, bgt butuh bantuan yg, dmn bisa kontak?|Kamera CCTV mengalami kerusakan berat karena usia pakai, sehingga perlu dilakukan perbaikan dengan mengganti komponen yang rusak, dengan biaya perbaikan sebesar Rp 5270000|Kamera CCTV|Gedung D|9|Timur|Security Sistem|Berat|Usia pakai|Berkarat/korosi|5270000
Lapor, Kamera CCTV lt 9 Timur mati|Kamera CCTV mengalami kerusakan berat karena usia pakai, sehingga perlu dilakukan perbaikan dengan mengganti komponen yang rusak, dengan biaya perbaikan sebesar Rp 5270000|Kamera CCTV|Gedung D|9|Timur|Security Sistem|Berat|Usia pakai|Berkarat/korosi|5270000
Mohon bantu perbaiki Kamera CCTV di Gedung Gedung D lantai 9 zona Timur, karena sudah mati total, sehingga perlu dilakukan pengecekan dan perbaikan segera|Kamera CCTV mengalami kerusakan berat karena usia pakai, sehingga perlu dilakukan perbaikan dengan mengganti komponen yang rusak, dengan biaya perbaikan sebesar Rp 5270000|Kamera CCTV|Gedung D|9|Timur|Security Sistem|Berat|Usia pakai|Berkarat/korosi|5270000
Tolong dong Dinding Tembok/Mansonry di Gedung Gedung E lantai 1 zona Barat rusak bgt, gk tau dmn salahnya, tp yg jelas mati total, bantu yah!|Dinding Tembok/Mansonry mengalami mati total karena kelembaban tinggi, perlu dilakukan perbaikan dengan mengganti komponen yang rusak|Dinding Tembok/Mansonry|Gedung E|1|Barat|Civil|Berat|Kelembaban tinggi|Mati mendadak|2790000
Lapor. Dinding Tembok/Mansonry lt 1 Barat mati.|Dinding Tembok/Mansonry mengalami kerusakan karena kelembaban tinggi, perlu dilakukan perbaikan|Dinding Tembok/Mansonry|Gedung E|1|Barat|Civil|Berat|Kelembaban tinggi|Mati mendadak|2790000
Mohon bantuan, Dinding Tembok/Mansonry di Gedung Gedung E lantai 1 zona Barat mengalami kerusakan, tidak berfungsi sama sekali, mohon dicek dan diperbaiki secepatnya|Dinding Tembok/Mansonry mengalami mati total karena kelembaban tinggi, perlu dilakukan perbaikan dengan mengganti komponen yang rusak, biaya perbaikan sebesar Rp 2790000|Dinding Tembok/Mansonry|Gedung E|1|Barat|Civil|Berat|Kelembaban tinggi|Mati mendadak|2790000
Tolong dong Kloset di Gedung Gedung C lantai 6 zona Barat rusak bgt, netes air terus, gk tahu dmn salahnya, tolong bantu yaa|Kerusakan Kloset di Gedung Gedung C lantai 6 zona Barat disebabkan oleh Kurang perawatan, perlu dilakukan pembersihan dan penggantian komponen yang rusak|Kloset|Gedung C|6|Barat|Plumbing|Sedang|Kurang perawatan|Retak/pecah|570000
Lapor, Kloset lt 6 Barat rusak|Kerusakan Kloset di Gedung Gedung C lantai 6 zona Barat disebabkan oleh Kurang perawatan, perlu dilakukan perbaikan|Kloset|Gedung C|6|Barat|Plumbing|Sedang|Kurang perawatan|Retak/pecah|570000
Mohon bantu perbaiki Kloset di Gedung Gedung C lantai 6 zona Barat, saat ini dalam keadaan rusak dan mengalami kerusakan Retak/pecah, sehingga menyebabkan kebocoran air|Kerusakan Kloset di Gedung Gedung C lantai 6 zona Barat disebabkan oleh Kurang perawatan, perlu dilakukan pembersihan dan penggantian komponen yang rusak dengan biaya perbaikan sebesar 570000|Kloset|Gedung C|6|Barat|Plumbing|Sedang|Kurang perawatan|Retak/pecah|570000
Tolong dong Wiring System (Sistem Instalasi Kabel) di Gedung Gedung A lantai 12 zona Barat rusak nih, bgt kotor dan kusam, gk tau dmn letak masalahnya, yg penting dibenerin aja|Perbaikan dilakukan dengan membersihkan debu dan kotoran, serta memeriksa kondisi sistem instalasi kabel|Wiring System (Sistem Instalasi Kabel)|Gedung A|12|Barat|Electrical|Ringan|Debu/kotoran|Tampilan rusak|440000
Lapor, Wiring System (Sistem Instalasi Kabel) di lt 12 Barat rusak|Perbaikan sistem instalasi kabel dengan membersihkan debu dan kotoran, biaya perbaikan sebesar Rp 440000|Wiring System (Sistem Instalasi Kabel)|Gedung A|12|Barat|Electrical|Ringan|Debu/kotoran|Tampilan rusak|440000
Mohon bantuan untuk memperbaiki Wiring System (Sistem Instalasi Kabel) di Gedung Gedung A lantai 12 zona Barat, karena tampilan rusak dan kotor, mohon dilakukan perbaikan secepatnya|Perbaikan dilakukan dengan membersihkan debu dan kotoran, serta memeriksa kondisi sistem instalasi kabel, biaya perbaikan Rp 440000|Wiring System (Sistem Instalasi Kabel)|Gedung A|12|Barat|Electrical|Ringan|Debu/kotoran|Tampilan rusak|440000
Tolong dong Lampu Neon Sign di Gedung Gedung Utama lantai 10 zona Utara rusak bgt, gk nyala sama sekali, tolong bantu dmn bisa diperbaiki?|Lampu Neon Sign mengalami kerusakan akibat kualitas material, perlu dilakukan penggantian komponen untuk memperbaiki|Lampu Neon Sign|Gedung Utama|10|Utara|Electrical|Berat|Kualitas material|Aus/abrasi|6160000
Lapor. Lampu Neon Sign lt 10 Utara mati total|Lampu Neon Sign mengalami kerusakan parah, perlu dilakukan perbaikan segera|Lampu Neon Sign|Gedung Utama|10|Utara|Electrical|Berat|Kualitas material|Aus/abrasi|6160000
Mohon bantuan untuk memperbaiki Lampu Neon Sign di Gedung Gedung Utama lantai 10 zona Utara, lampu tersebut tidak nyala sama sekali|Lampu Neon Sign mengalami kerusakan akibat kualitas material, perlu dilakukan penggantian komponen untuk memperbaiki dengan biaya Rp 6160000|Lampu Neon Sign|Gedung Utama|10|Utara|Electrical|Berat|Kualitas material|Aus/abrasi|6160000
Tolong dong AC Sentral di Gedung Gedung E lantai 3 zona Selatan mati total bgt, gk tau dmn masalahnya, tp yg jelas gk nyala sama sekali!|Laporan teknisi: AC Sentral mengalami kebocoran karena usia pakai, perlu dilakukan perbaikan dan penggantian komponen|AC Sentral|Gedung E|3|Selatan|Mechanical|Berat|Usia pakai|Kebocoran|2130000
Lapor. AC Sentral lt 3 Selatan mati.|Laporan teknisi: AC Sentral mengalami kebocoran karena usia pakai, perlu dilakukan perbaikan|AC Sentral|Gedung E|3|Selatan|Mechanical|Berat|Usia pakai|Kebocoran|2130000
Mohon perhatian, AC Sentral di Gedung Gedung E lantai 3 zona Selatan tidak berfungsi dengan baik, karena mati total, mohon dicek oleh teknisi|Laporan teknisi: AC Sentral mengalami kebocoran karena usia pakai, perlu dilakukan perbaikan dan penggantian komponen, biaya perbaikan sebesar Rp 2130000|AC Sentral|Gedung E|3|Selatan|Mechanical|Berat|Usia pakai|Kebocoran|2130000
Tolong dong Kran Air di Gedung Gedung Parkir lantai 3 zona Timur rusak nih, bgt berisik banget, gk tau dmn letak kerusakannya|Kran Air di Gedung Gedung Parkir lantai 3 zona Timur diperbaiki karena debu/kotoran, dilakukan pembersihan dan penggantian seal|Kran Air|Gedung Parkir|3|Timur|Plumbing|Sedang|Debu/kotoran|Kebocoran|850000
Lapor, Kran Air lt 3 Timur bermasalah|Kran Air di Gedung Gedung Parkir lantai 3 zona Timur diperbaiki karena debu/kotoran, dilakukan pembersihan|Kran Air|Gedung Parkir|3|Timur|Plumbing|Sedang|Debu/kotoran|Kebocoran|850000
Mohon perbaikan Kran Air yang terletak di Gedung Gedung Parkir lantai 3 zona Timur karena mengalami kebocoran, netes air terus, berisik banget|Kran Air di Gedung Gedung Parkir lantai 3 zona Timur diperbaiki karena debu/kotoran, dilakukan pembersihan dan penggantian seal, biaya perbaikan sebesar Rp 850000|Kran Air|Gedung Parkir|3|Timur|Plumbing|Sedang|Debu/kotoran|Kebocoran|850000
Tolong dong Pemipaan Air Bersih di Gedung Gedung A lantai 8 zona Barat rusak nih, gk Tau apa penyebabnya, bgt|Perbaikan dilakukan dengan mengganti komponen yang aus, tindakan perbaikan sudah selesai dengan biaya Rp 250000|Pemipaan Air Bersih|Gedung A|8|Barat|Plumbing|Ringan|Aus normal|Macet/tersumbat|250000
Lapor, Pemipaan Air Bersih lt 8 Barat bermasalah|Perbaikan sudah dilakukan dengan mengatasi kerusakan Macet/tersumbat, biaya perbaikan Rp 250000|Pemipaan Air Bersih|Gedung A|8|Barat|Plumbing|Ringan|Aus normal|Macet/tersumbat|250000
Mohon bantuan untuk perbaikan Pemipaan Air Bersih di Gedung Gedung A lantai 8 zona Barat, kondisinya kusam dan berdebu|Perbaikan dilakukan dengan membersihkan dan mengganti komponen yang aus normal, tindakan perbaikan sudah selesai dengan biaya Rp 250000|Pemipaan Air Bersih|Gedung A|8|Barat|Plumbing|Ringan|Aus normal|Macet/tersumbat|250000
dg, pemipaan air bersih di gedung gedung parkir lantai 5 zona timur mati total bgt, gk tau dmn salahnya, tolong bantu, ya!|Pemipaan Air Bersih mengalami kerusakan akibat usia pakai, sehingga menyebabkan sensor error, perlu dilakukan perbaikan atau penggantian komponen|Pemipaan Air Bersih|Gedung Parkir|5|Timur|Plumbing|Berat|Usia pakai|Sensor error|7030000
Lapor, Pemipaan Air Bersih lt 5 Timur jebol|Pemipaan Air Bersih mengalami kerusakan parah akibat usia pakai, perlu dilakukan perbaikan segera|Pemipaan Air Bersih|Gedung Parkir|5|Timur|Plumbing|Berat|Usia pakai|Sensor error|7030000
Mohon perhatian, Pemipaan Air Bersih di gedung gedung parkir lantai 5 zona timur mengalami kerusakan berat, yaitu mati total, mohon dilakukan perbaikan secepatnya|Pemipaan Air Bersih mengalami kerusakan akibat usia pakai, sehingga menyebabkan sensor error, perlu dilakukan perbaikan atau penggantian komponen dengan biaya perbaikan sebesar|Pemipaan Air Bersih|Gedung Parkir|5|Timur|Plumbing|Berat|Usia pakai|Sensor error|7030000
Tolong dong Meter PDAM di Gedung Gedung A lantai 15 zona Barat bocor deras bgt, gk tau dmn letak kerusakannya, yg penting cepat diperbaiki ya|Teknisi menemukan bahwa kerusakan disebabkan oleh kurang perawatan, sehingga perlu dilakukan perbaikan dengan mengganti komponen yang rusak|Meter PDAM|Gedung Gedung A|15|Barat|Pencatatan Meter|Fatal|Kurang perawatan|Bunyi abnormal|34720000
Lapor, Meter PDAM lt 15 Barat meledak|Kerusakan parah, perlu perbaikan segera dengan mengganti komponen yang rusak, biaya perbaikan sebesar Rp 34720000|Meter PDAM|Gedung Gedung A|15|Barat|Pencatatan Meter|Fatal|Kurang perawatan|Bunyi abnormal|34720000
Mohon bantuan untuk memperbaiki Meter PDAM di Gedung Gedung A lantai 15 zona Barat yang mengalami kerusakan fatal dengan gejala bunyi abnormal, perlu dilakukan perbaikan dengan segera|Kerusakan disebabkan oleh kurang perawatan, teknisi akan melakukan perbaikan dengan mengganti komponen yang rusak, serta melakukan perawatan rutin untuk mencegah kerusakan serupa di masa depan, biaya perbaikan Rp 34720000|Meter PDAM|Gedung Gedung A|15|Barat|Pencatatan Meter|Fatal|Kurang perawatan|Bunyi abnormal|34720000
Halo, saya mau lapor, AC Split di Gedung Gedung A lantai 12 zona Timur rusak bgt, yg bener gk nyala sama sekali, dmn saya harus hubungi sih?|Tegangan tidak stabil, dilakukan perbaikan penggantian komponen|AC Split|Gedung A|12|Timur|Mechanical|Berat|Tegangan tidak stabil|Retak/pecah|5880000
Lapor, AC Split lt 12 Timur mati.|Tegangan tidak stabil, perlu dilakukan perbaikan segera|AC Split|Gedung A|12|Timur|Mechanical|Berat|Tegangan tidak stabil|Retak/pecah|5880000
Mohon periksa AC Split di Gedung Gedung A lantai 12 zona Timur, karena telah mengalami kerusakan berat dan tidak dapat beroperasi, terima kasih.|Dilakukan analisis kerusakan dan ditemukan bahwa tegangan tidak stabil menyebabkan kerusakan, biaya perbaikan sebesar Rp 5880000|AC Split|Gedung A|12|Timur|Mechanical|Berat|Tegangan tidak stabil|Retak/pecah|5880000
Lampu LED di Gedung Gedung A lantai 6 zona Timur bgt rusak nih, kayaknya udah gk bisa diperbaiki lagi, dmn hari gini masih pake lampu yg kayak gini, bgt rusak bgt!|Perbaikan dilakukan dengan mengganti komponen yang sudah aus karena usia pakai, biaya perbaikan sebesar Rp 23570000|Lampu LED|Gedung A|6|Timur|Electrical|Fatal|Usia pakai|Aus/abrasi|23570000
Lapor, Lampu LED lt 6 Timur meledak|Laporan teknis: kerusakan akibat usia pakai, perlu penggantian komponen|Lampu LED|Gedung A|6|Timur|Electrical|Fatal|Usia pakai|Aus/abrasi|23570000
Mohon perhatian, terdapat kerusakan pada Lampu LED di Gedung Gedung A lantai 6 zona Timur, kondisinya sangat parah, nyetrum, dan berbau gosong|Laporan teknis: kerusakan fatal akibat usia pakai, dilakukan perbaikan dengan mengganti komponen yang rusak, biaya perbaikan Rp 23570000|Lampu LED|Gedung A|6|Timur|Electrical|Fatal|Usia pakai|Aus/abrasi|23570000
Tolong dong LAN (Local Area Network) di Gedung Gedung D lantai 5 zona Timur rusak bgt, mogok total, gk ada sinyal, dmna bisa diperbaiki?|Ditemukan kerusakan pada LAN (Local Area Network) di Gedung Gedung D lantai 5 zona Timur karena Debu/kotoran, dilakukan pembersihan dan perbaikan|LAN (Local Area Network)|Gedung D|5|Timur|Sistem Telekomunikasi Gedung|Berat|Debu/kotoran|Getaran berlebihan|8640000
Lapor. LAN (Local Area Network) lt 5 Timur mati.|Kerusakan pada LAN (Local Area Network) disebabkan oleh Debu/kotoran, perlu dilakukan perbaikan|LAN (Local Area Network)|Gedung D|5|Timur|Sistem Telekomunikasi Gedung|Berat|Debu/kotoran|Getaran berlebihan|8640000
Mohon periksa LAN (Local Area Network) di Gedung Gedung D lantai 5 zona Timur, karena mengalami kerusakan berat, tidak nyala sama sekali.|Setelah dilakukan inspeksi, ditemukan bahwa kerusakan pada LAN (Local Area Network) disebabkan oleh Debu/kotoran, kemudian dilakukan perbaikan dengan membersihkan dan mengganti komponen yang rusak, biaya perbaikan sebesar 8640000|LAN (Local Area Network)|Gedung D|5|Timur|Sistem Telekomunikasi Gedung|Berat|Debu/kotoran|Getaran berlebihan|8640000
Tolong dong Lampu TL di Gedung Gedung D lantai 5 zona Utara rusak bgt, gk nyala sama sekali, dmn saya harus lapor?|Laporan teknisi: Kerusakan pada Lampu TL disebabkan oleh Faktor lingkungan, perlu dilakukan perbaikan dengan mengganti komponen yang rusak, biaya perbaikan sebesar Rp 6090000|Lampu TL|Gedung D|5|Utara|Electrical|Berat|Faktor lingkungan|Mati mendadak|6090000
Lapor, Lampu TL lt 5 Utara mati total|Laporan teknisi: Lampu TL mengalami kerusakan akibat Faktor lingkungan, perlu dilakukan perbaikan untuk mengembalikan fungsinya, dengan biaya perbaikan yang cukup besar|Lampu TL|Gedung D|5|Utara|Electrical|Berat|Faktor lingkungan|Mati mendadak|6090000
Mohon perhatian, terdapat kerusakan pada Lampu TL di Gedung Gedung D lantai 5 zona Utara, lampu tersebut tidak nyala sama sekali, sehingga perlu dilakukan perbaikan secepatnya|Laporan teknisi: Kerusakan pada Lampu TL disebabkan oleh Faktor lingkungan, perlu dilakukan perbaikan dengan mengganti komponen yang rusak dan melakukan pengecekan ulang, biaya perbaikan yang diperlukan sebesar Rp 6090000|Lampu TL|Gedung D|5|Utara|Electrical|Berat|Faktor lingkungan|Mati mendadak|6090000
Tolong dong Push Button di Gedung Gedung Parkir lantai 1 zona Timur rusak bgt, yg bermasalah adalah remote nya gk berfungsi, dmn kita harus lapor ke siapa ya?|Getaran menyebabkan kerusakan pada remote, perbaikan dilakukan dengan mengganti komponen yang rusak dan melakukan penyesuaian ulang|Push Button|Gedung Parkir|1|Timur|Security Sistem|Sedang|Getaran|Remote tidak berfungsi|2400000
Lapor, Push Button di lt 1 Timur rusak|Kerusakan disebabkan oleh getaran, perlu dilakukan perbaikan dengan mengganti komponen yang rusak|Push Button|Gedung Parkir|1|Timur|Security Sistem|Sedang|Getaran|Remote tidak berfungsi|2400000
Mohon perhatian, Push Button di Gedung Gedung Parkir lantai 1 zona Timur mengalami kerusakan pada remotenya, sehingga tidak dapat berfungsi dengan baik|Perbaikan dilakukan dengan mengidentifikasi sumber getaran dan mengganti komponen yang rusak, biaya perbaikan sebesar Rp 2400000|Push Button|Gedung Parkir|1|Timur|Security Sistem|Sedang|Getaran|Remote tidak berfungsi|2400000
Tolong dong APAR CO2 di Gedung Gedung C lantai 6 zona Barat rusak nih, bgt kotor dan berdebu, gk bisa dipakai lagi, dmn saya harus lapor?|Korosi pada komponen internal APAR CO2 menyebabkan aliran lemah, perbaikan dilakukan dengan mengganti komponen yang rusak dan membersihkan sistem|APAR CO2|Gedung C|6|Barat|Sistem Pemadam Kebakaran|Ringan|Korosi|Aliran lemah|130000
Lapor, APAR CO2 di lantai 6 zona Barat Gedung C rusak|Korosi pada komponen internal APAR CO2 menyebabkan aliran lemah, perbaikan dilakukan dengan mengganti komponen yang rusak|APAR CO2|Gedung C|6|Barat|Sistem Pemadam Kebakaran|Ringan|Korosi|Aliran lemah|130000
Mohon periksa APAR CO2 di Gedung Gedung C lantai 6 zona Barat, karena sudah tidak berfungsi dengan baik, bunyi pelan dan tombol agak keras, mungkin perlu perawatan|Korosi pada komponen internal APAR CO2 menyebabkan aliran lemah, perbaikan dilakukan dengan mengganti komponen yang rusak dan membersihkan sistem, biaya perbaikan sebesar Rp 130000|APAR CO2|Gedung C|6|Barat|Sistem Pemadam Kebakaran|Ringan|Korosi|Aliran lemah|130000
Tolong dong Kamera CCTV di Gedung Gedung A lantai 14 zona Barat rusak nih, gk tau kenapa tiba2 kusam bgt, tolong bantu yaa|Kamera CCTV mengalami korosi yang menyebabkan korsleting, dilakukan perbaikan penggantian komponen yang rusak|R|Kamera CCTV|Gedung A|14|Barat|Security Sistem|Ringan|Korosi|Korsleting|270000
Lapor, Kamera CCTV di lt 14 zona Barat rusak|Kamera CCTV mengalami kerusakan akibat korosi, perlu dilakukan perbaikan segera|R|Kamera CCTV|Gedung A|14|Barat|Security Sistem|Ringan|Korosi|Korsleting|270000
Mohon bantuan untuk memperbaiki Kamera CCTV di Gedung Gedung A lantai 14 zona Barat, karena saat ini kamera dalam keadaan kusam dan tidak berfungsi dengan baik|Kamera CCTV telah diperbaiki dengan mengganti komponen yang rusak akibat korosi, biaya perbaikan sebesar Rp 270000|R|Kamera CCTV|Gedung A|14|Barat|Security Sistem|Ringan|Korosi|Korsleting|270000
Wiring System (Sistem Instalasi Kabel) di Gedung Gedung Parkir lantai 2 zona Utara rusak nih, gk tau dmn letak kerusakannya, tp bunyi pelan bgt, tolong dong!|Getaran menyebabkan koneksi terputus, perlu diperbaiki dengan mengencangkan koneksi dan membersihkan area sekitar|Wiring System (Sistem Instalasi Kabel)|Gedung Parkir|2|Utara|Electrical|Ringan|Getaran|Koneksi terputus|210000
Lapor, Wiring System (Sistem Instalasi Kabel) lt 2 Utara bunyi pelan!|Perlu diperiksa dan diperbaiki karena getaran|Wiring System (Sistem Instalasi Kabel)|Gedung Parkir|2|Utara|Electrical|Ringan|Getaran|Koneksi terputus|210000
Mohon bantuan untuk memperbaiki Wiring System (Sistem Instalasi Kabel) di Gedung Gedung Parkir lantai 2 zona Utara, karena mengalami kerusakan berupa koneksi terputus yang disebabkan oleh getaran, sehingga menimbulkan bunyi pelan|Diperlukan perbaikan segera dengan mengencangkan koneksi dan membersihkan area sekitar, biaya perbaikan sebesar Rp 210000|Wiring System (Sistem Instalasi Kabel)|Gedung Parkir|2|Utara|Electrical|Ringan|Getaran|Koneksi terputus|210000
Lift Table di Gedung Gedung Parkir lantai 2 zona Utara rusak nih, bunyi abnormal bgt, gk tau dmn letak kerusakannya, tolong dong|Lift Table mengalami kerusakan akibat Debu/kotoran, perlu dibersihkan dan diperiksa|Lift Table|Gedung Gedung Parkir|2|Utara|Sistem Transportasi Gedung|Fatal|Debu/kotoran|Bunyi abnormal|3950000
Lapor, Lift Table lt 2 Utara mati|Lift Table mengalami kerusakan akibat Debu/kotoran, perlu dibersihkan dan diperiksa|Lift Table|Gedung Gedung Parkir|2|Utara|Sistem Transportasi Gedung|Fatal|Debu/kotoran|Bunyi abnormal|3950000
Mohon bantuan, Lift Table di Gedung Gedung Parkir lantai 2 zona Utara mengalami kerusakan, menimbulkan bunyi abnormal|Lift Table mengalami kerusakan akibat Debu/kotoran, perlu dibersihkan dan diperiksa dengan biaya perbaikan sebesar Rp 3950000|Lift Table|Gedung Gedung Parkir|2|Utara|Sistem Transportasi Gedung|Fatal|Debu/kotoran|Bunyi abnormal|3950000
Tolong dong Pintu Biasa Berdaun Tunggal di Gedung Gedung Servis lantai 3 zona Utara rusak bgt, gk bisa buka sama sekali, tolong bantu yg, dmn kita bisa perbaiki?|Kerusakan disebabkan oleh Overload, perlu dilakukan perbaikan untuk mengganti komponen yang rusak dan mengoptimalkan kinerja pintu, biaya perbaikan sebesar Rp 10220000|Pintu Biasa Berdaun Tunggal|Gedung Servis|3|Utara|Arsitektur|Berat|Overload|Performa menurun|10220000
Lapor. Pintu Biasa Berdaun Tunggal lt 3 Utara mati.|Overload menyebabkan kerusakan pada pintu, perlu perbaikan segera|Pintu Biasa Berdaun Tunggal|Gedung Servis|3|Utara|Arsitektur|Berat|Overload|Performa menurun|10220000
Pintu Biasa Berdaun Tunggal di Gedung Gedung Servis lantai 3 zona Utara mengalami kerusakan berat, tidak dapat dibuka, mohon bantuan untuk perbaikan secepatnya|Kerusakan pada pintu disebabkan oleh Overload, perlu dilakukan perbaikan untuk mengganti komponen yang rusak dan mengoptimalkan kinerja pintu, dengan biaya perbaikan yang diperlukan|Pintu Biasa Berdaun Tunggal|Gedung Servis|3|Utara|Arsitektur|Berat|Overload|Performa menurun|10220000
Tolong dong APAB Dry Powder di Gedung Gedung Parkir lantai 1 zona Utara rusak nih, gk tahu dmn letak kerusakannya, tp yg jelas bunyi pelan bgt|Perbaikan dilakukan dengan mengganti komponen yang rusak akibat Kelembaban tinggi, dilakukan pengecekan ulang untuk memastikan sistem berfungsi dengan baik|APAB Dry Powder|Gedung Gedung Parkir|1|Utara|Sistem Pemadam Kebakaran|Ringan|Kelembaban tinggi|Kebocoran|340000
Lapor, APAB Dry Powder lt 1 Utara rusak|Perbaikan sistem pemadam kebakaran dengan mengatasi Kelembaban tinggi, biaya perbaikan sebesar Rp 340000|APAB Dry Powder|Gedung Gedung Parkir|1|Utara|Sistem Pemadam Kebakaran|Ringan|Kelembaban tinggi|Kebocoran|340000
Mohon bantuan untuk perbaikan APAB Dry Powder yang terletak di Gedung Gedung Parkir lantai 1 zona Utara, karena mengalami kebocoran yang disebabkan oleh Kelembaban tinggi|Perbaikan APAB Dry Powder dilakukan dengan mengganti komponen yang rusak dan melakukan pengecekan ulang, biaya perbaikan Rp 340000|APAB Dry Powder|Gedung Gedung Parkir|1|Utara|Sistem Pemadam Kebakaran|Ringan|Kelembaban tinggi|Kebocoran|340000
Wastafel di Gedung Gedung Utama lantai 8 zona Barat tiba2 meledak dan bocor deras bgt, gk tahu dmn asalnya, tolong dong cepat!|Laporan teknisi: Human error menyebabkan korsleting, perbaikan dilakukan dengan mengganti komponen yang rusak, biaya perbaikan sebesar Rp 6890000|Wastafel|Gedung Utama|8|Barat|Plumbing|Fatal|Human error|Korsleting|6890000
Lapor, Wastafel Gedung Utama lantai 8 zona Barat terbakar!|Perbaikan dilakukan dengan mengganti komponen yang rusak, Human error menjadi penyebab utama, biaya perbaikan sebesar Rp 6890000|Wastafel|Gedung Utama|8|Barat|Plumbing|Fatal|Human error|Korsleting|6890000
Mohon perhatian atas kerusakan Wastafel di Gedung Gedung Utama lantai 8 zona Barat yang mengalami kebocoran dan korsleting, sangat mengganggu aktivitas sehari-hari, mohon segera diperbaiki|Tindakan perbaikan telah dilakukan dengan mengganti komponen yang rusak karena Human error, biaya perbaikan sebesar Rp 6890000|Wastafel|Gedung Utama|8|Barat|Plumbing|Fatal|Human error|Korsleting|6890000
Tolong dong Dinding Tembok/Mansonry di Gedung Gedung B lantai 3 zona Tengah rusak bgt, gk tau dmn salahnya, tapi yg jelas mogok total, tolong bantu|Dinding Tembok/Mansonry mengalami korosi, perlu dilakukan perbaikan dengan mengganti komponen yang rusak|Dinding Tembok/Mansonry|Gedung B|3|Tengah|Civil|Berat|Korosi|Suhu tidak stabil|9380000
Lapor. Dinding Tembok/Mansonry lt 3 Tengah mati|Dinding Tembok/Mansonry mengalami kerusakan berat akibat korosi, perlu dilakukan perbaikan segera|Dinding Tembok/Mansonry|Gedung B|3|Tengah|Civil|Berat|Korosi|Suhu tidak stabil|9380000
Mohon perhatian, Dinding Tembok/Mansonry di Gedung Gedung B lantai 3 zona Tengah mengalami kerusakan yang cukup parah, sehingga memerlukan perbaikan segera|Dinding Tembok/Mansonry mengalami korosi, perlu dilakukan penggantian komponen yang rusak dan perbaikan untuk menghindari kerusakan lebih lanjut, biaya perbaikan sebesar 9380000|Dinding Tembok/Mansonry|Gedung B|3|Tengah|Civil|Berat|Korosi|Suhu tidak stabil|9380000
Tolong dong Meter PDAM di Gedung Gedung A lantai 3 zona Utara rusak bgt, gk nyala sama sekali, yg benerin dmn sih?|Diperlukan perbaikan karena faktor lingkungan yang menyebabkan aliran lemah, sehingga perlu dilakukan penggantian komponen yang rusak|Meter PDAM|Gedung A|3|Utara|Pencatatan Meter|Berat|Faktor lingkungan|Aliran lemah|4320000
Lapor. Meter PDAM lt 3 Utara mati.|Perlu perbaikan segera karena kerusakan pada komponen yang disebabkan oleh faktor lingkungan|Meter PDAM|Gedung A|3|Utara|Pencatatan Meter|Berat|Faktor lingkungan|Aliran lemah|4320000
Mohon bantuan untuk memperbaiki Meter PDAM di Gedung Gedung A lantai 3 zona Utara karena mengalami kerusakan berat, yaitu mati total, sehingga perlu dilakukan perbaikan segera|Perbaikan dilakukan dengan mengganti komponen yang rusak dan memperbaiki sistem, biaya perbaikan sebesar Rp 4320000|Meter PDAM|Gedung A|3|Utara|Pencatatan Meter|Berat|Faktor lingkungan|Aliran lemah|4320000
Gue butuh bantuan, Lampu LED Bulb di Gedung Gedung A lantai 11 zona Tengah itu mati total bgt, gk tau dmn letak masalahnya, tolong dong cepat|Lampu LED Bulb mengalami koneksi terputus akibat kelembaban tinggi, perlu dilakukan penggantian komponen dan perawatan|Lampu LED Bulb|Gedung A|11|Tengah|Electrical|Berat|Kelembaban tinggi|Koneksi terputus|5370000
Lapor. Lampu LED Bulb lt 11 Tengah mati|Lampu LED Bulb mengalami koneksi terputus akibat kelembaban tinggi, perlu dilakukan perbaikan|Lampu LED Bulb|Gedung A|11|Tengah|Electrical|Berat|Kelembaban tinggi|Koneksi terputus|5370000
Mohon periksa Lampu LED Bulb di Gedung Gedung A lantai 11 zona Tengah, karena sudah tidak nyala sama sekali|Lampu LED Bulb mengalami kerusakan akibat kelembaban tinggi, sehingga koneksi terputus, biaya perbaikan sebesar 5370000|Lampu LED Bulb|Gedung A|11|Tengah|Electrical|Berat|Kelembaban tinggi|Koneksi terputus|5370000
Tolong dong APAR Dry Powder Stored Pressure di Gedung Gedung Utama lantai 18 zona Tengah bocor deras bgt, gk bisa dipake, yg dmn ada yg bisa bantu?|Perlu perawatan rutin, perlu pengecekan tekanan dan penggantian komponen yang rusak|APAR Dry Powder Stored Pressure|Gedung Utama|18|Tengah|Sistem Pemadam Kebakaran|Fatal|Kurang perawatan|Aliran lemah|33640000
Lapor, APAR Dry Powder Stored Pressure lt 18 Tengah meledak|Perlu pengecekan dan perbaikan komponen yang rusak, kurang perawatan|APAR Dry Powder Stored Pressure|Gedung Utama|18|Tengah|Sistem Pemadam Kebakaran|Fatal|Kurang perawatan|Aliran lemah|33640000
Mohon bantuan, APAR Dry Powder Stored Pressure di Gedung Gedung Utama lantai 18 zona Tengah terbakar, tolong segera kirim teknisi|Perlu perawatan dan perbaikan, kurang perawatan menyebabkan kerusakan, biaya perbaikan sekitar|APAR Dry Powder Stored Pressure|Gedung Utama|18|Tengah|Sistem Pemadam Kebakaran|Fatal|Kurang perawatan|Aliran lemah|33640000
Tolong dong Lantai Granit di Gedung Gedung B lantai 9 zona Barat rusak bgt, gk bisa dipakai lagi, apa yg perlu saya lakukan?|Lantai Granit mengalami kerusakan akibat Usia pakai, perlu dilakukan perbaikan teknis untuk mengganti komponen yang rusak|Lantai Granit|Gedung B|9|Barat|Civil|Berat|Usia pakai|Tekanan tidak stabil|4630000
Lapor. Lantai Granit lt 9 Barat mati|Kerusakan Lantai Granit diakibatkan oleh Usia pakai, perlu perbaikan segera|Lantai Granit|Gedung B|9|Barat|Civil|Berat|Usia pakai|Tekanan tidak stabil|4630000
Mohon bantuannya, Lantai Granit di Gedung Gedung B lantai 9 zona Barat mengalami kerusakan, tidak bisa digunakan dengan baik|Lantai Granit rusak akibat Usia pakai, perlu dilakukan perbaikan dengan mengganti komponen yang rusak, biaya perbaikan sebesar Rp 4630000|Lantai Granit|Gedung B|9|Barat|Civil|Berat|Usia pakai|Tekanan tidak stabil|4630000
Tolong dong Pintu Kayu/HPL di Gedung Gedung C lantai 8 zona Utara rusak nih, bgt kotor dan berdebu, yg benerinnya dmn sih?|Kerusakan pada Pintu Kayu/HPL disebabkan oleh Kualitas material yang buruk, sehingga remote tidak berfungsi, perlu dilakukan perbaikan dengan mengganti komponen yang rusak|Pintu Kayu/HPL|Gedung C|8|Utara|Arsitektur|Ringan|Kualitas material|Remote tidak berfungsi|220000
Lapor, Pintu Kayu/HPL lt 8 Utara rusak|Kerusakan pada Pintu Kayu/HPL disebabkan oleh Kualitas material yang buruk, sehingga remote tidak berfungsi, perlu dilakukan perbaikan dengan mengganti komponen yang rusak|Pintu Kayu/HPL|Gedung C|8|Utara|Arsitektur|Ringan|Kualitas material|Remote tidak berfungsi|220000
Pintu Kayu/HPL di Gedung Gedung C lantai 8 zona Utara mengalami kerusakan, remote tidak berfungsi, tolong bantu perbaiki|Kerusakan pada Pintu Kayu/HPL disebabkan oleh Kualitas material yang buruk, sehingga remote tidak berfungsi, perlu dilakukan perbaikan dengan mengganti komponen yang rusak, biaya perbaikan sebesar Rp 220000|Pintu Kayu/HPL|Gedung C|8|Utara|Arsitektur|Ringan|Kualitas material|Remote tidak berfungsi|220000
Tolong dong Panel UPS di Gedung Gedung C lantai 4 zona Utara rusak nih, bgt berisik banget dan suhunya juga tidak stabil, gk tau dmn letak masalahnya|Laporan: Kurang perawatan menyebabkan suhu tidak stabil, perbaikan dilakukan dengan membersihkan dan mengganti komponen yang rusak|Panel UPS|Gedung C|4|Utara|Electrical|Sedang|Kurang perawatan|Suhu tidak stabil|1370000
Lapor, Panel UPS lt 4 Utara bermasalah|Laporan teknis: Dilakukan perbaikan pada Panel UPS yang mengalami suhu tidak stabil, penyebabnya adalah kurang perawatan|Panel UPS|Gedung C|4|Utara|Electrical|Sedang|Kurang perawatan|Suhu tidak stabil|1370000
Mohon bantuan untuk memperbaiki Panel UPS yang terletak di Gedung Gedung C lantai 4 zona Utara, karena mengalami gangguan suhu yang tidak stabil|Laporan: Setelah dilakukan analisis, ditemukan bahwa penyebab masalah adalah kurang perawatan, sehingga dilakukan perbaikan dengan mengganti komponen yang rusak dan membersihkan sistem, biaya perbaikan sebesar Rp 1370000|Panel UPS|Gedung C|4|Utara|Electrical|Sedang|Kurang perawatan|Suhu tidak stabil|1370000
Gedung Gedung C lantai 4 zona Timur MCFA rusak bgt dmn gk tau penyebabnya, tolong dong cepat|Tegangan tidak stabil, dilakukan perbaikan dengan penggantian komponen yang rusak dan pengecekan sistem|MCFA|Gedung C|4|Timur|Sistem Proteksi Kebakaran Aktif|Sedang|Tegangan tidak stabil|Kebocoran|700000
Lapor, MCFA lt 4 Timur bermasalah|Ditemukan kebocoran pada sistem proteksi kebakaran aktif, perlu perbaikan segera|MCFA|Gedung C|4|Timur|Sistem Proteksi Kebakaran Aktif|Sedang|Tegangan tidak stabil|Kebocoran|700000
Mohon bantuan, terdapat kerusakan pada MCFA di Gedung Gedung C lantai 4 zona Timur yang menyebabkan kebocoran, mohon dilakukan perbaikan secepatnya|Kerusakan disebabkan oleh tegangan tidak stabil, perbaikan dilakukan dengan mengganti komponen yang rusak dan memastikan sistem proteksi kebakaran aktif berfungsi dengan baik, biaya perbaikan sebesar Rp 700000|MCFA|Gedung C|4|Timur|Sistem Proteksi Kebakaran Aktif|Sedang|Tegangan tidak stabil|Kebocoran|700000
Lantai Keramik di Gedung Gedung B lantai 3 zona Timur mati total bgt, gk tau dmn letak kerusakannya, tolong dong cepat|Lantai Keramik mengalami getaran yang menyebabkan overheat, perlu dilakukan perbaikan segera dengan mengganti komponen yang rusak|Rusak Lantai Keramik|Gedung B|3|Timur|Civil|Berat|Getaran|Overheat|7450000
Lapor, Lantai Keramik lt 3 Timur mati|Lantai Keramik mengalami kerusakan akibat getaran, perlu dilakukan pengecekan dan perbaikan|Lantai Keramik|Gedung B|3|Timur|Civil|Berat|Getaran|Overheat|7450000
Mohon perhatian, Lantai Keramik di Gedung Gedung B lantai 3 zona Timur mengalami kerusakan berat, tidak dapat berfungsi dengan baik, mohon dilakukan perbaikan segera|Lantai Keramik mengalami getaran yang menyebabkan overheat, perlu dilakukan perbaikan segera dengan mengganti komponen yang rusak, biaya perbaikan sebesar Rp 7450000|Lantai Keramik|Gedung B|3|Timur|Civil|Berat|Getaran|Overheat|7450000
Tolong dong Automatic Transfer Switch (ATS Panel) di Gedung Gedung Servis lantai 3 zona Barat rusak bgt, gk tau dmn salahnya, tapi kedap-kedip terus, tolong bantu yah|Diperlukan perbaikan pada sensor yang mengalami aus normal, dilakukan penggantian sensor dan pengecekan sistem|Automatic Transfer Switch (ATS Panel)|Gedung Servis|3|Barat|Electrical|Sedang|Aus normal|Sensor error|530000
Lapor, Automatic Transfer Switch (ATS Panel) lt 3 zona Barat bermasalah|Perlu penanganan cepat karena terjadi sensor error yang disebabkan oleh aus normal|Automatic Transfer Switch (ATS Panel)|Gedung Servis|3|Barat|Electrical|Sedang|Aus normal|Sensor error|530000
Mohon bantuan untuk perbaikan Automatic Transfer Switch (ATS Panel) yang terletak di Gedung Gedung Servis, lantai 3, zona Barat, karena mengalami gangguan berupa sensor error yang menyebabkan kedap-kedip, perlu dilakukan perbaikan dengan mengganti sensor yang aus normal|Dilakukan analisis dan perbaikan pada sistem, termasuk penggantian sensor yang aus, dengan biaya perbaikan sebesar Rp 530000|Automatic Transfer Switch (ATS Panel)|Gedung Servis|3|Barat|Electrical|Sedang|Aus normal|Sensor error|530000
Lampu LED Strip di Gedung Gedung E lantai 1 zona Barat bunyi abnormal bgt, gk tahu dmn salahnya, yg penting dibetulin aja|Laporan teknisi: Human error menyebabkan kerusakan, perbaikan dilakukan dengan mengganti komponen yang rusak, biaya perbaikan sebesar Rp 1220000|Lampu LED Strip|Gedung E|1|Barat|Electrical|Sedang|Human error|Bunyi abnormal|1220000
Lapor, Lampu LED Strip di lt 1 zona Barat rusak|Laporan teknisi: Kerusakan akibat Human error, perbaikan dengan mengganti komponen yang rusak|Lampu LED Strip|Gedung E|1|Barat|Electrical|Sedang|Human error|Bunyi abnormal|1220000
Mohon perbaikan Lampu LED Strip di Gedung Gedung E lantai 1 zona Barat karena mengeluarkan bunyi abnormal|Laporan teknisi: Human error menyebabkan kerusakan, tindakan perbaikan dengan mengganti komponen yang rusak, biaya sebesar Rp 1220000|Lampu LED Strip|Gedung E|1|Barat|Electrical|Sedang|Human error|Bunyi abnormal|1220000
Tolong dong Jockey Pump di Gedung Gedung Parkir lantai 4 zona Selatan rusak nih, bgt kotor dan berdebu, yg bikin suhu tidak stabil, dmn bisa diperbaiki?|Diperbaiki dengan membersihkan debu dan kotoran, kemudian dilakukan pengecekan ulang|Jockey Pump|Gedung Parkir|4|Selatan|Sistem Pemadam Kebakaran|Ringan|Debu/kotoran|Suhu tidak stabil|50000
Lapor, Jockey Pump lt 4 Selatan rusak|Diperbaiki dengan mengganti komponen yang rusak dan membersihkan debu, biaya perbaikan Rp 50000|Jockey Pump|Gedung Parkir|4|Selatan|Sistem Pemadam Kebakaran|Ringan|Debu/kotoran|Suhu tidak stabil|50000
Mohon perbaikan Jockey Pump di Gedung Gedung Parkir lantai 4 zona Selatan, karena terdapat debu dan kotoran yang menyebabkan suhu tidak stabil|Diperbaiki dengan membersihkan debu dan kotoran, serta pengecekan ulang sistem, biaya perbaikan sebesar Rp 50000|Jockey Pump|Gedung Parkir|4|Selatan|Sistem Pemadam Kebakaran|Ringan|Debu/kotoran|Suhu tidak stabil|50000
Gedung Gedung C lantai 6 zona Tengah APAB Dry Powder-nya rusak bgt,yg bikin tampilan kusam dan berdebu, tolong dong diperbaiki dmn ada tombol yg agak keras|Getaran menyebabkan tampilan rusak, perbaikan dilakukan dengan mengganti komponen yang rusak dan membersihkan bagian luar|APAB Dry Powder|Gedung C|6|Tengah|Sistem Pemadam Kebakaran|Ringan|Getaran|Tampilan rusak|100000
Lapor, APAB Dry Powder di Gedung C lantai 6 Tengah rusak|Perbaikan APAB Dry Powder dilakukan debido Getaran yang menyebabkan kerusakan, biaya perbaikan sebesar Rp 100000|APAB Dry Powder|Gedung C|6|Tengah|Sistem Pemadam Kebakaran|Ringan|Getaran|Tampilan rusak|100000
Mohon bantuan untuk perbaikan APAB Dry Powder yang terletak di Gedung Gedung C lantai 6 zona Tengah, karena tampilan sudah rusak dan berdebu, tombol juga agak keras|Perbaikan dilakukan dengan mengatasi Getaran yang menyebabkan kerusakan, serta membersihkan dan mengganti komponen yang rusak, dengan biaya perbaikan sebesar Rp 100000|APAB Dry Powder|Gedung C|6|Tengah|Sistem Pemadam Kebakaran|Ringan|Getaran|Tampilan rusak|100000
Tolong dong AHU di Gedung Gedung B lantai 1 zona Timur rusak bgt, netes air terus, gk bisa buat dingin, bgt repotnya!|Kualitas material yang buruk menyebabkan kebocoran, perlu dilakukan perbaikan dengan mengganti komponen yang rusak|AHU|Gedung B|1|Timur|Mechanical|Sedang|Kualitas material|Kebocoran|780000
Lapor, AHU lt 1 Timur bermasalah!|Kerusakan pada AHU disebabkan oleh kualitas material yang tidak memadai, perlu dilakukan perbaikan segera|AHU|Gedung B|1|Timur|Mechanical|Sedang|Kualitas material|Kebocoran|780000
Mohon perhatian, AHU di Gedung Gedung B lantai 1 zona Timur mengalami kebocoran dan tidak berfungsi dengan baik, mohon dilakukan perbaikan secepatnya|Kualitas material yang buruk menyebabkan kebocoran, perlu dilakukan perbaikan dengan mengganti komponen yang rusak, biaya perbaikan diperkirakan sebesar Rp 780000|AHU|Gedung B|1|Timur|Mechanical|Sedang|Kualitas material|Kebocoran|780000
Tolong dong Wastafel di Gedung Gedung C lantai 4 zona Barat rusak bgt, gk bisa dipakai, mogok total!|Kerusakan disebabkan oleh faktor lingkungan, perlu dilakukan perbaikan dan penggantian komponen yang rusak|Wastafel|Gedung C|4|Barat|Plumbing|Berat|Faktor lingkungan|Aliran lemah|8680000
Lapor, Wastafel lt 4 Barat mati total!|Faktor lingkungan menyebabkan kerusakan, perlu perbaikan segera|Wastafel|Gedung C|4|Barat|Plumbing|Berat|Faktor lingkungan|Aliran lemah|8680000
Mohon perhatian, Wastafel di Gedung Gedung C lantai 4 zona Barat mengalami kerusakan yang cukup parah, yaitu mati total|Faktor lingkungan menjadi penyebab utama, perlu dilakukan perbaikan dan penggantian komponen yang rusak dengan biaya perbaikan sebesar Rp 8680000|Wastafel|Gedung C|4|Barat|Plumbing|Berat|Faktor lingkungan|Aliran lemah|8680000
Tolong dong Dinding Partisi, GRC / Gypsum di Gedung Gedung D lantai 12 zona Selatan rusak nih, berisik banget dan netes air, gk tahu kenapa, bgt!|Dinding Partisi, GRC / Gypsum mengalami kerusakan jenis Retak/pecah akibat Aus normal, perlu dilakukan perbaikan dengan mengganti komponen yang rusak|Dinding Partisi, GRC / Gypsum|Gedung D|12|Selatan|Civil|Sedang|Aus normal|Retak/pecah|1500000
Lapor, Dinding Partisi, GRC / Gypsum lt 12 Selatan rusak, berisik!|Kerusakan pada Dinding Partisi, GRC / Gypsum disebabkan oleh Aus normal, perlu perbaikan segera|Dinding Partisi, GRC / Gypsum|Gedung D|12|Selatan|Civil|Sedang|Aus normal|Retak/pecah|1500000
Mohon perhatian, terdapat kerusakan pada Dinding Partisi, GRC / Gypsum di Gedung Gedung D lantai 12 zona Selatan, kondisinya kurang baik, berisik dan netes air, mohon untuk dilakukan perbaikan|Dinding Partisi, GRC / Gypsum mengalami kerusakan Retak/pecah, perlu dilakukan perbaikan dengan mengganti komponen yang rusak, biaya perbaikan sebesar Rp 1500000|Dinding Partisi, GRC / Gypsum|Gedung D|12|Selatan|Civil|Sedang|Aus normal|Retak/pecah|1500000
Halo, saya mau lapor, AC Cassette di Gedung Gedung C lantai 8 zona Tengah rusak nih, bgt berisik banget dan kurang dingin, yg bikin gk nyaman, tolong dong segera diperbaiki|Overload pada sistem pendingin, dilakukan perbaikan dan penggantian komponen yang rusak, biaya perbaikan sebesar Rp 1460000|AC Cassette|Gedung C|8|Tengah|Mechanical|Sedang|Overload|Korsleting|1460000
Lapor, AC Cassette lt 8 Tengah bermasalah|Overload pada sistem pendingin, dilakukan perbaikan dan penggantian komponen yang rusak|AC Cassette|Gedung C|8|Tengah|Mechanical|Sedang|Overload|Korsleting|1460000
Mohon perhatian, terdapat kerusakan pada AC Cassette yang terletak di Gedung Gedung C, lantai 8, zona Tengah, dengan gejala netes air dan kurang dingin, sehingga memerlukan perbaikan segera|Overload pada sistem pendingin, dilakukan perbaikan dan penggantian komponen yang rusak, biaya perbaikan sebesar Rp 1460000|AC Cassette|Gedung C|8|Tengah|Mechanical|Sedang|Overload|Korsleting|1460000
Tolong dong Lampu Downlight di Gedung Gedung B lantai 3 zona Timur rusak nih, bgt kedap-kedip dan berisik banget, gk tahu knp|Lampu Downlight mengalami korsleting akibat kelembaban tinggi, dilakukan perbaikan dengan mengganti komponen yang rusak|Lampu Downlight|Gedung B|3|Timur|Electrical|Sedang|Kelembaban tinggi|Korsleting|390000
Lapor, Lampu Downlight lt 3 Timur rusak|Lampu Downlight mengalami kerusakan akibat kelembaban tinggi, dilakukan perbaikan dengan mengganti komponen yang rusak|Lampu Downlight|Gedung B|3|Timur|Electrical|Sedang|Kelembaban tinggi|Korsleting|390000
Lampu Downlight di Gedung Gedung B lantai 3 zona Timur mengalami gangguan, menimbulkan kedap-kedip dan suara berisik, mohon segera ditangani|Lampu Downlight mengalami korsleting akibat kelembaban tinggi, dilakukan perbaikan dengan mengganti komponen yang rusak, biaya perbaikan sebesar Rp 390000|Lampu Downlight|Gedung B|3|Timur|Electrical|Sedang|Kelembaban tinggi|Korsleting|390000
Tolong dong APAR Wet Chemical di Gedung Gedung Servis lantai 3 zona Utara rusak bgt nih,yg bau gosong banget,gk tau knp|Perlu dilakukan pembersihan dan penggantian komponen yang rusak akibat debu/kotoran|APAR Wet Chemical|Gedung Servis|3|Utara|Sistem Pemadam Kebakaran|Fatal|Debu/kotoran|Suhu tidak stabil|18210000
Lapor, APAR Wet Chemical lt 3 Utara terbakar|Diperlukan tindakan perbaikan segera akibat debu/kotoran|APAR Wet Chemical|Gedung Servis|3|Utara|Sistem Pemadam Kebakaran|Fatal|Debu/kotoran|Suhu tidak stabil|18210000
Mohon bantuan, APAR Wet Chemical di Gedung Gedung Servis lantai 3 zona Utara mengalami kerusakan parah karena suhu tidak stabil dan bau gosong|Perlu dilakukan analisis dan perbaikan yang terkait dengan debu/kotoran serta penggantian komponen yang rusak|APAR Wet Chemical|Gedung Servis|3|Utara|Sistem Pemadam Kebakaran|Fatal|Debu/kotoran|Suhu tidak stabil|18210000
Tolong dong Automatic Transfer Switch (ATS Panel) di Gedung Gedung A lantai 9 zona Barat rusak nih, gk tau knp mati total bgt, tolong bantu yg, dmn bisa diperbaiki?|Perbaikan dilakukan dengan mengganti komponen yang aus normal, sehingga aliran listrik dapat kembali normal|Automatic Transfer Switch (ATS Panel)|Gedung A|9|Barat|Electrical|Berat|Aus normal|Aliran lemah|7530000
Lapor. Automatic Transfer Switch (ATS Panel) lt 9 Barat mati|Perbaikan dilakukan dengan memeriksa dan mengganti komponen yang rusak, biaya perbaikan sebesar Rp 7530000|Automatic Transfer Switch (ATS Panel)|Gedung A|9|Barat|Electrical|Berat|Aus normal|Aliran lemah|7530000
Mohon bantuan perbaikan Automatic Transfer Switch (ATS Panel) di Gedung Gedung A lantai 9 zona Barat, karena mengalami kerusakan berat dan mati total|Teknisi telah melakukan perbaikan dengan mengganti komponen yang aus normal, sehingga aliran listrik dapat kembali normal, dengan biaya perbaikan Rp 7530000|Automatic Transfer Switch (ATS Panel)|Gedung A|9|Barat|Electrical|Berat|Aus normal|Aliran lemah|7530000
Tolong dong Control Panel Penerangan di Gedung Gedung Servis lantai 1 zona Selatan rusak bgt, gk tau dmn salahnya, tp kedap-kedip terus, bgt|Remote tidak berfungsi karena Faktor lingkungan, perlu perbaikan|Control Panel Penerangan|Gedung Servis|1|Selatan|Electrical|Sedang|Faktor lingkungan|Remote tidak berfungsi|880000
Lapor, Control Panel Penerangan lt 1 Selatan bermasalah|Remote tidak berfungsi karena Faktor lingkungan, perlu perbaikan segera|Control Panel Penerangan|Gedung Servis|1|Selatan|Electrical|Sedang|Faktor lingkungan|Remote tidak berfungsi|880000
Mohon bantu perbaiki Control Panel Penerangan di Gedung Gedung Servis lantai 1 zona Selatan, karena sudah tidak berfungsi dengan baik, hanya kedap-kedip saja|Ditemukan kerusakan pada Remote Control Panel Penerangan, kemungkinan disebabkan oleh Faktor lingkungan, perbaikan selesai dengan biaya|Control Panel Penerangan|Gedung Servis|1|Selatan|Electrical|Sedang|Faktor lingkungan|Remote tidak berfungsi|880000
Tolong dong Lampu Wall sign di Gedung Gedung A lantai 7 zona Tengah rusak nih, gk nyala sama sekali bgt, tolong cepat diperbaiki ya!|Lampu Wall sign mengalami kerusakan karena getaran, sehingga menyebabkan macet/tersumbat, dan telah diperbaiki dengan biaya Rp 2980000|Lampu Wall sign|Gedung A|7|Tengah|Electrical|Berat|Getaran|Macet/tersumbat|2980000
Lapor. Lampu Wall sign lt 7 Tengah mati.|Lampu Wall sign mengalami kerusakan karena getaran, sehingga menyebabkan macet/tersumbat, dan telah diperbaiki|Lampu Wall sign|Gedung A|7|Tengah|Electrical|Berat|Getaran|Macet/tersumbat|2980000
Mohon bantuan untuk memperbaiki Lampu Wall sign di Gedung Gedung A lantai 7 zona Tengah, karena lampu tersebut tidak nyala sama sekali dan sangat mengganggu.|Lampu Wall sign mengalami kerusakan karena getaran, sehingga menyebabkan macet/tersumbat, dan telah diperbaiki dengan biaya Rp 2980000|Lampu Wall sign|Gedung A|7|Tengah|Electrical|Berat|Getaran|Macet/tersumbat|2980000
Tolong dong APAR Dry Powder Cartridge di Gedung Gedung A lantai 14 zona Barat rusak nih, bunyi abnormal bgt, gk tahu knp, tolong perbaiki yg|Overload pada sistem APAR Dry Powder Cartridge menyebabkan bunyi abnormal, perlu dilakukan pembersihan dan pengecekan ulang|APAR Dry Powder Cartridge|Gedung A|14|Barat|Sistem Pemadam Kebakaran|Sedang|Overload|Bunyi abnormal|1120000
Lapor, APAR Dry Powder Cartridge lt 14 Barat bermasalah|Overload pada APAR Dry Powder Cartridge menyebabkan kerusakan, perlu segera diperbaiki|APAR Dry Powder Cartridge|Gedung A|14|Barat|Sistem Pemadam Kebakaran|Sedang|Overload|Bunyi abnormal|1120000
Mohon perhatian, APAR Dry Powder Cartridge di Gedung Gedung A lantai 14 zona Barat mengalami kendala teknis berupa bunyi abnormal|Overload pada sistem APAR Dry Powder Cartridge, perlu dilakukan pengecekan dan perbaikan untuk menghindari kerusakan lebih lanjut, biaya perbaikan diperkirakan sebesar Rp 1120000|APAR Dry Powder Cartridge|Gedung A|14|Barat|Sistem Pemadam Kebakaran|Sedang|Overload|Bunyi abnormal|1120000
Tolong dong DVR CCTV di Gedung Gedung D lantai 6 zona Selatan rusak nih, bgt kusam dan berdebu, gk tau dmn letak masalahnya, yg jelas harus segera diperbaiki|DVR CCTV mengalami korosi yang menyebabkan korsleting, perlu dilakukan pembersihan dan penggantian komponen yang rusak|DVR CCTV|Gedung D|6|Selatan|Security Sistem|Ringan|Korosi|Korsleting|340000
Lapor, DVR CCTV lt 6 Selatan kotor|DVR CCTV mengalami kerusakan akibat korosi, dilakukan perbaikan dengan membersihkan dan mengganti komponen yang rusak|DVR CCTV|Gedung D|6|Selatan|Security Sistem|Ringan|Korosi|Korsleting|340000
Dengan hormat, saya melaporkan bahwa DVR CCTV yang terletak di Gedung Gedung D lantai 6 zona Selatan mengalami kerusakan yang menyebabkan korsleting, kemungkinan disebabkan oleh korosi, mohon segera ditangani|DVR CCTV mengalami korosi yang menyebabkan korsleting, perlu dilakukan perbaikan segera dengan biaya sebesar Rp 340000|DVR CCTV|Gedung D|6|Selatan|Security Sistem|Ringan|Korosi|Korsleting|340000
Tolong dong Lampu LED Downlight di Gedung Gedung Servis lantai 1 zona Barat rusak bgt, gk nyala sama sekali, yg benerin cepat ya!|Lampu LED Downlight di Gedung Gedung Servis lantai 1 zona Barat mengalami kerusakan remote tidak berfungsi karena kualitas material yang buruk, perlu dilakukan perbaikan dengan mengganti remote baru|Lampu LED Downlight|Gedung Servis|1|Barat|Electrical|Berat|Kualitas material|Remote tidak berfungsi|1020000
Lapor. Lampu LED Downlight lt 1 Barat mati.|Lampu LED Downlight di Gedung Gedung Servis lantai 1 zona Barat mengalami kerusakan remote tidak berfungsi karena kualitas material yang buruk, perlu dilakukan perbaikan dengan mengganti remote baru|Lampu LED Downlight|Gedung Servis|1|Barat|Electrical|Berat|Kualitas material|Remote tidak berfungsi|1020000
Mohon bantu perbaiki Lampu LED Downlight di Gedung Gedung Servis lantai 1 zona Barat, tidak nyala sama sekali, Remote tidak berfungsi|Lampu LED Downlight di Gedung Gedung Servis lantai 1 zona Barat mengalami kerusakan remote tidak berfungsi karena kualitas material yang buruk, perlu dilakukan perbaikan dengan mengganti remote baru, perkiraan biaya perbaikan sebesar Rp 1020000|Lampu LED Downlight|Gedung Servis|1|Barat|Electrical|Berat|Kualitas material|Remote tidak berfungsi|1020000
Dinding Partisi, GRC / Gypsum di Gedung Gedung Utama lantai 9 zona Timur rusak bgt, mati total, gk bisa dipake, tolong dong, dmn ada yg bisa bantu?|Kualitas material yang buruk menyebabkan tekanan tidak stabil, perlu diganti dengan material yang lebih baik|Dinding Partisi, GRC / Gypsum|Gedung Utama|9|Timur|Civil|Berat|Kualitas material|Tekanan tidak stabil|6260000
Lapor, Dinding Partisi, GRC / Gypsum lt 9 Timur mati|Kerusakan pada Dinding Partisi, GRC / Gypsum disebabkan oleh kualitas material yang buruk, perlu perbaikan segera|Dinding Partisi, GRC / Gypsum|Gedung Utama|9|Timur|Civil|Berat|Kualitas material|Tekanan tidak stabil|6260000
Mohon bantuan untuk perbaikan Dinding Partisi, GRC / Gypsum di Gedung Gedung Utama lantai 9 zona Timur, karena sudah mati total dan tidak bisa digunakan, terima kasih|Perbaikan Dinding Partisi, GRC / Gypsum memerlukan penggantian material dengan kualitas yang lebih baik, biaya perbaikan sebesar Rp 6260000|Dinding Partisi, GRC / Gypsum|Gedung Utama|9|Timur|Civil|Berat|Kualitas material|Tekanan tidak stabil|6260000
Tolong dong Terminal Box Alarm di Gedung Gedung E lantai 5 zona Timur mati total bgt, gk tau knp, yg penting dibenerin dmn|Terminal Box Alarm mengalami kerusakan berat karena getaran, perlu dilakukan perbaikan dan penggantian komponen yang rusak|Terminal Box Alarm|Gedung E|5|Timur|Sistem Proteksi Kebakaran Aktif|Berat|Getaran|Performa menurun|6520000
Lapor. Terminal Box Alarm lt 5 Timur mati|Terminal Box Alarm mengalami kerusakan berat karena getaran, perlu dilakukan perbaikan dan penggantian komponen yang rusak|Terminal Box Alarm|Gedung E|5|Timur|Sistem Proteksi Kebakaran Aktif|Berat|Getaran|Performa menurun|6520000
Mohon periksa Terminal Box Alarm di Gedung Gedung E lantai 5 zona Timur, karena mengalami masalah performa menurun dan mati total|Terminal Box Alarm mengalami kerusakan berat karena getaran, perlu dilakukan perbaikan dan penggantian komponen yang rusak dengan biaya perbaikan sebesar Rp 6520000|Terminal Box Alarm|Gedung E|5|Timur|Sistem Proteksi Kebakaran Aktif|Berat|Getaran|Performa menurun|6520000
Tolong dong Jockey Pump di Gedung Gedung E lantai 4 zona Timur rusak bgt, gk bisa nyala, terbakar, tolong cepat!|Jockey Pump mengalami kerusakan akibat aus normal, perlu dilakukan perbaikan untuk mengganti komponen yang rusak|Jockey Pump|Gedung E|4|Timur|Sistem Pemadam Kebakaran|Fatal|Aus normal|Tampilan rusak|22790000
Lapor, Jockey Pump lt 4 Timur mati, terbakar!|Jockey Pump mengalami kerusakan parah, perlu dilakukan perbaikan segera|Jockey Pump|Gedung E|4|Timur|Sistem Pemadam Kebakaran|Fatal|Aus normal|Tampilan rusak|22790000
Mohon bantuan, Jockey Pump di Gedung Gedung E lantai 4 zona Timur mengalami masalah, tampilan rusak, terbakar, mohon segera ditangani|Jockey Pump mengalami kerusakan akibat aus normal, perlu dilakukan perbaikan untuk mengganti komponen yang rusak, biaya perbaikan sebesar Rp 22790000|Jockey Pump|Gedung E|4|Timur|Sistem Pemadam Kebakaran|Fatal|Aus normal|Tampilan rusak|22790000
Tolong dong Ground Water Tank di Gedung Gedung Utama lantai 1 zona Selatan rusak bgt, netes air terus, gk tau dmn masalahnya, tolong bantu ygyg|Laporan teknisi: ditemukan korosi pada tank, dilakukan perbaikan dengan mengganti komponen yang rusak dan pengecatan ulang, biaya perbaikan sebesar Rp 1140000|Ground Water Tank|Gedung Utama|1|Selatan|Distribusi Air|Sedang|Korosi|Berkarat/korosi|1140000
Lapor, Ground Water Tank lt 1 Selatan bermasalah|Teknisi menemukan korosi pada tank, melakukan perbaikan dengan mengganti komponen yang rusak|Ground Water Tank|Gedung Utama|1|Selatan|Distribusi Air|Sedang|Korosi|Berkarat/korosi|1140000
Mohon bantuan, Ground Water Tank di Gedung Gedung Utama lantai 1 zona Selatan mengalami kerusakan, yaitu berkarat dan korosi, sehingga menimbulkan kebocoran air|Laporan teknisi: setelah dilakukan inspeksi, ditemukan korosi pada tank, sehingga dilakukan perbaikan dengan mengganti komponen yang rusak dan pengecatan ulang, dengan biaya perbaikan sebesar Rp 1140000|Ground Water Tank|Gedung Utama|1|Selatan|Distribusi Air|Sedang|Korosi|Berkarat/korosi|1140000
Tolong dong Meter PLN di Gedung Gedung D lantai 9 zona Timur bunyi pelan bgt, gk tau knp, tolong dmn yg bisa bantu|Ditemukan bahwa meter PLN mengalami getaran yang menyebabkan tekanan tidak stabil, perbaikan dilakukan dengan mengganti komponen yang rusak|Meter PLN|Gedung D|9|Timur|Pencatatan Meter|Ringan|Getaran|Tekanan tidak stabil|120000
Lapor, Meter PLN lt 9 Timur kotor|Perbaikan dilakukan dengan membersihkan meter PLN dan memeriksa komponen yang rusak, biaya perbaikan sebesar Rp 120000|Meter PLN|Gedung D|9|Timur|Pencatatan Meter|Ringan|Getaran|Tekanan tidak stabil|120000
Mohon periksa Meter PLN di Gedung Gedung D lantai 9 zona Timur, karena terdapat bunyi pelan yang tidak normal|Setelah dilakukan pemeriksaan, ditemukan bahwa meter PLN mengalami getaran yang menyebabkan tekanan tidak stabil, perbaikan telah dilakukan dengan biaya sebesar Rp 120000|Meter PLN|Gedung D|9|Timur|Pencatatan Meter|Ringan|Getaran|Tekanan tidak stabil|120000
Tolong dong Paving Block di Gedung Gedung D lantai 2 zona Selatan rusak bgt, netes air terus, gk tau dmn salahnya, tolong bantu yg, bgt!|Paving Block di Gedung Gedung D lantai 2 zona Selatan mengalami kerusakan suhu tidak stabil akibat tegangan tidak stabil, perlu dilakukan pengecekan dan perbaikan|Paving Block|Gedung D|2|Selatan|Civil|Sedang|Tegangan tidak stabil|Suhu tidak stabil|1070000
Lapor, Paving Block lt 2 Selatan bermasalah!|Paving Block di Gedung Gedung D lantai 2 zona Selatan mengalami kerusakan suhu tidak stabil akibat tegangan tidak stabil, perlu dilakukan pengecekan dan perbaikan segera|Paving Block|Gedung D|2|Selatan|Civil|Sedang|Tegangan tidak stabil|Suhu tidak stabil|1070000
Mohon perhatian, Paving Block di Gedung Gedung D lantai 2 zona Selatan mengalami masalah, suhu tidak stabil dan netes air, tolong dicek dan diperbaiki sesuai prosedur|Paving Block di Gedung Gedung D lantai 2 zona Selatan mengalami kerusakan suhu tidak stabil akibat tegangan tidak stabil, perlu dilakukan pengecekan dan perbaikan dengan biaya Rp 1070000|Paving Block|Gedung D|2|Selatan|Civil|Sedang|Tegangan tidak stabil|Suhu tidak stabil|1070000
Tolong dong WI-FI di Gedung Gedung D lantai 4 zona Tengah rusak bgt, gk tau dmn letak kerusakannya, tp yg jelas wifi gk nyala sama sekali, bau gosong keluar dr perangkatnya|Kerusakan WI-FI disebabkan oleh Usia pakai yang telah mencapai batas maksimal, sehingga mengalami Getaran berlebihan, perlu dilakukan perbaikan dan penggantian komponen yang rusak|Rt/Rw|Gedung D|4|Tengah|Sistem Telekomunikasi Gedung|Fatal|Usia pakai|Getaran berlebihan|23460000
Lapor, WI-FI Gedung D lantai 4 zona Tengah terbakar|Kerusakan WI-FI disebabkan oleh Usia pakai yang telah mencapai batas maksimal, sehingga mengalami Getaran berlebihan, perlu dilakukan perbaikan dan penggantian komponen yang rusak|Rt/Rw|Gedung D|4|Tengah|Sistem Telekomunikasi Gedung|Fatal|Usia pakai|Getaran berlebihan|23460000
Mohon perhatian, WI-FI di Gedung Gedung D lantai 4 zona Tengah mengalami kerusakan yang sangat parah, sehingga menyebabkan gangguan yang signifikan, perlu dilakukan perbaikan segera|Kerusakan WI-FI disebabkan oleh Usia pakai yang telah mencapai batas maksimal, sehingga mengalami Getaran berlebihan, perlu dilakukan perbaikan dan penggantian komponen yang rusak|Rt/Rw|Gedung D|4|Tengah|Sistem Telekomunikasi Gedung|Fatal|Usia pakai|Getaran berlebihan|23460000
Tolong dong Control Panel Hydrant Diesel Pump di Gedung Gedung A lantai 9 zona Utara rusak nih, gk tau penyebabnya, tp yg jelas mogok bgt!|Teknisi telah melakukan pengecekan dan perbaikan dengan menemukan bahwa kerusakan disebabkan oleh Aus normal, sehingga dilakukan penggantian komponen yang rusak dan penyesuaian sistem untuk mengatasi suhu tidak stabil|Control Panel Hydrant Diesel Pump|Gedung A|9|Utara|Electrical|Berat|Aus normal|Suhu tidak stabil|5770000
Lapor. Control Panel Hydrant Diesel Pump lt 9 Utara mati.|Penyebab kerusakan adalah Aus normal, perbaikan dilakukan dengan mengganti komponen yang rusak|Control Panel Hydrant Diesel Pump|Gedung A|9|Utara|Electrical|Berat|Aus normal|Suhu tidak stabil|5770000
Mohon perhatian, Control Panel Hydrant Diesel Pump di Gedung Gedung A lantai 9 zona Utara mengalami kerusakan berat, yaitu mati total, sehingga memerlukan perbaikan segera|Teknisi telah melakukan analisis dan menemukan bahwa kerusakan disebabkan oleh Aus normal, kemudian dilakukan tindakan perbaikan dengan mengganti komponen yang rusak dan penyesuaian sistem|Control Panel Hydrant Diesel Pump|Gedung A|9|Utara|Electrical|Berat|Aus normal|Suhu tidak stabil|5770000
Tolong dong Fingerprint di Gedung Gedung D lantai 2 zona Barat nyetrum bgt, gk tau dmn letak masalahnya, tolong bantu ya|Fingerprint mengalami kerusakan karena Tegangan tidak stabil, perlu dilakukan perbaikan dengan mengganti komponen yang rusak|Fingerprint|Gedung D|2|Barat|Security Sistem|Fatal|Tegangan tidak stabil|Retak/pecah|30340000
Lapor, Fingerprint lt 2 Barat meledak|Fingerprint mengalami kerusakan fatal karena Tegangan tidak stabil, perlu dilakukan perbaikan denganHatihati|Fingerprint|Gedung D|2|Barat|Security Sistem|Fatal|Tegangan tidak stabil|Retak/pecah|30340000
Mohon bantuan untuk perbaikan Fingerprint di Gedung Gedung D lantai 2 zona Barat karena terjadi kerusakan yang menyebabkan Fingerprint tersebut terbakar|Fingerprint mengalami kerusakan karena Tegangan tidak stabil, perlu dilakukan perbaikan dengan mengganti komponen yang rusak dan melakukan pengecekan ulang|Fingerprint|Gedung D|2|Barat|Security Sistem|Fatal|Tegangan tidak stabil|Retak/pecah|30340000
Tolong dong AC Cassette di Gedung Gedung Utama lantai 15 zona Tengah rusak nih, bunyi pelan bgt, gk tau dmn letak masalahnya, tolong bantu yg, gk bisa kerja kalo gini!|Perbaikan AC Cassette di Gedung Gedung Utama lantai 15 zona Tengah dilakukan dengan membersihkan komponen yang kotor dan tersumbat, karena kurang perawatan, sehingga mengakibatkan kerusakan macet/tersumbat, biaya perbaikan sebesar Rp 310000|AC Cassette|Gedung Utama|15|Tengah|Mechanical|Ringan|Kurang perawatan|Macet/tersumbat|310000
Lapor, AC Cassette lt 15 Tengah rusak|Perbaikan AC Cassette di Gedung Gedung Utama lantai 15 zona Tengah dilakukan dengan membersihkan komponen yang kotor dan tersumbat, karena kurang perawatan, sehingga mengakibatkan kerusakan macet/tersumbat|AC Cassette|Gedung Utama|15|Tengah|Mechanical|Ringan|Kurang perawatan|Macet/tersumbat|310000
Mohon bantuan untuk perbaikan AC Cassette yang terletak di Gedung Gedung Utama lantai 15 zona Tengah, karena mengalami kerusakan yang menyebabkan bunyi pelan dan tidak berfungsi dengan baik, sehingga memerlukan perawatan dan perbaikan segera|Perbaikan AC Cassette di Gedung Gedung Utama lantai 15 zona Tengah dilakukan dengan membersihkan komponen yang kotor dan tersumbat, karena kurang perawatan, sehingga mengakibatkan kerusakan macet/tersumbat, biaya perbaikan sebesar Rp 310000|AC Cassette|Gedung Utama|15|Tengah|Mechanical|Ringan|Kurang perawatan|Macet/tersumbat|310000
Tolong dong Smoke Detector di Gedung Gedung A lantai 13 zona Selatan rusak nih, bunyi pelan bgt, gk tau dmn letak masalahnya, tolong bantu yg|Smoke Detector di Gedung Gedung A lantai 13 zona Selatan mengalami kerusakan karena Tegangan tidak stabil, dilakukan perbaikan dengan membersihkan dan mengganti komponen yang rusak, biaya perbaikan sebesar Rp 390000|Smoke Detector|Gedung A|13|Selatan|Sistem Proteksi Kebakaran Aktif|Ringan|Tegangan tidak stabil|Macet/tersumbat|390000
Lapor, Smoke Detector lt 13 Selatan rusak|Smoke Detector di Gedung Gedung A lantai 13 zona Selatan mengalami kerusakan karena Tegangan tidak stabil, dilakukan perbaikan dengan membersihkan dan mengganti komponen yang rusak|Smoke Detector|Gedung A|13|Selatan|Sistem Proteksi Kebakaran Aktif|Ringan|Tegangan tidak stabil|Macet/tersumbat|390000
Mohon bantuan untuk memperbaiki Smoke Detector di Gedung Gedung A lantai 13 zona Selatan, karena mengalami kerusakan yang menyebabkan bunyi pelan, mohon dilakukan pengecekan dan perbaikan sesuai dengan prosedur|Smoke Detector di Gedung Gedung A lantai 13 zona Selatan mengalami kerusakan karena Tegangan tidak stabil, dilakukan perbaikan dengan membersihkan dan mengganti komponen yang rusak, biaya perbaikan sebesar Rp 390000|Smoke Detector|Gedung A|13|Selatan|Sistem Proteksi Kebakaran Aktif|Ringan|Tegangan tidak stabil|Macet/tersumbat|390000
Genset Diesel di Gedung Gedung Servis lantai 2 zona Utara meledak nih, gk tau dmn salahnya, tolong bgt|Human error menyebabkan kerusakan, dilakukan perbaikan dengan mengganti komponen yang rusak|Genset Diesel|Gedung Servis|2|Utara|Mechanical|Fatal|Human error|Overheat|25660000
Lapor, Genset Diesel lt 2 Utara terbakar|Kerusakan disebabkan oleh human error, perlu dilakukan perbaikan|Genset Diesel|Gedung Servis|2|Utara|Mechanical|Fatal|Human error|Overheat|25660000
Mohon periksa Genset Diesel di Gedung Gedung Servis lantai 2 zona Utara, karena terjadi kejadian fatal berupa kebakaran|Kerusakan disebabkan oleh human error, dilakukan perbaikan dengan mengganti komponen yang rusak, biaya perbaikan sebesar Rp 25660000|Genset Diesel|Gedung Servis|2|Utara|Mechanical|Fatal|Human error|Overheat|25660000
Tolong dong Meter PLN di Gedung Gedung B lantai 9 zona Utara rusak bgt, netes air terus, berisik banget, gk tau dmn letak kerusakannya, tolong bantu yaa|Getaran menyebabkan aus, perbaikan dilakukan dengan mengganti komponen yang rusak|Meter PLN|Gedung B|9|Utara|Pencatatan Meter|Sedang|Getaran|Aus/abrasi|1170000
Lapor, Meter PLN di lt 9 Utara bermasalah|Kerusakan karena getaran, perlu perbaikan segera|Meter PLN|Gedung B|9|Utara|Pencatatan Meter|Sedang|Getaran|Aus/abrasi|1170000
Mohon bantuan untuk perbaikan Meter PLN yang terletak di Gedung Gedung B, lantai 9, zona Utara, karena mengalami kerusakan yang menyebabkan netes air dan berisik|Perbaikan dilakukan dengan menganalisis penyebab getaran dan mengganti komponen yang rusak, biaya perbaikan sebesar Rp 1170000|Meter PLN|Gedung B|9|Utara|Pencatatan Meter|Sedang|Getaran|Aus/abrasi|1170000
Tolong dong Floor Drain di Gedung Gedung E lantai 4 zona Barat rusak nih, bgt berisik banget dan netes air terus, gk tahu dmn letak kerusakannya yg bener!|Ditemukan kerusakan pada Floor Drain di Gedung Gedung E lantai 4 zona Barat akibat Debu/kotoran, dilakukan pembersihan dan perawatan|Floor Drain|Gedung E|4|Barat|Plumbing|Sedang|Debu/kotoran|Overheat|400000
Lapor, Floor Drain Gedung E lantai 4 zona Barat error terus!|Dilakukan pengecekan dan perbaikan pada Floor Drain yang rusak akibat Debu/kotoran|Floor Drain|Gedung E|4|Barat|Plumbing|Sedang|Debu/kotoran|Overheat|400000
Mohon bantuan untuk memperbaiki Floor Drain yang terletak di Gedung Gedung E lantai 4 zona Barat, karena mengalami kerusakan yang menyebabkan kurang dingin dan berisik|Ditemukan kerusakan pada komponen Floor Drain akibat Debu/kotoran, kemudian dilakukan pembersihan dan penggantian komponen yang rusak, dengan biaya perbaikan sebesar Rp 400000|Floor Drain|Gedung E|4|Barat|Plumbing|Sedang|Debu/kotoran|Overheat|400000
Tolong dong Kamera CCTV di Gedung Gedung Servis lantai 1 zona Timur rusak bgt, gk tau dmn letak kerusakannya, tapi yg jelas bunyi abnormal terus, bgt dmn bisa di perbaiki ya?|Kamera CCTV mengalami kerusakan karena Human error, sehingga mengakibatkan bunyi abnormal, perbaikan dilakukan dengan mengganti komponen yang rusak dan melakukan pengecekan ulang, biaya perbaikan sebesar Rp 8180000|Kamera CCTV|Gedung Gedung Servis|1|Timur|Security Sistem|Berat|Human error|Bunyi abnormal|8180000
Lapor, Kamera CCTV lt 1 Timur mati total|Kamera CCTV mengalami kerusakan karena Human error, sehingga mengakibatkan kerusakan total, perbaikan dilakukan dengan mengganti komponen yang rusak dan melakukan pengecekan ulang, biaya perbaikan sebesar Rp 8180000|Kamera CCTV|Gedung Gedung Servis|1|Timur|Security Sistem|Berat|Human error|Bunyi abnormal|8180000
Mohon periksa Kamera CCTV di Gedung Gedung Servis lantai 1 zona Timur, karena mengalami kerusakan yang menyebabkan bunyi abnormal, kami mohon bantuan untuk memperbaiki kerusakan tersebut|Kamera CCTV mengalami kerusakan karena Human error, sehingga mengakibatkan bunyi abnormal, perbaikan dilakukan dengan mengganti komponen yang rusak dan melakukan pengecekan ulang, biaya perbaikan sebesar Rp 8180000|Kamera CCTV|Gedung Gedung Servis|1|Timur|Security Sistem|Berat|Human error|Bunyi abnormal|8180000
Tolong dong Lantai Karpet di Gedung Gedung E lantai 3 zona Barat rusak bgt, mati total, gk bisa dipake lagi, yg dmn salahnya sih?|Lantai Karpet mengalami kerusakan karena getaran, perlu dilakukan perbaikan koneksi terputus dan pengecekan ulang|Lantai Karpet|Gedung E|3|Barat|Civil|Berat|Getaran|Koneksi terputus|2540000
Lapor. Lantai Karpet lt 3 Barat mati.|Perbaikan Lantai Karpet di Gedung E lantai 3 zona Barat karena getaran, biaya perbaikan sebesar Rp 2540000|Lantai Karpet|Gedung E|3|Barat|Civil|Berat|Getaran|Koneksi terputus|2540000
Mohon bantuan, Lantai Karpet di Gedung Gedung E lantai 3 zona Barat mengalami kerusakan berat, tidak dapat digunakan, perlu dilakukan pengecekan dan perbaikan segera.|Dilakukan pengecekan dan perbaikan Lantai Karpet di Gedung E lantai 3 zona Barat, kerusakan disebabkan oleh getaran, biaya perbaikan Rp 2540000|Lantai Karpet|Gedung E|3|Barat|Civil|Berat|Getaran|Koneksi terputus|2540000
Tolong dong Roof Tank di Gedung Gedung E lantai 4 zona Barat rusak nih,yg bgt kotor dan berdebu,bgt gk enak dmn ada bunyi pelan gitu|Overload menyebabkan kerusakan,perlu perbaikan segera dengan mengganti komponen yang rusak|Roof Tank|Gedung E|4|Barat|Distribusi Air|Ringan|Overload|Retak/pecah|420000
Lapor. Roof Tank lt 4 Barat kotor|Overload menyebabkan kerusakan,perlu perbaikan segera|Roof Tank|Gedung E|4|Barat|Distribusi Air|Ringan|Overload|Retak/pecah|420000
Saya ingin melaporkan bahwa Roof Tank di Gedung Gedung E lantai 4 zona Barat mengalami kerusakan ringan,yaitu kotor dan berdebu|Kerusakan disebabkan oleh Overload,perlu dilakukan perbaikan dengan mengganti komponen yang rusak,dengan biaya perbaikan sebesar Rp 420000|Roof Tank|Gedung E|4|Barat|Distribusi Air|Ringan|Overload|Retak/pecah|420000
Lampu LED Bulb di Gedung Gedung C lantai 7 zona Utara bgt rusak nih, bahkan meledak yg membuat kami panik bgt dmn harus lapor?|Laporan teknisi: Overload menyebabkan kerusakan pada Lampu LED Bulb, dilakukan perbaikan dengan mengganti komponen yang rusak dan memperbaiki sistem kelistrikan, biaya perbaikan sebesar Rp 38280000|Lampu LED Bulb|Gedung C|7|Utara|Electrical|Fatal|Overload|Tampilan rusak|38280000
Lapor, Lampu LED Bulb Gedung C lantai 7 zona Utara meledak|Laporan teknisi: Kerusakan akibat Overload, perbaikan dilakukan dengan mengganti komponen yang rusak|Lampu LED Bulb|Gedung C|7|Utara|Electrical|Fatal|Overload|Tampilan rusak|38280000
Mohon bantuan, Lampu LED Bulb di Gedung Gedung C lantai 7 zona Utara mengalami kerusakan parah, nyetrum dan terbakar, tolong segera ditangani|Laporan teknisi: Overload menyebabkan kerusakan pada komponen listrik, dilakukan perbaikan dan penggantian komponen yang rusak|Lampu LED Bulb|Gedung C|7|Utara|Electrical|Fatal|Overload|Tampilan rusak|38280000
Gedung D lantai 6 zona Utara, lantai granitnya bermasalah bgt, netes air terus, gk tau dmn sumbernya, tolong dong cepat dicek|Laporan teknisi: Human error menyebabkan sensor error, perbaikan dilakukan dengan mengganti sensor yang rusak dan memperbaiki sistem drainase, biaya perbaikan sebesar Rp 360000|Lantai Granit|Gedung D|6|Utara|Civil|Sedang|Human error|Sensor error|360000
Lapor, Lantai Granit lt 6 Utara error|Laporan teknisi: Human error menyebabkan kerusakan pada sensor, perlu dilakukan perbaikan segera|Lantai Granit|Gedung D|6|Utara|Civil|Sedang|Human error|Sensor error|360000
Mohon perhatian, lantai granit di Gedung D lantai 6 zona Utara mengalami kerusakan, yaitu netes air terus, mohon untuk segera memeriksa dan memperbaiki|Laporan teknisi: Human error menyebabkan sensor error, perbaikan dilakukan dengan mengganti sensor yang rusak, biaya perbaikan Rp 360000|Lantai Granit|Gedung D|6|Utara|Civil|Sedang|Human error|Sensor error|360000
Gmn bg, APAR Dry Powder Stored Pressure di Gedung Gedung A lantai 14 zona Selatan rusak bgt, kedap-kedip terus, gk tau dmn salahnya, tolong dong|Tegangan tidak stabil, dilakukan pengecekan dan perbaikan sistem|APAR Dry Powder Stored Pressure|Gedung A|14|Selatan|Sistem Pemadam Kebakaran|Sedang|Tegangan tidak stabil|Tampilan rusak|1200000
Lapor, APAR Dry Powder Stored Pressure lt 14 Selatan bermasalah|Ditemukan kerusakan pada tampilan, kemungkinan akibat tegangan tidak stabil, perlu perbaikan|APAR Dry Powder Stored Pressure|Gedung A|14|Selatan|Sistem Pemadam Kebakaran|Sedang|Tegangan tidak stabil|Tampilan rusak|1200000
Mohon bantuan, APAR Dry Powder Stored Pressure di Gedung Gedung A lantai 14 zona Selatan mengalami gangguan, yaitu kedap-kedip dan kurang berfungsi dengan baik|Kerusakan disebabkan oleh tegangan tidak stabil, dilakukan perbaikan dan pengecekan ulang untuk memastikan sistem berfungsi dengan normal|APAR Dry Powder Stored Pressure|Gedung A|14|Selatan|Sistem Pemadam Kebakaran|Sedang|Tegangan tidak stabil|Tampilan rusak|1200000
Tolong dong Speaker di Gedung Gedung D lantai 1 zona Selatan rusak nih, bgt kotor dan kusam, gk tau dmn masalahnya, yg jelas bunyi pelan bgt|Perbaikan dilakukan dengan membersihkan korosi dan mengganti komponen yang rusak, biaya perbaikan sebesar Rp 350000|Speaker|Gedung D|1|Selatan|Sistem Telekomunikasi Gedung|Ringan|Korosi|Tampilan rusak|350000
Lapor, Speaker lantai 1 Selatan rusak|Perbaikan korosi dan penggantian komponen, biaya Rp 350000|Speaker|Gedung D|1|Selatan|Sistem Telekomunikasi Gedung|Ringan|Korosi|Tampilan rusak|350000
Mohon periksa Speaker di Gedung Gedung D lantai 1 zona Selatan, karena terdapat kerusakan pada tampilan yang kusam dan bunyi pelan|Perbaikan dilakukan dengan membersihkan korosi dan mengganti komponen yang rusak, dengan biaya perbaikan sebesar Rp 350000|Speaker|Gedung D|1|Selatan|Sistem Telekomunikasi Gedung|Ringan|Korosi|Tampilan rusak|350000
Tolong dong AC Split di Gedung Gedung E lantai 6 zona Barat rusak bgt, kotor dan berdebu, gk bisa nyala sama sekali, tolong bantu yah, dmn bisa kontak teknisi?|Perbaikan dilakukan dengan membersihkan dan mengganti komponen yang rusak akibat Faktor lingkungan, biaya perbaikan sebesar Rp 370000|AC Split|Gedung E|6|Barat|Mechanical|Ringan|Faktor lingkungan|Tidak berfungsi total|370000
Lapor, AC Split Gedung E lantai 6 zona Barat rusak|Perbaikan dilakukan dengan mengganti komponen yang rusak akibat Faktor lingkungan|AC Split|Gedung E|6|Barat|Mechanical|Ringan|Faktor lingkungan|Tidak berfungsi total|370000
Mohon periksa AC Split di Gedung Gedung E lantai 6 zona Barat, karena sudah tidak berfungsi dengan baik, bunyi pelan dan kotor, mohon segera ditangani oleh teknisi|Perbaikan dilakukan dengan membersihkan dan mengganti komponen yang rusak akibat Faktor lingkungan, biaya perbaikan sebesar Rp 370000|AC Split|Gedung E|6|Barat|Mechanical|Ringan|Faktor lingkungan|Tidak berfungsi total|370000
Tolong dong SDP di Gedung Gedung Utama lantai 2 zona Utara rusak bgt, nyetrum gk tau dmn letaknya, tolong bantu yg, bgt darurat!|SDP mengalami kerusakan akibat Overload, dilakukan perbaikan dengan mengganti komponen yang rusak dan pengecekan ulang sistem|SDP|Gedung Gedung Utama|2|Utara|Electrical|Fatal|Overload|Getaran berlebihan|18460000
Lapor, SDP Gedung Utama lantai 2 zona Utara terbakar!|SDP mengalami kerusakan parah akibat Overload, dilakukan perbaikan dengan mengganti komponen yang rusak dan pengecekan ulang sistem|SDP|Gedung Gedung Utama|2|Utara|Electrical|Fatal|Overload|Getaran berlebihan|18460000
Mohon bantuan, SDP di Gedung Gedung Utama lantai 2 zona Utara mengalami kerusakan yang sangat parah, terjadi getaran berlebihan dan nyetrum, mohon segera ditangani oleh teknisi|SDP mengalami kerusakan akibat Overload, dilakukan perbaikan dengan mengganti komponen yang rusak dan pengecekan ulang sistem, biaya perbaikan sebesar Rp 18460000|SDP|Gedung Gedong Utama|2|Utara|Electrical|Fatal|Overload|Getaran berlebihan|18460000
"Gmn ya Control Panel Penerangan di Gedung Gedung Servis lantai 1 zona Barat mati total bgt, gk tau dmn salahnya, tolong dong bantu perbaiki yg cepet"|Perbaikan Control Panel Penerangan akibat Human error yang menyebabkan Aus/abrasi, dilakukan penggantian komponen yang rusak dan pengecekan ulang sistem|Control Panel Penerangan|Gedung Servis|1|Barat|Electrical|Berat|Human error|Aus/abrasi|10800000
Lapor, Control Panel Penerangan lt 1 Barat mati|Laporan teknis: Control Panel Penerangan mengalami kerusakan total karena Human error, perlu dilakukan perbaikan segera|Control Panel Penerangan|Gedung Servis|1|Barat|Electrical|Berat|Human error|Aus/abrasi|10800000
Mohon bantuan untuk perbaikan Control Panel Penerangan di Gedung Gedung Servis lantai 1 zona Barat yang tidak nyala sama sekali, saya khawatir ada kerusakan serius|Laporan teknis: Control Panel Penerangan mengalami kerusakan berat karena Human error yang menyebabkan Aus/abrasi, perbaikan dilakukan dengan mengganti komponen yang rusak dan memeriksa sistem secara menyeluruh, biaya perbaikan sebesar Rp 10800000|Control Panel Penerangan|Gedung Servis|1|Barat|Electrical|Berat|Human error|Aus/abrasi|10800000
Tolong dong Smoke Detector di Gedung Gedung D lantai 10 zona Timur rusak bgt, gk nyala sama sekali, dmnt yg bsa bantu?|Laporan teknisi: Smoke Detector mengalami kerusakan akibat kelembaban tinggi, dilakukan perbaikan koneksi dan penggantian komponen yang rusak, biaya perbaikan sebesar Rp 4610000|Smoke Detector|Gedung D|10|Timur|Sistem Proteksi Kebakaran Aktif|Berat|Kelembaban tinggi|Koneksi terputus|4610000
Lapor. Smoke Detector lt 10 Timur mati.|Laporan teknisi: Smoke Detector mengalami kerusakan koneksi akibat kelembaban tinggi, dilakukan perbaikan|Smoke Detector|Gedung D|10|Timur|Sistem Proteksi Kebakaran Aktif|Berat|Kelembaban tinggi|Koneksi terputus|4610000
Smoke Detector di Gedung Gedung D, lantai 10, zona Timur tidak berfungsi dengan baik, mohon periksa dan perbaiki secepatnya.|Laporan teknisi: Smoke Detector mengalami kerusakan koneksi akibat kelembaban tinggi, dilakukan perbaikan koneksi dan penggantian komponen yang rusak|Smoke Detector|Gedung D|10|Timur|Sistem Proteksi Kebakaran Aktif|Berat|Kelembaban tinggi|Koneksi terputus|4610000
Tolong dong Lampu LED Bulb di Gedung Gedung Parkir lantai 5 zona Timur rusak nih,yg bgt kotor bgt gk bisa nyala dmn saya harus lapor?|Lampu LED Bulb di Gedung Gedung Parkir lantai 5 zona Timur diperbaiki karena debu/kotoran yang menyebabkan kebocoran,perbaikan dilakukan dengan membersihkan debu/kotoran dan mengganti komponen yang rusak|Lampu LED Bulb|Gedung Parkir|5|Timur|Electrical|Ringan|Debu/kotoran|Kebocoran|190000
Lapor, Lampu LED Bulb lt 5 Timur rusak|Lampu LED Bulb di Gedung Gedung Parkir lantai 5 zona Timur diperbaiki karena debu/kotoran yang menyebabkan kebocoran|Lampu LED Bulb|Gedung Parkir|5|Timur|Electrical|Ringan|Debu/kotoran|Kebocoran|190000
Mohon bantuan untuk memperbaiki Lampu LED Bulb di Gedung Gedung Parkir lantai 5 zona Timur karena lampu tersebut rusak dan tidak dapat digunakan|Lampu LED Bulb di Gedung Gedung Parkir lantai 5 zona Timur diperbaiki karena debu/kotoran yang menyebabkan kebocoran,biaya perbaikan sebesar Rp 190000|Lampu LED Bulb|Gedung Parkir|5|Timur|Electrical|Ringan|Debu/kotoran|Kebocoran|190000
Tolong dong Kamera CCTV di Gedung Gedung D lantai 4 zona Barat rusak nih, yg bgt gk nyala sama sekali, dmn kita harus lapor ke siapa nih?|Getaran menyebabkan kerusakan pada lampu, perlu dilakukan perbaikan dan penggantian komponen|Kamera CCTV|Gedung D|4|Barat|Security Sistem|Berat|Getaran|Lampu mati|4590000
Lapor, Kamera CCTV lt 4 Barat mati total|Perlu dilakukan pengecekan dan perbaikan pada sistem kamera|Kamera CCTV|Gedung D|4|Barat|Security Sistem|Berat|Getaran|Lampu mati|4590000
Mohon perhatian, Kamera CCTV di Gedung Gedung D lantai 4 zona Barat mengalami kerusakan, tidak nyala sama sekali, mohon dilakukan perbaikan secepatnya|Kerusakan disebabkan oleh getaran, perlu dilakukan perbaikan dan penggantian komponen yang rusak, biaya perbaikan diperkirakan sebesar Rp 4590000|Kamera CCTV|Gedung D|4|Barat|Security Sistem|Berat|Getaran|Lampu mati|4590000
Tolong dong Lampu LED Bulb di Gedung Gedung Utama lantai 17 zona Barat rusak nih, kedap-kedip terus bgt, gk tau penyebabnya, tolong bantu perbaiki yg, dmn bisa kontak teknisi?|Perbaikan dilakukan dengan mengganti komponen yang overload, kemudian dilakukan pengetesan untuk memastikan suhu stabil|Lampu LED Bulb|Gedung Utama|17|Barat|Electrical|Sedang|Overload|Suhu tidak stabil|1010000
Lapor, Lampu LED Bulb lt 17 zona Barat bermasalah|Overload pada sistem, perlu dilakukan perbaikan segera|Lampu LED Bulb|Gedung Utama|17|Barat|Electrical|Sedang|Overload|Suhu tidak stabil|1010000
Mohon perhatian, terdapat kerusakan pada Lampu LED Bulb yang terletak di Gedung Gedung Utama lantai 17 zona Barat, gejala yang teramati adalah kedap-kedip, mohon untuk dilakukan perbaikan|Perbaikan telah dilakukan dengan mengatasi masalah overload, biaya perbaikan sebesar Rp 1010000|Lampu LED Bulb|Gedung Utama|17|Barat|Electrical|Sedang|Overload|Suhu tidak stabil|1010000
Tolong dong Speaker di Gedung Gedung A lantai 11 zona Utara mati total bgt, gk tau dmn salahnya, tolong bantu ya!|Speaker di Gedung Gedung A lantai 11 zona Utara mengalami kerusakan pada tampilan karena tegangan tidak stabil, perlu dilakukan perbaikan dengan mengganti komponen yang rusak|Speaker|Gedung A|11|Utara|Sistem Telekomunikasi Gedung|Berat|Tegangan tidak stabil|Tampilan rusak|9750000
Lapor. Speaker lt 11 Utara mati|Perbaikan dilakukan dengan mengganti komponen yang rusak karena tegangan tidak stabil|Speaker|Gedung A|11|Utara|Sistem Telekomunikasi Gedung|Berat|Tegangan tidak stabil|Tampilan rusak|9750000
Mohon bantuan untuk memperbaiki Speaker di Gedung Gedung A lantai 11 zona Utara yang tidak nyala sama sekali, saya sangat membutuhkan bantuan Anda|Kerusakan pada Speaker di Gedung Gedung A lantai 11 zona Utara disebabkan oleh tegangan tidak stabil, perlu dilakukan perbaikan segera dengan biaya perbaikan sebesar Rp 9750000|Speaker|Gedung A|11|Utara|Sistem Telekomunikasi Gedung|Berat|Tegangan tidak stabil|Tampilan rusak|9750000
Tolong dong AC Split di Gedung Gedung Utama lantai 18 zona Selatan rusak bgt, gk nyala sama sekali, apa yg harus saya lakukan?|Ditemukan korosi pada bagian evaporator, dilakukan perbaikan dengan mengganti komponen yang rusak dan membersihkan bagian yang korosif|AC Split|Gedung Utama|18|Selatan|Mechanical|Berat|Korosi|Kebocoran|6340000
Lapor. AC Split lt 18 Selatan mati|Perlu dilakukan pengecekan lebih lanjut untuk mengetahui penyebab pastinya, kemungkinan besar karena korosi|AC Split|Gedung Utama|18|Selatan|Mechanical|Berat|Korosi|Kebocoran|6340000
Mohon bantuan untuk memperbaiki AC Split di Gedung Gedung Utama lantai 18 zona Selatan, karena sudah tidak nyala sama sekali|Setelah dilakukan analisis, ditemukan bahwa penyebab kerusakan adalah korosi pada bagian tertentu, sehingga perlu dilakukan perbaikan dengan biaya sebesar Rp 6340000|AC Split|Gedung Utama|18|Selatan|Mechanical|Berat|Korosi|Kebocoran|6340000
Tolong dong Lantai Keramik di Gedung Gedung C lantai 2 zona Utara rusak bgt, gk tahu dmn salahnya, tp kedap-kedip terus, tolong bantu yaa|Laporan teknisi: Kerusakan disebabkan oleh Korosi, perlu dilakukan perbaikan koneksi|Lantai Keramik|Gedung C|2|Utara|Civil|Sedang|Korosi|Koneksi terputus|1240000
Lapor, Lantai Keramik di Gedung C lantai 2 zona Utara bermasalah|Kerusakan akibat Korosi, perlu perbaikan|Lantai Keramik|Gedung C|2|Utara|Civil|Sedang|Korosi|Koneksi terputus|1240000
Mohon perhatian, terdapat kerusakan pada Lantai Keramik di Gedung Gedung C lantai 2 zona Utara, gejalanya adalah netes air dan berisik, mohon segera ditangani|Laporan teknisi: Kerusakan disebabkan oleh Korosi, dilakukan perbaikan koneksi dan penggantian komponen yang rusak, biaya perbaikan sebesar Rp 1240000|Lantai Keramik|Gedung C|2|Utara|Civil|Sedang|Korosi|Koneksi terputus|1240000
Lampu Downlight di Gedung Gedung Utama lantai 11 zona Timur rusak bgt, yg benerin gk tau dmn, tolong dong!|Human error, perlu pengecekan remote control dan penggantian jika rusak|Lampu Downlight|Gedung Utama|11|Timur|Electrical|Ringan|Human error|Remote tidak berfungsi|160000
Lapor, Lampu Downlight lt 11 Timur gk nyala|Human error, perlu pengecekan dan perbaikan remote|Lampu Downlight|Gedung Utama|11|Timur|Electrical|Ringan|Human error|Remote tidak berfungsi|160000
Mohon periksa Lampu Downlight di Gedung Gedung Utama lantai 11 zona Timur, karena lampu tidak dapat dioperasikan|Human error terdeteksi, dilakukan pengecekan dan perbaikan remote control, biaya perbaikan sebesar Rp 160000|Lampu Downlight|Gedung Utama|11|Timur|Electrical|Ringan|Human error|Remote tidak berfungsi|160000
Tolong dong Monitor/Layar di Gedung Gedung Parkir lantai 4 zona Timur rusak bgt, gk bisa dipake, kedap-kedip terus, bingung dmn salahnya, tolong bantu ya|Laporan teknisi: Human error menyebabkan kerusakan pada remote, dilakukan perbaikan penggantian remote|Monitor/Layar|Gedung Parkir|4|Timur|Sistem Telekomunikasi Gedung|Sedang|Human error|Remote tidak berfungsi|1370000
Lapor, Monitor/Layar lt 4 Timur bermasalah|Laporan teknisi: Human error menyebabkan kerusakan pada remote, dilakukan perbaikan penggantian remote dengan biaya Rp 1370000|Monitor/Layar|Gedung Parkir|4|Timur|Sistem Telekomunikasi Gedung|Sedang|Human error|Remote tidak berfungsi|1370000
Mohon bantuan untuk perbaikan Monitor/Layar di Gedung Gedung Parkir lantai 4 zona Timur yang mengalami kerusakan pada remote, sehingga tidak dapat berfungsi dengan baik|Laporan teknisi: Dilakukan analisis kerusakan dan ditemukan bahwa Human error menyebabkan kerusakan pada remote, kemudian dilakukan perbaikan penggantian remote|Monitor/Layar|Gedung Parkir|4|Timur|Sistem Telekomunikasi Gedung|Sedang|Human error|Remote tidak berfungsi|1370000
Tolong dong MCFA di Gedung Gedung D lantai 11 zona Tengah rusak bgt, gk tahu dmn letak masalahnya, tp kedap-kedip terus, tolong bantu yg, cepat!|MCFA mengalami overload, dilakukan perbaikan dan penggantian komponen yang rusak|MCFA|Gedung D|11|Tengah|Sistem Proteksi Kebakaran Aktif|Sedang|Overload|Tampilan rusak|520000
Lapor, MCFA Gedung D lantai 11 zona Tengah error terus!|MCFA mengalami overload, dilakukan perbaikan dan penggantian komponen yang rusak|MCFA|Gedung D|11|Tengah|Sistem Proteksi Kebakaran Aktif|Sedang|Overload|Tampilan rusak|520000
Mohon bantuan untuk perbaikan MCFA di Gedung Gedung D lantai 11 zona Tengah, karena mengalami kerusakan pada tampilan yang kedap-kedip, sehingga mengganggu operasional|MCFA mengalami overload, dilakukan perbaikan dan penggantian komponen yang rusak, dengan biaya perbaikan sebesar Rp 520000|MCFA|Gedung D|11|Tengah|Sistem Proteksi Kebakaran Aktif|Sedang|Overload|Tampilan rusak|520000
Tolong dong Dinding Tembok/Mansonry di Gedung Gedung Parkir lantai 3 zona Timur rusak nih, yg bgt kotor dan kusam, gk tahu dmn letak kerusakannya, tolong dicek dan diperbaiki ya|Dinding Tembok/Mansonry mengalami kebocoran akibat kualitas material yang kurang baik, perlu dilakukan perbaikan dengan mengganti material yang rusak|Dinding Tembok/Mansonry|Gedung Parkir|3|Timur|Civil|Ringan|Kualitas material|Kebocoran|200000
Lapor, Dinding Tembok/Mansonry lt 3 Timur rusak|Kerusakan pada Dinding Tembok/Mansonry disebabkan oleh kualitas material yang tidak memadai, perlu dilakukan penggantian material|Dinding Tembok/Mansonry|Gedung Parkir|3|Timur|Civil|Ringan|Kualitas material|Kebocoran|200000
Mohon periksa Dinding Tembok/Mansonry di Gedung Gedung Parkir lantai 3 zona Timur, karena mengalami kebocoran|Dinding Tembok/Mansonry mengalami kebocoran akibat kualitas material yang kurang baik, perlu dilakukan perbaikan dengan mengganti material yang rusak, biaya perbaikan sebesar Rp 200000|Dinding Tembok/Mansonry|Gedung Parkir|3|Timur|Civil|Ringan|Kualitas material|Kebocoran|200000
Tolong dong Lampu LED Downlight di Gedung Gedung B lantai 9 zona Timur rusak bgt, kedap-kedip terus, gk tau dmn letak masalahnya, tolong bantu ya|Laporan teknisi: Perbaikan dilakukan dengan mengganti komponen yang rusak, penyebab utama adalah Tegangan tidak stabil, biaya perbaikan Rp 1110000|Lampu LED Downlight|Gedung B|9|Timur|Electrical|Sedang|Tegangan tidak stabil|Aliran lemah|1110000
Lapor, Lampu LED Downlight lt 9 Timur bermasalah|Laporan teknisi: Dilakukan pemeriksaan dan perbaikan, ditemukan Tegangan tidak stabil, sehingga menyebabkan Aliran lemah, biaya perbaikan Rp 1110000|Lampu LED Downlight|Gedung B|9|Timur|Electrical|Sedang|Tegangan tidak stabil|Aliran lemah|1110000
Mohon bantuan untuk perbaikan Lampu LED Downlight di Gedung Gedung B lantai 9 zona Timur, karena mengalami gangguan, yaitu kedap-kedip dan kurang terang|Laporan teknisi: Setelah dilakukan analisis, ditemukan bahwa penyebab utama adalah Tegangan tidak stabil, sehingga perlu dilakukan perbaikan dengan mengganti komponen yang rusak, biaya perbaikan Rp 1110000|Lampu LED Downlight|Gedung B|9|Timur|Electrical|Sedang|Tegangan tidak stabil|Aliran lemah|1110000
Tolong dong Dinding Tembok/Mansonry di Gedung Gedung A lantai 10 zona Timur rusak bgt, gk tau dmn salahnya, tp yg jelas dindingnya jebol parah!|Kualitas material yang tidak memenuhi standar menyebabkan koneksi terputus, perlu dilakukan perbaikan dengan mengganti material yang lebih baik|Dinding Tembok/Mansonry|Gedung A|10|Timur|Civil|Berat|Kualitas material|Koneksi terputus|5630000
Lapor. Dinding Tembok/Mansonry lt 10 Timur mati.|Kerusakan pada dinding tembok disebabkan oleh kualitas material yang buruk, perlu dilakukan perbaikan segera|Dinding Tembok/Mansonry|Gedung A|10|Timur|Civil|Berat|Kualitas material|Koneksi terputus|5630000
Mohon periksa Dinding Tembok/Mansonry di Gedung Gedung A lantai 10 zona Timur, karena mengalami kerusakan parah dan tidak dapat digunakan, perlu dilakukan perbaikan dengan segera|Kualitas material yang tidak memenuhi standar menyebabkan koneksi terputus, perlu dilakukan perbaikan dengan mengganti material yang lebih baik, biaya perbaikan diperkirakan sebesar Rp 5630000|Dinding Tembok/Mansonry|Gedung A|10|Timur|Civil|Berat|Kualitas material|Koneksi terputus|5630000
Tolong dong Ground Water Tank di Gedung Gedung Parkir lantai 5 zona Utara rusak nih, kedap-kedip terus bgt, gk tau dmn letak kerusakannya, tolong bantu yg|Laporan teknisi: Setelah dilakukan inspeksi, ditemukan bahwaGround Water Tank mengalami getaran berlebihan akibat tegangan tidak stabil, maka dilakukan perbaikan dengan mengganti komponen yang rusak dan penyesuaian tegangan, biaya perbaikan sebesar Rp 2020000|Ground Water Tank|Gedung Parkir|5|Utara|Distribusi Air|Sedang|Tegangan tidak stabil|Getaran berlebihan|2020000
Lapor, Ground Water Tank lt 5 Utara bermasalah|Laporan teknisi: Setelah dilakukan analisis, ditemukan bahwa kerusakan disebabkan oleh tegangan tidak stabil, sehingga dilakukan perbaikan dengan mengganti komponen yang rusak|Ground Water Tank|Gedung Parkir|5|Utara|Distribusi Air|Sedang|Tegangan tidak stabil|Getaran berlebihan|2020000
Mohon perhatian, kami mengalami masalah dengan Ground Water Tank di Gedung Gedung Parkir lantai 5 zona Utara, karena terjadi getaran berlebihan, sehingga kami butuh bantuan teknisi untuk memperbaiki|Laporan teknisi: Setelah dilakukan inspeksi, ditemukan bahwa kerusakan disebabkan oleh tegangan tidak stabil, maka dilakukan perbaikan dengan mengganti komponen yang rusak dan penyesuaian tegangan|Ground Water Tank|Gedung Parkir|5|Utara|Distribusi Air|Sedang|Tegangan tidak stabil|Getaran berlebihan|2020000
Tolong dong Pemipaan Air Bersih di Gedung Gedung Parkir lantai 4 zona Selatan rusak nih, gk tau dmn letak kerusakannya, tp yg jelas airnya gk keluar bgt, tolong bantu|Pemipaan Air Bersih mengalami kerusakan berat karena aus normal, dilakukan perbaikan dengan mengganti komponen yang rusak|Pemipaan Air Bersih|Gedung Parkir|4|Selatan|Plumbing|Berat|Aus normal|Korsleting|3660000
Lapor, Pemipaan Air Bersih lt 4 Selatan mati|Pemipaan Air Bersih mengalami kerusakan berat karena aus normal, perlu dilakukan perbaikan segera|Pemipaan Air Bersih|Gedung Parkir|4|Selatan|Plumbing|Berat|Aus normal|Korsleting|3660000
Mohon bantuan untuk memperbaiki Pemipaan Air Bersih di Gedung Gedung Parkir lantai 4 zona Selatan, karena sudah tidak berfungsi, terima kasih|Pemipaan Air Bersih mengalami kerusakan berat karena aus normal, dilakukan perbaikan dengan mengganti komponen yang rusak, biaya perbaikan sebesar Rp 3660000|Pemipaan Air Bersih|Gedung Parkir|4|Selatan|Plumbing|Berat|Aus normal|Korsleting|3660000
Tolong dong Meja kerja di Gedung Gedung Utama lantai 10 zona Selatan rusak bgt, gk bisa dipake lagi, tolong bantu dmn caranya biar bisa jalan lagi yg!|Kerusakan disebabkan oleh Human error, perlu dilakukan perbaikan dengan mengganti komponen yang rusak dan pengecekan ulang untuk memastikan tidak ada kerusakan lainnya, biaya perbaikan sebesar Rp 5200000|Meja kerja|Gedung Utama|10|Selatan|Arsitektur|Berat|Human error|Getaran berlebihan|5200000
Lapor, Meja kerja lt 10 Selatan mati total|Perbaikan dilakukan dengan mengganti komponen yang rusak dan memperbaiki struktur penopang, biaya perbaikan Rp 5200000|Meja kerja|Gedung Utama|10|Selatan|Arsitektur|Berat|Human error|Getaran berlebihan|5200000
Mohon bantuan untuk memperbaiki Meja kerja yang terletak di Gedung Gedung Utama lantai 10 zona Selatan, karena mengalami kerusakan berat dan tidak bisa digunakan, tolong beritahu saya apa yang harus dilakukan|Perbaikan telah dilakukan dengan mengganti komponen yang rusak dan melakukan pengecekan ulang, kerusakan disebabkan oleh Human error, biaya perbaikan sebesar Rp 5200000|Meja kerja|Gedung Utama|10|Selatan|Arsitektur|Berat|Human error|Getaran berlebihan|5200000
Gedung Parkir lantai 3 zona Utara ada masalah nih, Control Panel AC-nya bunyi pelan bgt, yg bikin kurang nyaman, dmn bisa dilaporkan?|Control Panel AC mengalami overload, dilakukan perbaikan dan penggantian komponen yang rusak, biaya perbaikan sebesar Rp 100000|Control Panel AC|Gedung Parkir|3|Utara|Electrical|Ringan|Overload|Bunyi abnormal|100000
Lapor, Control Panel AC lt 3 Utara rusak|Control Panel AC mengalami overload, perlu dilakukan perbaikan dan pengecekan ulang|Control Panel AC|Gedung Parkir|3|Utara|Electrical|Ringan|Overload|Bunyi abnormal|100000
Mohon bantuannya, di Gedung Parkir lantai 3 zona Utara, Control Panel AC-nya mengeluarkan bunyi yang tidak biasa, mohon dicek dan diperbaiki, terima kasih|Control Panel AC mengalami overload, dilakukan perbaikan dan penggantian komponen yang rusak, dengan biaya perbaikan Rp 100000|Control Panel AC|Gedung Parkir|3|Utara|Electrical|Ringan|Overload|Bunyi abnormal|100000
Tolong dong LVMDP di Gedung Gedung Parkir lantai 2 zona Tengah rusak bgt, gk tau dmn letak masalahnya, tapi yg jelas LVMDPnya mati total dan tidak nyala sama sekali!|LVMDP mengalami overload yang menyebabkan aliran lemah, perlu dilakukan perbaikan dan penggantian komponen yang rusak|LVMDP|Gedung Parkir|2|Tengah|Electrical|Berat|Overload|Aliran lemah|5300000
Lapor. LVMDP lt 2 Tengah mati.|LVMDP mengalami overload yang menyebabkan aliran lemah, perlu dilakukan perbaikan dan penggantian komponen yang rusak|LVMDP|Gedung Parkir|2|Tengah|Electrical|Berat|Overload|Aliran lemah|5300000
Mohon perhatian bahwa LVMDP di Gedung Gedung Parkir lantai 2 zona Tengah telah mengalami kerusakan berat, yaitu mati total dan tidak nyala sama sekali, sehingga memerlukan perbaikan segera|LVMDP mengalami overload yang menyebabkan aliran lemah, perlu dilakukan perbaikan dan penggantian komponen yang rusak dengan biaya perbaikan sebesar Rp 5300000|LVMDP|Gedung Parkir|2|Tengah|Electrical|Berat|Overload|Aliran lemah|5300000
Tolong dong AC Split di Gedung Gedung A lantai 8 zona Selatan bgt rusak nih, gk bisa nyala sama sekali, bahkan ada bau gosong yg bikin khawatir bgt, dmn ada teknisi yg bisa bantu perbaiki ini?|Laporan teknisi: Kerusakan pada AC Split di Gedung Gedung A lantai 8 zona Selatan disebabkan oleh Usia pakai, sehingga diperlukan perbaikan pada Koneksi terputus|AC Split|Gedung A|8|Selatan|Mechanical|Fatal|Usia pakai|Koneksi terputus|35630000
Lapor. AC Split lt 8 Selatan mati, bau gosong|Laporan teknisi: Perbaikan AC Split di Gedung Gedung A lantai 8 zona Selatan dilakukan dengan mengganti komponen yang rusak akibat Usia pakai, biaya perbaikan sebesar Rp 35630000|AC Split|Gedung A|8|Selatan|Mechanical|Fatal|Usia pakai|Koneksi terputus|35630000
Mohon bantu perbaiki AC Split di Gedung Gedung A lantai 8 zona Selatan, karena telah terjadi kejadian darurat, yaitu AC Split telah terbakar dan mengeluarkan bau gosong, sehingga sangat memerlukan perhatian segera|Laporan teknisi: Setelah melakukan inspeksi, ditemukan bahwa kerusakan pada AC Split disebabkan oleh Usia pakai, sehingga perlu dilakukan perbaikan pada Koneksi terputus untuk menghindari kejadian serupa, dengan biaya perbaikan sebesar Rp 35630000|AC Split|Gedung A|8|Selatan|Mechanical|Fatal|Usia pakai|Koneksi terputus|35630000
Tolong dong APAR Dry Powder Stored Pressure di Gedung Gedung C lantai 4 zona Utara rusak bgt, gk bisa dipake, yg bisa bantu dmn?|APAR Dry Powder Stored Pressure mengalami kerusakan karena kualitas material yang kurang baik, sehingga perlu dilakukan perbaikan dengan mengganti komponen yang rusak|APAR Dry Powder Stored Pressure|Gedung C|4|Utara|Sistem Pemadam Kebakaran|Sedang|Kualitas material|Macet/tersumbat|1150000
Lapor, APAR Dry Powder Stored Pressure di lantai 4 Utara mati|APAR Dry Powder Stored Pressure mengalami kerusakan karena kualitas material yang kurang baik, sehingga perlu dilakukan perbaikan dengan mengganti komponen yang rusak|APAR Dry Powder Stored Pressure|Gedung C|4|Utara|Sistem Pemadam Kebakaran|Sedang|Kualitas material|Macet/tersumbat|1150000
Mohon bantuan untuk memperbaiki APAR Dry Powder Stored Pressure di Gedung Gedung C lantai 4 zona Utara karena mengalami kerusakan|APAR Dry Powder Stored Pressure mengalami kerusakan karena kualitas material yang kurang baik, sehingga perlu dilakukan perbaikan dengan mengganti komponen yang rusak dan biaya perbaikan sebesar Rp 1150000|APAR Dry Powder Stored Pressure|Gedung C|4|Utara|Sistem Pemadam Kebakaran|Sedang|Kualitas material|Macet/tersumbat|1150000
Lampu Esensial di Gedung Gedung A lantai 7 zona Utara rusak bgt, yg benerin gk cepat-cepat, dmn benerinnya, bau gosong terus, tolong dong cepat benerin|Laporan teknis: Lampu Esensial mengalami kerusakan akibat Tegangan tidak stabil, sehingga menyebabkan bunyi abnormal, tindakan perbaikan: mengganti komponen yang rusak dan memeriksa kembali sistem kelistrikan|Lampu Esensial|Gedung A|7|Utara|Electrical|Fatal|Tegangan tidak stabil|Bunyi abnormal|31990000
Lapor, Lampu Esensial lt 7 Utara nyetrum|Laporan teknis: Lampu Esensial mengalami kerusakan akibat Tegangan tidak stabil, tindakan perbaikan: memeriksa dan mengganti komponen yang rusak|Lampu Esensial|Gedung A|7|Utara|Electrical|Fatal|Tegangan tidak stabil|Bunyi abnormal|31990000
Mohon bantuan, Lampu Esensial di Gedung Gedung A lantai 7 zona Utara mengalami kerusakan yang sangat parah, terbakar dan bau gosong, mohon segera dikirimkan teknisi untuk memperbaiki|Laporan teknis: Lampu Esensial mengalami kerusakan akibat Tegangan tidak stabil, sehingga menyebabkan kerusakan parah, tindakan perbaikan: mengganti komponen yang rusak dan memeriksa kembali sistem kelistrikan, biaya perbaikan Rp 31990000|Lampu Esensial|Gedung A|7|Utara|Electrical|Fatal|Tegangan tidak stabil|Bunyi abnormal|31990000
Tolong dong Meter PDAM di Gedung Gedung Utama lantai 17 zona Tengah mati total bgt, gk tau dmn masalahnya, yg jelas remote gk berfungsi, tolong bantu!|Debu/kotoran menyebabkan kerusakan pada remote, dilakukan pembersihan dan penggantian komponen yang rusak|Meter PDAM|Gedung Utama|17|Tengah|Pencatatan Meter|Berat|Debu/kotoran|Remote tidak berfungsi|9910000
Lapor, Meter PDAM lt 17 Tengah mati|Debu/kotoran menyebabkan kerusakan pada remote, dilakukan pembersihan dan penggantian komponen yang rusak|Meter PDAM|Gedung Utama|17|Tengah|Pencatatan Meter|Berat|Debu/kotoran|Remote tidak berfungsi|9910000
Mohon bantuan untuk memperbaiki Meter PDAM di Gedung Gedung Utama lantai 17 zona Tengah, remote tidak berfungsi, kami sangat membutuhkan bantuan Anda|Debu/kotoran menyebabkan kerusakan pada remote, dilakukan pembersihan dan penggantian komponen yang rusak dengan biaya perbaikan sebesar Rp 9910000|Meter PDAM|Gedung Utama|17|Tengah|Pencatatan Meter|Berat|Debu/kotoran|Remote tidak berfungsi|9910000
Tolong dong Dinding Kayu di Gedung Gedung A lantai 2 zona Tengah rusak nih, netes air terus bgt, gk tau dmn letak kerusakannya|Dinding Kayu mengalami kebocoran karena kurang perawatan, perlu dilakukan perbaikan dengan mengganti komponen yang rusak|Dinding Kayu|Gedung A|2|Tengah|Civil|Sedang|Kurang perawatan|Kebocoran|460000
Lapor, Dinding Kayu lt 2 Tengah bermasalah|Dinding Kayu mengalami kebocoran karena kurang perawatan, perlu dilakukan perbaikan|Dinding Kayu|Gedung A|2|Tengah|Civil|Sedang|Kurang perawatan|Kebocoran|460000
Dengan hormat, saya laporkan bahwa Dinding Kayu di Gedung Gedung A lantai 2 zona Tengah mengalami kebocoran, sehingga perlu dilakukan perbaikan segera|Dinding Kayu mengalami kebocoran karena kurang perawatan, perlu dilakukan perbaikan dengan mengganti komponen yang rusak, biaya perbaikan sebesar Rp 460000|Dinding Kayu|Gedung A|2|Tengah|Civil|Sedang|Kurang perawatan|Kebocoran|460000
Halo, saya mau lapor, Lampu Downlight di Gedung Gedung A lantai 10 zona Tengah rusak bgt, yg benerin dmn ya?|Laporan teknisi: Perbaikan dilakukan dengan mengganti remote yang tidak berfungsi karena kualitas material, biaya perbaikan sebesar Rp 210000|Lampu Downlight|Gedung A|10|Tengah|Electrical|Ringan|Kualitas material|Remote tidak berfungsi|210000
Lapor, Lampu Downlight lt 10 Tengah rusak|Laporan teknisi: Dilakukan perbaikan pada remote yang tidak berfungsi akibat kualitas material yang kurang baik, dengan biaya perbaikan Rp 210000|Lampu Downlight|Gedung A|10|Tengah|Electrical|Ringan|Kualitas material|Remote tidak berfungsi|210000
Mohon bantuan, saya ingin melaporkan bahwa Lampu Downlight di Gedung Gedung A lantai 10 zona Tengah mengalami kerusakan pada remotenya, sehingga tidak dapat digunakan, mohon segera ditangani|Laporan teknisi: Perbaikan dilakukan dengan mengganti remote yang tidak berfungsi karena kualitas material yang tidak memadai, biaya perbaikan sebesar Rp 210000|Lampu Downlight|Gedung A|10|Tengah|Electrical|Ringan|Kualitas material|Remote tidak berfungsi|210000
Gedung C lantai 1 zona Utara APAB Dry Powder mati total bgt, gk tau knp, tolong dong bantu perbaiki secepatnya!|Tegangan tidak stabil, dilakukan perbaikan pada sistem pengatur tegangan dan penggantian komponen yang rusak|APAB Dry Powder|Gedung C|1|Utara|Sistem Pemadam Kebakaran|Berat|Tegangan tidak stabil|Mati mendadak|6920000
Lapor, APAB Dry Powder di Gedung C lantai 1 Utara mati|Tegangan tidak stabil, perlu dilakukan perbaikan pada sistem pengatur tegangan|APAB Dry Powder|Gedung C|1|Utara|Sistem Pemadam Kebakaran|Berat|Tegangan tidak stabil|Mati mendadak|6920000
Mohon bantuan untuk memperbaiki APAB Dry Powder di Gedung C lantai 1 zona Utara yang mati mendadak, sangat mengganggu operasional|Dilakukan analisis dan perbaikan pada sistem APAB Dry Powder, ditemukan bahwa tegangan tidak stabil menyebabkan kerusakan, dilakukan perbaikan dan penggantian komponen yang rusak dengan biaya perbaikan sebesar Rp 6920000|APAB Dry Powder|Gedung C|1|Utara|Sistem Pemadam Kebakaran|Berat|Tegangan tidak stabil|Mati mendadak|6920000
Gdg E lantai 4 zona Utara, monitor/layar nyetrum bgt, tolong dong diperbaiki secepatnya!|Monitor/Layar mengalami aus normal, sehingga menyebabkan kerusakan macet/tersumbat, dilakukan perbaikan dan penggantian komponen yang rusak, biaya perbaikan sebesar Rp 53320000|Monitor/Layar|Gedung E|4|Utara|Sistem Telekomunikasi Gedung|Fatal|Aus normal|Macet/tersumbat|53320000
Lapor, Monitor/Layar lt 4 Utara terbakar|Monitor/Layar mengalami kerusakan akibat aus normal, sehingga menyebabkan kerusakan macet/tersumbat, dilakukan perbaikan dan penggantian komponen yang rusak|Monitor/Layar|Gedung E|4|Utara|Sistem Telekomunikasi Gedung|Fatal|Aus normal|Macet/tersumbat|53320000
Mohon perbaikan Monitor/Layar di Gedung E lantai 4 zona Utara, karena mengalami kerusakan yang menyebabkan nyetrum, sehingga tidak dapat digunakan|Monitor/Layar mengalami aus normal, sehingga menyebabkan kerusakan macet/tersumbat, dilakukan perbaikan dan penggantian komponen yang rusak, biaya perbaikan sebesar Rp 53320000|Monitor/Layar|Gedung E|4|Utara|Sistem Telekomunikasi Gedung|Fatal|Aus normal|Macet/tersumbat|53320000
Tolong dong Lampu TL di Gedung Gedung E lantai 6 zona Utara rusak nih, bgt, gk bisa nyala, yg bikin rusak ya dmn, tolong dong dibenerin|Perbaikan dilakukan dengan mengganti remote yang rusak akibat getaran, biaya perbaikan sebesar Rp 260000|Lampu TL|Gedung E|6|Utara|Electrical|Ringan|Getaran|Remote tidak berfungsi|260000
Lapor, Lampu TL lt 6 Utara rusak|Perbaikan dilakukan dengan mengganti komponen yang rusak akibat getaran|Lampu TL|Gedung E|6|Utara|Electrical|Ringan|Getaran|Remote tidak berfungsi|260000
Mohon perhatian, Lampu TL di Gedung Gedung E lantai 6 zona Utara mengalami kerusakan, remote tidak berfungsi, tolong dibantu perbaikannya|Perbaikan dilakukan dengan mengganti remote yang rusak akibat getaran dan melakukan pengecekan ulang|Lampu TL|Gedung E|6|Utara|Electrical|Ringan|Getaran|Remote tidak berfungsi|260000
Tolong dong Plafon Gypsum / GRC di Gedung Gedung A lantai 2 zona Barat rusak bgt nih, gk tahu dmn letak kerusakannya, tp yg jelas ada bau gosong yg sangat mengganggu, tolong segera diperbaiki|Laporan teknisi: kerusakan disebabkan oleh Faktor lingkungan, perlu dilakukan perbaikan segera dengan mengganti komponen yang rusak, biaya perbaikan Rp 11260000|Plafon Gypsum / GRC|Gedung A|2|Barat|Arsitektur|Fatal|Faktor lingkungan|Aus/abrasi|11260000
Lapor, Plafon Gypsum / GRC lt 2 Barat bocor deras|Laporan teknisi: kerusakan disebabkan oleh Faktor lingkungan, perlu dilakukan perbaikan segera|Plafon Gypsum / GRC|Gedung A|2|Barat|Arsitektur|Fatal|Faktor lingkungan|Aus/abrasi|11260000
Mohon perhatian, terdapat kerusakan pada Plafon Gypsum / GRC di Gedung Gedung A, lantai 2, zona Barat, yang disebabkan oleh Faktor lingkungan, sehingga menyebabkan kerusakan yang fatal, tolong segera dilakukan perbaikan|Laporan teknisi: perlu dilakukan perbaikan dengan mengganti komponen yang rusak, biaya perbaikan Rp 11260000|Plafon Gypsum / GRC|Gedung A|2|Barat|Arsitektur|Fatal|Faktor lingkungan|Aus/abrasi|11260000
Lantai Keramik di Gedung Gedung B lantai 1 zona Timur bgt rusak nih, gk tau apa penyebabnya, tolong dong diperbaiki yg cepat|Perbaikan dilakukan dengan mengganti material yang berkualitas rendah, biaya perbaikan sebesar Rp 610000|Lantai Keramik|Gedung B|1|Timur|Civil|Sedang|Kualitas material|Retak/pecah|610000
Lapor, Lantai Keramik di Gedung B lantai 1 zona Timur rusak|Perlu peninjauan lebih lanjut untuk menentukan penyebab kerusakan, kemungkinan karena kualitas material|Lantai Keramik|Gedung B|1|Timur|Civil|Sedang|Kualitas material|Retak/pecah|610000
Mohon perhatian, terdapat kerusakan pada Lantai Keramik di Gedung Gedung B lantai 1 zona Timur|Tindakan perbaikan meliputi penggantian material yang tidak memenuhi standar, dengan biaya perbaikan yang wajar|Lantai Keramik|Gedung B|1|Timur|Civil|Sedang|Kualitas material|Retak/pecah|610000
Tolong dong Lampu LED di Gedung Gedung Servis lantai 2 zona Timur rusak nih, mati total bgt, gk tau dmn salahnya, tolong bantu yaa|Lampu LED mengalami overload, perlu dilakukan perbaikan pada sistem daya untuk menghindari kerusakan lebih lanjut, biaya perbaikan sebesar Rp 3730000|Lampu LED|Gedung Servis|2|Timur|Electrical|Berat|Overload|Remote tidak berfungsi|3730000
Lapor. Lampu LED lt 2 Timur mati.|Lampu LED mengalami overload, perlu dilakukan perbaikan pada sistem daya untuk menghindari kerusakan lebih lanjut, biaya perbaikan sebesar Rp 3730000|Lampu LED|Gedung Servis|2|Timur|Electrical|Berat|Overload|Remote tidak berfungsi|3730000
Mohon perhatian, Lampu LED di Gedung Gedung Servis lantai 2 zona Timur mengalami kerusakan berat, yaitu mati total, mohon dilakukan perbaikan segera|Lampu LED mengalami overload, perlu dilakukan perbaikan pada sistem daya untuk menghindari kerusakan lebih lanjut, biaya perbaikan sebesar Rp 3730000|Lampu LED|Gedung Servis|2|Timur|Electrical|Berat|Overload|Remote tidak berfungsi|3730000
Tolong dong Selang Hidrant di Gedung Gedung Utama lantai 9 zona Barat rusak nih, bgt kotor dan berdebu, gk bisa dipakai dmn lagi, yg penting cepat diperbaiki|Laporan teknisi: Selang Hidrant mengalami korosi, perlu dilakukan pembersihan dan perawatan untuk menghindari kerusakan lebih lanjut, biaya perbaikan sebesar Rp 290000|Selang Hidrant|Gedung Utama|9|Barat|Sistem Pemadam Kebakaran|Ringan|Korosi|Korsleting|290000
Lapor, Selang Hidrant lt 9 Barat rusak|Laporan teknisi: Selang Hidrant mengalami korosi, perlu dilakukan pembersihan dan perawatan, biaya perbaikan Rp 290000|Selang Hidrant|Gedung Utama|9|Barat|Sistem Pemadam Kebakaran|Ringan|Korosi|Korsleting|290000
Selang Hidrant di Gedung Utama lantai 9 zona Barat mengalami kerusakan, mohon untuk segera diperbaiki|Laporan teknisi: Selang Hidrant mengalami korosi, dilakukan pembersihan dan perawatan, biaya perbaikan sebesar Rp 290000|Selang Hidrant|Gedung Utama|9|Barat|Sistem Pemadam Kebakaran|Ringan|Korosi|Korsleting|290000
Lampu UV di Gedung Gedung A lantai 9 zona Utara rusak bgt, netes air terus, gk tau dmn letak kerusakannya, tolong dong diperbaiki yg, bgt!|Laporan teknisi: Perbaikan dilakukan dengan mengganti komponen yang rusak karena kualitas material, biaya perbaikan sebesar Rp 490000|Lampu UV|Gedung A|9|Utara|Electrical|Sedang|Kualitas material|Tampilan rusak|490000
Lapor, Lampu UV lt 9 Utara rusak!|Laporan teknisi: Perbaikan dilakukan dengan mengganti komponen yang rusak karena kualitas material|Lampu UV|Gedung A|9|Utara|Electrical|Sedang|Kualitas material|Tampilan rusak|490000
Mohon perbaikan atas kerusakan Lampu UV di Gedung Gedung A lantai 9 zona Utara, terdapat gejala netes air, mohon diperiksa dan diperbaiki dengan segera|Laporan teknisi: Perbaikan dilakukan dengan mengganti komponen yang rusak karena kualitas material, dengan biaya perbaikan Rp 490000|Lampu UV|Gedung A|9|Utara|Electrical|Sedang|Kualitas material|Tampilan rusak|490000
Tolong dong LAN (Local Area Network) di Gedung Gedung B lantai 10 zona Timur rusak bgt, gk tau dmn yg salah, tolong bantu yah|Laporan teknisi: Kerusakan LAN (Local Area Network) di Gedung Gedung B lantai 10 zona Timur disebabkan oleh Getaran, dilakukan perbaikan dengan mengganti komponen yang rusak|LAN (Local Area Network)|Gedung B|10|Timur|Sistem Telekomunikasi Gedung|Berat|Getaran|Mati mendadak|4770000
Lapor. LAN (Local Area Network) lt 10 Timur mati.|Laporan teknisi: Kerusakan LAN (Local Area Network) di Gedung Gedung B lantai 10 zona Timur disebabkan oleh Getaran, dilakukan perbaikan dengan mengganti komponen yang rusak, biaya perbaikan sebesar Rp 4770000|LAN (Local Area Network)|Gedung B|10|Timur|Sistem Telekomunikasi Gedung|Berat|Getaran|Mati mendadak|4770000
Mohon bantu untuk memperbaiki LAN (Local Area Network) di Gedung Gedung B lantai 10 zona Timur yang mengalami kerusakan, tidak nyala sama sekali, tolong segera|Laporan teknisi: Kerusakan LAN (Local Area Network) di Gedung Gedung B lantai 10 zona Timur disebabkan oleh Getaran, dilakukan perbaikan dengan mengganti komponen yang rusak|LAN (Local Area Network)|Gedung B|10|Timur|Sistem Telekomunikasi Gedung|Berat|Getaran|Mati mendadak|4770000
Tolong dong Dinding Kaca Non Tempered di Gedung Gedung Servis lantai 3 zona Utara rusak nih, gk bisa dibuka bgt, tolong cepat ya yg bisa bantu!|Dinding Kaca Non Tempered mengalami kerusakan karena kualitas material yang tidak memadai, perlu dilakukan perbaikan dengan mengganti komponen yang rusak|Dinding Kaca Non Tempered|Gedung Servis|3|Utara|Civil|Ringan|Kualitas material|Macet/tersumbat|180000
Lapor, Dinding Kaca Non Tempered lt 3 Utara rusak|Dinding Kaca Non Tempered mengalami kerusakan karena kualitas material yang tidak memadai, perlu dilakukan perbaikan dengan mengganti komponen yang rusak|Dinding Kaca Non Tempered|Gedung Servis|3|Utara|Civil|Ringan|Kualitas material|Macet/tersumbat|180000
Mohon bantu perbaiki Dinding Kaca Non Tempered di Gedung Gedung Servis lantai 3 zona Utara, kondisinya kusam dan macet, perlu dilakukan perawatan segera|Dinding Kaca Non Tempered mengalami kerusakan karena kualitas material yang tidak memadai, perlu dilakukan perbaikan dengan mengganti komponen yang rusak dan membersihkan area yang kotor|Dinding Kaca Non Tempered|Gedung Servis|3|Utara|Civil|Ringan|Kualitas material|Macet/tersumbat|180000
Tolong dong LVMDP di Gedung Gedung C lantai 7 zona Barat rusak bgt, mogok total, gk nyala sama sekali, bantu ygn dmn|Ditemukan kelembaban tinggi, dilakukan perbaikan dengan mengganti komponen yang rusak, biaya perbaikan sebesar Rp 8120000|LVMDP|Gedung C|7|Barat|Electrical|Berat|Kelembaban tinggi|Suhu tidak stabil|8120000
Lapor. LVMDP lt 7 Barat mati|Diperlukan perbaikan akibat kelembaban tinggi, dilakukan pengecekan dan perbaikan|LVMDP|Gedung C|7|Barat|Electrical|Berat|Kelembaban tinggi|Suhu tidak stabil|8120000
Mohon bantu perbaiki LVMDP di Gedung Gedung C lantai 7 zona Barat, kondisinya mati total, tidak nyala sama sekali|Dilakukan analisis dan perbaikan akibat kelembaban tinggi, ditemukan kerusakan pada komponen yang mempengaruhi suhu, biaya perbaikan Rp 8120000|LVMDP|Gedung C|7|Barat|Electrical|Berat|Kelembaban tinggi|Suhu tidak stabil|8120000
Tolong dong Lampu Downlight di Gedung Gedung A lantai 5 zona Tengah rusak nih, kedap-kedip bgt, gk tau knp, tolong bantu|Lampu Downlight mengalami korsleting akibat faktor lingkungan, perlu dilakukan perbaikan dan penggantian komponen|Lampu Downlight|Gedung A|5|Tengah|Electrical|Sedang|Faktor lingkungan|Korsleting|1310000
Lapor, Lampu Downlight lt 5 Tengah rusak|Lampu Downlight mengalami kerusakan akibat faktor lingkungan, perlu dilakukan perbaikan|Lampu Downlight|Gedung A|5|Tengah|Electrical|Sedang|Faktor lingkungan|Korsleting|1310000
Mohon bantu perbaiki Lampu Downlight di Gedung Gedung A lantai 5 zona Tengah, kondisinya kedap-kedip, mohon dicek dan diperbaiki|Lampu Downlight mengalami kerusakan akibat faktor lingkungan, perlu dilakukan perbaikan dan penggantian komponen, biaya perbaikan sebesar Rp 1310000|Lampu Downlight|Gedung A|5|Tengah|Electrical|Sedang|Faktor lingkungan|Korsleting|1310000
Tolong dong Kloset di Gedung Gedung Utama lantai 2 zona Barat bgt rusak nih, nyetrum bgt, gk tahu dmn salahnya, tolong bantu yaa|Perbaikan dilakukan dengan memperbaiki tegangan tidak stabil dan mengganti komponen yang rusak, biaya perbaikan sebesar Rp 22430000|Kloset|Gedung Utama|2|Barat|Plumbing|Fatal|Tegangan tidak stabil|Getaran berlebihan|22430000
Lapor, Kloset lt 2 Barat mati, bocor deras, tolong cepat|Perbaikan dilakukan dengan memperbaiki kerusakan pada pipa dan mengganti komponen yang rusak|Kloset|Gedung Utama|2|Barat|Plumbing|Fatal|Tegangan tidak stabil|Getaran berlebihan|22430000
Kloset di Gedung Gedung Utama lantai 2 zona Barat mengalami kerusakan parah, terbakar, dan nyetrum, tolong bantu perbaikannya|Perbaikan dilakukan dengan memperbaiki tegangan tidak stabil, mengganti komponen yang rusak, dan melakukan pembersihan, biaya perbaikan sebesar Rp 22430000|Kloset|Gedung Utama|2|Barat|Plumbing|Fatal|Tegangan tidak stabil|Getaran berlebihan|22430000
Tolong dong Lemari/Loker di Gedung Gedung Servis lantai 2 zona Tengah rusak nih, gk tau dmn salahnya, bgt rusak bgt, yg penting dibenerin|Lemari/Loker mengalami kerusakan total akibat Human error, perlu dilakukan perbaikan ulang dan penggantian komponen yang rusak|Lemari/Loker|Gedung Servis|2|Tengah|Arsitektur|Berat|Human error|Tidak berfungsi total|5340000
Lapor. Lemari/Loker lt 2 Tengah mati|Lemari/Loker mengalami kerusakan total akibat Human error, perlu dilakukan perbaikan ulang dan penggantian komponen yang rusak, biaya perbaikan sebesar Rp 5340000|Lemari/Loker|Gedung Servis|2|Tengah|Arsitektur|Berat|Human error|Tidak berfungsi total|5340000
Mohon perhatian, Lemari/Loker di Gedung Gedung Servis lantai 2 zona Tengah tidak berfungsi dengan baik, perlu dilakukan perbaikan segera|Lemari/Loker mengalami kerusakan total akibat Human error, perlu dilakukan perbaikan ulang dan penggantian komponen yang rusak, dengan biaya perbaikan yang telah ditentukan|Lemari/Loker|Gedung Servis|2|Tengah|Arsitektur|Berat|Human error|Tidak berfungsi total|5340000
Tolong dong Plafon di Gedung Gedung B lantai 10 zona Timur rusak bgt, gk bisa dipake, kayaknya meledak nih!|Kerusakan disebabkan kurang perawatan, perlu dilakukan pembersihan dan perbaikan|Plafon|Gedung B|10|Timur|Arsitektur|Fatal|Kurang perawatan|Macet/tersumbat|23490000
Lapor, Plafon lt 10 Timur bocor deras!|Kerusakan parah, diperlukan perbaikan segera|Plafon|Gedung B|10|Timur|Arsitektur|Fatal|Kurang perawatan|Macet/tersumbat|23490000
Mohon perhatian, Plafon di Gedung Gedung B lantai 10 zona Timur mengalami kerusakan fatal, terbakar, perlu segera diperbaiki|Kerusakan disebabkan kurang perawatan, perlu dilakukan perbaikan dan pembersihan, biaya perbaikan sebesar Rp 23490000|Plafon|Gedung B|10|Timur|Arsitektur|Fatal|Kurang perawatan|Macet/tersumbat|23490000
Hai, Smoke Detector di Gedung Gedung E lantai 5 zona Selatan bgt rusak nih, nyetrum gk tau dmn asalnya, tolong dong cepat|Laporan teknis: kerusakan disebabkan kualitas material yang buruk, perlu diganti dengan komponen yang baru dan melakukan pengetesan ulang untuk memastikan keamanan|Smoke Detector|Gedung E|5|Selatan|Sistem Proteksi Kebakaran Aktif|Fatal|Kualitas material|Korsleting|23370000
Lapor. Smoke Detector lt 5 Selatan terbakar|Laporan teknis: sistem proteksi kebakaran aktif mengalami kerusakan fatal karena kualitas material yang tidak memadai, perlu dilakukan perbaikan segera|Smoke Detector|Gedung E|5|Selatan|Sistem Proteksi Kebakaran Aktif|Fatal|Kualitas material|Korsleting|23370000
Mohon bantuan, Smoke Detector di Gedung Gedung E lantai 5 zona Selatan mengalami kerusakan yang sangat parah, terbakar dan nyetrum, mohon segera ditangani|Laporan teknis: kerusakan disebabkan oleh kualitas material yang buruk, perlu dilakukan penggantian komponen dan pengetesan ulang untuk memastikan keamanan, biaya perbaikan diperkirakan sebesar|Smoke Detector|Gedung E|5|Selatan|Sistem Proteksi Kebakaran Aktif|Fatal|Kualitas material|Korsleting|23370000
Lampu Neon Sign di Gedung Gedung C lantai 8 zona Utara mati total bgt, gk nyala sama sekali, tolong dong|Lampu Neon Sign mengalami kerusakan karena kurang perawatan, perlu dilakukan perbaikan dan penggantian komponen|Lampu Neon Sign|Gedung C|8|Utara|Electrical|Berat|Kurang perawatan|Bunyi abnormal|3860000
Lapor. Lampu Neon Sign lt 8 Utara mati|Lampu Neon Sign mengalami kerusakan karena kurang perawatan, perlu dilakukan perbaikan|Lampu Neon Sign|Gedung C|8|Utara|Electrical|Berat|Kurang perawatan|Bunyi abnormal|3860000
Mohon perhatian, Lampu Neon Sign di Gedung Gedung C lantai 8 zona Utara mengalami kerusakan, tidak nyala sama sekali|Lampu Neon Sign mengalami kerusakan karena kurang perawatan, perlu dilakukan perbaikan dan penggantian komponen dengan biaya Rp 3860000|Lampu Neon Sign|Gedung C|8|Utara|Electrical|Berat|Kurang perawatan|Bunyi abnormal|3860000
Tolong dong Kamera CCTV di Gedung Gedung Parkir lantai 5 zona Timur rusak bgt, gk tau dmn letak kerusakannya, tp yg jelas kamera itu meledak dan bau gosong bgt, tolong cepat bgt, gk enak kalo gk ada kamera|Laporan teknisi: Kamera CCTV mengalami kerusakan parah akibat Tegangan tidak stabil, dilakukan perbaikan dengan mengganti komponen yang rusak dan memperbaiki sistem kelistrikan, biaya perbaikan sebesar Rp 22490000|Kamera CCTV|Gedung Gedung Parkir|5|Timur|Security Sistem|Fatal|Tegangan tidak stabil|Retak/pecah|22490000
Lapor, Kamera CCTV lt 5 Timur meledak|Laporan teknisi: Kamera CCTV mengalami kerusakan akibat Tegangan tidak stabil, perlu dilakukan perbaikan dengan mengganti komponen yang rusak, biaya perbaikan Rp 22490000|Kamera CCTV|Gedung Gedung Parkir|5|Timur|Security Sistem|Fatal|Tegangan tidak stabil|Retak/pecah|22490000
Kamera CCTV di Gedung Gedung Parkir lantai 5 zona Timur mengalami kerusakan fatal, yaitu meledak dan terbakar, sehingga tidak dapat berfungsi dengan baik, mohon dilakukan perbaikan secepatnya|Laporan teknisi: Kamera CCTV mengalami kerusakan parah akibat Tegangan tidak stabil, dilakukan perbaikan dengan mengganti komponen yang rusak dan memperbaiki sistem kelistrikan|Kamera CCTV|Gedung Gedung Parkir|5|Timur|Security Sistem|Fatal|Tegangan tidak stabil|Retak/pecah|22490000
Tolong dong Monitor/Layar di Gedung Gedung B lantai 6 zona Timur rusak nih, bunyi pelan bgt, gk tau dmn letak kerusakannya, tp yg jelas kotor banget|Perbaikan dilakukan dengan membersihkan dan mengganti komponen yang terkena Korosi, serta pengecekan ulang untuk memastikan tidak ada getaran berlebihan|Monitor/Layar|Gedung B|6|Timur|Sistem Telekomunikasi Gedung|Ringan|Korosi|Getaran berlebihan|470000
Lapor, Monitor/Layar di lt 6 Timur rusak|Perbaikan dengan mengganti komponen yang rusak dan pembersihan untuk menghilangkan Korosi|Monitor/Layar|Gedung B|6|Timur|Sistem Telekomunikasi Gedung|Ringan|Korosi|Getaran berlebihan|470000
Mohon bantuan untuk perbaikan Monitor/Layar di Gedung Gedung B lantai 6 zona Timur, karena mengalami getaran berlebihan dan bunyi pelan, mungkin disebabkan oleh Korosi|Perbaikan dilakukan dengan mengganti komponen yang rusak dan membersihkan area yang terkena Korosi, biaya perbaikan sebesar Rp 470000|Monitor/Layar|Gedung B|6|Timur|Sistem Telekomunikasi Gedung|Ringan|Korosi|Getaran berlebihan|470000
Gw butuh bantuan, LAN (Local Area Network) di Gedung Gedung D lantai 10 zona Timur rusak bgt, bunyi abnormal terus, gk tau dmn letak kerusakannya, tolong dong dibenerin yg cepet|Teknisi melakukan pengecekan dan perbaikan, menemukan bahwa tegangan tidak stabil sehingga menyebabkan bunyi abnormal, dilakukan penyetelan ulang dan penggantian komponen yang rusak|LAN (Local Area Network)|Gedung D|10|Timur|Sistem Telekomunikasi Gedung|Sedang|Tegangan tidak stabil|Bunyi abnormal|1070000
Lapor, LAN (Local Area Network) lt 10 Timur bermasalah|Teknisi melakukan analisis dan perbaikan, menemukan bahwa Tegangan tidak stabil menyebabkan kerusakan, dilakukan perbaikan dan penggantian komponen yang rusak|LAN (Local Area Network)|Gedung D|10|Timur|Sistem Telekomunikasi Gedung|Sedang|Tegangan tidak stabil|Bunyi abnormal|1070000
Mohon perhatian, kami mengalami kendala dengan LAN (Local Area Network) di Gedung Gedung D lantai 10 zona Timur, karena adanya bunyi abnormal yang mengganggu, mohon dibantu untuk perbaikan|Teknisi melakukan pengecekan dan perbaikan, menemukan bahwa tegangan tidak stabil menyebabkan bunyi abnormal, dilakukan penyetelan ulang dan penggantian komponen yang rusak dengan biaya perbaikan sebesar Rp 1070000|LAN (Local Area Network)|Gedung D|10|Timur|Sistem Telekomunikasi Gedung|Sedang|Tegangan tidak stabil|Bunyi abnormal|1070000
