teks_keluhan_awam|teks_laporan_teknisi|tipe_aset|lokasi_gedung|lokasi_lantai|lokasi_zona|kategori_aset|severity|root_cause|jenis_kerusakan|biaya_perbaikan
Kamera CCTV di Gedung Utama lantai 15 zona timur tiba-tiba netes dan agak berisik karena overheat, sepertinya ada human error yang menyebabkan kerusakan ini|Belum ada laporan teknisi|Kamera CCTV|Gedung Utama|Lantai 15|Zona Timur|Security Sistem|Ringan|Human error|Overheat|356000
Kamera CCTV di Gedung Utama lantai 15 zona timur mengalami kerusakan karena overheat yang disebabkan oleh human error, perlu perbaikan segera|Belum ada laporan teknisi|Kamera CCTV|Gedung Utama|Lantai 15|Zona Timur|Security Sistem|Ringan|Human error|Overheat|356000
DVR CCTV di Gedung B Lantai 10 Zona Timur netes karena getaran berlebihan dan tegangan tidak stabil|DVR CCTV mengalami kerusakan karena getaran berlebihan|DVR CCTV|Gedung B|Lantai 10|Zona Timur|Security Sistem|Sedang|Tegangan tidak stabil|Getaran berlebihan|1760000
DVR CCTV rusak di Gedung B Lantai 10 Zona Timur karena getaran berlebihan|DVR CCTV mengalami kerusakan|DVR CCTV|Gedung B|Lantai 10|Zona Timur|Security Sistem|Sedang|Tegangan tidak stabil|Getaran berlebihan|1760000
DVR CCTV Honeywell di Gedung B Lantai 10 Zona Timur mengalami gangguan karena getaran berlebihan dan tegangan tidak stabil|DVR CCTV memerlukan perbaikan karena kerusakan|DVR CCTV|Gedung B|Lantai 10|Zona Timur|Security Sistem|Sedang|Tegangan tidak stabil|Getaran berlebihan|1760000
Saya ingin melaporkan bahwa detektor panas di gedung utama lantai 15 zona selatan mengalami kerusakan karena getaran berlebihan dan overload, sehingga menyebabkan suara agak berisik dan mengganggu rutinitas|Detektor panas mengalami kerusakan karena getaran berlebihan dan overload|Rate Of Rise Heat Detector|Gedung Utama|Lantai 15|Zona Selatan|Security Sistem|Ringan|Overload|Getaran berlebihan|322000
AC split di Gedung Utama Lantai 6 Zona Tengah saya mengalami aliran lemah dan kurang perawatan sehingga tidak bisa digunakan lagi|Aliran lemah karena kurang perawatan|Mitsubishi|Gedung Utama|Lantai 6|Zona Tengah|Mechanical|Berat|Kurang perawatan|Aliran lemah|8985000
Saya laporan bahwa AC split di Gedung Utama Lantai 6 Zona Tengah mengalami kerusakan parah karena kurang perawatan sehingga aliran udara sangat lemah|Kerusakan karena kurang perawatan|Mitsubishi|Gedung Utama|Lantai 6|Zona Tengah|Mechanical|Berat|Kurang perawatan|Aliran lemah|8985000
Lampu TL di gedung parkir lantai 2 zona timur mati total karena faktor lingkungan, sangat mengganggu rutinitas|Lampu TL mati|Lampu TL|Gedung Parkir|Lantai 2|Zona Timur|Electrical|Sedang|Faktor lingkungan|Lampu mati|1714000
Pemipaan air bersih di Gedung Parkir Lantai 2 Zona Timur mengalami masalah sensor error yang disebabkan oleh faktor lingkungan sehingga mengeluarkan suara agak berisik|Tidak ada laporan teknisi|Pemipaan Air Bersih|Gedung Parkir|Lantai 2|Zona Timur|Plumbing|Sedang|Faktor lingkungan|Sensor error|1483000
Lantai granit di gedung parkir lantai 1 zona utara mengalami performa menurun akibat faktor lingkungan, terkadang netes dan agak berisik|Lantai granit mengalami kerusakan|Lantai Granit|Gedung Parkir|Lantai 1|Zona Utara|Civil|Ringan|Faktor lingkungan|Performa menurun|480000
Lantai granit di gedung parkir zona utara mengalami penurunan performa karena faktor lingkungan, perlu perbaikan segera agar tidak mengganggu rutinitas|Laporan kerusakan lantai granit|Lantai Granit|Gedung Parkir|Lantai 1|Zona Utara|Civil|Ringan|Faktor lingkungan|Performa menurun|480000
Pompa air tanah di gedung A lantai 8 zona barat mati total karena aus dan abrasi parah akibat usia pakai yang sudah lama sekali|Pompa air tanah aus dan abrasi parah|Pompa Air Tanah|Gedung A|Lantai 8|Zona Barat|Mechanical|Berat|Usia pakai|Aus/abrasi|2996000
Pompa air tanah di gedung A lantai 8 zona barat mengalami kerusakan berat karena aus dan abrasi yang disebabkan oleh usia pakai yang sudah lama|Pompa air tanah aus dan abrasi|Pompa Air Tanah|Gedung A|Lantai 8|Zona Barat|Mechanical|Berat|Usia pakai|Aus/abrasi|2996000
Speaker di Gedung E Lantai 1 Zona Barat mengalami masalah overheat karena debu/kotoran, sehingga suaranya menjadi agak berisik|Speaker memiliki masalah overheat karena debu/kotoran|Speaker|Gedung E|Lantai 1|Zona Barat|Sistem Telekomunikasi Gedung|Ringan|Debu/kotoran|Overheat|150000
Plafon gypsum di gedung E lantai 4 zona tengah ini membuat saya agak terganggu karena bunyi abnormal yang terdengar seperti netes-netes kecil, sepertinya aus normal karena sudah lama terpasang, tapi saya tidak terlalu khawatir karena hanya sedikit mengganggu rutinitas|Tidak ada laporan teknisi|Plafon Gypsum / GRC|Gedung E|Lantai 4|Zona Tengah|Arsitektur|Ringan|Aus normal|Bunyi abnormal|279000
Plafon gedung E lantai 4 zona tengah bunyi abnormal|Tidak ada laporan teknisi|Plafon Gypsum / GRC|Gedung E|Lantai 4|Zona Tengah|Arsitektur|Ringan|Aus normal|Bunyi abnormal|279000
Plafon di gedung E lantai 4 zona tengah mengalami kerusakan berupa bunyi abnormal yang cukup mengganggu, kemungkinan besar disebabkan oleh aus normal, perlu segera diperbaiki agar tidak mengganggu aktivitas|Tidak ada laporan teknisi|Plafon Gypsum / GRC|Gedung E|Lantai 4|Zona Tengah|Arsitektur|Ringan|Aus normal|Bunyi abnormal|279000
Saya ingin melaporkan kerusakan pada kitchen sink di Gedung B Lantai 10 Zona Barat, yaitu tekanan air yang tidak stabil dan bocor, kemungkinan karena usia pakai yang sudah lama, sehingga perlu perbaikan segera|Kerusakan kitchen sink|Kitchen sink|Gedung B|Lantai 10|Zona Barat|Plumbing|Sedang|Usia pakai|Tekanan tidak stabil|Rp 1829000
Exhaust Fan di Gedung Servis Lantai 1 Zona Tengah bocor parah karena kurang perawatan, suaranya sangat berisik dan mengganggu rutinitas|Exhaust Fan bocor, perlu perbaikan segera|Exhaust Fan|Gedung Servis|Lantai 1|Zona Tengah|Ventilasi Sistem|Fatal|Kurang perawatan|Kebocoran|47574000
Exhaust Fan di Gedung Utama Lantai 19 Zona Tengah mengalami tekanan tidak stabil karena overload, suaranya agak berisik dan mengganggu rutinitas, tolong diperbaiki secepatnya|Tekanan tidak stabil karena overload|Exhaust Fan|Gedung Utama|Lantai 19|Zona Tengah|Ventilasi Sistem|Ringan|Overload|Tekanan tidak stabil|Rp 265000
Saya melaporkan kerusakan Exhaust Fan di Gedung Utama Lantai 19 Zona Tengah, tekanan tidak stabil karena overload, mengeluarkan suara netes yang mengganggu, mohon diperbaiki|Kerusakan tekanan tidak stabil|Exhaust Fan|Gedung Utama|Lantai 19|Zona Tengah|Ventilasi Sistem|Ringan|Overload|Tekanan tidak stabil|Rp 265000
Kerusakan pada AC Split di Gedung Utama Lantai 1 Zona Utara disebabkan oleh sensor error yang terkait dengan usia pakai|Diperlukan perbaikan segera untuk mengatasi kerusakan|AC Split|Gedung Utama|Lantai 1|Zona Utara|Mechanical|Sedang|Usia pakai|Sensor error|1989000
Pintu kayu di lantai 3 zona selatan gedung parkir rusak parah, aus normal sehingga tampilan rusak dan mengganggu rutinitas sehari-hari|Pintu kayu/HPL rusak|Pintu Kayu/HPL|Gedung Parkir|Lantai 3|Zona Selatan|Arsitektur|Sedang|Aus normal|Tampilan rusak|1032000
Pintu kayu di gedung parkir lantai 3 zona selatan mengalami kerusakan pada tampilan karena aus normal, perlu perbaikan segera|Pintu kayu/HPL rusak|Pintu Kayu/HPL|Gedung Parkir|Lantai 3|Zona Selatan|Arsitektur|Sedang|Aus normal|Tampilan rusak|1032000
AC Cassette di Gedung B Lantai 7 Zona Barat mengalami kerusakan karena korsleting yang disebabkan oleh usia pakai, sehingga mengganggu rutinitas kerja|Laporan teknisi masih dalam proses|AC Cassette|Gedung B|Lantai 7|Zona Barat|Mechanical|Sedang|Usia pakai|Korsleting|1111000
Terdapat kerusakan pada AC Split di Gedung B Lantai 6 Zona Tengah karena koneksi terputus yang disebabkan oleh human error|Laporan teknisi|AC Split|Gedung B|Lantai 6|Zona Tengah|Mechanical|Berat|Human error|Koneksi terputus|3303000
Plafon gypsum di lantai 5 zona selatan gedung parkir mengalami korsleting parah karena kelembaban tinggi, saya sangat panik karena listrik mati total|Laporan teknisi: korsleting pada plafon gypsum|Plafon Gypsum / GRC|Gedung Parkir|Lantai 5|Zona Selatan|Arsitektur|Berat|Kelembaban tinggi|Korsleting|Rp 2580000
Plafon gypsum di gedung parkir lantai 5 zona selatan mengalami kerusakan berat karena korsleting akibat kelembaban tinggi, perlu perbaikan segera|Laporan teknisi: perbaikan plafon gypsum|Plafon Gypsum / GRC|Gedung Parkir|Lantai 5|Zona Selatan|Arsitektur|Berat|Kelembaban tinggi|Korsleting|Rp 2580000
Saya melaporkan bahwa Bell Alarm di Gedung Utama, Lantai 20, Zona Barat tidak berfungsi total akibat kualitas material yang kurang baik, perlu perbaikan segera|Bell Alarm tidak berfungsi|Bell Alarm|Gedung Utama|Lantai 20|Zona Barat|Sistem Proteksi Kebakaran Aktif|Berat|Kualitas material|Tidak berfungsi total|8398000
Karyawan melaporkan bahwa AC Split di Gedung E Lantai 1 Zona Tengah mengalami bunyi abnormal agak berisik, kemungkinan aus normal|Perlu dilakukan perbaikan segera|AC Split|Gedung E|Lantai 1|Zona Tengah|Mechanical|Sedang|Aus normal|Bunyi abnormal|891000
Pesawat Telepon di lantai 12 gedung D zona timur mengalami tekanan tidak stabil, suaranya netes terus dan agak berisik sehingga mengganggu rutinitas, kemungkinan karena aus normal|Tekanan tidak stabil dan aus normal menyebabkan suara tidak jelas|Pesawat Telepon|Gedung D|Lantai 12|Zona Timur|Sistem Telekomunikasi Gedung|Sedang|Aus normal|Tekanan tidak stabil|1564000
Pesawat telepon di gedung D lantai 12 zona timur bermasalah, tekanan suara tidak stabil, kemungkinan karena aus, perlu perbaikan segera|Perbaikan tekanan suara dan penggantian komponen aus|Pesawat Telepon|Gedung D|Lantai 12|Zona Timur|Sistem Telekomunikasi Gedung|Sedang|Aus normal|Tekanan tidak stabil|1564000
Dinding kayu Gedung D lantai 4 zona utara mengalami kerusakan berat dengan bunyi abnormal yang disebabkan oleh usia pakai, perlu perbaikan segera|Dinding kayu Gedung D lantai 4 zona utara rusak|Dinding Kayu|Gedung D|Lantai 4|Zona Utara|Civil|Fatal|Usia pakai|Bunyi abnormal|24284000
Dinding GRC di lantai 10 zona selatan gedung D mengalami getaran dan bunyi abnormal yang sangat mengganggu rutinitas harian kita, sehingga perlu segera diperbaiki|Dinding GRC mengalami getaran yang menyebabkan bunyi abnormal|Dinding GRC|Gedung D|Lantai 10|Zona Selatan|Civil|Ringan|Getaran|Bunyi abnormal|139000
Dinding GRC gedung D lantai 10 zona selatan bunyi abnormal karena getaran|Perlu perbaikan dinding GRC|Dinding GRC|Gedung D|Lantai 10|Zona Selatan|Civil|Ringan|Getaran|Bunyi abnormal|139000
Dinding GRC di gedung D lantai 10 zona selatan mengalami bunyi abnormal yang disebabkan oleh getaran, perlu dilakukan perbaikan segera untuk menghindari gangguan lebih lanjut|Dinding GRC mengalami bunyi abnormal karena getaran|Dinding GRC|Gedung D|Lantai 10|Zona Selatan|Civil|Ringan|Getaran|Bunyi abnormal|139000
Wastafel di lantai 5 zona timur gedung parkir bocor dan aliran airnya lemah karena kualitas material yang tidak baik|Toto wastafel bocor dan aliran airnya lemah|Wastafel|Gedung Parkir|Lantai 5|Zona Timur|Plumbing|Ringan|Kualitas material|Aliran lemah|300000
Karyawan melaporkan wastafel di lantai 5 zona timur gedung parkir mengalami kerusakan berupa aliran air yang lemah akibat kualitas material yang tidak memadai|Laporan teknisi: wastafel Toto bocor dan aliran airnya lemah|Wastafel|Gedung Parkir|Lantai 5|Zona Timur|Plumbing|Ringan|Kualitas material|Aliran lemah|300000
Wastafel Toto di lantai 5 zona tengah gedung A tidak berfungsi dengan baik karena kelembaban yang tinggi sehingga mengakibatkan kerusakan|Laporan teknisi tentang wastafel Toto yang tidak berfungsi|Wastafel|Gedung A|Lantai 5|Zona Tengah|Plumbing|Sedang|Kelembaban tinggi|Tidak berfungsi total|1909000
Genset Diesel di Gedung Servis Lantai 3 Zona Selatan macet karena kelembaban tinggi membuatnya netes dan agak berisik|Genset Diesel macet dan berisik|Genset Diesel|Gedung Servis|Lantai 3|Zona Selatan|Mechanical|Ringan|Kelembaban tinggi|Macet/tersumbat|187000
Genset Diesel merek Perkins di Gedung Servis Lantai 3 Zona Selatan mengalami kerusakan macet karena kelembaban tinggi sehingga perlu perbaikan|Genset Diesel perlu perbaikan|Genset Diesel|Gedung Servis|Lantai 3|Zona Selatan|Mechanical|Ringan|Kelembaban tinggi|Macet/tersumbat|187000
Wiring sistem di Gedung A lantai 12 zona selatan saya korosi parah karena overload, netes terus dan mengganggu rutinitas|Sistem instalasi kabel mengalami kerusakan karena beban berlebih|Wiring System|Gedung A|Lantai 12|Zona Selatan|Electrical|Berat|Overload|Berkarat/korosi|5830000
Sistem instalasi kabel di Gedung A lantai 12 zona selatan mengalami kerusakan korosi dan overload sehingga mengganggu operasional, perlu perbaikan segera|Laporan teknisi tentang kerusakan sistem instalasi kabel|Wiring System|Gedung A|Lantai 12|Zona Selatan|Electrical|Berat|Overload|Berkarat/korosi|5830000
Kerusakan wastafel di lantai 7 Gedung A, zona barat, yaitu koneksi terputus dan aus normal, memerlukan perbaikan segera|Laporan teknisi tentang kerusakan wastafel|Wastafel|Gedung A|Lantai 7|Zona Barat|Plumbing|Berat|Aus normal|Koneksi terputus|5843000
Kerusakan retak pada MDP di Gedung D Lantai 4 Zona Timur|Perlu penanganan segera|MDP|Gedung D|Lantai 4|Zona Timur|Electrical|Ringan|Usia pakai|Retak/pecah|238000
APAR Halon di Gedung A Lantai 12 Zona Timur mengalami kerusakan mati mendadak karena aus normal, gangguan ini cukup mengganggu rutinitas|Laporan teknisi: APAR Halon rusak, kemungkinan aus normal|APAR Halon|Gedung A|Lantai 12|Zona Timur|Sistem Pemadam Kebakaran|Sedang|Aus normal|Mati mendadak|1536000
Pemipaan air bersih di Gedung E Lantai 1 Zona Selatan mengalami kerusakan parah karena getaran berlebihan dan korosi, sehingga menyebabkan kebocoran yang sangat parah dan mengganggu aktivitas sehari-hari, tolong segera diperbaiki|Kerusakan pada pipa air bersih di Gedung E Lantai 1 Zona Selatan|Pemipaan Air Bersih|Gedung E|Lantai 1|Zona Selatan|Plumbing|Fatal|Korosi|Getaran berlebihan|40787000
Kerusakan pada pipa air bersih di Gedung E Lantai 1 Zona Selatan disebabkan oleh getaran berlebihan dan korosi, sehingga menyebabkan kebocoran yang cukup parah, perlu segera diperbaiki untuk menghindari kerugian lebih lanjut|Laporan kerusakan pipa air bersih|Pemipaan Air Bersih|Gedung E|Lantai 1|Zona Selatan|Plumbing|Fatal|Korosi|Getaran berlebihan|40787000
Meja kerja di lantai 19 zona timur gedung utama mengalami getaran berlebihan karena human error, sehingga perlu perbaikan segera untuk menghindari gangguan lebih lanjut|Laporan teknisi tentang getaran berlebihan pada meja kerja|Meja kerja|Gedung Utama|Lantai 19|Zona Timur|Arsitektur|Sedang|Human error|Getaran berlebihan|1399000
Meter PDAM di gedung utama lantai 16 zona selatan bermasalah, retak dan netes terus karena tegangan tidak stabil|Kerusakan retak pada meter PDAM di zona selatan|Meter PDAM|Gedung Utama|Lantai 16|Zona Selatan|Pencatatan Meter|Sedang|Tegangan tidak stabil|Retak/pecah|318000
Adanya kerusakan pada meter PDAM di gedung utama lantai 16 zona selatan, yaitu retak yang disebabkan oleh tegangan tidak stabil, mengharuskan perbaikan segera|Laporan kerusakan meter PDAM|Meter PDAM|Gedung Utama|Lantai 16|Zona Selatan|Pencatatan Meter|Sedang|Tegangan tidak stabil|Retak/pecah|318000
Dinding partisi GRC/Gypsum di gedung B lantai 4 zona timur macet/tersumbat karena kelembaban tinggi membuat suara netes yang agak berisik dan mengganggu rutinitas|Tidak ada laporan teknisi|Dinding Partisi, GRC / Gypsum|Gedung B|Lantai 4|Zona Timur|Civil|Sedang|Kelembaban tinggi|Macet/tersumbat|810000
Dinding partisi GRC/Gypsum di zona timur lantai 4 gedung B mengalami kerusakan macet/tersumbat yang disebabkan oleh kelembaban tinggi, sehingga menimbulkan suara yang agak berisik dan memerlukan perbaikan|Tidak ada laporan teknisi|Dinding Partisi, GRC / Gypsum|Gedung B|Lantai 4|Zona Timur|Civil|Sedang|Kelembaban tinggi|Macet/tersumbat|810000
Lampu LED di Gedung D Lantai 10 Zona Tengah bocor dan suaranya agak berisik karena tegangan tidak stabil|Lampu LED bocor dan berisik|Lampu LED|Gedung D|Lantai 10|Zona Tengah|Electrical|Ringan|Tegangan tidak stabil|Kebocoran|121000
Lampu LED di Gedung D Lantai 10 Zona Tengah mengalami kebocoran dan netes karena tegangan listrik tidak stabil sehingga perlu diperbaiki|Lampu LED perlu diperbaiki karena kebocoran|Lampu LED|Gedung D|Lantai 10|Zona Tengah|Electrical|Ringan|Tegangan tidak stabil|Kebocoran|121000
MDB di Gedung E, Lantai 2, Zona Tengah mengalami kerusakan karena debu/kotoran, sehingga menyebabkan mati mendadak|Kerusakan MDB karena debu/kotoran|MDB|Gedung E|Lantai 2|Zona Tengah|Electrical|Berat|Debu/kotoran|Mati mendadak|8662000
Kloset di gedung C lantai 3 zona utara rusak parah karena retak dan pecah, sepertinya kualitas material yang digunakan tidak bagus, ini sangat mengganggu rutinitas kami|Kerusakan kloset di gedung C lantai 3 zona utara|Kloset|Gedung C|Lantai 3|Zona Utara|Plumbing|Berat|Kualitas material|Retak/pecah|8667000
Kloset rusak total di gedung C lantai 3 zona utara, retak dan pecah, tolong perbaiki segera|Kerusakan kloset yang parah|Kloset|Gedung C|Lantai 3|Zona Utara|Plumbing|Berat|Kualitas material|Retak/pecah|8667000
Kerusakan kloset di gedung C lantai 3 zona utara cukup serius, retak dan pecah, kemungkinan karena kualitas material yang tidak memadai, perlu diperbaiki dengan segera|Laporan kerusakan kloset|Kloset|Gedung C|Lantai 3|Zona Utara|Plumbing|Berat|Kualitas material|Retak/pecah|8667000
Saya laporan kerusakan atap spandek di Gedung B Lantai 2 Zona Tengah, kondisinya rusak parah karena human error, perlu perbaikan segera|Atap spandek rusak karena kesalahan manusia|Atap Spandek|Gedung B|Lantai 2|Zona Tengah|Civil|Berat|Human error|Tampilan rusak|6401000
Saya laporkan bahwa AC Cassette di Gedung D Lantai 9 Zona Barat mengalami getaran berlebihan dan tegangan tidak stabil sehingga tidak bisa digunakan|Tegangan tidak stabil menyebabkan kerusakan|AC Cassette|Gedung D|Lantai 9|Zona Barat|Mechanical|Berat|Tegangan tidak stabil|Getaran berlebihan|6481000
AC Split di Gedung E Lantai 6 Zona Tengah mengalami kerusakan sensor error yang disebabkan oleh getaran, sehingga mengganggu rutinitas dan perlu perbaikan segera|Perlu perbaikan segera|AC Split|Gedung E|Lantai 6|Zona Tengah|Mechanical|Sedang|Getaran|Sensor error|1529000
Kursi di gedung A lantai 15 zona barat sudah berkarat parah karena faktor lingkungan, jangan sampai ambruk dan bahayakan orang lain|Kerusakan struktural pada kursi|Kursi|Gedung A|Lantai 15|Zona Barat|Arsitektur|Berat|Faktor lingkungan|Berkarat/korosi|9694000
Kerusakan pada kursi di zona barat lantai 15 gedung A disebabkan oleh faktor lingkungan yang menyebabkan korosi, perlu perbaikan segera|Kerusakan korosi pada kursi|Kursi|Gedung A|Lantai 15|Zona Barat|Arsitektur|Berat|Faktor lingkungan|Berkarat/korosi|9694000
Hydrant Pillar di Gedung Servis Lantai 3 Zona Tengah koneksi terputus karena faktor lingkungan, membuatnya netes dan mengganggu rutinitas harian|Kerusakan koneksi hydrant pillar|Hydrant Pillar|Gedung Servis|Lantai 3|Zona Tengah|Sistem Pemadam Kebakaran|Sedang|Faktor lingkungan|Koneksi terputus|1373000
Koneksi hydrant pillar terputus karena faktor lingkungan di Gedung Servis Lantai 3 Zona Tengah, agak berisik dan mengganggu|Laporan teknisi tentang kerusakan hydrant pillar|Hydrant Pillar|Gedung Servis|Lantai 3|Zona Tengah|Sistem Pemadam Kebakaran|Sedang|Faktor lingkungan|Koneksi terputus|1373000
Kamera CCTV di Gedung Utama Lantai 12 Zona Utara netes terus karena usia pakai yang sudah lama, jadi aliran lemah dan agak berisik|Kamera CCTV mengalami aliran lemah|Kamera CCTV|Gedung Utama|Lantai 12|Zona Utara|Security Sistem|Sedang|Usia pakai|Aliran lemah|1527000
Kamera CCTV di Gedung Utama Lantai 12 Zona Utara mengalami gangguan karena aliran lemah yang disebabkan oleh usia pakai, sehingga perlu perbaikan|Kamera CCTV mengalami kerusakan|Kamera CCTV|Gedung Utama|Lantai 12|Zona Utara|Security Sistem|Sedang|Usia pakai|Aliran lemah|1527000
Kerusakan pada Deepwell di Gedung D Lantai 12 Zona Selatan menyebabkan bunyi abnormal dan kemungkinan overload, sehingga perlu perbaikan segera|Tidak ada laporan teknisi|Deepwell|Gedung D|Lantai 12|Zona Selatan|Distribusi Air|Sedang|Overload|Bunyi abnormal|1250000
Kerusakan pada MDP di Gedung B Lantai 4 Zona Timur karena sensor error yang disebabkan faktor lingkungan membuat pekerjaan terganggu|Laporan teknisi|MDP|Gedung B|Lantai 4|Zona Timur|Electrical|Sedang|Faktor lingkungan|Sensor error|493000
Gree AC Split di Gedung E Lantai 5 Zona Barat mengalami kerusakan remote tidak berfungsi, kemungkinan karena kurang perawatan, sehingga perlu diperbaiki segera|Tidak ada laporan teknisi|AC Split|Gedung E|Lantai 5|Zona Barat|Mechanical|Sedang|Kurang perawatan|Remote tidak berfungsi|1828000
DVR CCTV di gedung parkir lantai 1 zona selatan tidak berfungsi total karena getaran, agak berisik dan mengganggu rutinitas|Tidak berfungsi total karena getaran|DVR CCTV|Gedung Parkir|Lantai 1|Zona Selatan|Security Sistem|Ringan|Getaran|Tidak berfungsi total|491000
DVR CCTV di gedung parkir lantai 1 zona selatan mengalami kerusakan karena getaran, sehingga tidak dapat beroperasi dengan baik, perlu dilakukan perbaikan|Laporan teknisi|DVR CCTV|Gedung Parkir|Lantai 1|Zona Selatan|Security Sistem|Ringan|Getaran|Tidak berfungsi total|491000
Rooftank di lantai 11 zona utara Gedung A tidak berfungsi total karena kelembaban tinggi, netes terus dan mengganggu rutinitas|Laporan teknisi: Rooftank rusak total|Rooftank|Gedung A|Lantai 11|Zona Utara|Plumbing|Ringan|Kelembaban tinggi|Tidak berfungsi total|322000
Rooftank di Gedung A lantai 11 zona utara mengalami kerusakan karena kelembaban tinggi sehingga tidak berfungsi total, agak berisik dan mengganggu|Laporan teknisi: Rooftank Gedung A perlu perbaikan|Rooftank|Gedung A|Lantai 11|Zona Utara|Plumbing|Ringan|Kelembaban tinggi|Tidak berfungsi total|322000
Saya melaporkan kerusakan AC Split di Gedung Utama Lantai 3 Zona Utara, tekanan tidak stabil dan berisik, kemungkinan karena human error, tolong diperbaiki secepatnya|Perlu perawatan rutin|AC Split|Gedung Utama|Lantai 3|Zona Utara|Mechanical|Ringan|Human error|Tekanan tidak stabil|246000
Lampu TL di lantai 18 gedung utama zona utara tiba-tiba netes dan agak berisik karena getaran berlebihan, sepertinya human error yang menyebabkan kerusakan ini|Lampu TL mengalami getaran berlebihan|Lampu TL|Gedung Utama|Lantai 18|Zona Utara|Electrical|Ringan|Human error|Getaran berlebihan|327000
Lampu TL di lantai 18 zona utara gedung utama mengalami gangguan karena getaran berlebihan yang disebabkan oleh human error, perlu diperbaiki segera|Laporan teknisi: Lampu TL mengalami getaran berlebihan|Lampu TL|Gedung Utama|Lantai 18|Zona Utara|Electrical|Ringan|Human error|Getaran berlebihan|327000
Breker panel di gedung parkir lantai 4 zona tengah rusak parah, sensor error total, sudah tidak bisa dipakai lagi, kemungkinan karena usia pakai yang sudah lama|Breker panel rusak|Breker Panel|Gedung Parkir|Lantai 4|Zona Tengah|Electrical|Berat|Usia pakai|Sensor error|7355000
Breker panel di gedung parkir lantai 4 zona tengah mengalami kerusakan sensor, kemungkinan karena usia pakai yang sudah lama, perlu diperbaiki segera untuk menghindari kerusakan lebih lanjut|Perlu penanganan cepat|Breker Panel|Gedung Parkir|Lantai 4|Zona Tengah|Electrical|Berat|Usia pakai|Sensor error|7355000
Tidak berfungsi total karena kualitas material yang jelek, membuat control panel penerangan di gedung C lantai 3 zona timur mati total, sangat mengganggu rutinitas|Control Panel Penerangan Import tidak berfungsi|Control Panel Penerangan|Gedung C|Lantai 3|Zona Timur|Electrical|Sedang|Kualitas material|Tidak berfungsi total|1270000
Saya melaporkan bahwa control panel penerangan di gedung C lantai 3 zona timur tidak berfungsi dengan baik, kemungkinan disebabkan oleh kualitas material yang kurang baik, perlu perbaikan segera|Perlu perbaikan control panel penerangan|Control Panel Penerangan|Gedung C|Lantai 3|Zona Timur|Electrical|Sedang|Kualitas material|Tidak berfungsi total|1270000
Kran air di gedung utama lantai 15 zona selatan bocor dan netes terus menerus sehingga mengganggu rutinitas kantor|Kran air bocor|Kran Air|Gedung Utama|Lantai 15|Zona Selatan|Plumbing|Ringan|Tegangan tidak stabil|Tekanan tidak stabil|68000
Kran air di lantai 15 zona selatan gedung utama mengalami tekanan air yang tidak stabil sehingga menyebabkan kebocoran dan kerusakan pada kran air|Laporan teknisi tentang kerusakan kran air|Kran Air|Gedung Utama|Lantai 15|Zona Selatan|Plumbing|Ringan|Tegangan tidak stabil|Tekanan tidak stabil|68000
Kamera CCTV di Gedung B Lantai 2 Zona Selatan mengalami kerusakan remote tidak berfungsi karena kurang perawatan, sehingga sangat mengganggu keamanan, perlu perbaikan segera|Kamera CCTV perlu perbaikan karena kerusakan remote|Kamera CCTV|Gedung B|Lantai 2|Zona Selatan|Security Sistem|Fatal|Kurang perawatan|Remote tidak berfungsi|49341000
APAR Dry Powder Cartridge bermasalah, aliran lemah dan tidak bisa dipakai karena usia pakai yang sudah terlalu lama, ini sangat mengganggu rutinitas harian kami di Gedung D Lantai 5 Zona Barat|Aliran lemah karena usia pakai|APAR Dry Powder Cartridge|Gedung D|Lantai 5|Zona Barat|Sistem Pemadam Kebakaran|Berat|Usia pakai|Aliran lemah|1531000
Kerusakan APAR Dry Powder Cartridge di Gedung D Lantai 5 Zona Barat karena aliran lemah dan usia pakai yang sudah terlalu lama, perlu segera diperbaiki|APAR Dry Powder Cartridge perlu perbaikan|APAR Dry Powder Cartridge|Gedung D|Lantai 5|Zona Barat|Sistem Pemadam Kebakaran|Berat|Usia pakai|Aliran lemah|1531000
Lantai granit di Gedung A lantai 9 zona timur mengalami masalah sensor error karena usia pakai yang sudah lama, sehingga agak berisik|Laporan teknisi: kerusakan sensor|Lantai Granit|Gedung A|Lantai 9|Zona Timur|Civil|Ringan|Usia pakai|Sensor error|495000
Pintu kayu HPL di lantai 6 zona timur gedung A bocor parah karena aliran air lemah akibat faktor lingkungan, jadi airnya netes terus dan mengganggu rutinitas|Pintu kayu HPL bocor|Pintu Kayu/HPL|Gedung A|Lantai 6|Zona Timur|Arsitektur|Fatal|Faktor lingkungan|Aliran lemah|5301000
Pintu HPL lantai 6 zona timur gedung A jebol karena aliran air lemah|Pintu HPL rusak|Pintu Kayu/HPL|Gedung A|Lantai 6|Zona Timur|Arsitektur|Fatal|Faktor lingkungan|Aliran lemah|5301000
Pintu kayu HPL di gedung A lantai 6 zona timur mengalami kerusakan berat karena aliran air yang lemah akibat faktor lingkungan, sehingga perlu perbaikan segera|Pintu kayu HPL rusak parah|Pintu Kayu/HPL|Gedung A|Lantai 6|Zona Timur|Arsitektur|Fatal|Faktor lingkungan|Aliran lemah|5301000
Plafon di Gedung D, Lantai 4, Zona Barat mengalami getaran berlebihan dan penumpukan debu/kotoran, sehingga terdengar agak berisik dan mengganggu|Tidak ada laporan teknisi|Plafon|Gedung D|Lantai 4|Zona Barat|Arsitektur|Ringan|Debu/kotoran|Getaran berlebihan|398000
Lampu LED Downlight di Gedung Utama Lantai 4 Zona Timur mati total karena aus dan tegangan tidak stabil, membuat ruangan gelap dan sangat mengganggu|Lampu LED Downlight mengalami kerusakan fatal|Lampu LED Downlight|Gedung Utama|Lantai 4|Zona Timur|Electrical|Fatal|Tegangan tidak stabil|Aus/abrasi|17784000
Lampu LED Downlight di Gedung Utama Lantai 4 Zona Timur mengalami kerusakan parah karena aus dan tegangan tidak stabil, perlu perbaikan segera|Laporan teknisi: Lampu LED Downlight mengalami kerusakan fatal|Lampu LED Downlight|Gedung Utama|Lantai 4|Zona Timur|Electrical|Fatal|Tegangan tidak stabil|Aus/abrasi|17784000
APAR Dry Powder Cartridge di Gedung E Lantai 4 Zona Timur mengalami gangguan sensor error yang kemungkinan disebabkan oleh getaran, perlu perbaikan segera|Laporan teknisi menunjukkan kerusakan sensor error|APAR Dry Powder Cartridge|Gedung E|Lantai 4|Zona Timur|Sistem Pemadam Kebakaran|Ringan|Getaran|Sensor error|77000
Jet Shower di gedung utama lantai 14 zona timur tiba-tiba mati total karena kelembaban tinggi, tampilan rusak parah, sangat mengganggu|Tidak ada laporan teknisi|Jet Shower|Gedung Utama|Lantai 14|Zona Timur|Plumbing|Fatal|Kelembaban tinggi|Tampilan rusak|10420000
Jet Shower di lantai 14 zona timur gedung utama mengalami kerusakan tampilan karena kelembaban tinggi, perlu perbaikan segera|Tidak ada laporan teknisi|Jet Shower|Gedung Utama|Lantai 14|Zona Timur|Plumbing|Fatal|Kelembaban tinggi|Tampilan rusak|10420000
Lampu TL di Gedung Utama Lantai 5 Zona Selatan tiba-tiba performa menurun dan sering netes, sepertinya ada overload yang membuatnya agak berisik dan mengganggu rutinitas|Laporan teknisi tentang kerusakan Lampu TL|Lampu TL|Gedung Utama|Lantai 5|Zona Selatan|Electrical|Sedang|Overload|Performa menurun|544000
Meter PDAM di Gedung B lantai 7 zona tengah mengalami koneksi terputus karena kelembaban tinggi, sehingga air tidak bisa mengalir dengan lancar, agak mengganggu rutinitas harian kita|Koneksi terputus|Meter PDAM|Gedung B|Lantai 7|Zona Tengah|Pencatatan Meter|Ringan|Kelembaban tinggi|Koneksi terputus|374000
Gedung B lantai 7 zona tengah mengalami masalah koneksi terputus pada meter PDAM karena kelembaban tinggi, sehingga perlu dilakukan perbaikan agar air dapat mengalir dengan lancar|Perlu dilakukan perbaikan|Meter PDAM|Gedung B|Lantai 7|Zona Tengah|Pencatatan Meter|Ringan|Kelembaban tinggi|Koneksi terputus|374000
Lampu TL di Gedung D Lantai 5 Zona Utara netes terus karena getaran berlebihan, kayaknya karena human error deh, jadi agak berisik dan mengganggu|Lampu TL mengalami getaran berlebihan|Lampu TL|Gedung D|Lantai 5|Zona Utara|Electrical|Sedang|Human error|Getaran berlebihan|1809000
Lampu TL Gedung D Lantai 5 Zona Utara rusak, getaran berlebihan, human error|Lampu TL rusak|Lampu TL|Gedung D|Lantai 5|Zona Utara|Electrical|Sedang|Human error|Getaran berlebihan|1809000
Lampu TL di Gedung D Lantai 5 Zona Utara mengalami kerusakan karena getaran berlebihan yang disebabkan oleh human error, sehingga perlu perbaikan segera|Laporan teknisi: Lampu TL mengalami kerusakan|Lampu TL|Gedung D|Lantai 5|Zona Utara|Electrical|Sedang|Human error|Getaran berlebihan|1809000
Control Panel Penerangan di Gedung C Lantai 1 Zona Selatan mengalami aliran listrik yang lemah karena kelembaban tinggi, ini sangat mengganggu rutinitas harian|Ditemukan adanya kelembaban tinggi yang menyebabkan aliran listrik lemah|Control Panel Penerangan|Gedung C|Lantai 1|Zona Selatan|Electrical|Sedang|Kelembaban tinggi|Aliran lemah|761000
Aliran listrik di Control Panel Penerangan Gedung C Lantai 1 Zona Selatan jadi lemah karena kelembaban, perlu diperbaiki|Perlu diperbaiki karena kelembaban|Control Panel Penerangan|Gedung C|Lantai 1|Zona Selatan|Electrical|Sedang|Kelembaban tinggi|Aliran lemah|761000
Sistem penerangan di Gedung C Lantai 1 Zona Selatan mengalami gangguan karena aliran listrik yang lemah, kemungkinan disebabkan kelembaban tinggi, perlu penanganan segera|Sistem penerangan mengalami gangguan|Control Panel Penerangan|Gedung C|Lantai 1|Zona Selatan|Electrical|Sedang|Kelembaban tinggi|Aliran lemah|761000
Kami memiliki masalah dengan AC Split di lantai 7 Gedung A, zona Barat, yang mengalami overheat karena kurang perawatan, sehingga menyebabkan kerusakan yang cukup parah|Tidak ada laporan teknisi|AC Split|Gedung A|Lantai 7|Zona Barat|Mechanical|Berat|Kurang perawatan|Overheat|3927000
Dinding tembok masonry di gedung utama lantai 13 zona barat mengalami kerusakan remote tidak berfungsi karena kurang perawatan, sangat mengganggu rutinitas harian|Belum ada laporan teknisi|Dinding Tembok/Mansonry|Gedung Utama|Lantai 13|Zona Barat|Civil|Sedang|Kurang perawatan|Remote tidak berfungsi|737000
Kerusakan dinding tembok masonry di zona barat lantai 13 gedung utama karena kurang perawatan menyebabkan remote tidak berfungsi, agak berisik dan mengganggu|Sedang dalam proses perbaikan|Dinding Tembok/Mansonry|Gedung Utama|Lantai 13|Zona Barat|Civil|Sedang|Kurang perawatan|Remote tidak berfungsi|737000
Dinding tembok di gedung utama lantai 1 zona barat mengeluarkan bunyi abnormal karena overload, ini sangat mengganggu rutinitas|Dinding tembok mengalami kerusakan karena overload|Dinding Tembok/Mansonry|Gedung Utama|Lantai 1|Zona Barat|Civil|Ringan|Overload|Bunyi abnormal|224000
Kerusakan dinding tembok di gedung utama lantai 1 zona barat menyebabkan bunyi abnormal yang agak berisik, kemungkinan karena overload|Dinding tembok mengalami kerusakan|Dinding Tembok/Mansonry|Gedung Utama|Lantai 1|Zona Barat|Civil|Ringan|Overload|Bunyi abnormal|224000
Lampu LED Bulb di Gedung Utama Lantai 15 Zona Utara mati total karena overheat parah, kurang perawatan yang menyebabkan kerusakan fatal, sangat mengganggu aktivitas|Lampu LED Bulb mengalami kerusakan overheat|Lampu LED Bulb|Gedung Utama|Lantai 15|Zona Utara|Electrical|Berat|Kurang perawatan|Overheat|1740000
Lampu LED Bulb di Gedung Utama Lantai 15 Zona Utara mengalami kerusakan karena overheat dan kurang perawatan, perlu segera diperbaiki|Laporan teknisi: kerusakan overheat pada Lampu LED Bulb|Lampu LED Bulb|Gedung Utama|Lantai 15|Zona Utara|Electrical|Berat|Kurang perawatan|Overheat|1740000
Wastafel Toto di Gedung A Lantai 1 Zona Barat mengalami korsleting parah dan aus normal, sehingga tidak dapat digunakan, perlu perbaikan segera|Laporan kerusakan wastafel Toto|Wastafel|Gedung A|Lantai 1|Zona Barat|Plumbing|Fatal|Aus normal|Korsleting|15900000
Lampu wall sign di gedung B lantai 5 zona utara mengalami getaran berlebihan dan suara netes yang mengganggu rutinitas harian karena kualitas material yang rendah|Lampu wall sign mengalami kerusakan getaran berlebihan|Lampu Wall sign|Gedung B|Lantai 5|Zona Utara|Electrical|Sedang|Kualitas material|Getaran berlebihan|1744000
Lampu wall sign gedung B lantai 5 zona utara rusak getaran berlebihan|Lampu wall sign rusak|Lampu Wall sign|Gedung B|Lantai 5|Zona Utara|Electrical|Sedang|Kualitas material|Getaran berlebihan|1744000
Lampu wall sign di gedung B lantai 5 zona utara mengalami masalah getaran berlebihan yang disebabkan oleh kualitas material yang kurang baik sehingga menghasilkan suara agak berisik|Laporan teknisi: lampu wall sign mengalami kerusakan getaran berlebihan|Lampu Wall sign|Gedung B|Lantai 5|Zona Utara|Electrical|Sedang|Kualitas material|Getaran berlebihan|1744000
Lampu roof tank di gedung B lantai 3 zona tengah mati total karena korosi, sangat mengganggu rutinitas, mohon segera diperbaiki|Lampu roof tank mati, korosi|Roof Tank|Gedung B|Lantai 3|Zona Tengah|Distribusi Air|Sedang|Korosi|Lampu mati|1198000
Lampu roof tank di gedung B lantai 3 zona tengah mengalami kerusakan karena korosi, sehingga lampu menjadi mati, perlu perbaikan segera, biaya diperkirakan sekitar 1198000|Laporan teknisi: lampu roof tank mati karena korosi|Roof Tank|Gedung B|Lantai 3|Zona Tengah|Distribusi Air|Sedang|Korosi|Lampu mati|1198000
Smoke Detector di Gedung D Lantai 9 Zona Barat mengalami masalah getaran berlebihan akibat kurang perawatan, perlu perhatian segera|Perlu perbaikan|Smoke Detector|Gedung D|Lantai 9|Zona Barat|Sistem Proteksi Kebakaran Aktif|Sedang|Kurang perawatan|Getaran berlebihan|1133000
Wiring System di Gedung D Lantai 1 Zona Tengah mengalami kebocoran parah karena debu dan kotoran, sangat mengganggu|Kerusakan kebocoran pada Wiring System|Wiring System|Gedung D|Lantai 1|Zona Tengah|Electrical|Berat|Debu/kotoran|Kebocoran|6408000
Wiring System di Gedung D Lantai 1 Zona Tengah mengalami kerusakan kebocoran karena debu dan kotoran, perlu perbaikan segera|Laporan teknisi: kebocoran parah|Wiring System|Gedung D|Lantai 1|Zona Tengah|Electrical|Berat|Debu/kotoran|Kebocoran|6408000
Pintu kayu HPL di gedung utama lantai 11 zona barat bocor karena korosi, suara netesnya agak berisik dan mengganggu|Kerusakan kebocoran pada pintu kayu HPL|Pintu Kayu/HPL|Gedung Utama|Lantai 11|Zona Barat|Arsitektur|Sedang|Korosi|Kebocoran|1143000
Pintu kayu HPL di zona barat lantai 11 gedung utama mengalami kebocoran karena korosi, perlu perbaikan segera untuk menghindari kerusakan lebih lanjut|Laporan perbaikan pintu kayu HPL|Pintu Kayu/HPL|Gedung Utama|Lantai 11|Zona Barat|Arsitektur|Sedang|Korosi|Kebocoran|1143000
PABX di gedung E lantai 3 zona utara mengalami gangguan sensor error yang membuatnya aus normal, sehingga mengganggu rutinitas kerja|PABX mengalami sensor error|PABX|Gedung E|Lantai 3|Zona Utara|Sistem Telekomunikasi Gedung|Sedang|Aus normal|Sensor error|384000
PABX gedung E lantai 3 zona utara rusak, sensor error, aus normal, perlu diperbaiki segera|PABX rusak|PABX|Gedung E|Lantai 3|Zona Utara|Sistem Telekomunikasi Gedung|Sedang|Aus normal|Sensor error|384000
PABX di gedung E lantai 3 zona utara mengalami kerusakan sensor yang menyebabkan aus normal, perlu dilakukan perbaikan untuk menghindari gangguan lebih lanjut|PABX mengalami kerusakan sensor|PABX|Gedung E|Lantai 3|Zona Utara|Sistem Telekomunikasi Gedung|Sedang|Aus normal|Sensor error|384000
Sistem pemadam kebakaran APAB Dry Powder di Gedung Parkir Lantai 1 Zona Selatan tidak berfungsi dengan baik, kemungkinan karena kualitas material yang kurang|Pemadaman kebakaran APAB Dry Powder bermasalah|APAB Dry Powder|Gedung Parkir|Lantai 1|Zona Selatan|Sistem Pemadam Kebakaran|Ringan|Kualitas material|Tidak berfungsi total|120000
Lampu LED Downlight di Gedung Parkir Lantai 1 Zona Tengah ini sudah aus dan abrasi parah karena kurang perawatan, sehingga mati total dan sangat mengganggu|Lampu LED Downlight rusak|Lampu LED Downlight|Gedung Parkir|Lantai 1|Zona Tengah|Electrical|Fatal|Kurang perawatan|Aus/abrasi|21233000
Monitor CCTV di Gedung B lantai 8 zona utara netes karena sensor error yang disebabkan debu/kotoran|Debu/kotoran menyebabkan sensor error|Monitor CCTV|Gedung B|Lantai 8|Zona Utara|Security Sistem|Sedang|Debu/kotoran|Sensor error|680000
CCTV di Gedung B lantai 8 zona utara mengalami gangguan karena sensor error yang disebabkan oleh debu/kotoran sehingga perlu perbaikan|Sensor error akibat debu/kotoran|Monitor CCTV|Gedung B|Lantai 8|Zona Utara|Security Sistem|Sedang|Debu/kotoran|Sensor error|680000
ATS Panel di Gedung B Lantai 1 Zona Selatan mengalami sensor error, kemungkinan karena debu/kotoran, perlu diperbaiki untuk menghindari kerusakan lebih lanjut|ATS Panel di Gedung B perlu perbaikan|Automatic Transfer Switch (ATS Panel)|Gedung B|Lantai 1|Zona Selatan|Electrical|Berat|Debu/kotoran|Sensor error|4808000
Monitor CCTV di Gedung D Lantai 1 Zona Utara tiba-tiba remote tidak berfungsi karena tegangan tidak stabil, mengganggu rutinitas harian|Teknisi mendapati kerusakan pada remote monitor CCTV|Monitor CCTV|Gedung D|Lantai 1|Zona Utara|Security Sistem|Sedang|Tegangan tidak stabil|Remote tidak berfungsi|1663000
Kerusakan terjadi pada monitor CCTV Hikvision di Gedung D Lantai 1 Zona Utara, remote tidak berfungsi akibat tegangan tidak stabil, mengganggu kegiatan sehari-hari|Perlu diperiksa dan diperbaiki secepatnya|Monitor CCTV|Gedung D|Lantai 1|Zona Utara|Security Sistem|Sedang|Tegangan tidak stabil|Remote tidak berfungsi|1663000
Atap beton gedung E lantai 4 zona timur saya mengalami bunyi abnormal yang sangat mengganggu karena adanya debu dan kotoran yang menumpuk, saya sangat terganggu dengan suara netes-netes yang terus menerus|Debu dan kotoran menyebabkan bunyi abnormal|Atap Beton|Gedung E|Lantai 4|Zona Timur|Civil|Ringan|Debu/kotoran|Bunyi abnormal|173000
Saya ingin melaporkan bahwa atap beton di gedung E lantai 4 zona timur mengalami masalah bunyi abnormal yang disebabkan oleh debu dan kotoran, suara agak berisik dan mengganggu rutinitas|Debu dan kotoran menyebabkan bunyi abnormal|Atap Beton|Gedung E|Lantai 4|Zona Timur|Civil|Ringan|Debu/kotoran|Bunyi abnormal|173000
Roof tank di Gedung Parkir Lantai 1 Zona Timur bocor dan berisik karena retak dan kotoran|Tidak ada laporan teknisi|Roof Tank|Gedung Parkir|Lantai 1|Zona Timur|Distribusi Air|Sedang|Debu/kotoran|Retak/pecah|1084000
Roof tank di Gedung Parkir Lantai 1 Zona Timur mengalami kerusakan retak dan kotoran sehingga menyebabkan kebocoran dan suara berisik|Tidak ada laporan teknisi|Roof Tank|Gedung Parkir|Lantai 1|Zona Timur|Distribusi Air|Sedang|Debu/kotoran|Retak/pecah|1084000
Saya melaporkan bahwa SDP di Gedung Servis, Lantai 2, Zona Utara mengalami masalah macet akibat korosi, sehingga mengganggu rutinitas kerja|Kerusakan SDP karena korosi memerlukan perbaikan|SDP|Gedung Servis|Lantai 2|Zona Utara|Electrical|Ringan|Korosi|Macet/tersumbat|279000
Kerusakan APAR Dry Powder Stored Pressure di Gedung Utama Lantai 2 Zona Barat disebabkan oleh kurangnya perawatan yang membuat remote tidak berfungsi dengan baik, ini agak berisik dan mengganggu rutinitas|Tidak ada laporan teknisi|APAR Dry Powder Stored Pressure|Gedung Utama|Lantai 2|Zona Barat|Sistem Pemadam Kebakaran|Ringan|Kurang perawatan|Remote tidak berfungsi|81000
Dinding tembok gedung B lantai 7 zona selatan mengalami korsleting parah karena human error, membuat listrik netes dan agak berisik|Korsleting listrik pada dinding tembok gedung B|Dinding Tembok/Mansonry|Gedung B|Lantai 7|Zona Selatan|Civil|Sedang|Human error|Korsleting|1994000
Dinding tembok di gedung B lantai 7 zona selatan mengalami kerusakan listrik karena korsleting yang disebabkan oleh human error, perlu perbaikan segera|Laporan kerusakan listrik di gedung B|Dinding Tembok/Mansonry|Gedung B|Lantai 7|Zona Selatan|Civil|Sedang|Human error|Korsleting|1994000
PABX di Gedung A, Lantai 1, Zona Barat, tiba-tiba lampu mati dan tidak bisa dihidupkan, kemungkinan karena tegangan tidak stabil, ini cukup mengganggu rutinitas kita|Lampu PABX mati|PABX|Gedung A|Lantai 1|Zona Barat|Sistem Telekomunikasi Gedung|Ringan|Tegangan tidak stabil|Lampu mati|165000
PABX di Gedung A, Lantai 1, Zona Barat mengalami gangguan, lampu mati dan tidak bisa dioperasikan, kemungkinan disebabkan oleh tegangan listrik yang tidak stabil, perlu diperbaiki secepatnya|Laporan teknisi PABX|PABX|Gedung A|Lantai 1|Zona Barat|Sistem Telekomunikasi Gedung|Ringan|Tegangan tidak stabil|Lampu mati|165000
Lampu Backlit Sign di Gedung D Lantai 10 Zona Tengah saya netes terus karena udah tua dan sering overheat, jadi saya khawatir bakal rusak lebih parah|Lampu Backlit Sign di Gedung D Lantai 10 Zona Tengah mengalami overheat karena usia pakai|Lampu Backlit Sign|Gedung D|Lantai 10|Zona Tengah|Electrical|Ringan|Usia pakai|Overheat|122000
Lampu Backlit Sign di Gedung D Lantai 10 Zona Tengah rusak, overheat, perlu diperbaiki|Lampu Backlit Sign di Gedung D Lantai 10 Zona Tengah perlu diperbaiki karena overheat|Lampu Backlit Sign|Gedung D|Lantai 10|Zona Tengah|Electrical|Ringan|Usia pakai|Overheat|122000
Lampu Backlit Sign di Gedung D Lantai 10 Zona Tengah sedang mengalami masalah overheat yang disebabkan oleh usia pakai, sehingga perlu dilakukan perbaikan untuk menghindari kerusakan lebih lanjut|Lampu Backlit Sign di Gedung D Lantai 10 Zona Tengah perlu diperbaiki karena overheat|Lampu Backlit Sign|Gedung D|Lantai 10|Zona Tengah|Electrical|Ringan|Usia pakai|Overheat|122000
Lampu LED di gedung utama lantai 16 zona tengah mati total karena remote tidak berfungsi dan tegangan tidak stabil|Tegangan tidak stabil menyebabkan kerusakan pada remote|Lampu LED|Gedung Utama|Lantai 16|Zona Tengah|Electrical|Berat|Tegangan tidak stabil|Remote tidak berfungsi|7075000
Lampu LED di zona tengah lantai 16 gedung utama mengalami kerusakan pada remotenya dan tidak bisa digunakan karena tegangan listrik yang tidak stabil|Kerusakan remote dan tegangan tidak stabil|Lampu LED|Gedung Utama|Lantai 16|Zona Tengah|Electrical|Berat|Tegangan tidak stabil|Remote tidak berfungsi|7075000
Lampu downlight di gedung A lantai 10 zona barat mati total karena berkarat dan tegangan tidak stabil, sangat mengganggu|Lampu downlight rusak|Lampu Downlight|Gedung A|Lantai 10|Zona Barat|Electrical|Fatal|Tegangan tidak stabil|Berkarat/korosi|44312000
Lampu downlight zona barat lantai 10 gedung A jebol|Lampu downlight jebol|Lampu Downlight|Gedung A|Lantai 10|Zona Barat|Electrical|Fatal|Tegangan tidak stabil|Berkarat/korosi|44312000
Lampu downlight di gedung A lantai 10 zona barat mengalami kerusakan berat karena korosi dan tegangan listrik yang tidak stabil, perlu segera diperbaiki|Lampu downlight rusak berat|Lampu Downlight|Gedung A|Lantai 10|Zona Barat|Electrical|Fatal|Tegangan tidak stabil|Berkarat/korosi|44312000
Atap beton di Gedung B, Lantai 1, Zona Utara, retak parah karena overload, suara netes air terus menerus, agak berisik, mengganggu rutinitas|Atap beton retak karena overload|Atap Beton|Gedung B|Lantai 1|Zona Utara|Civil|Ringan|Overload|Retak/pecah|315000
Kerusakan atap beton di Gedung B, Lantai 1, Zona Utara, karena overload, menyebabkan retak, suara agak berisik, perlu perbaikan segera|Atap beton retak karena overload|Atap Beton|Gedung B|Lantai 1|Zona Utara|Civil|Ringan|Overload|Retak/pecah|315000
Paving Block di gedung parkir lantai 2 zona barat tiba-tiba mati mendadak karena human error, sangat mengganggu kegiatan sehari-hari|Laporan teknisi: Paving Block mati total|Paving Block|Gedung Parkir|Lantai 2|Zona Barat|Arsitektur|Berat|Human error|Mati mendadak|2945000
Paving Block di zona barat lantai 2 gedung parkir mengalami kerusakan parah karena human error, perlu perbaikan segera|Laporan teknisi: Paving Block mengalami kerusakan parah|Paving Block|Gedung Parkir|Lantai 2|Zona Barat|Arsitektur|Berat|Human error|Mati mendadak|2945000
APAR CO2 di Gedung C, Lantai 3, Zona Selatan mengalami kerusakan karena suara abnormal dan human error, perlu perbaikan segera dengan biaya Rp 2720000|Perlu pengecekan dan perbaikan segera|APAR CO2|Gedung C|Lantai 3|Zona Selatan|Sistem Pemadam Kebakaran|Berat|Human error|Bunyi abnormal|2720000
AC Split di Gedung Utama, Lantai 10, Zona Tengah mengalami kerusakan mati mendadak dikarenakan aus normal, sehingga perlu perbaikan untuk menghilangkan suara berisik yang mengganggu|Laporan teknisi tentang kerusakan AC Split|AC Split|Gedung Utama|Lantai 10|Zona Tengah|Mekanikal|Ringan|Aus normal|Mati mendadak|108000
Pemipaan air kotor di gedung A lantai 15 zona timur tidak berfungsi total karena getaran, membuat air netes terus menerus dan agak berisik|Pemipaan air kotor rusak total|Pemipaan Air Kotor|Gedung A|Lantai 15|Zona Timur|Plumbing|Ringan|Getaran|Tidak berfungsi total|318000
Pemipaan air kotor mati total di gedung A lantai 15 zona timur|Pemipaan air kotor rusak|Pemipaan Air Kotor|Gedung A|Lantai 15|Zona Timur|Plumbing|Ringan|Getaran|Tidak berfungsi total|318000
Pemipaan air kotor di gedung A lantai 15 zona timur mengalami kerusakan karena getaran, sehingga tidak berfungsi total dan menimbulkan suara berisik|Pemipaan air kotor rusak karena getaran|Pemipaan Air Kotor|Gedung A|Lantai 15|Zona Timur|Plumbing|Ringan|Getaran|Tidak berfungsi total|318000
Hydrant Box di Gedung B Lantai 5 Zona Tengah mengalami korsleting yang disebabkan oleh human error, sehingga perlu diperbaiki dengan biaya sebesar Rp 1168000|Perlu penanganan segera|Hydrant Box|Gedung B|Lantai 5|Zona Tengah|Sistem Pemadam Kebakaran|Sedang|Human error|Korsleting|1168000
Saya ingin melaporkan bahwa Exhaust Fan di Gedung A lantai 11 zona Utara tidak berfungsi sama sekali, mohon bantu perbaiki secepatnya|Exhaust Fan KDK mengalami kerusakan berat akibat aus normal, perlu dilakukan penggantian komponen untuk mengembalikan fungsinya, biaya perbaikan sebesar Rp 1420000|Exhaust Fan|Gedung A|Lantai 11|Zona Utara|Ventilasi Sistem|Berat|Aus normal|Tidak berfungsi total|1420000
Tolong dong Kursi di Gedung B lantai 4 zona Utara rusak nih, bgt kotor dan berdebu, gk bisa dipake lagi|Perbaikan dilakukan dengan mengganti komponen yang rusak dan menstabilkan tegangan, sehingga getaran berlebihan dapat diatasi|Kursi|Gedung B|Lantai 4|Zona Utara|Arsitektur|Ringan|Tegangan tidak stabil|Getaran berlebihan|160000
Lapor, Kursi rusak di Gedung B lantai 4 Utara|Perbaikan berhasil dilakukan dengan mengatasi tegangan tidak stabil, biaya perbaikan sebesar Rp 160000|Kursi|Gedung B|Lantai 4|Zona Utara|Arsitektur|Ringan|Tegangan tidak stabil|Getaran berlebihan|160000
Mohon perhatian, Kursi di Gedung B lantai 4 zona Utara mengalami kerusakan, yaitu getaran berlebihan, sehingga perlu dilakukan perbaikan segera|Perbaikan telah dilaksanakan dengan mengganti komponen yang rusak dan menstabilkan tegangan, biaya perbaikan adalah Rp 160000|Kursi|Gedung B|Lantai 4|Zona Utara|Arsitektur|Ringan|Tegangan tidak stabil|Getaran berlebihan|160000
Tolong dong APAR CO2 di Gedung Utama lantai 10 zona Tengah rusak nih, gk nyala sama sekali bgt!|APAR CO2 mengalami aus normal, perlu dilakukan perbaikan dan penggantian komponen yang rusak|APAR CO2|Gedung Utama|Lantai 10|Zona Tengah|Sistem Pemadam Kebakaran|Berat|Aus normal|Aus/abrasi|2770000
Mohon bantuan untuk memperbaiki APAR CO2 di Gedung Utama lantai 10 zona Tengah, karena sudah tidak nyala sama sekali.|APAR CO2 mengalami aus normal, perlu dilakukan perbaikan dan penggantian komponen yang rusak dengan biaya perbaikan sebesar Rp 2770000|APAR CO2|Gedung Utama|Lantai 10|Zona Tengah|Sistem Pemadam Kebakaran|Berat|Aus normal|Aus/abrasi|2770000
Tolong dong Urinal di Gedung E lantai 6 zona Barat rusak nih, netes air terus, gk tau dmn letak kerusakannya, bgt repot!|Kerusakan disebabkan kurang perawatan, perlu dilakukan perbaikan dan pembersihan secara menyeluruh|Urinal|Gedung E|Lantai 6|Zona Barat|Plumbing|Sedang|Kurang perawatan|Kebocoran|1930000
Lapor, Urinal Gedung E lantai 6 zona Barat bermasalah|Kerusakan disebabkan kurang perawatan, dilakukan perbaikan dan penggantian komponen yang rusak|Urinal|Gedung E|Lantai 6|Zona Barat|Plumbing|Sedang|Kurang perawatan|Kebocoran|1930000
Mohon perhatian, Urinal yang terletak di Gedung E, lantai 6, zona Barat mengalami kerusakan, yaitu netes air, mohon dilakukan perbaikan secepatnya|Kerusakan disebabkan kurang perawatan, perlu dilakukan perbaikan dan pembersihan, biaya perbaikan sebesar Rp 1930000|Urinal|Gedung E|Lantai 6|Zona Barat|Plumbing|Sedang|Kurang perawatan|Kebocoran|1930000
Tolong dong APAR Dry Powder Stored Pressure di Gedung B lantai 10 zona Barat rusak nih, gk tau dmn salahnya, tapi yg jelas bunyi pelan bgt|Kualitas material yang rendah menyebabkan korsleting, perlu dilakukan penggantian komponen untuk memperbaiki APAR Dry Powder Stored Pressure|APAR Dry Powder Stored Pressure|Gedung B|Lantai 10|Zona Barat|Sistem Pemadam Kebakaran|Ringan|Kualitas material|Korsleting|420000
Mohon perhatian, APAR Dry Powder Stored Pressure di Gedung B lantai 10 zona Barat mengalami kerusakan ringan, bunyi pelan dan kotor, mohon dilakukan perbaikan secepatnya|Kualitas material yang tidak memadai menyebabkan korsleting, perlu dilakukan penggantian komponen dan pembersihan untuk memperbaiki APAR Dry Powder Stored Pressure|APAR Dry Powder Stored Pressure|Gedung B|Lantai 10|Zona Barat|Sistem Pemadam Kebakaran|Ringan|Kualitas material|Korsleting|420000
Tolong dong Electric Fire Pump di Gedung E lantai 1 zona Tengah rusak nih, bunyi abnormal bgt, gk tau dmn letak masalahnya, tolong bantu yg|Laporan teknisi: Electric Fire Pump di Gedung Gedung E lantai 1 zona Tengah mengalami gangguan karena Tegangan tidak stabil, tindakan perbaikan: pengecekan dan penggantian komponen yang rusak, biaya perbaikan Rp 200000|Electric Fire Pump|Gedung E|Lantai 1|Zona Tengah|Sistem Pemadam Kebakaran|Ringan|Tegangan tidak stabil|Bunyi abnormal|200000
Mohon bantuan untuk Electric Fire Pump di Gedung E lantai 1 zona Tengah yang mengalami bunyi abnormal, saya khawatir akan mengganggu operasional|Laporan teknisi: Electric Fire Pump di Gedung Gedung E lantai 1 zona Tengah mengalami gangguan karena Tegangan tidak stabil, tindakan perbaikan: pengecekan dan penggantian komponen yang rusak, biaya perbaikan Rp 200000|Electric Fire Pump|Gedung E|Lantai 1|Zona Tengah|Sistem Pemadam Kebakaran|Ringan|Tegangan tidak stabil|Bunyi abnormal|200000
Tolong dong Dinding Keramik/Mozaik di Gedung D lantai 5 zona Tengah rusak nih, gk tahu penyebabnya, tp yg jelas bunyi pelan banget!|Laporan teknisi: dinding keramik/mozaik mengalami korosi, dilakukan perbaikan dengan mengganti komponen yang rusak, biaya perbaikan Rp 200000|Dinding Keramik/Mozaik|Gedung D|Lantai 5|Zona Tengah|Civil|Ringan|Korosi|Korsleting|200000
Mohon bantu perbaiki Dinding Keramik/Mozaik di Gedung D lantai 5 zona Tengah, kondisinya kusam dan bunyi pelan, terima kasih|Laporan teknisi: dinding keramik/mozaik mengalami korosi, dilakukan perbaikan dengan mengganti komponen yang rusak|Dinding Keramik/Mozaik|Gedung D|Lantai 5|Zona Tengah|Civil|Ringan|Korosi|Korsleting|200000
Gak bisa pakai Smoke Detector di Gedung Servis lantai 2 zona Tengah, kedap-kedip bgt, tolong dong diperbaiki yg, dmn ada waktu?|Perbaikan dilakukan dengan mengganti komponen yang rusak akibat getaran, biaya perbaikan sebesar Rp 1690000|Smoke Detector|Gedung Servis|Lantai 2|Zona Tengah|Sistem Proteksi Kebakaran Aktif|Sedang|Getaran|Tampilan rusak|1690000
Mohon bantuan untuk memperbaiki Smoke Detector di Gedung Servis lantai 2 zona Tengah, karena tampilannya rusak dan kedap-kedip, mohon diperiksa dan diperbaiki secepatnya|Perbaikan dilakukan dengan mengganti komponen yang rusak akibat getaran, biaya perbaikan akan dihitung setelah perbaikan selesai, perkiraan biaya perbaikan Rp 1690000|Smoke Detector|Gedung Servis|Lantai 2|Zona Tengah|Sistem Proteksi Kebakaran Aktif|Sedang|Getaran|Tampilan rusak|1690000
Tolong dong Siamese Connection di Gedung A lantai 15 zona Selatan rusak nih, gk tau dmn salahnya, bgt mogok, yg penting cepat diperbaiki!|Laporan teknisi: Siamese Connection mengalami kerusakan berat akibat aus normal, dilakukan perbaikan dengan mengganti komponen yang rusak, biaya perbaikan sebesar 3680000|Siamese Connection|Gedung A|Lantai 15|Zona Selatan|Sistem Pemadam Kebakaran|Berat|Aus normal|Retak/pecah|3680000
Mohon periksa Siamese Connection di Gedung A lantai 15 zona Selatan, karena telah mengalami kerusakan berat dan tidak dapat berfungsi dengan baik.|Laporan teknisi: Siamese Connection mengalami kerusakan berat akibat aus normal, dilakukan perbaikan dengan mengganti komponen yang rusak, untuk memulihkan fungsinya, biaya perbaikan sebesar 3680000|Siamese Connection|Gedung A|Lantai 15|Zona Selatan|Sistem Pemadam Kebakaran|Berat|Aus normal|Retak/pecah|3680000
Wastafel di Gedung Utama lantai 18 zona Barat bgt rusak nih, airnya bocor deras bgt, tolong dong cepat dicek yg, gk tau dmn letak kerusakannya!|Teknisi melakukan pengecekan dan perbaikan, ditemukan Aus normal pada koneksi, sehingga dilakukan penggantian koneksi|Wastafel|Gedung Utama|Lantai 18|Zona Barat|Plumbing|Fatal|Aus normal|Koneksi terputus|19680000
Mohon perhatian, Wastafel di Gedung Utama lantai 18 zona Barat mengalami kerusakan parah, air bocor deras dan menyebabkan banjir, mohon segera dikirim teknisi untuk pengecekan dan perbaikan|Teknisi melakukan pengecekan menyeluruh dan menemukan Aus normal, melakukan perbaikan koneksi dan mengganti komponen yang rusak, biaya perbaikan sebesar Rp 19680000|Wastafel|Gedung Utama|Lantai 18|Zona Barat|Plumbing|Fatal|Aus normal|Koneksi terputus|19680000
Halo, Lampu LED Strip di Gedung Parkir lantai 4 zona Timur rusak nih, gk nyala bgt, tolong dong diperbaiki yg cepat, klo gk bisa diperbaiki bisa ganti yg baru, dmn saya harus menghubungi sih?|Lampu LED Strip mengalami Overheat karena Getaran, perlu dilakukan pembersihan dan pengecekan komponen, biaya perbaikan sebesar Rp 130000|Lampu LED Strip|Gedung Parkir|Lantai 4|Zona Timur|Electrical|Ringan|Getaran|Overheat|130000
Lapor, Lampu LED Strip di lantai 4 Timur gedung parkir rusak|Lampu LED Strip mengalami kerusakan karena Getaran, perlu dilakukan perbaikan dan penggantian komponen|Lampu LED Strip|Gedung Parkir|Lantai 4|Zona Timur|Electrical|Ringan|Getaran|Overheat|130000
Mohon perhatian, terdapat kerusakan pada Lampu LED Strip yang terletak di Gedung Parkir lantai 4 zona Timur, kondisinya tidak berfungsi dengan baik, mohon untuk segera diperbaiki|Lampu LED Strip mengalami Overheat karena Getaran, dilakukan pembersihan dan perbaikan, biaya perbaikan sebesar Rp 130000|Lampu LED Strip|Gedung Parkir|Lantai 4|Zona Timur|Electrical|Ringan|Getaran|Overheat|130000
Tolong dong Pintu Biasa Berdaun Tunggal di Gedung B lantai 9 zona Barat rusak bgt, nyetrum gk ya?|Pintu Biasa Berdaun Tunggal mengalami korsleting akibat kualitas material yang buruk, perlu dilakukan penggantian komponen|Pintu Biasa Berdaun Tunggal|Gedung B|Lantai 9|Zona Barat|Arsitektur|Fatal|Kualitas material|Korsleting|29560000
Mohon periksa Pintu Biasa Berdaun Tunggal di Gedung B lantai 9 zona Barat, karena terjadi korsleting yang menyebabkan nyetrum|Pintu Biasa Berdaun Tunggal mengalami kerusakan akibat kualitas material yang buruk, perlu dilakukan penggantian komponen dan perbaikan segera dengan biaya Rp 29560000|Pintu Biasa Berdaun Tunggal|Gedung B|Lantai 9|Zona Barat|Arsitektur|Fatal|Kualitas material|Korsleting|29560000
Tolong dong Plafon Gypsum / GRC di Gedung B lantai 2 zona Utara rusak bgt, gk tahu dmn salahnya, tp yg jelas plafonnya ambruk banget|Overload pada plafon GRC menyebabkan kerusakan fatal, perlu peninjauan ulang desain struktur dan pemasangan|Plafon Gypsum / GRC|Gedung B|Lantai 2|Zona Utara|Arsitektur|Fatal|Overload|Performa menurun|12220000
Mohon bantuan, Plafon Gypsum / GRC di Gedung B lantai 2 zona Utara mengalami kerusakan yang sangat parah, nyetrum listrik dan bau gosong|Kerusakan plafon GRC disebabkan oleh overload, perlu dilakukan perbaikan dan penggantian komponen yang rusak segera, dengan biaya perbaikan sebesar|Plafon Gypsum / GRC|Gedung B|Lantai 2|Zona Utara|Arsitektur|Fatal|Overload|Performa menurun|12220000
Lampu LED Strip di Gedung Utama lantai 6 zona Utara nyetrum bgt, tolong dong cepat dicek yg bermasalah dmn|Laporan teknisi: Perbaikan dilakukan dengan mengganti komponen yang rusak akibat Tegangan tidak stabil, kemudian dilakukan pengetesan ulang untuk memastikan kinerja yang stabil|Lampu LED Strip|Gedung Utama|Lantai 6|Zona Utara|Electrical|Fatal|Tegangan tidak stabil|Korsleting|36110000
Mohon bantuannya untuk memperbaiki Lampu LED Strip di Gedung Utama lantai 6 zona Utara, karena terjadi kejadian nyetrum yang sangat membahayakan|Laporan teknisi: Perbaikan dilakukan dengan mengganti komponen yang rusak akibat Tegangan tidak stabil, dengan biaya perbaikan sebesar Rp 36110000|Lampu LED Strip|Gedung Utama|Lantai 6|Zona Utara|Electrical|Fatal|Tegangan tidak stabil|Korsleting|36110000
Tolong dong Panel LSA Telepon di Gedung B lantai 10 zona Selatan rusak nih, bgt berisik banget dan remote gk berfungsi yg bikin kita gk bisa nelpon|Ditemukan kerusakan pada Panel LSA Telepon di Gedung Gedung B lantai 10 zona Selatan, kemungkinan disebabkan oleh Getaran, perlu dilakukan perbaikan untuk mengganti remote yang tidak berfungsi dengan biaya perbaikan sebesar Rp 1030000|Panel LSA Telepon|Gedung B|Lantai 10|Zona Selatan|Sistem Telekomunikasi Gedung|Sedang|Getaran|Remote tidak berfungsi|1030000
Mohon perhatian, Panel LSA Telepon di Gedung B lantai 10 zona Selatan mengalami kerusakan pada remote yang tidak berfungsi, sehingga menyebabkan gangguan pada sistem telekomunikasi|Ditemukan kerusakan pada Panel LSA Telepon di Gedung Gedung B lantai 10 zona Selatan, kemungkinan disebabkan oleh Getaran, perlu dilakukan perbaikan untuk mengganti remote yang tidak berfungsi dengan biaya perbaikan sebesar Rp 1030000|Panel LSA Telepon|Gedung B|Lantai 10|Zona Selatan|Sistem Telekomunikasi Gedung|Sedang|Getaran|Remote tidak berfungsi|1030000
Lampu Neon Sign di Gedung Utama lantai 16 zona Barat rusak bgt, nyetrum, tolong dong bantu perbaiki, gk tahu dmn masalahnya|Laporan teknisi: perbaikan dilakukan dengan membersihkan Debu/kotoran dan mengganti komponen yang rusak, biaya perbaikan sebesar Rp 50000|Lampu Neon Sign|Gedung Utama|Lantai 16|Zona Barat|Electrical|Fatal|Debu/kotoran|Tampilan rusak|50000
Mohon bantuan untuk memperbaiki Lampu Neon Sign di Gedung Utama lantai 16 zona Barat yang mengalami kerusakan fatal, nyetrum, dan tidak dapat digunakan|Laporan teknisi: dilakukan pembersihan Debu/kotoran, penggantian komponen yang rusak, dan perbaikan lainnya dengan biaya perbaikan sebesar Rp 50000|Lampu Neon Sign|Gedung Utama|Lantai 16|Zona Barat|Electrical|Fatal|Debu/kotoran|Tampilan rusak|50000
Tolong dong Smoke Detector di Gedung D lantai 11 zona Selatan rusak nih, bgt kotor dan berdebu, gk tau dmn letak masalahnya tapi yg jelas bunyi pelan bgt!|Debu/kotoran menyebabkan tekanan tidak stabil, perbaikan dilakukan dengan membersihkan komponen dan mengganti filter|Smoke Detector|Gedung D|Lantai 11|Zona Selatan|Sistem Proteksi Kebakaran Aktif|Ringan|Debu/kotoran|Tekanan tidak stabil|290000
Saya ingin melaporkan bahwa Smoke Detector di Gedung D lantai 11 zona Selatan mengalami kerusakan ringan, yaitu kotor dan berdebu, sehingga menyebabkan tekanan tidak stabil|Debu/kotoran menyebabkan tekanan tidak stabil, perbaikan dilakukan dengan membersihkan komponen dan mengganti filter, biaya perbaikan sebesar Rp 290000|Smoke Detector|Gedung D|Lantai 11|Zona Selatan|Sistem Proteksi Kebakaran Aktif|Ringan|Debu/kotoran|Tekanan tidak stabil|290000
Tolong dong LAN (Local Area Network) di Gedung B lantai 8 zona Tengah rusak nih, gk tau kenapa, bgt mogok, dmn hrus lapor?|Ditemukan kerusakan pada LAN (Local Area Network) di Gedung Gedung B lantai 8 zona Tengah, disebabkan oleh Debu/kotoran, sehingga menyebabkan Performa menurun, dilakukan pembersihan dan perawatan untuk mengembalikan kondisi normal|LAN (Local Area Network)|Gedung B|Lantai 8|Zona Tengah|Sistem Telekomunikasi Gedung|Berat|Debu/kotoran|Performa menurun|7640000
Lapor. LAN (Local Area Network) lt 8 Tengah mati.|Kerusakan pada LAN (Local Area Network) di Gedung Gedung B lantai 8 zona Tengah disebabkan oleh Debu/kotoran, sehingga menyebabkan Performa menurun, perlu dilakukan perawatan dan pembersihan|LAN (Local Area Network)|Gedung B|Lantai 8|Zona Tengah|Sistem Telekomunikasi Gedung|Berat|Debu/kotoran|Performa menurun|7640000
Mohon bantuan untuk memperbaiki LAN (Local Area Network) di Gedung B lantai 8 zona Tengah, karena LAN tersebut mogok dan tidak berfungsi dengan baik.|Dilakukan analisis dan perbaikan pada LAN (Local Area Network) di Gedung Gedung B lantai 8 zona Tengah, ditemukan kerusakan akibat Debu/kotoran, sehingga menyebabkan Performa menurun, biaya perbaikan sebesar Rp 7640000|LAN (Local Area Network)|Gedung B|Lantai 8|Zona Tengah|Sistem Telekomunikasi Gedung|Berat|Debu/kotoran|Performa menurun|7640000
Genset Diesel di Gedung Parkir lantai 4 zona Barat rusak nih, bunyi berisik banget bgt, gk tau dmn letak kerusakannya, tolong dong cepat dicek|Kerusakan disebabkan oleh Human error, perlu dilakukan pengecekan dan perbaikan pada sistem pendingin untuk mengurangi getaran berlebihan|Genset Diesel|Gedung Parkir|Lantai 4|Zona Barat|Mechanical|Sedang|Human error|Getaran berlebihan|1460000
Mohon bantuan untuk memperbaiki Genset Diesel yang berada di Gedung Parkir lantai 4 zona Barat, karena mengalami getaran berlebihan yang menyebabkan bunyi berisik|Perbaikan dilakukan dengan memperbaiki sistem pendingin yang rusak akibat Human error, biaya perbaikan sebesar Rp 1460000|Genset Diesel|Gedung Parkir|Lantai 4|Zona Barat|Mechanical|Sedang|Human error|Getaran berlebihan|1460000
Tolong dong Pemipaan Air Kotor di Gedung E lantai 1 zona Utara rusak bgt, gk tahu dmn salahnya, tp yg jelas patah dan mogok, bantu yaa!|Tegangan tidak stabil menyebabkan korsleting, dilakukan perbaikan dan penggantian komponen|Pemipaan Air Kotor|Gedung E|Lantai 1|Zona Utara|Plumbing|Berat|Tegangan tidak stabil|Korsleting|3170000
Pemipaan Air Kotor di Gedung E lantai 1 zona Utara mengalami kerusakan berat, yaitu mati total dan patah, mohon bantuan untuk perbaikan|Tegangan tidak stabil menyebabkan korsleting, perlu dilakukan penggantian komponen dan perbaikan, biaya perbaikan sebesar Rp 3170000|Pemipaan Air Kotor|Gedung E|Lantai 1|Zona Utara|Plumbing|Berat|Tegangan tidak stabil|Korsleting|3170000
Gue butuh bantuan, APAR Dry Powder Cartridge di Gedung D lantai 6 zona Utara mati total gk bisa dipake lagi, tolong dong!|APAR Dry Powder Cartridge mengalami kerusakan berat karena human error, perlu dilakukan perbaikan dengan mengganti komponen yang rusak|APAR Dry Powder Cartridge|Gedung D|Lantai 6|Zona Utara|Sistem Pemadam Kebakaran|Berat|Human error|Retak/pecah|1640000
Mohon perhatian, APAR Dry Powder Cartridge di Gedung D lantai 6 zona Utara tidak berfungsi dengan baik, sehingga perlu dilakukan perbaikan secepatnya|APAR Dry Powder Cartridge mengalami kerusakan berat karena human error, perlu dilakukan tindakan perbaikan dengan mengganti komponen yang rusak, biaya perbaikan sebesar Rp 1640000|APAR Dry Powder Cartridge|Gedung D|Lantai 6|Zona Utara|Sistem Pemadam Kebakaran|Berat|Human error|Retak/pecah|1640000
Tolong dong APAR CO2 di Gedung E lantai 2 zona Barat rusak bgt, patah, gk bisa nyala sama sekali, tolong cepat bgt, yg bisa bantu?|Ditemukan kerusakan pada APAR CO2 di Gedung Gedung E lantai 2 zona Barat akibat korosi, dilakukan perbaikan dengan mengganti komponen yang rusak|APAR CO2|Gedung E|Lantai 2|Zona Barat|Sistem Pemadam Kebakaran|Berat|Korosi|Suhu tidak stabil|2970000
Mohon bantuan untuk perbaikan APAR CO2 yang terletak di Gedung E lantai 2 zona Barat, karena APAR CO2 tersebut已经 tidak berfungsi dengan baik, yaitu mati total|Dilakukan inspeksi dan perbaikan pada APAR CO2 di Gedung Gedung E lantai 2 zona Barat, ditemukan kerusakan akibat korosi, biaya perbaikan sebesar Rp 2970000|APAR CO2|Gedung E|Lantai 2|Zona Barat|Sistem Pemadam Kebakaran|Berat|Korosi|Suhu tidak stabil|2970000
Tolong dong Rolling Door di Gedung Parkir lantai 2 zona Selatan rusak nih, gk tau knp tiba2 mati gitu, bgt berisik juga, tolong bantu yah|Rolling Door mengalami kerusakan karena kurang perawatan, perlu dilakukan pengecekan dan perbaikan untuk mengembalikan fungsi normal|Rolling Door|Gedung Parkir|Lantai 2|Zona Selatan|Arsitektur|Sedang|Kurang perawatan|Mati mendadak|1620000
Rolling Door di Gedung Parkir lantai 2 zona Selatan mengalami kerusakan, saya mohon bantuan untuk memperbaiki, karena Rolling Door tersebut sangat penting untuk keamanan dan kenyamanan|Rolling Door mengalami kerusakan karena kurang perawatan, perlu dilakukan pengecekan dan perbaikan untuk mengembalikan fungsi normal dengan biaya perbaikan sebesar Rp 1620000|Rolling Door|Gedung Parkir|Lantai 2|Zona Selatan|Arsitektur|Sedang|Kurang perawatan|Mati mendadak|1620000
Tolong dong Plafon Gypsum / GRC di Gedung B lantai 8 zona Barat rusak nih, bgt kotor dan kusam, gk tau dmn masalahnya|Perbaikan dilakukan dengan mengganti material yang berkualitas rendah, biaya perbaikan sebesar Rp 260000|Plafon Gypsum / GRC|Gedung B|Lantai 8|Zona Barat|Arsitektur|Ringan|Kualitas material|Retak/pecah|260000
Mohon perhatian, terdapat kerusakan pada Plafon Gypsum / GRC di Gedung B, lantai 8, zona Barat, kondisinya kusam dan berdebu|Perbaikan akan dilakukan dengan memperhatikan kualitas material dan melakukan tindakan yang tepat, biaya perbaikan akan ditentukan setelah peninjauan|Plafon Gypsum / GRC|Gedung B|Lantai 8|Zona Barat|Arsitektur|Ringan|Kualitas material|Retak/pecah|260000
Tolong dong Lampu LED Bulb di Gedung E lantai 6 zona Utara rusak bgt, gk nyala sama sekali, bau gosong, tolong bantu kita dmn bisa komplain?|Laporan teknisi: Lampu LED Bulb di Gedung Gedung E lantai 6 zona Utara rusak karena Debu/kotoran, dilakukan pembersihan dan penggantian komponen yang rusak|Lampu LED Bulb|Gedung E|Lantai 6|Zona Utara|Electrical|Fatal|Debu/kotoran|Lampu mati|27190000
Mohon bantuan, Lampu LED Bulb di Gedung E lantai 6 zona Utara tidak nyala, terdapat bau gosong, kemungkinan karena Debu/kotoran, tolong dilakukan pengecekan dan perbaikan|Laporan teknisi: Dilakukan pembersihan dan penggantian komponen yang rusak pada Lampu LED Bulb di Gedung Gedung E lantai 6 zona Utara, biaya perbaikan sebesar Rp 27190000|Lampu LED Bulb|Gedung E|Lantai 6|Zona Utara|Electrical|Fatal|Debu/kotoran|Lampu mati|27190000
Tolong dong Smoke Detector di Gedung Utama lantai 20 zona Timur rusak nih, bunyi pelan bgt, gk tau dmn salahnya|Perbaikan dilakukan dengan mengganti komponen yang rusak akibat Human error, biaya perbaikan sebesar Rp 530000|Smoke Detector|Gedung Utama|Lantai 20|Zona Timur|Sistem Proteksi Kebakaran Aktif|Ringan|Human error|Suhu tidak stabil|530000
Smoke Detector di Gedung Utama lantai 20 zona Timur mengalami gangguan, suhu tidak stabil sehingga bunyi pelan|Perbaikan telah dilakukan dengan mengganti komponen yang rusak, kemungkinan disebabkan oleh Human error, biaya perbaikan Rp 530000|Smoke Detector|Gedung Utama|Lantai 20|Zona Timur|Sistem Proteksi Kebakaran Aktif|Ringan|Human error|Suhu tidak stabil|530000
Proyektor di Gedung B lantai 3 zona Tengah rusak bgt nih, gk tau dmn salahnya, tp kedap-kedip terus!|Laporan teknisi: Overload pada sistem proyektor, perlu dilakukan perbaikan dan penggantian komponen yang rusak|Proyektor|Gedung B|Lantai 3|Zona Tengah|Sistem Telekomunikasi Gedung|Sedang|Overload|Tampilan rusak|2240000
Mohon bantuan, Proyektor di Gedung B lantai 3 zona Tengah mengalami kerusakan pada tampilan, sehingga tidak dapat digunakan dengan baik, mohon dicek dan diperbaiki secepatnya|Laporan teknisi: Overload pada sistem proyektor, perlu dilakukan perbaikan dan penggantian komponen yang rusak, dengan biaya perbaikan sebesar Rp 2240000|Proyektor|Gedung B|Lantai 3|Zona Tengah|Sistem Telekomunikasi Gedung|Sedang|Overload|Tampilan rusak|2240000
Tolong dong AC Split di Gedung A lantai 15 zona Timur rusak bgt, gk bisa nyala sama sekali, tolong bantu yg dmn|AC Split rusak karena debu/kotoran, perlu dibersihkan dan diperiksa|AC Split|Gedung A|Lantai 15|Zona Timur|Mechanical|Berat|Debu/kotoran|Overheat|8630000
Mohon bantuan, AC Split di Gedung A lantai 15 zona Timur mengalami kerusakan, tidak bisa nyala sama sekali|AC Split rusak karena debu/kotoran, dilakukan pembersihan dan perawatan, biaya perbaikan sebesar Rp 8630000|AC Split|Gedung A|Lantai 15|Zona Timur|Mechanical|Berat|Debu/kotoran|Overheat|8630000
Tolong dong Pesawat Telepon di Gedung Servis lantai 1 zona Barat rusak bgt, gk bisa dipake, berisik banget, kedap-kedip terus!|Teknisi menemukan Tegangan tidak stabil, dilakukan perbaikan dengan mengganti komponen yang rusak dan penyetelan ulang sistem|Pesawat Telepon|Gedung Servis|Lantai 1|Zona Barat|Sistem Telekomunikasi Gedung|Sedang|Tegangan tidak stabil|Koneksi terputus|1020000
Mohon bantuan untuk perbaikan Pesawat Telepon di Gedung Servis lantai 1 zona Barat, karena mengalami gangguan berupa koneksi terputus dan kedap-kedip|Teknisi melakukan pengecekan dan perbaikan sistem, dengan menemukan penyebab akar masalah adalah Tegangan tidak stabil, dan melakukan tindakan perbaikan yang sesuai|Pesawat Telepon|Gedung Servis|Lantai 1|Zona Barat|Sistem Telekomunikasi Gedung|Sedang|Tegangan tidak stabil|Koneksi terputus|1020000
Tolong dong APAR Dry Powder Stored Pressure di Gedung D lantai 4 zona Barat rusak bgt, gk bisa dipakai, meledak gitu!|APAR Dry Powder Stored Pressure mengalami kerusakan karena kelembaban tinggi, perlu dilakukan penggantian komponen yang rusak dan pengecekan rutin|APAR Dry Powder Stored Pressure|Gedung D|Lantai 4|Zona Barat|Sistem Pemadam Kebakaran|Fatal|Kelembaban tinggi|Macet/tersumbat|34880000
Mohon bantuan, APAR Dry Powder Stored Pressure di Gedung D lantai 4 zona Barat mengalami kerusakan parah, terbakar dan tidak dapat digunakan, mohon dilakukan perbaikan segera|APAR Dry Powder Stored Pressure mengalami kerusakan karena kelembaban tinggi, perlu dilakukan penggantian komponen yang rusak dan pengecekan rutin, biaya perbaikan diperkirakan sebesar 34880000|APAR Dry Powder Stored Pressure|Gedung D|Lantai 4|Zona Barat|Sistem Pemadam Kebakaran|Fatal|Kelembaban tinggi|Macet/tersumbat|34880000
Tolong dong Monitor/Layar di Gedung A lantai 12 zona Timur rusak bgt, gk bisa nyala sama sekali, tolong bantu yg, dmn ada teknisi?|Teknisi menemukan kerusakan pada Monitor/Layar karena Debu/kotoran, dilakukan pembersihan dan penggantian komponen yang rusak|Monitor/Layar|Gedung A|Lantai 12|Zona Timur|Sistem Telekomunikasi Gedung|Berat|Debu/kotoran|Tidak berfungsi total|3070000
Mohon bantuan untuk perbaikan Monitor/Layar di Gedung A lantai 12 zona Timur, karena tidak berfungsi total, mungkin karena Debu/kotoran|Teknisi telah melakukan perbaikan pada Monitor/Layar dengan membersihkan dan mengganti komponen yang rusak karena Debu/kotoran, biaya perbaikan Rp 3070000|Monitor/Layar|Gedung A|Lantai 12|Zona Timur|Sistem Telekomunikasi Gedung|Berat|Debu/kotoran|Tidak berfungsi total|3070000
Tolong dong AC Split di Gedung C lantai 1 zona Barat rusak nih, gk tau knp tiba2 mati gitu, bgt rusak bgt|Perbaikan dilakukan dengan mengganti komponen aus, kemudian dilakukan pengetesan untuk memastikan AC Split berfungsi normal kembali, biaya perbaikan sebesar Rp 180000|AC Split|Gedung C|Lantai 1|Zona Barat|Mechanical|Ringan|Aus normal|Mati mendadak|180000
Mohon perhatian, AC Split di Gedung C lantai 1 zona Barat mengalami kerusakan, sehingga perlu dilakukan perbaikan segera|Perbaikan telah dilakukan dengan mengganti komponen aus normal, dan telah dilakukan pengetesan untuk memastikan AC Split berfungsi normal kembali, biaya perbaikan sebesar Rp 180000|AC Split|Gedung C|Lantai 1|Zona Barat|Mechanical|Ringan|Aus normal|Mati mendadak|180000
Tolong dong Dinding Tembok/Mansonry di Gedung B lantai 2 zona Barat rusak nih, gk tau penyebabnya tapi bunyi pelan gitu, tolong bantu yg|Dinding Tembok/Mansonry mengalami kerusakan karena Faktor lingkungan, perlu dilakukan perbaikan dengan membersihkan dan mengganti komponen yang rusak, biaya perbaikan sebesar Rp 280000|Dinding Tembok/Mansonry|Gedung B|Lantai 2|Zona Barat|Civil|Ringan|Faktor lingkungan|Macet/tersumbat|280000
Dengan hormat, saya melaporkan bahwa Dinding Tembok/Mansonry di Gedung B lantai 2 zona Barat mengalami kerusakan ringan, yaitu bunyi pelan dan kotor, mohon bantuannya|Dinding Tembok/Mansonry mengalami kerusakan karena Faktor lingkungan, perlu dilakukan perbaikan dengan membersihkan dan mengganti komponen yang rusak, biaya perbaikan sebesar Rp 280000|Dinding Tembok/Mansonry|Gedung B|Lantai 2|Zona Barat|Civil|Ringan|Faktor lingkungan|Macet/tersumbat|280000
Tolong dong Kran Air di Gedung Servis lantai 1 zona Selatan rusak nih, bunyi pelan bgt, gk tau dmn letak kerusakannya, tolong bantu perbaiki ya|Kran Air mengalami kerusakan karena Overload, perlu dilakukan perbaikan segera dengan mengganti komponen yang rusak|Kran Air|Gedung Servis|Lantai 1|Zona Selatan|Plumbing|Ringan|Overload|Mati mendadak|380000
Mohon periksa Kran Air di Gedung Servis lantai 1 zona Selatan karena mengalami kerusakan, bunyi pelan dan tidak berfungsi dengan baik|Kran Air mengalami kerusakan karena Overload, perlu dilakukan perbaikan segera dengan mengganti komponen yang rusak, biaya perbaikan sebesar Rp 380000|Kran Air|Gedung Servis|Lantai 1|Zona Selatan|Plumbing|Ringan|Overload|Mati mendadak|380000
Tolong dong Dinding Partisi, GRC / Gypsum di Gedung C lantai 4 zona Timur rusak bgt, kedap-kedip terus, gk tau dmn letak kerusakannya, tolong bantu yaa|Dinding Partisi, GRC / Gypsum mengalami kerusakan karena Human error, perlu dilakukan pengecekan dan perbaikan tekanan|Dinding Partisi, GRC / Gypsum|Gedung C|Lantai 4|Zona Timur|Civil|Sedang|Human error|Tekanan tidak stabil|1640000
Mohon perhatian, Dinding Partisi, GRC / Gypsum di Gedung C lantai 4 zona Timur mengalami masalah tekanan tidak stabil, sehingga menyebabkan kerusakan, mohon dilakukan pengecekan dan perbaikan|Dinding Partisi, GRC / Gypsum mengalami kerusakan karena Human error, perlu dilakukan pengecekan dan perbaikan tekanan, dengan biaya perbaikan sebesar 1640000|Dinding Partisi, GRC / Gypsum|Gedung C|Lantai 4|Zona Timur|Civil|Sedang|Human error|Tekanan tidak stabil|1640000
Tolong dong Lantai Granit di Gedung Utama lantai 4 zona Utara rusak bgt, gk bisa dipake lagi, yg bingung dmn salahnya!|Lantai Granit mengalami kerusakan akibat aus normal, perlu dilakukan perbaikan dengan mengganti komponen yang rusak|Lantai Granit|Gedung Utama|Lantai 4|Zona Utara|Civil|Sedang|Aus normal|Tidak berfungsi total|1140000
Mohon perhatian, Lantai Granit di Gedung Utama lantai 4 zona Utara mengalami kerusakan, sehingga tidak dapat berfungsi dengan baik|Lantai Granit mengalami kerusakan akibat aus normal, perlu dilakukan perbaikan dengan biaya Rp 1140000|Lantai Granit|Gedung Utama|Lantai 4|Zona Utara|Civil|Sedang|Aus normal|Tidak berfungsi total|1140000
Tolong dong Kursi di Gedung A lantai 5 zona Selatan rusak nih, gk tau dmn letak kerusakannya, tp yg jelas bunyi pelan bgt|Kerusakan pada Kursi di Gedung Gedung A lantai 5 zona Selatan disebabkan oleh Kualitas material yang buruk, perlu dilakukan perbaikan dengan mengganti komponen yang rusak|Kursi|Gedung A|Lantai 5|Zona Selatan|Arsitektur|Ringan|Kualitas material|Retak/pecah|210000
Mohon perhatian, Kursi di Gedung A lantai 5 zona Selatan mengalami kerusakan, terdapat bunyi pelan yang mengganggu, mohon dilakukan perbaikan secepatnya|Kerusakan pada Kursi disebabkan oleh Kualitas material yang buruk, perlu dilakukan perbaikan dengan mengganti komponen yang rusak, biaya perbaikan diperkirakan sebesar 210000|Kursi|Gedung A|Lantai 5|Zona Selatan|Arsitektur|Ringan|Kualitas material|Retak/pecah|210000
Tolong dong Latihan Balakar di Gedung Parkir lantai 3 zona Selatan rusak bgt, yg bermasalah ada getaran dan kedap-kedip terus, gk tau kenapa, tolong dicek dan diperbaiki|Getaran menyebabkan korsleting, perlu pengecekan dan penggantian komponen yang rusak|Latihan Balakar|Gedung Parkir|Lantai 3|Zona Selatan|Latihan Balakar|Sedang|Getaran|Korsleting|910000
Mohon bantuan untuk memperbaiki Latihan Balakar di Gedung Parkir lantai 3 zona Selatan, karena mengalami masalah getaran yang menyebabkan korsleting, sehingga perlu diperiksa dan diperbaiki secara teknis|Diperlukan pengecekan dan penggantian komponen yang rusak karena getaran, serta perbaikan untuk mengatasi korsleting, biaya perbaikan sebesar 910000|Latihan Balakar|Gedung Parkir|Lantai 3|Zona Selatan|Latihan Balakar|Sedang|Getaran|Korsleting|910000
Gw butuh bantuan, Wiring System (Sistem Instalasi Kabel) di Gedung D lantai 10 zona Utara bgt berisik banget gk tau dmn asalnya, tolong dong!|Laporan teknisi: Wiring System (Sistem Instalasi Kabel) mengalami kerusakan karena kurang perawatan, perlu dilakukan pembersihan dan penggantian komponen yang rusak|Wiring System (Sistem Instalasi Kabel)|Gedung D|Lantai 10|Zona Utara|Electrical|Sedang|Kurang perawatan|Retak/pecah|1320000
Mohon bantuan, terdapat masalah pada Wiring System (Sistem Instalasi Kabel) di Gedung D lantai 10 zona Utara, yaitu mengalami kerusakan berupa retak/pecah yang menyebabkan kurang dingin, mohon dilakukan perbaikan segera|Laporan teknisi: Wiring System (Sistem Instalasi Kabel) mengalami kerusakan retak/pecah karena kurang perawatan, telah dilakukan perbaikan dengan biaya sebesar Rp 1320000|Wiring System (Sistem Instalasi Kabel)|Gedung D|Lantai 10|Zona Utara|Electrical|Sedang|Kurang perawatan|Retak/pecah|1320000
Tolong dong APAR CO2 di Gedung Parkir lantai 4 zona Timur rusak nih, gk tahu dmn letak salahnya, tp yg jelas kedap-kedip terus bgt|Perbaikan APAR CO2 dengan mengganti komponen yang rusak akibat kelembaban tinggi, serta melakukan kalibrasi ulang untuk memastikan performa optimal|APAR CO2|Gedung Parkir|Lantai 4|Zona Timur|Sistem Pemadam Kebakaran|Sedang|Kelembaban tinggi|Performa menurun|910000
Mohon periksa APAR CO2 di Gedung Parkir lantai 4 zona Timur, karena mengalami kedap-kedip terus, kemungkinan akibat kelembaban tinggi|Perbaikan APAR CO2 dengan memperbaiki komponen yang rusak dan mengoptimalkan performa, biaya perbaikan sebesar Rp 910000|APAR CO2|Gedung Parkir|Lantai 4|Zona Timur|Sistem Pemadam Kebakaran|Sedang|Kelembaban tinggi|Performa menurun|910000
Tolong dong Dinding Tembok/Mansonry di Gedung B lantai 6 zona Selatan rusak nih, gk tau kenapa bgt, tolong dicek yg|Korosi pada Dinding Tembok/Mansonry menyebabkan kerusakan, perlu dilakukan perawatan dan penggantian komponen yang rusak|Dinding Tembok/Mansonry|Gedung B|Lantai 6|Zona Selatan|Civil|Ringan|Korosi|Overheat|50000
Mohon bantuan, Dinding Tembok/Mansonry di Gedung B lantai 6 zona Selatan mengalami kerusakan, mohon dicek dan diperbaiki|Dinding Tembok/Mansonry mengalami korosi yang menyebabkan overheat, dilakukan perawatan dan penggantian komponen yang rusak dengan biaya perbaikan sebesar Rp 50000|Dinding Tembok/Mansonry|Gedung B|Lantai 6|Zona Selatan|Civil|Ringan|Korosi|Overheat|50000
Tolong dong Panel UPS di Gedung B lantai 4 zona Tengah kurang dingin bgt, gk tau knp, tolong bantu ya!|Usia pakai menyebabkan performa menurun, dilakukan perbaikan dan penggantian komponen|Panel UPS|Gedung B|Lantai 4|Zona Tengah|Electrical|Sedang|Usia pakai|Performa menurun|770000
Mohon perhatian, Panel UPS di Gedung B lantai 4 zona Tengah mengalami gangguan, yaitu performa yang menurun|Diperlukan perbaikan karena usia pakai yang sudah lama, sehingga menyebabkan performa menurun, biaya perbaikan sebesar Rp 770000|Panel UPS|Gedung B|Lantai 4|Zona Tengah|Electrical|Sedang|Usia pakai|Performa menurun|770000
Tolong dong Lantai Parket / Parquet di Gedung E lantai 6 zona Utara rusak bgt, gk tau dmn letak kerusakannya, tp yg jelas berisik banget|Laporan teknisi: Korosi menyebabkan getaran berlebihan, perlu dilakukan perbaikan dengan mengganti komponen yang rusak|Lantai Parket / Parquet|Gedung E|Lantai 6|Zona Utara|Civil|Sedang|Korosi|Getaran berlebihan|700000
Mohon perhatian, terdapat kerusakan pada Lantai Parket / Parquet di Gedung E lantai 6 zona Utara, gejala yang terjadi adalah getaran berlebihan|Tindakan perbaikan: penggantian komponen yang rusak akibat korosi, biaya perbaikan sebesar Rp 700000|Lantai Parket / Parquet|Gedung E|Lantai 6|Zona Utara|Civil|Sedang|Korosi|Getaran berlebihan|700000
Tolong dong Lampu LED Strip di Gedung Utama lantai 8 zona Utara rusak nih, gk tau dmn letak masalahnya, tp yg jelas bunyi pelan bgt|Laporan teknisi: Human error menyebabkan sensor error, dilakukan perbaikan dengan mengganti komponen yang rusak|Lampu LED Strip|Gedung Utama|Lantai 8|Zona Utara|Electrical|Ringan|Human error|Sensor error|330000
Mohon bantuan untuk memperbaiki Lampu LED Strip di Gedung Utama lantai 8 zona Utara, karena lampu tersebut mengalami kerusakan ringan dengan gejala bunyi pelan|Laporan teknisi: Human error menyebabkan sensor error, perbaikan dilakukan dengan mengganti komponen yang rusak, biaya perbaikan sebesar Rp 330000|Lampu LED Strip|Gedung Utama|Lantai 8|Zona Utara|Electrical|Ringan|Human error|Sensor error|330000
Hai, kamera CCTV di Gedung A lantai 13 zona Barat rusak nih, bgt berisik banget dan kedap-kedip terus, tolong dong cepat diperbaiki ya|Kamera CCTV mengalami kerusakan suhu tidak stabil akibat aus normal, dilakukan penggantian komponen yang rusak dan pengecekan sistem|Kamera CCTV|Gedung A|Lantai 13|Zona Barat|Security Sistem|Sedang|Aus normal|Suhu tidak stabil|1360000
Mohon perhatian, kamera CCTV di Gedung A lantai 13 zona Barat mengalami gangguan teknis, yaitu suhu tidak stabil dan berisik, mohon dilakukan perbaikan secepatnya|Kamera CCTV mengalami kerusakan suhu tidak stabil karena aus normal, dilakukan perbaikan dan penggantian komponen yang rusak, biaya perbaikan sebesar Rp 1360000|Kamera CCTV|Gedung A|Lantai 13|Zona Barat|Security Sistem|Sedang|Aus normal|Suhu tidak stabil|1360000
Tolong dong AC Split di Gedung Utama lantai 12 zona Tengah rusak nih, gk nyala sama sekali, bau gosong bgt, tolong cepat bantu perbaikin yg rusak dmn|Ditemukan kerusakan pada AC Split akibat usia pakai, dilakukan perbaikan dengan mengganti komponen yang rusak|AC Split|Gedung Utama|Lantai 12|Zona Tengah|Mechanical|Fatal|Usia pakai|Korsleting|25340000
Lapor, AC Split Gedung Utama lantai 12 zona Tengah terbakar|Dilakukan analisis root cause dan ditemukan bahwa kerusakan disebabkan oleh usia pakai, dilakukan perbaikan dengan biaya sebesar Rp 25340000|AC Split|Gedung Utama|Lantai 12|Zona Tengah|Mechanical|Fatal|Usia pakai|Korsleting|25340000
Mohon bantuan untuk memperbaiki AC Split di Gedung Utama lantai 12 zona Tengah, karena telah terjadi kebakaran dan tidak dapat digunakan, mohon segera ditangani oleh tim teknisi|Ditemukan kerusakan pada AC Split akibat usia pakai, dilakukan perbaikan dengan mengganti komponen yang rusak, biaya perbaikan sebesar Rp 25340000|AC Split|Gedung Utama|Lantai 12|Zona Tengah|Mechanical|Fatal|Usia pakai|Korsleting|25340000
Tolong dong DVR CCTV di Gedung Servis lantai 2 zona Tengah rusak bgt, remote gk nyala sama sekali, dmn bisa diperbaiki ya?|DVR CCTV mengalami kerusakan pada remote karena kualitas material yang kurang baik, perlu dilakukan perbaikan dan penggantian komponen|DVR CCTV|Gedung Servis|Lantai 2|Zona Tengah|Security Sistem|Sedang|Kualitas material|Remote tidak berfungsi|1070000
Mohon bantuan untuk memperbaiki DVR CCTV di Gedung Servis lantai 2 zona Tengah, remote tidak berfungsi dengan baik, terima kasih|DVR CCTV mengalami kerusakan pada remote karena kualitas material yang kurang baik, perlu dilakukan perbaikan dan penggantian komponen dengan biaya perbaikan sebesar Rp 1070000|DVR CCTV|Gedung Servis|Lantai 2|Zona Tengah|Security Sistem|Sedang|Kualitas material|Remote tidak berfungsi|1070000
Tolong dong Plafon Gypsum / GRC di Gedung A lantai 13 zona Barat rusak nih, bgt kotor dan berdebu, gk tau dmn salahnya, yg penting dibenerin aja|Debu/kotoran menyebabkan kerusakan, perbaikan dengan membersihkan dan mengganti komponen yang rusak|Rangka Plafon Gypsum / GRC|Gedung A|Lantai 13|Zona Barat|Arsitektur|Ringan|Debu/kotoran|Retak/pecah|280000
Mohon bantuan untuk memperbaiki Plafon Gypsum / GRC di Gedung A, lantai 13, zona Barat, karena terdapat kerusakan ringan berupa retak dan pecah, yang disebabkan oleh debu dan kotoran|Debu/kotoran menyebabkan kerusakan, perlu dibersihkan dan diperbaiki dengan mengganti komponen yang rusak, biaya perbaikan sebesar Rp 280000|Plafon Gypsum / GRC|Gedung A|Lantai 13|Zona Barat|Arsitektur|Ringan|Debu/kotoran|Retak/pecah|280000
Halo, saya mau lapor, AC Split di Gedung A lantai 7 zona Utara rusak bgt, yg benerin cepet dmn?|Diperlukan pembersihan Debu/kotoran dan perbaikan komponen, biaya perbaikan sebesar Rp 350000|AC Split|Gedung A|Lantai 7|Zona Utara|Mechanical|Ringan|Debu/kotoran|Lampu mati|350000
Saya ingin melaporkan bahwa AC Split di Gedung A, lantai 7, zona Utara mengalami kerusakan, kira-kira ada debu/kotoran, tolong dicek dan diperbaiki|Diperlukan tindakan pembersihan dan perbaikan Debu/kotoran, biaya perbaikan sebesar Rp 350000|AC Split|Gedung A|Lantai 7|Zona Utara|Mechanical|Ringan|Debu/kotoran|Lampu mati|350000
Tolong dong Jet Shower di Gedung C lantai 1 zona Barat rusak nih, gk bisa dipake bgt, tolong dicek yg, dmn permasalahannya|Jet Shower mengalami kebocoran karena usia pakai, perlu dilakukan perbaikan dengan mengganti spare part yang rusak, biaya perbaikan sebesar Rp 5180000|Jet Shower|Gedung C|Lantai 1|Zona Barat|Plumbing|Berat|Usia pakai|Kebocoran|5180000
Jet Shower di Gedung C lantai 1 zona Barat mengalami kebocoran, tolong dilakukan perbaikan secepatnya|Jet Shower mengalami kebocoran karena usia pakai, perlu dilakukan perbaikan dengan mengganti spare part yang rusak, biaya perbaikan sebesar Rp 5180000|Jet Shower|Gedung C|Lantai 1|Zona Barat|Plumbing|Berat|Usia pakai|Kebocoran|5180000
Dinding Tembok/Mansonry di Gedung Servis lantai 1 zona Barat rusak nih, bgt, yg bikin lampu mati, tolong dong!|Laporan teknisi: Getaran menyebabkan kerusakan, perbaikan dilakukan dengan memperkuat struktur dan mengganti komponen yang rusak, biaya perbaikan sebesar Rp 220000|Dinding Tembok/Mansonry|Gedung Servis|Lantai 1|Zona Barat|Civil|Ringan|Getaran|Lampu mati|220000
Mohon periksa Dinding Tembok/Mansonry di Gedung Servis, lantai 1, zona Barat, karena terdapat kerusakan yang menyebabkan lampu mati, mohon segera diperbaiki|Laporan teknisi: Kerusakan disebabkan oleh Getaran, perbaikan telah dilakukan dengan mengganti komponen yang rusak, biaya perbaikan Rp 220000|Dinding Tembok/Mansonry|Gedung Servis|Lantai 1|Zona Barat|Civil|Ringan|Getaran|Lampu mati|220000
Tolong dong Genset Bensin di Gedung E lantai 1 zona Timur rusak nih, bgt berisik banget dan netes air, gk tau apa penyebabnya, yg penting dibenerin dmn|Laporan teknisi: kerusakan disebabkan kurang perawatan, dilakukan pembersihan dan penggantian komponen yang rusak|Genset Bensin|Gedung E|Lantai 1|Zona Timur|Mechanical|Sedang|Kurang perawatan|Berkarat/korosi|1040000
Mohon periksa Genset Bensin di Gedung E lantai 1 zona Timur, karena mengalami kerusakan yang menyebabkan netes air dan berisik, sehingga memerlukan perbaikan segera|Laporan teknisi: kerusakan disebabkan kurang perawatan, dilakukan pembersihan dan penggantian komponen yang rusak, dengan biaya perbaikan|Genset Bensin|Gedung E|Lantai 1|Zona Timur|Mechanical|Sedang|Kurang perawatan|Berkarat/korosi|1040000
Halo, MDP di Gedung E lantai 2 zona Selatan rusak bgt, dmn ada suara berisik banget, yg bikin gk nyaman, tolong dong diperbaiki secepatnya!|Teknisi menemukan debu/kotoran yang menyebabkan kerusakan, dilakukan pembersihan dan perbaikan, biaya perbaikan Rp 1380000|MDP|Gedung E|Lantai 2|Zona Selatan|Electrical|Sedang|Debu/kotoran|Tampilan rusak|1380000
Mohon perbaikan MDP di Gedung E lantai 2 zona Selatan, karena terdapat kerusakan pada tampilan yang disebabkan oleh debu/kotoran, teknisi akan melakukan perbaikan dan pembersihan|Teknisi akan melakukan perbaikan dan pembersihan untuk menghilangkan debu/kotoran, biaya perbaikan akan ditentukan setelah perbaikan selesai|MDP|Gedung E|Lantai 2|Zona Selatan|Electrical|Sedang|Debu/kotoran|Tampilan rusak|1380000
Tolong dong Pesawat Telepon di Gedung Utama lantai 10 zona Utara rusak nih, bunyi pelan bgt, gk tau knp, tolong dicek yg, dmn permasalahannya|Perbaikan dilakukan dengan memperbarui sistem pendingin dan membersihkan komponen yang kotor akibat faktor lingkungan, biaya perbaikan sebesar Rp 310000|Pesawat Telepon|Gedung Utama|Lantai 10|Zona Utara|Sistem Telekomunikasi Gedung|Ringan|Faktor lingkungan|Overheat|310000
Mohon bantuan, Pesawat Telepon di Gedung Utama lantai 10 zona Utara mengalami kerusakan, tombol agak keras dan bunyi pelan, mohon dicek dan diperbaiki|Perbaikan dilakukan dengan memeriksa dan mengganti komponen yang rusak, serta membersihkan sistem yang kotor akibat faktor lingkungan, biaya perbaikan Rp 310000|Pesawat Telepon|Gedung Utama|Lantai 10|Zona Utara|Sistem Telekomunikasi Gedung|Ringan|Faktor lingkungan|Overheat|310000
Tolong dong Jockey Pump di Gedung Utama lantai 17 zona Utara rusak nih, bgt kotor dan berdebu, gk tau kenapa, yg penting dibenerin dmn cepat!|Ditemukan kerusakan pada Jockey Pump di Gedung Utama lantai 17 zona Utara, penyebabnya adalah Debu/kotoran yang menyebabkan korsleting, dilakukan pembersihan dan perbaikan, biaya perbaikan sebesar Rp 50000|Jockey Pump|Gedung Utama|Lantai 17|Zona Utara|Sistem Pemadam Kebakaran|Ringan|Debu/kotoran|Korsleting|50000
Mohon perhatian, Jockey Pump di Gedung Utama lantai 17 zona Utara mengalami kerusakan, gejala yang terjadi adalah kotor dan berdebu, mohon untuk dilakukan perbaikan secepatnya|Ditemukan kerusakan pada Jockey Pump di Gedung Utama lantai 17 zona Utara, penyebabnya adalah Debu/kotoran yang menyebabkan korsleting, dilakukan pembersihan dan perbaikan, biaya perbaikan sebesar Rp 50000|Jockey Pump|Gedung Utama|Lantai 17|Zona Utara|Sistem Pemadam Kebakaran|Ringan|Debu/kotoran|Korsleting|50000
Tolong dong Automatic Transfer Switch (ATS Panel) di Gedung Utama lantai 4 zona Timur rusak nih,gk bisa jalan bgt,perlu diperbaiki segera|Perbaikan ATS Panel karena kualitas material yang buruk,perlu dilakukan penggantian komponen yang rusak|Automatic Transfer Switch (ATS Panel)|Gedung Utama|Lantai 4|Zona Timur|Electrical|Sedang|Kualitas material|Macet/tersumbat|810000
Mohon periksa Automatic Transfer Switch (ATS Panel) di Gedung Utama lantai 4 zona Timur,karena mengalami kerusakan yang mengganggu operasional|Perbaikan ATS Panel karena kualitas material yang buruk,perlu dilakukan penggantian komponen yang rusak dengan biaya Rp 810000|Automatic Transfer Switch (ATS Panel)|Gedung Utama|Lantai 4|Zona Timur|Electrical|Sedang|Kualitas material|Macet/tersumbat|810000
Hai, saya mau lapor, Pesawat Telepon di Gedung B lantai 8 zona Utara rusak nih, tombolnya agak keras gitu, bgt rusak ya?|Perbaikan dilakukan dengan mengganti komponen yang rusak, penanganan berkualitas rendah, perlu peningkatan material|Pesawat Telepon|Gedung B|Lantai 8|Zona Utara|Sistem Telekomunikasi Gedung|Ringan|Kualitas material|Remote tidak berfungsi|170000
Saya ingin melaporkan ada kerusakan pada Pesawat Telepon di Gedung B, lantai 8, zona Utara, kondisinya agak kusam dan_remote tidak berfungsi dengan baik|Diperlukan perbaikan segera dengan peningkatan kualitas material yang tepat|Pesawat Telepon|Gedung B|Lantai 8|Zona Utara|Sistem Telekomunikasi Gedung|Ringan|Kualitas material|Remote tidak berfungsi|170000
Tolong dong Pintu Kayu/HPL di Gedung D lantai 8 zona Tengah rusak bgt, gk bisa dibuka dmn yg bener, bgt berisik banget!|Debu/kotoran menyebabkan aus/abrasi, perlu dibersihkan dan diolesi|Pintu Kayu/HPL|Gedung D|Lantai 8|Zona Tengah|Arsitektur|Sedang|Debu/kotoran|Aus/abrasi|780000
Mohon perhatian, Pintu Kayu/HPL di Gedung D lantai 8 zona Tengah mengalami kerusakan, menimbulkan suara berisik|Kerusakan disebabkan oleh debu/kotoran, perlu dilakukan pembersihan dan perawatan, biaya perbaikan sebesar Rp 780000|Pintu Kayu/HPL|Gedung D|Lantai 8|Zona Tengah|Arsitektur|Sedang|Debu/kotoran|Aus/abrasi|780000
Tolong dong PABX di Gedung Utama lantai 6 zona Barat rusak bgt, gk tau dmn yg salah, tp remote gk berfungsi, bau gosong keluar, nyetrum|Kerusakan akibat kurang perawatan, perlu dilakukan pembersihan dan pengecekan ulang, biaya perbaikan sebesar Rp 28070000|PABX|Gedung Utama|Lantai 6|Zona Barat|Sistem Telekomunikasi Gedung|Fatal|Kurang perawatan|Remote tidak berfungsi|28070000
Mohon perhatian, PABX di Gedung Utama lantai 6 zona Barat mengalami kerusakan, remote tidak berfungsi, terdapat bau gosong, perlu penanganan segera|Kerusakan disebabkan kurang perawatan, perlu dilakukan perawatan rutin, biaya perbaikan sebesar Rp 28070000|PABX|Gedung Utama|Lantai 6|Zona Barat|Sistem Telekomunikasi Gedung|Fatal|Kurang perawatan|Remote tidak berfungsi|28070000
Tolong dong Lampu Downlight di Gedung A lantai 13 zona Utara rusak nih, remote gk berfungsi bgt, tolong dmn yg bisa bantu?|Lampu Downlight mengalami kerusakan remote karena kelembaban tinggi, dilakukan perbaikan dengan mengganti remote baru|Lampu Downlight|Gedung A|Lantai 13|Zona Utara|Electrical|Ringan|Kelembaban tinggi|Remote tidak berfungsi|470000
Saya ingin melaporkan bahwa Lampu Downlight di Gedung A lantai 13 zona Utara mengalami kerusakan, remote tidak berfungsi|Lampu Downlight mengalami kerusakan remote karena kelembaban tinggi, dilakukan perbaikan dengan mengganti remote baru|Lampu Downlight|Gedung A|Lantai 13|Zona Utara|Electrical|Ringan|Kelembaban tinggi|Remote tidak berfungsi|470000
Tolong dong APAR CO2 di Gedung C lantai 7 zona Tengah rusak bgt, dmn yg benerin ya?|Laporan teknisi: APAR CO2 mengalami kerusakan pada remote karena faktor lingkungan, perlu dilakukan perbaikan dengan mengganti komponen yang rusak|APAR CO2|Gedung C|Lantai 7|Zona Tengah|Sistem Pemadam Kebakaran|Fatal|Faktor lingkungan|Remote tidak berfungsi|11770000
APAR CO2 di Gedung C lantai 7 zona Tengah mengalami kerusakan yang sangat parah, saya mohon bantuan untuk segera memperbaiki|Laporan teknisi: APAR CO2 mengalami kerusakan pada sistem remote karena faktor lingkungan, perlu dilakukan perbaikan dengan segera|APAR CO2|Gedung C|Lantai 7|Zona Tengah|Sistem Pemadam Kebakaran|Fatal|Faktor lingkungan|Remote tidak berfungsi|11770000
Tolong dong APAR CO2 di Gedung A lantai 9 zona Selatan rusak bgt, gk tau dmn letak kerusakannya, tapi kedap-kedip terus, bgt yg, tolong dicek|Teknisi menemukan bahwa kerusakan disebabkan oleh human error, melakukan perbaikan dengan mengganti komponen yang rusak dan melakukan kalibrasi ulang, biaya perbaikan sebesar Rp 1400000|APAR CO2|Gedung A|Lantai 9|Zona Selatan|Sistem Pemadam Kebakaran|Sedang|Human error|Suhu tidak stabil|1400000
Lapor, APAR CO2 di Gedung A lantai 9 zona Selatan error terus|Teknisi melakukan perbaikan dengan mengganti komponen yang rusak dan melakukan kalibrasi ulang, kerusakan disebabkan oleh human error|APAR CO2|Gedung A|Lantai 9|Zona Selatan|Sistem Pemadam Kebakaran|Sedang|Human error|Suhu tidak stabil|1400000
Mohon bantuan untuk memperbaiki APAR CO2 di Gedung A lantai 9 zona Selatan, karena APAR CO2 tersebut kurang dingin dan kedap-kedip, sehingga menyebabkan gangguan|Teknisi menemukan bahwa kerusakan disebabkan oleh human error, melakukan perbaikan dengan mengganti komponen yang rusak dan melakukan kalibrasi ulang, biaya perbaikan sebesar Rp 1400000|APAR CO2|Gedung A|Lantai 9|Zona Selatan|Sistem Pemadam Kebakaran|Sedang|Human error|Suhu tidak stabil|1400000
Tolong dong Dinding Tembok/Mansonry di Gedung B lantai 10 zona Tengah rusak nih, gk tahu dmn letak kerusakannya, bgt|Kerusakan disebabkan oleh Korosi, perlu dilakukan perbaikan dengan mengganti komponen yang rusak|Dinding Tembok/Mansonry|Gedung B|Lantai 10|Zona Tengah|Civil|Ringan|Korosi|Aus/abrasi|340000
Dengan hormat, saya melaporkan bahwa Dinding Tembok/Mansonry di Gedung B lantai 10 zona Tengah mengalami kerusakan, yaitu aus/abrasi|Kerusakan disebabkan oleh Korosi, dilakukan perbaikan dengan mengganti komponen yang rusak, biaya perbaikan sebesar Rp 340000|Dinding Tembok/Mansonry|Gedung B|Lantai 10|Zona Tengah|Civil|Ringan|Korosi|Aus/abrasi|340000
Tolong dong Pemipaan Air Bersih di Gedung B lantai 5 zona Timur rusak bgt, gk nyala sama sekali, bgt butuh bantuan yg cepat dmn bisa diatasi secepatnya|Ditemukan kerusakan pada Pemipaan Air Bersih di Gedung Gedung B lantai 5 zona Timur karena Getaran, dilakukan perbaikan dengan mengganti komponen yang rusak|Pemipaan Air Bersih|Gedung B|Lantai 5|Zona Timur|Plumbing|Berat|Getaran|Lampu mati|8590000
Mohon bantuan untuk perbaikan Pemipaan Air Bersih di Gedung B lantai 5 zona Timur, karena lampunya mati total dan sangat dibutuhkan|Diperlukan tindakan perbaikan Pemipaan Air Bersih di Gedung Gedung B lantai 5 zona Timur akibat Getaran, dengan biaya perbaikan sebesar Rp 8590000|Pemipaan Air Bersih|Gedung B|Lantai 5|Zona Timur|Plumbing|Berat|Getaran|Lampu mati|8590000
Tolong dong Kamera CCTV di Gedung Utama lantai 17 zona Timur rusak bgt, gk nyala sama sekali, jebol, tolong bantu dmn cari teknisinya yg bisa perbaiki|Kamera CCTV mengalami overload sehingga mengakibatkan retak/pecah, perbaikan dilakukan dengan mengganti komponen yang rusak dan memastikan sistem bekerja dengan baik, biaya perbaikan sebesar Rp 7890000|Kamera CCTV|Gedung Utama|Lantai 17|Zona Timur|Security Sistem|Berat|Overload|Retak/pecah|7890000
Mohon bantuan, Kamera CCTV di Gedung Utama lantai 17 zona Timur tidak berfungsi dengan baik, saya mohon teknisi segera memeriksa dan memperbaiki|Kamera CCTV mengalami overload yang menyebabkan retak/pecah, perbaikan dilakukan dengan mengganti komponen yang rusak, memastikan sistem bekerja dengan baik, biaya perbaikan sebesar Rp 7890000|Kamera CCTV|Gedung Utama|Lantai 17|Zona Timur|Security Sistem|Berat|Overload|Retak/pecah|7890000
Tolong dong Dinding GRC di Gedung A lantai 15 zona Selatan rusak nih, gk tau dmn letak kerusakannya, tp yg jelas bunyi pelan bgt|Dinding GRC mengalami tekanan tidak stabil karena human error, perlu dilakukan penyesuaian ulang untuk menghindari kerusakan lebih lanjut, biaya perbaikan sebesar Rp 250000|Dinding GRC|Gedung A|Lantai 15|Zona Selatan|Civil|Ringan|Human error|Tekanan tidak stabil|250000
Dengan hormat, saya melaporkan bahwa Dinding GRC di Gedung A lantai 15 zona Selatan mengalami kerusakan, yaitu tekanan tidak stabil, dan perlu dilakukan perbaikan segera|Dinding GRC mengalami tekanan tidak stabil karena human error, perlu dilakukan penyesuaian ulang untuk menghindari kerusakan lebih lanjut|Dinding GRC|Gedung A|Lantai 15|Zona Selatan|Civil|Ringan|Human error|Tekanan tidak stabil|250000
Tolong dong Kamera CCTV di Gedung D lantai 9 zona Timur rusak bgt, gk tau dmn masalahnya, tp yg jelas mati total, bgt butuh bantuan yg, dmn bisa kontak?|Kamera CCTV mengalami kerusakan berat karena usia pakai, sehingga perlu dilakukan perbaikan dengan mengganti komponen yang rusak, dengan biaya perbaikan sebesar Rp 5270000|Kamera CCTV|Gedung D|Lantai 9|Zona Timur|Security Sistem|Berat|Usia pakai|Berkarat/korosi|5270000
Mohon bantu perbaiki Kamera CCTV di Gedung D lantai 9 zona Timur, karena sudah mati total, sehingga perlu dilakukan pengecekan dan perbaikan segera|Kamera CCTV mengalami kerusakan berat karena usia pakai, sehingga perlu dilakukan perbaikan dengan mengganti komponen yang rusak, dengan biaya perbaikan sebesar Rp 5270000|Kamera CCTV|Gedung D|Lantai 9|Zona Timur|Security Sistem|Berat|Usia pakai|Berkarat/korosi|5270000
Tolong dong Dinding Tembok/Mansonry di Gedung E lantai 1 zona Barat rusak bgt, gk tau dmn salahnya, tp yg jelas mati total, bantu yah!|Dinding Tembok/Mansonry mengalami mati total karena kelembaban tinggi, perlu dilakukan perbaikan dengan mengganti komponen yang rusak|Dinding Tembok/Mansonry|Gedung E|Lantai 1|Zona Barat|Civil|Berat|Kelembaban tinggi|Mati mendadak|2790000
Mohon bantuan, Dinding Tembok/Mansonry di Gedung E lantai 1 zona Barat mengalami kerusakan, tidak berfungsi sama sekali, mohon dicek dan diperbaiki secepatnya|Dinding Tembok/Mansonry mengalami mati total karena kelembaban tinggi, perlu dilakukan perbaikan dengan mengganti komponen yang rusak, biaya perbaikan sebesar Rp 2790000|Dinding Tembok/Mansonry|Gedung E|Lantai 1|Zona Barat|Civil|Berat|Kelembaban tinggi|Mati mendadak|2790000
Tolong dong Kloset di Gedung C lantai 6 zona Barat rusak bgt, netes air terus, gk tahu dmn salahnya, tolong bantu yaa|Kerusakan Kloset di Gedung Gedung C lantai 6 zona Barat disebabkan oleh Kurang perawatan, perlu dilakukan pembersihan dan penggantian komponen yang rusak|Kloset|Gedung C|Lantai 6|Zona Barat|Plumbing|Sedang|Kurang perawatan|Retak/pecah|570000
Mohon bantu perbaiki Kloset di Gedung C lantai 6 zona Barat, saat ini dalam keadaan rusak dan mengalami kerusakan Retak/pecah, sehingga menyebabkan kebocoran air|Kerusakan Kloset di Gedung Gedung C lantai 6 zona Barat disebabkan oleh Kurang perawatan, perlu dilakukan pembersihan dan penggantian komponen yang rusak dengan biaya perbaikan sebesar 570000|Kloset|Gedung C|Lantai 6|Zona Barat|Plumbing|Sedang|Kurang perawatan|Retak/pecah|570000
Tolong dong Wiring System (Sistem Instalasi Kabel) di Gedung A lantai 12 zona Barat rusak nih, bgt kotor dan kusam, gk tau dmn letak masalahnya, yg penting dibenerin aja|Perbaikan dilakukan dengan membersihkan debu dan kotoran, serta memeriksa kondisi sistem instalasi kabel|Wiring System (Sistem Instalasi Kabel)|Gedung A|Lantai 12|Zona Barat|Electrical|Ringan|Debu/kotoran|Tampilan rusak|440000
Mohon bantuan untuk memperbaiki Wiring System (Sistem Instalasi Kabel) di Gedung A lantai 12 zona Barat, karena tampilan rusak dan kotor, mohon dilakukan perbaikan secepatnya|Perbaikan dilakukan dengan membersihkan debu dan kotoran, serta memeriksa kondisi sistem instalasi kabel, biaya perbaikan Rp 440000|Wiring System (Sistem Instalasi Kabel)|Gedung A|Lantai 12|Zona Barat|Electrical|Ringan|Debu/kotoran|Tampilan rusak|440000
Tolong dong Lampu Neon Sign di Gedung Utama lantai 10 zona Utara rusak bgt, gk nyala sama sekali, tolong bantu dmn bisa diperbaiki?|Lampu Neon Sign mengalami kerusakan akibat kualitas material, perlu dilakukan penggantian komponen untuk memperbaiki|Lampu Neon Sign|Gedung Utama|Lantai 10|Zona Utara|Electrical|Berat|Kualitas material|Aus/abrasi|6160000
Mohon bantuan untuk memperbaiki Lampu Neon Sign di Gedung Utama lantai 10 zona Utara, lampu tersebut tidak nyala sama sekali|Lampu Neon Sign mengalami kerusakan akibat kualitas material, perlu dilakukan penggantian komponen untuk memperbaiki dengan biaya Rp 6160000|Lampu Neon Sign|Gedung Utama|Lantai 10|Zona Utara|Electrical|Berat|Kualitas material|Aus/abrasi|6160000
Tolong dong AC Sentral di Gedung E lantai 3 zona Selatan mati total bgt, gk tau dmn masalahnya, tp yg jelas gk nyala sama sekali!|Laporan teknisi: AC Sentral mengalami kebocoran karena usia pakai, perlu dilakukan perbaikan dan penggantian komponen|AC Sentral|Gedung E|Lantai 3|Zona Selatan|Mechanical|Berat|Usia pakai|Kebocoran|2130000
Mohon perhatian, AC Sentral di Gedung E lantai 3 zona Selatan tidak berfungsi dengan baik, karena mati total, mohon dicek oleh teknisi|Laporan teknisi: AC Sentral mengalami kebocoran karena usia pakai, perlu dilakukan perbaikan dan penggantian komponen, biaya perbaikan sebesar Rp 2130000|AC Sentral|Gedung E|Lantai 3|Zona Selatan|Mechanical|Berat|Usia pakai|Kebocoran|2130000
Tolong dong Kran Air di Gedung Parkir lantai 3 zona Timur rusak nih, bgt berisik banget, gk tau dmn letak kerusakannya|Kran Air di Gedung Gedung Parkir lantai 3 zona Timur diperbaiki karena debu/kotoran, dilakukan pembersihan dan penggantian seal|Kran Air|Gedung Parkir|Lantai 3|Zona Timur|Plumbing|Sedang|Debu/kotoran|Kebocoran|850000
Mohon perbaikan Kran Air yang terletak di Gedung Parkir lantai 3 zona Timur karena mengalami kebocoran, netes air terus, berisik banget|Kran Air di Gedung Gedung Parkir lantai 3 zona Timur diperbaiki karena debu/kotoran, dilakukan pembersihan dan penggantian seal, biaya perbaikan sebesar Rp 850000|Kran Air|Gedung Parkir|Lantai 3|Zona Timur|Plumbing|Sedang|Debu/kotoran|Kebocoran|850000
Tolong dong Pemipaan Air Bersih di Gedung A lantai 8 zona Barat rusak nih, gk Tau apa penyebabnya, bgt|Perbaikan dilakukan dengan mengganti komponen yang aus, tindakan perbaikan sudah selesai dengan biaya Rp 250000|Pemipaan Air Bersih|Gedung A|Lantai 8|Zona Barat|Plumbing|Ringan|Aus normal|Macet/tersumbat|250000
Mohon bantuan untuk perbaikan Pemipaan Air Bersih di Gedung A lantai 8 zona Barat, kondisinya kusam dan berdebu|Perbaikan dilakukan dengan membersihkan dan mengganti komponen yang aus normal, tindakan perbaikan sudah selesai dengan biaya Rp 250000|Pemipaan Air Bersih|Gedung A|Lantai 8|Zona Barat|Plumbing|Ringan|Aus normal|Macet/tersumbat|250000
dg, pemipaan air bersih di gedung parkir lantai 5 zona timur mati total bgt, gk tau dmn salahnya, tolong bantu, ya!|Pemipaan Air Bersih mengalami kerusakan akibat usia pakai, sehingga menyebabkan sensor error, perlu dilakukan perbaikan atau penggantian komponen|Pemipaan Air Bersih|Gedung Parkir|Lantai 5|Zona Timur|Plumbing|Berat|Usia pakai|Sensor error|7030000
Mohon perhatian, Pemipaan Air Bersih di gedung parkir lantai 5 zona timur mengalami kerusakan berat, yaitu mati total, mohon dilakukan perbaikan secepatnya|Pemipaan Air Bersih mengalami kerusakan akibat usia pakai, sehingga menyebabkan sensor error, perlu dilakukan perbaikan atau penggantian komponen dengan biaya perbaikan sebesar|Pemipaan Air Bersih|Gedung Parkir|Lantai 5|Zona Timur|Plumbing|Berat|Usia pakai|Sensor error|7030000
Tolong dong Meter PDAM di Gedung A lantai 15 zona Barat bocor deras bgt, gk tau dmn letak kerusakannya, yg penting cepat diperbaiki ya|Teknisi menemukan bahwa kerusakan disebabkan oleh kurang perawatan, sehingga perlu dilakukan perbaikan dengan mengganti komponen yang rusak|Meter PDAM|Gedung A|Lantai 15|Zona Barat|Pencatatan Meter|Fatal|Kurang perawatan|Bunyi abnormal|34720000
Mohon bantuan untuk memperbaiki Meter PDAM di Gedung A lantai 15 zona Barat yang mengalami kerusakan fatal dengan gejala bunyi abnormal, perlu dilakukan perbaikan dengan segera|Kerusakan disebabkan oleh kurang perawatan, teknisi akan melakukan perbaikan dengan mengganti komponen yang rusak, serta melakukan perawatan rutin untuk mencegah kerusakan serupa di masa depan, biaya perbaikan Rp 34720000|Meter PDAM|Gedung A|Lantai 15|Zona Barat|Pencatatan Meter|Fatal|Kurang perawatan|Bunyi abnormal|34720000
Halo, saya mau lapor, AC Split di Gedung A lantai 12 zona Timur rusak bgt, yg bener gk nyala sama sekali, dmn saya harus hubungi sih?|Tegangan tidak stabil, dilakukan perbaikan penggantian komponen|AC Split|Gedung A|Lantai 12|Zona Timur|Mechanical|Berat|Tegangan tidak stabil|Retak/pecah|5880000
Mohon periksa AC Split di Gedung A lantai 12 zona Timur, karena telah mengalami kerusakan berat dan tidak dapat beroperasi, terima kasih.|Dilakukan analisis kerusakan dan ditemukan bahwa tegangan tidak stabil menyebabkan kerusakan, biaya perbaikan sebesar Rp 5880000|AC Split|Gedung A|Lantai 12|Zona Timur|Mechanical|Berat|Tegangan tidak stabil|Retak/pecah|5880000
Lampu LED di Gedung A lantai 6 zona Timur bgt rusak nih, kayaknya udah gk bisa diperbaiki lagi, dmn hari gini masih pake lampu yg kayak gini, bgt rusak bgt!|Perbaikan dilakukan dengan mengganti komponen yang sudah aus karena usia pakai, biaya perbaikan sebesar Rp 23570000|Lampu LED|Gedung A|Lantai 6|Zona Timur|Electrical|Fatal|Usia pakai|Aus/abrasi|23570000
Mohon perhatian, terdapat kerusakan pada Lampu LED di Gedung A lantai 6 zona Timur, kondisinya sangat parah, nyetrum, dan berbau gosong|Laporan teknis: kerusakan fatal akibat usia pakai, dilakukan perbaikan dengan mengganti komponen yang rusak, biaya perbaikan Rp 23570000|Lampu LED|Gedung A|Lantai 6|Zona Timur|Electrical|Fatal|Usia pakai|Aus/abrasi|23570000
Tolong dong LAN (Local Area Network) di Gedung D lantai 5 zona Timur rusak bgt, mogok total, gk ada sinyal, dmna bisa diperbaiki?|Ditemukan kerusakan pada LAN (Local Area Network) di Gedung Gedung D lantai 5 zona Timur karena Debu/kotoran, dilakukan pembersihan dan perbaikan|LAN (Local Area Network)|Gedung D|Lantai 5|Zona Timur|Sistem Telekomunikasi Gedung|Berat|Debu/kotoran|Getaran berlebihan|8640000
Lapor. LAN (Local Area Network) lt 5 Timur mati.|Kerusakan pada LAN (Local Area Network) disebabkan oleh Debu/kotoran, perlu dilakukan perbaikan|LAN (Local Area Network)|Gedung D|Lantai 5|Zona Timur|Sistem Telekomunikasi Gedung|Berat|Debu/kotoran|Getaran berlebihan|8640000
Mohon periksa LAN (Local Area Network) di Gedung D lantai 5 zona Timur, karena mengalami kerusakan berat, tidak nyala sama sekali.|Setelah dilakukan inspeksi, ditemukan bahwa kerusakan pada LAN (Local Area Network) disebabkan oleh Debu/kotoran, kemudian dilakukan perbaikan dengan membersihkan dan mengganti komponen yang rusak, biaya perbaikan sebesar 8640000|LAN (Local Area Network)|Gedung D|Lantai 5|Zona Timur|Sistem Telekomunikasi Gedung|Berat|Debu/kotoran|Getaran berlebihan|8640000
Tolong dong Lampu TL di Gedung D lantai 5 zona Utara rusak bgt, gk nyala sama sekali, dmn saya harus lapor?|Laporan teknisi: Kerusakan pada Lampu TL disebabkan oleh Faktor lingkungan, perlu dilakukan perbaikan dengan mengganti komponen yang rusak, biaya perbaikan sebesar Rp 6090000|Lampu TL|Gedung D|Lantai 5|Zona Utara|Electrical|Berat|Faktor lingkungan|Mati mendadak|6090000
Mohon perhatian, terdapat kerusakan pada Lampu TL di Gedung D lantai 5 zona Utara, lampu tersebut tidak nyala sama sekali, sehingga perlu dilakukan perbaikan secepatnya|Laporan teknisi: Kerusakan pada Lampu TL disebabkan oleh Faktor lingkungan, perlu dilakukan perbaikan dengan mengganti komponen yang rusak dan melakukan pengecekan ulang, biaya perbaikan yang diperlukan sebesar Rp 6090000|Lampu TL|Gedung D|Lantai 5|Zona Utara|Electrical|Berat|Faktor lingkungan|Mati mendadak|6090000
Tolong dong Push Button di Gedung Parkir lantai 1 zona Timur rusak bgt, yg bermasalah adalah remote nya gk berfungsi, dmn kita harus lapor ke siapa ya?|Getaran menyebabkan kerusakan pada remote, perbaikan dilakukan dengan mengganti komponen yang rusak dan melakukan penyesuaian ulang|Push Button|Gedung Parkir|Lantai 1|Zona Timur|Security Sistem|Sedang|Getaran|Remote tidak berfungsi|2400000
Mohon perhatian, Push Button di Gedung Parkir lantai 1 zona Timur mengalami kerusakan pada remotenya, sehingga tidak dapat berfungsi dengan baik|Perbaikan dilakukan dengan mengidentifikasi sumber getaran dan mengganti komponen yang rusak, biaya perbaikan sebesar Rp 2400000|Push Button|Gedung Parkir|Lantai 1|Zona Timur|Security Sistem|Sedang|Getaran|Remote tidak berfungsi|2400000
Tolong dong APAR CO2 di Gedung C lantai 6 zona Barat rusak nih, bgt kotor dan berdebu, gk bisa dipakai lagi, dmn saya harus lapor?|Korosi pada komponen internal APAR CO2 menyebabkan aliran lemah, perbaikan dilakukan dengan mengganti komponen yang rusak dan membersihkan sistem|APAR CO2|Gedung C|Lantai 6|Zona Barat|Sistem Pemadam Kebakaran|Ringan|Korosi|Aliran lemah|130000
Lapor, APAR CO2 di lantai 6 zona Barat Gedung C rusak|Korosi pada komponen internal APAR CO2 menyebabkan aliran lemah, perbaikan dilakukan dengan mengganti komponen yang rusak|APAR CO2|Gedung C|Lantai 6|Zona Barat|Sistem Pemadam Kebakaran|Ringan|Korosi|Aliran lemah|130000
Mohon periksa APAR CO2 di Gedung C lantai 6 zona Barat, karena sudah tidak berfungsi dengan baik, bunyi pelan dan tombol agak keras, mungkin perlu perawatan|Korosi pada komponen internal APAR CO2 menyebabkan aliran lemah, perbaikan dilakukan dengan mengganti komponen yang rusak dan membersihkan sistem, biaya perbaikan sebesar Rp 130000|APAR CO2|Gedung C|Lantai 6|Zona Barat|Sistem Pemadam Kebakaran|Ringan|Korosi|Aliran lemah|130000
Wiring System (Sistem Instalasi Kabel) di Gedung Parkir lantai 2 zona Utara rusak nih, gk tau dmn letak kerusakannya, tp bunyi pelan bgt, tolong dong!|Getaran menyebabkan koneksi terputus, perlu diperbaiki dengan mengencangkan koneksi dan membersihkan area sekitar|Wiring System (Sistem Instalasi Kabel)|Gedung Parkir|Lantai 2|Zona Utara|Electrical|Ringan|Getaran|Koneksi terputus|210000
Mohon bantuan untuk memperbaiki Wiring System (Sistem Instalasi Kabel) di Gedung Parkir lantai 2 zona Utara, karena mengalami kerusakan berupa koneksi terputus yang disebabkan oleh getaran, sehingga menimbulkan bunyi pelan|Diperlukan perbaikan segera dengan mengencangkan koneksi dan membersihkan area sekitar, biaya perbaikan sebesar Rp 210000|Wiring System (Sistem Instalasi Kabel)|Gedung Parkir|Lantai 2|Zona Utara|Electrical|Ringan|Getaran|Koneksi terputus|210000
Lift Table di Gedung Parkir lantai 2 zona Utara rusak nih, bunyi abnormal bgt, gk tau dmn letak kerusakannya, tolong dong|Lift Table mengalami kerusakan akibat Debu/kotoran, perlu dibersihkan dan diperiksa|Lift Table|Gedung Parkir|Lantai 2|Zona Utara|Sistem Transportasi Gedung|Fatal|Debu/kotoran|Bunyi abnormal|3950000
Mohon bantuan, Lift Table di Gedung Parkir lantai 2 zona Utara mengalami kerusakan, menimbulkan bunyi abnormal|Lift Table mengalami kerusakan akibat Debu/kotoran, perlu dibersihkan dan diperiksa dengan biaya perbaikan sebesar Rp 3950000|Lift Table|Gedung Parkir|Lantai 2|Zona Utara|Sistem Transportasi Gedung|Fatal|Debu/kotoran|Bunyi abnormal|3950000
Tolong dong Pintu Biasa Berdaun Tunggal di Gedung Servis lantai 3 zona Utara rusak bgt, gk bisa buka sama sekali, tolong bantu yg, dmn kita bisa perbaiki?|Kerusakan disebabkan oleh Overload, perlu dilakukan perbaikan untuk mengganti komponen yang rusak dan mengoptimalkan kinerja pintu, biaya perbaikan sebesar Rp 10220000|Pintu Biasa Berdaun Tunggal|Gedung Servis|Lantai 3|Zona Utara|Arsitektur|Berat|Overload|Performa menurun|10220000
Pintu Biasa Berdaun Tunggal di Gedung Servis lantai 3 zona Utara mengalami kerusakan berat, tidak dapat dibuka, mohon bantuan untuk perbaikan secepatnya|Kerusakan pada pintu disebabkan oleh Overload, perlu dilakukan perbaikan untuk mengganti komponen yang rusak dan mengoptimalkan kinerja pintu, dengan biaya perbaikan yang diperlukan|Pintu Biasa Berdaun Tunggal|Gedung Servis|Lantai 3|Zona Utara|Arsitektur|Berat|Overload|Performa menurun|10220000
Tolong dong APAB Dry Powder di Gedung Parkir lantai 1 zona Utara rusak nih, gk tahu dmn letak kerusakannya, tp yg jelas bunyi pelan bgt|Perbaikan dilakukan dengan mengganti komponen yang rusak akibat Kelembaban tinggi, dilakukan pengecekan ulang untuk memastikan sistem berfungsi dengan baik|APAB Dry Powder|Gedung Parkir|Lantai 1|Zona Utara|Sistem Pemadam Kebakaran|Ringan|Kelembaban tinggi|Kebocoran|340000
Mohon bantuan untuk perbaikan APAB Dry Powder yang terletak di Gedung Parkir lantai 1 zona Utara, karena mengalami kebocoran yang disebabkan oleh Kelembaban tinggi|Perbaikan APAB Dry Powder dilakukan dengan mengganti komponen yang rusak dan melakukan pengecekan ulang, biaya perbaikan Rp 340000|APAB Dry Powder|Gedung Parkir|Lantai 1|Zona Utara|Sistem Pemadam Kebakaran|Ringan|Kelembaban tinggi|Kebocoran|340000
Wastafel di Gedung Utama lantai 8 zona Barat tiba2 meledak dan bocor deras bgt, gk tahu dmn asalnya, tolong dong cepat!|Laporan teknisi: Human error menyebabkan korsleting, perbaikan dilakukan dengan mengganti komponen yang rusak, biaya perbaikan sebesar Rp 6890000|Wastafel|Gedung Utama|Lantai 8|Zona Barat|Plumbing|Fatal|Human error|Korsleting|6890000
Lapor, Wastafel Gedung Utama lantai 8 zona Barat terbakar!|Perbaikan dilakukan dengan mengganti komponen yang rusak, Human error menjadi penyebab utama, biaya perbaikan sebesar Rp 6890000|Wastafel|Gedung Utama|Lantai 8|Zona Barat|Plumbing|Fatal|Human error|Korsleting|6890000
Mohon perhatian atas kerusakan Wastafel di Gedung Utama lantai 8 zona Barat yang mengalami kebocoran dan korsleting, sangat mengganggu aktivitas sehari-hari, mohon segera diperbaiki|Tindakan perbaikan telah dilakukan dengan mengganti komponen yang rusak karena Human error, biaya perbaikan sebesar Rp 6890000|Wastafel|Gedung Utama|Lantai 8|Zona Barat|Plumbing|Fatal|Human error|Korsleting|6890000
Tolong dong Dinding Tembok/Mansonry di Gedung B lantai 3 zona Tengah rusak bgt, gk tau dmn salahnya, tapi yg jelas mogok total, tolong bantu|Dinding Tembok/Mansonry mengalami korosi, perlu dilakukan perbaikan dengan mengganti komponen yang rusak|Dinding Tembok/Mansonry|Gedung B|Lantai 3|Zona Tengah|Civil|Berat|Korosi|Suhu tidak stabil|9380000
Mohon perhatian, Dinding Tembok/Mansonry di Gedung B lantai 3 zona Tengah mengalami kerusakan yang cukup parah, sehingga memerlukan perbaikan segera|Dinding Tembok/Mansonry mengalami korosi, perlu dilakukan penggantian komponen yang rusak dan perbaikan untuk menghindari kerusakan lebih lanjut, biaya perbaikan sebesar 9380000|Dinding Tembok/Mansonry|Gedung B|Lantai 3|Zona Tengah|Civil|Berat|Korosi|Suhu tidak stabil|9380000
Tolong dong Meter PDAM di Gedung A lantai 3 zona Utara rusak bgt, gk nyala sama sekali, yg benerin dmn sih?|Diperlukan perbaikan karena faktor lingkungan yang menyebabkan aliran lemah, sehingga perlu dilakukan penggantian komponen yang rusak|Meter PDAM|Gedung A|Lantai 3|Zona Utara|Pencatatan Meter|Berat|Faktor lingkungan|Aliran lemah|4320000
Mohon bantuan untuk memperbaiki Meter PDAM di Gedung A lantai 3 zona Utara karena mengalami kerusakan berat, yaitu mati total, sehingga perlu dilakukan perbaikan segera|Perbaikan dilakukan dengan mengganti komponen yang rusak dan memperbaiki sistem, biaya perbaikan sebesar Rp 4320000|Meter PDAM|Gedung A|Lantai 3|Zona Utara|Pencatatan Meter|Berat|Faktor lingkungan|Aliran lemah|4320000
Gue butuh bantuan, Lampu LED Bulb di Gedung A lantai 11 zona Tengah itu mati total bgt, gk tau dmn letak masalahnya, tolong dong cepat|Lampu LED Bulb mengalami koneksi terputus akibat kelembaban tinggi, perlu dilakukan penggantian komponen dan perawatan|Lampu LED Bulb|Gedung A|Lantai 11|Zona Tengah|Electrical|Berat|Kelembaban tinggi|Koneksi terputus|5370000
Mohon periksa Lampu LED Bulb di Gedung A lantai 11 zona Tengah, karena sudah tidak nyala sama sekali|Lampu LED Bulb mengalami kerusakan akibat kelembaban tinggi, sehingga koneksi terputus, biaya perbaikan sebesar 5370000|Lampu LED Bulb|Gedung A|Lantai 11|Zona Tengah|Electrical|Berat|Kelembaban tinggi|Koneksi terputus|5370000
Tolong dong APAR Dry Powder Stored Pressure di Gedung Utama lantai 18 zona Tengah bocor deras bgt, gk bisa dipake, yg dmn ada yg bisa bantu?|Perlu perawatan rutin, perlu pengecekan tekanan dan penggantian komponen yang rusak|APAR Dry Powder Stored Pressure|Gedung Utama|Lantai 18|Zona Tengah|Sistem Pemadam Kebakaran|Fatal|Kurang perawatan|Aliran lemah|33640000
Mohon bantuan, APAR Dry Powder Stored Pressure di Gedung Utama lantai 18 zona Tengah terbakar, tolong segera kirim teknisi|Perlu perawatan dan perbaikan, kurang perawatan menyebabkan kerusakan, biaya perbaikan sekitar|APAR Dry Powder Stored Pressure|Gedung Utama|Lantai 18|Zona Tengah|Sistem Pemadam Kebakaran|Fatal|Kurang perawatan|Aliran lemah|33640000
Tolong dong Lantai Granit di Gedung B lantai 9 zona Barat rusak bgt, gk bisa dipakai lagi, apa yg perlu saya lakukan?|Lantai Granit mengalami kerusakan akibat Usia pakai, perlu dilakukan perbaikan teknis untuk mengganti komponen yang rusak|Lantai Granit|Gedung B|Lantai 9|Zona Barat|Civil|Berat|Usia pakai|Tekanan tidak stabil|4630000
Mohon bantuannya, Lantai Granit di Gedung B lantai 9 zona Barat mengalami kerusakan, tidak bisa digunakan dengan baik|Lantai Granit rusak akibat Usia pakai, perlu dilakukan perbaikan dengan mengganti komponen yang rusak, biaya perbaikan sebesar Rp 4630000|Lantai Granit|Gedung B|Lantai 9|Zona Barat|Civil|Berat|Usia pakai|Tekanan tidak stabil|4630000
Tolong dong Pintu Kayu/HPL di Gedung C lantai 8 zona Utara rusak nih, bgt kotor dan berdebu, yg benerinnya dmn sih?|Kerusakan pada Pintu Kayu/HPL disebabkan oleh Kualitas material yang buruk, sehingga remote tidak berfungsi, perlu dilakukan perbaikan dengan mengganti komponen yang rusak|Pintu Kayu/HPL|Gedung C|Lantai 8|Zona Utara|Arsitektur|Ringan|Kualitas material|Remote tidak berfungsi|220000
Pintu Kayu/HPL di Gedung C lantai 8 zona Utara mengalami kerusakan, remote tidak berfungsi, tolong bantu perbaiki|Kerusakan pada Pintu Kayu/HPL disebabkan oleh Kualitas material yang buruk, sehingga remote tidak berfungsi, perlu dilakukan perbaikan dengan mengganti komponen yang rusak, biaya perbaikan sebesar Rp 220000|Pintu Kayu/HPL|Gedung C|Lantai 8|Zona Utara|Arsitektur|Ringan|Kualitas material|Remote tidak berfungsi|220000
Tolong dong Panel UPS di Gedung C lantai 4 zona Utara rusak nih, bgt berisik banget dan suhunya juga tidak stabil, gk tau dmn letak masalahnya|Laporan: Kurang perawatan menyebabkan suhu tidak stabil, perbaikan dilakukan dengan membersihkan dan mengganti komponen yang rusak|Panel UPS|Gedung C|Lantai 4|Zona Utara|Electrical|Sedang|Kurang perawatan|Suhu tidak stabil|1370000
Mohon bantuan untuk memperbaiki Panel UPS yang terletak di Gedung C lantai 4 zona Utara, karena mengalami gangguan suhu yang tidak stabil|Laporan: Setelah dilakukan analisis, ditemukan bahwa penyebab masalah adalah kurang perawatan, sehingga dilakukan perbaikan dengan mengganti komponen yang rusak dan membersihkan sistem, biaya perbaikan sebesar Rp 1370000|Panel UPS|Gedung C|Lantai 4|Zona Utara|Electrical|Sedang|Kurang perawatan|Suhu tidak stabil|1370000
Gedung C lantai 4 zona Timur MCFA rusak bgt dmn gk tau penyebabnya, tolong dong cepat|Tegangan tidak stabil, dilakukan perbaikan dengan penggantian komponen yang rusak dan pengecekan sistem|MCFA|Gedung C|Lantai 4|Zona Timur|Sistem Proteksi Kebakaran Aktif|Sedang|Tegangan tidak stabil|Kebocoran|700000
Mohon bantuan, terdapat kerusakan pada MCFA di Gedung C lantai 4 zona Timur yang menyebabkan kebocoran, mohon dilakukan perbaikan secepatnya|Kerusakan disebabkan oleh tegangan tidak stabil, perbaikan dilakukan dengan mengganti komponen yang rusak dan memastikan sistem proteksi kebakaran aktif berfungsi dengan baik, biaya perbaikan sebesar Rp 700000|MCFA|Gedung C|Lantai 4|Zona Timur|Sistem Proteksi Kebakaran Aktif|Sedang|Tegangan tidak stabil|Kebocoran|700000
Lantai Keramik di Gedung B lantai 3 zona Timur mati total bgt, gk tau dmn letak kerusakannya, tolong dong cepat|Lantai Keramik mengalami getaran yang menyebabkan overheat, perlu dilakukan perbaikan segera dengan mengganti komponen yang rusak|Rusak Lantai Keramik|Gedung B|Lantai 3|Zona Timur|Civil|Berat|Getaran|Overheat|7450000
Mohon perhatian, Lantai Keramik di Gedung B lantai 3 zona Timur mengalami kerusakan berat, tidak dapat berfungsi dengan baik, mohon dilakukan perbaikan segera|Lantai Keramik mengalami getaran yang menyebabkan overheat, perlu dilakukan perbaikan segera dengan mengganti komponen yang rusak, biaya perbaikan sebesar Rp 7450000|Lantai Keramik|Gedung B|Lantai 3|Zona Timur|Civil|Berat|Getaran|Overheat|7450000
Tolong dong Automatic Transfer Switch (ATS Panel) di Gedung Servis lantai 3 zona Barat rusak bgt, gk tau dmn salahnya, tapi kedap-kedip terus, tolong bantu yah|Diperlukan perbaikan pada sensor yang mengalami aus normal, dilakukan penggantian sensor dan pengecekan sistem|Automatic Transfer Switch (ATS Panel)|Gedung Servis|Lantai 3|Zona Barat|Electrical|Sedang|Aus normal|Sensor error|530000
Mohon bantuan untuk perbaikan Automatic Transfer Switch (ATS Panel) yang terletak di Gedung Servis, lantai 3, zona Barat, karena mengalami gangguan berupa sensor error yang menyebabkan kedap-kedip, perlu dilakukan perbaikan dengan mengganti sensor yang aus normal|Dilakukan analisis dan perbaikan pada sistem, termasuk penggantian sensor yang aus, dengan biaya perbaikan sebesar Rp 530000|Automatic Transfer Switch (ATS Panel)|Gedung Servis|Lantai 3|Zona Barat|Electrical|Sedang|Aus normal|Sensor error|530000
Lampu LED Strip di Gedung E lantai 1 zona Barat bunyi abnormal bgt, gk tahu dmn salahnya, yg penting dibetulin aja|Laporan teknisi: Human error menyebabkan kerusakan, perbaikan dilakukan dengan mengganti komponen yang rusak, biaya perbaikan sebesar Rp 1220000|Lampu LED Strip|Gedung E|Lantai 1|Zona Barat|Electrical|Sedang|Human error|Bunyi abnormal|1220000
Mohon perbaikan Lampu LED Strip di Gedung E lantai 1 zona Barat karena mengeluarkan bunyi abnormal|Laporan teknisi: Human error menyebabkan kerusakan, tindakan perbaikan dengan mengganti komponen yang rusak, biaya sebesar Rp 1220000|Lampu LED Strip|Gedung E|Lantai 1|Zona Barat|Electrical|Sedang|Human error|Bunyi abnormal|1220000
Tolong dong Jockey Pump di Gedung Parkir lantai 4 zona Selatan rusak nih, bgt kotor dan berdebu, yg bikin suhu tidak stabil, dmn bisa diperbaiki?|Diperbaiki dengan membersihkan debu dan kotoran, kemudian dilakukan pengecekan ulang|Jockey Pump|Gedung Parkir|Lantai 4|Zona Selatan|Sistem Pemadam Kebakaran|Ringan|Debu/kotoran|Suhu tidak stabil|50000
Mohon perbaikan Jockey Pump di Gedung Parkir lantai 4 zona Selatan, karena terdapat debu dan kotoran yang menyebabkan suhu tidak stabil|Diperbaiki dengan membersihkan debu dan kotoran, serta pengecekan ulang sistem, biaya perbaikan sebesar Rp 50000|Jockey Pump|Gedung Parkir|Lantai 4|Zona Selatan|Sistem Pemadam Kebakaran|Ringan|Debu/kotoran|Suhu tidak stabil|50000
Gedung C lantai 6 zona Tengah APAB Dry Powder-nya rusak bgt,yg bikin tampilan kusam dan berdebu, tolong dong diperbaiki dmn ada tombol yg agak keras|Getaran menyebabkan tampilan rusak, perbaikan dilakukan dengan mengganti komponen yang rusak dan membersihkan bagian luar|APAB Dry Powder|Gedung C|Lantai 6|Zona Tengah|Sistem Pemadam Kebakaran|Ringan|Getaran|Tampilan rusak|100000
Lapor, APAB Dry Powder di Gedung C lantai 6 Tengah rusak|Perbaikan APAB Dry Powder dilakukan debido Getaran yang menyebabkan kerusakan, biaya perbaikan sebesar Rp 100000|APAB Dry Powder|Gedung C|Lantai 6|Zona Tengah|Sistem Pemadam Kebakaran|Ringan|Getaran|Tampilan rusak|100000
Mohon bantuan untuk perbaikan APAB Dry Powder yang terletak di Gedung C lantai 6 zona Tengah, karena tampilan sudah rusak dan berdebu, tombol juga agak keras|Perbaikan dilakukan dengan mengatasi Getaran yang menyebabkan kerusakan, serta membersihkan dan mengganti komponen yang rusak, dengan biaya perbaikan sebesar Rp 100000|APAB Dry Powder|Gedung C|Lantai 6|Zona Tengah|Sistem Pemadam Kebakaran|Ringan|Getaran|Tampilan rusak|100000
Tolong dong AHU di Gedung B lantai 1 zona Timur rusak bgt, netes air terus, gk bisa buat dingin, bgt repotnya!|Kualitas material yang buruk menyebabkan kebocoran, perlu dilakukan perbaikan dengan mengganti komponen yang rusak|AHU|Gedung B|Lantai 1|Zona Timur|Mechanical|Sedang|Kualitas material|Kebocoran|780000
Mohon perhatian, AHU di Gedung B lantai 1 zona Timur mengalami kebocoran dan tidak berfungsi dengan baik, mohon dilakukan perbaikan secepatnya|Kualitas material yang buruk menyebabkan kebocoran, perlu dilakukan perbaikan dengan mengganti komponen yang rusak, biaya perbaikan diperkirakan sebesar Rp 780000|AHU|Gedung B|Lantai 1|Zona Timur|Mechanical|Sedang|Kualitas material|Kebocoran|780000
Tolong dong Wastafel di Gedung C lantai 4 zona Barat rusak bgt, gk bisa dipakai, mogok total!|Kerusakan disebabkan oleh faktor lingkungan, perlu dilakukan perbaikan dan penggantian komponen yang rusak|Wastafel|Gedung C|Lantai 4|Zona Barat|Plumbing|Berat|Faktor lingkungan|Aliran lemah|8680000
Mohon perhatian, Wastafel di Gedung C lantai 4 zona Barat mengalami kerusakan yang cukup parah, yaitu mati total|Faktor lingkungan menjadi penyebab utama, perlu dilakukan perbaikan dan penggantian komponen yang rusak dengan biaya perbaikan sebesar Rp 8680000|Wastafel|Gedung C|Lantai 4|Zona Barat|Plumbing|Berat|Faktor lingkungan|Aliran lemah|8680000
Tolong dong Dinding Partisi, GRC / Gypsum di Gedung D lantai 12 zona Selatan rusak nih, berisik banget dan netes air, gk tahu kenapa, bgt!|Dinding Partisi, GRC / Gypsum mengalami kerusakan jenis Retak/pecah akibat Aus normal, perlu dilakukan perbaikan dengan mengganti komponen yang rusak|Dinding Partisi, GRC / Gypsum|Gedung D|Lantai 12|Zona Selatan|Civil|Sedang|Aus normal|Retak/pecah|1500000
Mohon perhatian, terdapat kerusakan pada Dinding Partisi, GRC / Gypsum di Gedung D lantai 12 zona Selatan, kondisinya kurang baik, berisik dan netes air, mohon untuk dilakukan perbaikan|Dinding Partisi, GRC / Gypsum mengalami kerusakan Retak/pecah, perlu dilakukan perbaikan dengan mengganti komponen yang rusak, biaya perbaikan sebesar Rp 1500000|Dinding Partisi, GRC / Gypsum|Gedung D|Lantai 12|Zona Selatan|Civil|Sedang|Aus normal|Retak/pecah|1500000
Halo, saya mau lapor, AC Cassette di Gedung C lantai 8 zona Tengah rusak nih, bgt berisik banget dan kurang dingin, yg bikin gk nyaman, tolong dong segera diperbaiki|Overload pada sistem pendingin, dilakukan perbaikan dan penggantian komponen yang rusak, biaya perbaikan sebesar Rp 1460000|AC Cassette|Gedung C|Lantai 8|Zona Tengah|Mechanical|Sedang|Overload|Korsleting|1460000
Mohon perhatian, terdapat kerusakan pada AC Cassette yang terletak di Gedung C, lantai 8, zona Tengah, dengan gejala netes air dan kurang dingin, sehingga memerlukan perbaikan segera|Overload pada sistem pendingin, dilakukan perbaikan dan penggantian komponen yang rusak, biaya perbaikan sebesar Rp 1460000|AC Cassette|Gedung C|Lantai 8|Zona Tengah|Mechanical|Sedang|Overload|Korsleting|1460000
Tolong dong Lampu Downlight di Gedung B lantai 3 zona Timur rusak nih, bgt kedap-kedip dan berisik banget, gk tahu knp|Lampu Downlight mengalami korsleting akibat kelembaban tinggi, dilakukan perbaikan dengan mengganti komponen yang rusak|Lampu Downlight|Gedung B|Lantai 3|Zona Timur|Electrical|Sedang|Kelembaban tinggi|Korsleting|390000
Lampu Downlight di Gedung B lantai 3 zona Timur mengalami gangguan, menimbulkan kedap-kedip dan suara berisik, mohon segera ditangani|Lampu Downlight mengalami korsleting akibat kelembaban tinggi, dilakukan perbaikan dengan mengganti komponen yang rusak, biaya perbaikan sebesar Rp 390000|Lampu Downlight|Gedung B|Lantai 3|Zona Timur|Electrical|Sedang|Kelembaban tinggi|Korsleting|390000
Tolong dong APAR Wet Chemical di Gedung Servis lantai 3 zona Utara rusak bgt nih,yg bau gosong banget,gk tau knp|Perlu dilakukan pembersihan dan penggantian komponen yang rusak akibat debu/kotoran|APAR Wet Chemical|Gedung Servis|Lantai 3|Zona Utara|Sistem Pemadam Kebakaran|Fatal|Debu/kotoran|Suhu tidak stabil|18210000
Mohon bantuan, APAR Wet Chemical di Gedung Servis lantai 3 zona Utara mengalami kerusakan parah karena suhu tidak stabil dan bau gosong|Perlu dilakukan analisis dan perbaikan yang terkait dengan debu/kotoran serta penggantian komponen yang rusak|APAR Wet Chemical|Gedung Servis|Lantai 3|Zona Utara|Sistem Pemadam Kebakaran|Fatal|Debu/kotoran|Suhu tidak stabil|18210000
Tolong dong Automatic Transfer Switch (ATS Panel) di Gedung A lantai 9 zona Barat rusak nih, gk tau knp mati total bgt, tolong bantu yg, dmn bisa diperbaiki?|Perbaikan dilakukan dengan mengganti komponen yang aus normal, sehingga aliran listrik dapat kembali normal|Automatic Transfer Switch (ATS Panel)|Gedung A|Lantai 9|Zona Barat|Electrical|Berat|Aus normal|Aliran lemah|7530000
Mohon bantuan perbaikan Automatic Transfer Switch (ATS Panel) di Gedung A lantai 9 zona Barat, karena mengalami kerusakan berat dan mati total|Teknisi telah melakukan perbaikan dengan mengganti komponen yang aus normal, sehingga aliran listrik dapat kembali normal, dengan biaya perbaikan Rp 7530000|Automatic Transfer Switch (ATS Panel)|Gedung A|Lantai 9|Zona Barat|Electrical|Berat|Aus normal|Aliran lemah|7530000
Tolong dong Control Panel Penerangan di Gedung Servis lantai 1 zona Selatan rusak bgt, gk tau dmn salahnya, tp kedap-kedip terus, bgt|Remote tidak berfungsi karena Faktor lingkungan, perlu perbaikan|Control Panel Penerangan|Gedung Servis|Lantai 1|Zona Selatan|Electrical|Sedang|Faktor lingkungan|Remote tidak berfungsi|880000
Mohon bantu perbaiki Control Panel Penerangan di Gedung Servis lantai 1 zona Selatan, karena sudah tidak berfungsi dengan baik, hanya kedap-kedip saja|Ditemukan kerusakan pada Remote Control Panel Penerangan, kemungkinan disebabkan oleh Faktor lingkungan, perbaikan selesai dengan biaya|Control Panel Penerangan|Gedung Servis|Lantai 1|Zona Selatan|Electrical|Sedang|Faktor lingkungan|Remote tidak berfungsi|880000
Tolong dong Lampu Wall sign di Gedung A lantai 7 zona Tengah rusak nih, gk nyala sama sekali bgt, tolong cepat diperbaiki ya!|Lampu Wall sign mengalami kerusakan karena getaran, sehingga menyebabkan macet/tersumbat, dan telah diperbaiki dengan biaya Rp 2980000|Lampu Wall sign|Gedung A|Lantai 7|Zona Tengah|Electrical|Berat|Getaran|Macet/tersumbat|2980000
Mohon bantuan untuk memperbaiki Lampu Wall sign di Gedung A lantai 7 zona Tengah, karena lampu tersebut tidak nyala sama sekali dan sangat mengganggu.|Lampu Wall sign mengalami kerusakan karena getaran, sehingga menyebabkan macet/tersumbat, dan telah diperbaiki dengan biaya Rp 2980000|Lampu Wall sign|Gedung A|Lantai 7|Zona Tengah|Electrical|Berat|Getaran|Macet/tersumbat|2980000
Tolong dong APAR Dry Powder Cartridge di Gedung A lantai 14 zona Barat rusak nih, bunyi abnormal bgt, gk tahu knp, tolong perbaiki yg|Overload pada sistem APAR Dry Powder Cartridge menyebabkan bunyi abnormal, perlu dilakukan pembersihan dan pengecekan ulang|APAR Dry Powder Cartridge|Gedung A|Lantai 14|Zona Barat|Sistem Pemadam Kebakaran|Sedang|Overload|Bunyi abnormal|1120000
Mohon perhatian, APAR Dry Powder Cartridge di Gedung A lantai 14 zona Barat mengalami kendala teknis berupa bunyi abnormal|Overload pada sistem APAR Dry Powder Cartridge, perlu dilakukan pengecekan dan perbaikan untuk menghindari kerusakan lebih lanjut, biaya perbaikan diperkirakan sebesar Rp 1120000|APAR Dry Powder Cartridge|Gedung A|Lantai 14|Zona Barat|Sistem Pemadam Kebakaran|Sedang|Overload|Bunyi abnormal|1120000
Tolong dong DVR CCTV di Gedung D lantai 6 zona Selatan rusak nih, bgt kusam dan berdebu, gk tau dmn letak masalahnya, yg jelas harus segera diperbaiki|DVR CCTV mengalami korosi yang menyebabkan korsleting, perlu dilakukan pembersihan dan penggantian komponen yang rusak|DVR CCTV|Gedung D|Lantai 6|Zona Selatan|Security Sistem|Ringan|Korosi|Korsleting|340000
Dengan hormat, saya melaporkan bahwa DVR CCTV yang terletak di Gedung D lantai 6 zona Selatan mengalami kerusakan yang menyebabkan korsleting, kemungkinan disebabkan oleh korosi, mohon segera ditangani|DVR CCTV mengalami korosi yang menyebabkan korsleting, perlu dilakukan perbaikan segera dengan biaya sebesar Rp 340000|DVR CCTV|Gedung D|Lantai 6|Zona Selatan|Security Sistem|Ringan|Korosi|Korsleting|340000
Tolong dong Lampu LED Downlight di Gedung Servis lantai 1 zona Barat rusak bgt, gk nyala sama sekali, yg benerin cepat ya!|Lampu LED Downlight di Gedung Gedung Servis lantai 1 zona Barat mengalami kerusakan remote tidak berfungsi karena kualitas material yang buruk, perlu dilakukan perbaikan dengan mengganti remote baru|Lampu LED Downlight|Gedung Servis|Lantai 1|Zona Barat|Electrical|Berat|Kualitas material|Remote tidak berfungsi|1020000
Mohon bantu perbaiki Lampu LED Downlight di Gedung Servis lantai 1 zona Barat, tidak nyala sama sekali, Remote tidak berfungsi|Lampu LED Downlight di Gedung Gedung Servis lantai 1 zona Barat mengalami kerusakan remote tidak berfungsi karena kualitas material yang buruk, perlu dilakukan perbaikan dengan mengganti remote baru, perkiraan biaya perbaikan sebesar Rp 1020000|Lampu LED Downlight|Gedung Servis|Lantai 1|Zona Barat|Electrical|Berat|Kualitas material|Remote tidak berfungsi|1020000
Dinding Partisi, GRC / Gypsum di Gedung Utama lantai 9 zona Timur rusak bgt, mati total, gk bisa dipake, tolong dong, dmn ada yg bisa bantu?|Kualitas material yang buruk menyebabkan tekanan tidak stabil, perlu diganti dengan material yang lebih baik|Dinding Partisi, GRC / Gypsum|Gedung Utama|Lantai 9|Zona Timur|Civil|Berat|Kualitas material|Tekanan tidak stabil|6260000
Mohon bantuan untuk perbaikan Dinding Partisi, GRC / Gypsum di Gedung Utama lantai 9 zona Timur, karena sudah mati total dan tidak bisa digunakan, terima kasih|Perbaikan Dinding Partisi, GRC / Gypsum memerlukan penggantian material dengan kualitas yang lebih baik, biaya perbaikan sebesar Rp 6260000|Dinding Partisi, GRC / Gypsum|Gedung Utama|Lantai 9|Zona Timur|Civil|Berat|Kualitas material|Tekanan tidak stabil|6260000
Tolong dong Terminal Box Alarm di Gedung E lantai 5 zona Timur mati total bgt, gk tau knp, yg penting dibenerin dmn|Terminal Box Alarm mengalami kerusakan berat karena getaran, perlu dilakukan perbaikan dan penggantian komponen yang rusak|Terminal Box Alarm|Gedung E|Lantai 5|Zona Timur|Sistem Proteksi Kebakaran Aktif|Berat|Getaran|Performa menurun|6520000
Mohon periksa Terminal Box Alarm di Gedung E lantai 5 zona Timur, karena mengalami masalah performa menurun dan mati total|Terminal Box Alarm mengalami kerusakan berat karena getaran, perlu dilakukan perbaikan dan penggantian komponen yang rusak dengan biaya perbaikan sebesar Rp 6520000|Terminal Box Alarm|Gedung E|Lantai 5|Zona Timur|Sistem Proteksi Kebakaran Aktif|Berat|Getaran|Performa menurun|6520000
Tolong dong Jockey Pump di Gedung E lantai 4 zona Timur rusak bgt, gk bisa nyala, terbakar, tolong cepat!|Jockey Pump mengalami kerusakan akibat aus normal, perlu dilakukan perbaikan untuk mengganti komponen yang rusak|Jockey Pump|Gedung E|Lantai 4|Zona Timur|Sistem Pemadam Kebakaran|Fatal|Aus normal|Tampilan rusak|22790000
Mohon bantuan, Jockey Pump di Gedung E lantai 4 zona Timur mengalami masalah, tampilan rusak, terbakar, mohon segera ditangani|Jockey Pump mengalami kerusakan akibat aus normal, perlu dilakukan perbaikan untuk mengganti komponen yang rusak, biaya perbaikan sebesar Rp 22790000|Jockey Pump|Gedung E|Lantai 4|Zona Timur|Sistem Pemadam Kebakaran|Fatal|Aus normal|Tampilan rusak|22790000
Tolong dong Ground Water Tank di Gedung Utama lantai 1 zona Selatan rusak bgt, netes air terus, gk tau dmn masalahnya, tolong bantu ygyg|Laporan teknisi: ditemukan korosi pada tank, dilakukan perbaikan dengan mengganti komponen yang rusak dan pengecatan ulang, biaya perbaikan sebesar Rp 1140000|Ground Water Tank|Gedung Utama|Lantai 1|Zona Selatan|Distribusi Air|Sedang|Korosi|Berkarat/korosi|1140000
Mohon bantuan, Ground Water Tank di Gedung Utama lantai 1 zona Selatan mengalami kerusakan, yaitu berkarat dan korosi, sehingga menimbulkan kebocoran air|Laporan teknisi: setelah dilakukan inspeksi, ditemukan korosi pada tank, sehingga dilakukan perbaikan dengan mengganti komponen yang rusak dan pengecatan ulang, dengan biaya perbaikan sebesar Rp 1140000|Ground Water Tank|Gedung Utama|Lantai 1|Zona Selatan|Distribusi Air|Sedang|Korosi|Berkarat/korosi|1140000
Tolong dong Meter PLN di Gedung D lantai 9 zona Timur bunyi pelan bgt, gk tau knp, tolong dmn yg bisa bantu|Ditemukan bahwa meter PLN mengalami getaran yang menyebabkan tekanan tidak stabil, perbaikan dilakukan dengan mengganti komponen yang rusak|Meter PLN|Gedung D|Lantai 9|Zona Timur|Pencatatan Meter|Ringan|Getaran|Tekanan tidak stabil|120000
Mohon periksa Meter PLN di Gedung D lantai 9 zona Timur, karena terdapat bunyi pelan yang tidak normal|Setelah dilakukan pemeriksaan, ditemukan bahwa meter PLN mengalami getaran yang menyebabkan tekanan tidak stabil, perbaikan telah dilakukan dengan biaya sebesar Rp 120000|Meter PLN|Gedung D|Lantai 9|Zona Timur|Pencatatan Meter|Ringan|Getaran|Tekanan tidak stabil|120000
Tolong dong Paving Block di Gedung D lantai 2 zona Selatan rusak bgt, netes air terus, gk tau dmn salahnya, tolong bantu yg, bgt!|Paving Block di Gedung Gedung D lantai 2 zona Selatan mengalami kerusakan suhu tidak stabil akibat tegangan tidak stabil, perlu dilakukan pengecekan dan perbaikan|Paving Block|Gedung D|Lantai 2|Zona Selatan|Civil|Sedang|Tegangan tidak stabil|Suhu tidak stabil|1070000
Mohon perhatian, Paving Block di Gedung D lantai 2 zona Selatan mengalami masalah, suhu tidak stabil dan netes air, tolong dicek dan diperbaiki sesuai prosedur|Paving Block di Gedung Gedung D lantai 2 zona Selatan mengalami kerusakan suhu tidak stabil akibat tegangan tidak stabil, perlu dilakukan pengecekan dan perbaikan dengan biaya Rp 1070000|Paving Block|Gedung D|Lantai 2|Zona Selatan|Civil|Sedang|Tegangan tidak stabil|Suhu tidak stabil|1070000
Tolong dong WI-FI di Gedung D lantai 4 zona Tengah rusak bgt, gk tau dmn letak kerusakannya, tp yg jelas wifi gk nyala sama sekali, bau gosong keluar dr perangkatnya|Kerusakan WI-FI disebabkan oleh Usia pakai yang telah mencapai batas maksimal, sehingga mengalami Getaran berlebihan, perlu dilakukan perbaikan dan penggantian komponen yang rusak|Rt/Rw|Gedung D|Lantai 4|Zona Tengah|Sistem Telekomunikasi Gedung|Fatal|Usia pakai|Getaran berlebihan|23460000
Lapor, WI-FI Gedung D lantai 4 zona Tengah terbakar|Kerusakan WI-FI disebabkan oleh Usia pakai yang telah mencapai batas maksimal, sehingga mengalami Getaran berlebihan, perlu dilakukan perbaikan dan penggantian komponen yang rusak|Rt/Rw|Gedung D|Lantai 4|Zona Tengah|Sistem Telekomunikasi Gedung|Fatal|Usia pakai|Getaran berlebihan|23460000
Mohon perhatian, WI-FI di Gedung D lantai 4 zona Tengah mengalami kerusakan yang sangat parah, sehingga menyebabkan gangguan yang signifikan, perlu dilakukan perbaikan segera|Kerusakan WI-FI disebabkan oleh Usia pakai yang telah mencapai batas maksimal, sehingga mengalami Getaran berlebihan, perlu dilakukan perbaikan dan penggantian komponen yang rusak|Rt/Rw|Gedung D|Lantai 4|Zona Tengah|Sistem Telekomunikasi Gedung|Fatal|Usia pakai|Getaran berlebihan|23460000
Tolong dong Control Panel Hydrant Diesel Pump di Gedung A lantai 9 zona Utara rusak nih, gk tau penyebabnya, tp yg jelas mogok bgt!|Teknisi telah melakukan pengecekan dan perbaikan dengan menemukan bahwa kerusakan disebabkan oleh Aus normal, sehingga dilakukan penggantian komponen yang rusak dan penyesuaian sistem untuk mengatasi suhu tidak stabil|Control Panel Hydrant Diesel Pump|Gedung A|Lantai 9|Zona Utara|Electrical|Berat|Aus normal|Suhu tidak stabil|5770000
Mohon perhatian, Control Panel Hydrant Diesel Pump di Gedung A lantai 9 zona Utara mengalami kerusakan berat, yaitu mati total, sehingga memerlukan perbaikan segera|Teknisi telah melakukan analisis dan menemukan bahwa kerusakan disebabkan oleh Aus normal, kemudian dilakukan tindakan perbaikan dengan mengganti komponen yang rusak dan penyesuaian sistem|Control Panel Hydrant Diesel Pump|Gedung A|Lantai 9|Zona Utara|Electrical|Berat|Aus normal|Suhu tidak stabil|5770000
Tolong dong Fingerprint di Gedung D lantai 2 zona Barat nyetrum bgt, gk tau dmn letak masalahnya, tolong bantu ya|Fingerprint mengalami kerusakan karena Tegangan tidak stabil, perlu dilakukan perbaikan dengan mengganti komponen yang rusak|Fingerprint|Gedung D|Lantai 2|Zona Barat|Security Sistem|Fatal|Tegangan tidak stabil|Retak/pecah|30340000
Mohon bantuan untuk perbaikan Fingerprint di Gedung D lantai 2 zona Barat karena terjadi kerusakan yang menyebabkan Fingerprint tersebut terbakar|Fingerprint mengalami kerusakan karena Tegangan tidak stabil, perlu dilakukan perbaikan dengan mengganti komponen yang rusak dan melakukan pengecekan ulang|Fingerprint|Gedung D|Lantai 2|Zona Barat|Security Sistem|Fatal|Tegangan tidak stabil|Retak/pecah|30340000
Tolong dong AC Cassette di Gedung Utama lantai 15 zona Tengah rusak nih, bunyi pelan bgt, gk tau dmn letak masalahnya, tolong bantu yg, gk bisa kerja kalo gini!|Perbaikan AC Cassette di Gedung Gedung Utama lantai 15 zona Tengah dilakukan dengan membersihkan komponen yang kotor dan tersumbat, karena kurang perawatan, sehingga mengakibatkan kerusakan macet/tersumbat, biaya perbaikan sebesar Rp 310000|AC Cassette|Gedung Utama|Lantai 15|Zona Tengah|Mechanical|Ringan|Kurang perawatan|Macet/tersumbat|310000
Mohon bantuan untuk perbaikan AC Cassette yang terletak di Gedung Utama lantai 15 zona Tengah, karena mengalami kerusakan yang menyebabkan bunyi pelan dan tidak berfungsi dengan baik, sehingga memerlukan perawatan dan perbaikan segera|Perbaikan AC Cassette di Gedung Gedung Utama lantai 15 zona Tengah dilakukan dengan membersihkan komponen yang kotor dan tersumbat, karena kurang perawatan, sehingga mengakibatkan kerusakan macet/tersumbat, biaya perbaikan sebesar Rp 310000|AC Cassette|Gedung Utama|Lantai 15|Zona Tengah|Mechanical|Ringan|Kurang perawatan|Macet/tersumbat|310000
Tolong dong Smoke Detector di Gedung A lantai 13 zona Selatan rusak nih, bunyi pelan bgt, gk tau dmn letak masalahnya, tolong bantu yg|Smoke Detector di Gedung Gedung A lantai 13 zona Selatan mengalami kerusakan karena Tegangan tidak stabil, dilakukan perbaikan dengan membersihkan dan mengganti komponen yang rusak, biaya perbaikan sebesar Rp 390000|Smoke Detector|Gedung A|Lantai 13|Zona Selatan|Sistem Proteksi Kebakaran Aktif|Ringan|Tegangan tidak stabil|Macet/tersumbat|390000
Mohon bantuan untuk memperbaiki Smoke Detector di Gedung A lantai 13 zona Selatan, karena mengalami kerusakan yang menyebabkan bunyi pelan, mohon dilakukan pengecekan dan perbaikan sesuai dengan prosedur|Smoke Detector di Gedung Gedung A lantai 13 zona Selatan mengalami kerusakan karena Tegangan tidak stabil, dilakukan perbaikan dengan membersihkan dan mengganti komponen yang rusak, biaya perbaikan sebesar Rp 390000|Smoke Detector|Gedung A|Lantai 13|Zona Selatan|Sistem Proteksi Kebakaran Aktif|Ringan|Tegangan tidak stabil|Macet/tersumbat|390000
Genset Diesel di Gedung Servis lantai 2 zona Utara meledak nih, gk tau dmn salahnya, tolong bgt|Human error menyebabkan kerusakan, dilakukan perbaikan dengan mengganti komponen yang rusak|Genset Diesel|Gedung Servis|Lantai 2|Zona Utara|Mechanical|Fatal|Human error|Overheat|25660000
Mohon periksa Genset Diesel di Gedung Servis lantai 2 zona Utara, karena terjadi kejadian fatal berupa kebakaran|Kerusakan disebabkan oleh human error, dilakukan perbaikan dengan mengganti komponen yang rusak, biaya perbaikan sebesar Rp 25660000|Genset Diesel|Gedung Servis|Lantai 2|Zona Utara|Mechanical|Fatal|Human error|Overheat|25660000
Tolong dong Meter PLN di Gedung B lantai 9 zona Utara rusak bgt, netes air terus, berisik banget, gk tau dmn letak kerusakannya, tolong bantu yaa|Getaran menyebabkan aus, perbaikan dilakukan dengan mengganti komponen yang rusak|Meter PLN|Gedung B|Lantai 9|Zona Utara|Pencatatan Meter|Sedang|Getaran|Aus/abrasi|1170000
Mohon bantuan untuk perbaikan Meter PLN yang terletak di Gedung B, lantai 9, zona Utara, karena mengalami kerusakan yang menyebabkan netes air dan berisik|Perbaikan dilakukan dengan menganalisis penyebab getaran dan mengganti komponen yang rusak, biaya perbaikan sebesar Rp 1170000|Meter PLN|Gedung B|Lantai 9|Zona Utara|Pencatatan Meter|Sedang|Getaran|Aus/abrasi|1170000
Tolong dong Floor Drain di Gedung E lantai 4 zona Barat rusak nih, bgt berisik banget dan netes air terus, gk tahu dmn letak kerusakannya yg bener!|Ditemukan kerusakan pada Floor Drain di Gedung Gedung E lantai 4 zona Barat akibat Debu/kotoran, dilakukan pembersihan dan perawatan|Floor Drain|Gedung E|Lantai 4|Zona Barat|Plumbing|Sedang|Debu/kotoran|Overheat|400000
Lapor, Floor Drain Gedung E lantai 4 zona Barat error terus!|Dilakukan pengecekan dan perbaikan pada Floor Drain yang rusak akibat Debu/kotoran|Floor Drain|Gedung E|Lantai 4|Zona Barat|Plumbing|Sedang|Debu/kotoran|Overheat|400000
Mohon bantuan untuk memperbaiki Floor Drain yang terletak di Gedung E lantai 4 zona Barat, karena mengalami kerusakan yang menyebabkan kurang dingin dan berisik|Ditemukan kerusakan pada komponen Floor Drain akibat Debu/kotoran, kemudian dilakukan pembersihan dan penggantian komponen yang rusak, dengan biaya perbaikan sebesar Rp 400000|Floor Drain|Gedung E|Lantai 4|Zona Barat|Plumbing|Sedang|Debu/kotoran|Overheat|400000
Tolong dong Kamera CCTV di Gedung Servis lantai 1 zona Timur rusak bgt, gk tau dmn letak kerusakannya, tapi yg jelas bunyi abnormal terus, bgt dmn bisa di perbaiki ya?|Kamera CCTV mengalami kerusakan karena Human error, sehingga mengakibatkan bunyi abnormal, perbaikan dilakukan dengan mengganti komponen yang rusak dan melakukan pengecekan ulang, biaya perbaikan sebesar Rp 8180000|Kamera CCTV|Gedung Servis|Lantai 1|Zona Timur|Security Sistem|Berat|Human error|Bunyi abnormal|8180000
Mohon periksa Kamera CCTV di Gedung Servis lantai 1 zona Timur, karena mengalami kerusakan yang menyebabkan bunyi abnormal, kami mohon bantuan untuk memperbaiki kerusakan tersebut|Kamera CCTV mengalami kerusakan karena Human error, sehingga mengakibatkan bunyi abnormal, perbaikan dilakukan dengan mengganti komponen yang rusak dan melakukan pengecekan ulang, biaya perbaikan sebesar Rp 8180000|Kamera CCTV|Gedung Servis|Lantai 1|Zona Timur|Security Sistem|Berat|Human error|Bunyi abnormal|8180000
Tolong dong Lantai Karpet di Gedung E lantai 3 zona Barat rusak bgt, mati total, gk bisa dipake lagi, yg dmn salahnya sih?|Lantai Karpet mengalami kerusakan karena getaran, perlu dilakukan perbaikan koneksi terputus dan pengecekan ulang|Lantai Karpet|Gedung E|Lantai 3|Zona Barat|Civil|Berat|Getaran|Koneksi terputus|2540000
Mohon bantuan, Lantai Karpet di Gedung E lantai 3 zona Barat mengalami kerusakan berat, tidak dapat digunakan, perlu dilakukan pengecekan dan perbaikan segera.|Dilakukan pengecekan dan perbaikan Lantai Karpet di Gedung E lantai 3 zona Barat, kerusakan disebabkan oleh getaran, biaya perbaikan Rp 2540000|Lantai Karpet|Gedung E|Lantai 3|Zona Barat|Civil|Berat|Getaran|Koneksi terputus|2540000
Tolong dong Roof Tank di Gedung E lantai 4 zona Barat rusak nih,yg bgt kotor dan berdebu,bgt gk enak dmn ada bunyi pelan gitu|Overload menyebabkan kerusakan,perlu perbaikan segera dengan mengganti komponen yang rusak|Roof Tank|Gedung E|Lantai 4|Zona Barat|Distribusi Air|Ringan|Overload|Retak/pecah|420000
Saya ingin melaporkan bahwa Roof Tank di Gedung E lantai 4 zona Barat mengalami kerusakan ringan,yaitu kotor dan berdebu|Kerusakan disebabkan oleh Overload,perlu dilakukan perbaikan dengan mengganti komponen yang rusak,dengan biaya perbaikan sebesar Rp 420000|Roof Tank|Gedung E|Lantai 4|Zona Barat|Distribusi Air|Ringan|Overload|Retak/pecah|420000
Lampu LED Bulb di Gedung C lantai 7 zona Utara bgt rusak nih, bahkan meledak yg membuat kami panik bgt dmn harus lapor?|Laporan teknisi: Overload menyebabkan kerusakan pada Lampu LED Bulb, dilakukan perbaikan dengan mengganti komponen yang rusak dan memperbaiki sistem kelistrikan, biaya perbaikan sebesar Rp 38280000|Lampu LED Bulb|Gedung C|Lantai 7|Zona Utara|Electrical|Fatal|Overload|Tampilan rusak|38280000
Lapor, Lampu LED Bulb Gedung C lantai 7 zona Utara meledak|Laporan teknisi: Kerusakan akibat Overload, perbaikan dilakukan dengan mengganti komponen yang rusak|Lampu LED Bulb|Gedung C|Lantai 7|Zona Utara|Electrical|Fatal|Overload|Tampilan rusak|38280000
Mohon bantuan, Lampu LED Bulb di Gedung C lantai 7 zona Utara mengalami kerusakan parah, nyetrum dan terbakar, tolong segera ditangani|Laporan teknisi: Overload menyebabkan kerusakan pada komponen listrik, dilakukan perbaikan dan penggantian komponen yang rusak|Lampu LED Bulb|Gedung C|Lantai 7|Zona Utara|Electrical|Fatal|Overload|Tampilan rusak|38280000
Gedung D lantai 6 zona Utara, lantai granitnya bermasalah bgt, netes air terus, gk tau dmn sumbernya, tolong dong cepat dicek|Laporan teknisi: Human error menyebabkan sensor error, perbaikan dilakukan dengan mengganti sensor yang rusak dan memperbaiki sistem drainase, biaya perbaikan sebesar Rp 360000|Lantai Granit|Gedung D|Lantai 6|Zona Utara|Civil|Sedang|Human error|Sensor error|360000
Mohon perhatian, lantai granit di Gedung D lantai 6 zona Utara mengalami kerusakan, yaitu netes air terus, mohon untuk segera memeriksa dan memperbaiki|Laporan teknisi: Human error menyebabkan sensor error, perbaikan dilakukan dengan mengganti sensor yang rusak, biaya perbaikan Rp 360000|Lantai Granit|Gedung D|Lantai 6|Zona Utara|Civil|Sedang|Human error|Sensor error|360000
Gmn bg, APAR Dry Powder Stored Pressure di Gedung A lantai 14 zona Selatan rusak bgt, kedap-kedip terus, gk tau dmn salahnya, tolong dong|Tegangan tidak stabil, dilakukan pengecekan dan perbaikan sistem|APAR Dry Powder Stored Pressure|Gedung A|Lantai 14|Zona Selatan|Sistem Pemadam Kebakaran|Sedang|Tegangan tidak stabil|Tampilan rusak|1200000
Mohon bantuan, APAR Dry Powder Stored Pressure di Gedung A lantai 14 zona Selatan mengalami gangguan, yaitu kedap-kedip dan kurang berfungsi dengan baik|Kerusakan disebabkan oleh tegangan tidak stabil, dilakukan perbaikan dan pengecekan ulang untuk memastikan sistem berfungsi dengan normal|APAR Dry Powder Stored Pressure|Gedung A|Lantai 14|Zona Selatan|Sistem Pemadam Kebakaran|Sedang|Tegangan tidak stabil|Tampilan rusak|1200000
Tolong dong Speaker di Gedung D lantai 1 zona Selatan rusak nih, bgt kotor dan kusam, gk tau dmn masalahnya, yg jelas bunyi pelan bgt|Perbaikan dilakukan dengan membersihkan korosi dan mengganti komponen yang rusak, biaya perbaikan sebesar Rp 350000|Speaker|Gedung D|Lantai 1|Zona Selatan|Sistem Telekomunikasi Gedung|Ringan|Korosi|Tampilan rusak|350000
Mohon periksa Speaker di Gedung D lantai 1 zona Selatan, karena terdapat kerusakan pada tampilan yang kusam dan bunyi pelan|Perbaikan dilakukan dengan membersihkan korosi dan mengganti komponen yang rusak, dengan biaya perbaikan sebesar Rp 350000|Speaker|Gedung D|Lantai 1|Zona Selatan|Sistem Telekomunikasi Gedung|Ringan|Korosi|Tampilan rusak|350000
Tolong dong AC Split di Gedung E lantai 6 zona Barat rusak bgt, kotor dan berdebu, gk bisa nyala sama sekali, tolong bantu yah, dmn bisa kontak teknisi?|Perbaikan dilakukan dengan membersihkan dan mengganti komponen yang rusak akibat Faktor lingkungan, biaya perbaikan sebesar Rp 370000|AC Split|Gedung E|Lantai 6|Zona Barat|Mechanical|Ringan|Faktor lingkungan|Tidak berfungsi total|370000
Lapor, AC Split Gedung E lantai 6 zona Barat rusak|Perbaikan dilakukan dengan mengganti komponen yang rusak akibat Faktor lingkungan|AC Split|Gedung E|Lantai 6|Zona Barat|Mechanical|Ringan|Faktor lingkungan|Tidak berfungsi total|370000
Mohon periksa AC Split di Gedung E lantai 6 zona Barat, karena sudah tidak berfungsi dengan baik, bunyi pelan dan kotor, mohon segera ditangani oleh teknisi|Perbaikan dilakukan dengan membersihkan dan mengganti komponen yang rusak akibat Faktor lingkungan, biaya perbaikan sebesar Rp 370000|AC Split|Gedung E|Lantai 6|Zona Barat|Mechanical|Ringan|Faktor lingkungan|Tidak berfungsi total|370000
Tolong dong SDP di Gedung Utama lantai 2 zona Utara rusak bgt, nyetrum gk tau dmn letaknya, tolong bantu yg, bgt darurat!|SDP mengalami kerusakan akibat Overload, dilakukan perbaikan dengan mengganti komponen yang rusak dan pengecekan ulang sistem|SDP|Gedung Utama|Lantai 2|Zona Utara|Electrical|Fatal|Overload|Getaran berlebihan|18460000
Lapor, SDP Gedung Utama lantai 2 zona Utara terbakar!|SDP mengalami kerusakan parah akibat Overload, dilakukan perbaikan dengan mengganti komponen yang rusak dan pengecekan ulang sistem|SDP|Gedung Utama|Lantai 2|Zona Utara|Electrical|Fatal|Overload|Getaran berlebihan|18460000
Mohon bantuan, SDP di Gedung Utama lantai 2 zona Utara mengalami kerusakan yang sangat parah, terjadi getaran berlebihan dan nyetrum, mohon segera ditangani oleh teknisi|SDP mengalami kerusakan akibat Overload, dilakukan perbaikan dengan mengganti komponen yang rusak dan pengecekan ulang sistem, biaya perbaikan sebesar Rp 18460000|SDP|Gedung Gedong Utama|Lantai 2|Zona Utara|Electrical|Fatal|Overload|Getaran berlebihan|18460000
Gmn ya Control Panel Penerangan di Gedung Servis lantai 1 zona Barat mati total bgt, gk tau dmn salahnya, tolong dong bantu perbaiki yg cepet|Perbaikan Control Panel Penerangan akibat Human error yang menyebabkan Aus/abrasi, dilakukan penggantian komponen yang rusak dan pengecekan ulang sistem|Control Panel Penerangan|Gedung Servis|Lantai 1|Zona Barat|Electrical|Berat|Human error|Aus/abrasi|10800000
Mohon bantuan untuk perbaikan Control Panel Penerangan di Gedung Servis lantai 1 zona Barat yang tidak nyala sama sekali, saya khawatir ada kerusakan serius|Laporan teknis: Control Panel Penerangan mengalami kerusakan berat karena Human error yang menyebabkan Aus/abrasi, perbaikan dilakukan dengan mengganti komponen yang rusak dan memeriksa sistem secara menyeluruh, biaya perbaikan sebesar Rp 10800000|Control Panel Penerangan|Gedung Servis|Lantai 1|Zona Barat|Electrical|Berat|Human error|Aus/abrasi|10800000
Tolong dong Smoke Detector di Gedung D lantai 10 zona Timur rusak bgt, gk nyala sama sekali, dmnt yg bsa bantu?|Laporan teknisi: Smoke Detector mengalami kerusakan akibat kelembaban tinggi, dilakukan perbaikan koneksi dan penggantian komponen yang rusak, biaya perbaikan sebesar Rp 4610000|Smoke Detector|Gedung D|Lantai 10|Zona Timur|Sistem Proteksi Kebakaran Aktif|Berat|Kelembaban tinggi|Koneksi terputus|4610000
Smoke Detector di Gedung D, lantai 10, zona Timur tidak berfungsi dengan baik, mohon periksa dan perbaiki secepatnya.|Laporan teknisi: Smoke Detector mengalami kerusakan koneksi akibat kelembaban tinggi, dilakukan perbaikan koneksi dan penggantian komponen yang rusak|Smoke Detector|Gedung D|Lantai 10|Zona Timur|Sistem Proteksi Kebakaran Aktif|Berat|Kelembaban tinggi|Koneksi terputus|4610000
Tolong dong Lampu LED Bulb di Gedung Parkir lantai 5 zona Timur rusak nih,yg bgt kotor bgt gk bisa nyala dmn saya harus lapor?|Lampu LED Bulb di Gedung Gedung Parkir lantai 5 zona Timur diperbaiki karena debu/kotoran yang menyebabkan kebocoran,perbaikan dilakukan dengan membersihkan debu/kotoran dan mengganti komponen yang rusak|Lampu LED Bulb|Gedung Parkir|Lantai 5|Zona Timur|Electrical|Ringan|Debu/kotoran|Kebocoran|190000
Mohon bantuan untuk memperbaiki Lampu LED Bulb di Gedung Parkir lantai 5 zona Timur karena lampu tersebut rusak dan tidak dapat digunakan|Lampu LED Bulb di Gedung Gedung Parkir lantai 5 zona Timur diperbaiki karena debu/kotoran yang menyebabkan kebocoran,biaya perbaikan sebesar Rp 190000|Lampu LED Bulb|Gedung Parkir|Lantai 5|Zona Timur|Electrical|Ringan|Debu/kotoran|Kebocoran|190000
Tolong dong Kamera CCTV di Gedung D lantai 4 zona Barat rusak nih, yg bgt gk nyala sama sekali, dmn kita harus lapor ke siapa nih?|Getaran menyebabkan kerusakan pada lampu, perlu dilakukan perbaikan dan penggantian komponen|Kamera CCTV|Gedung D|Lantai 4|Zona Barat|Security Sistem|Berat|Getaran|Lampu mati|4590000
Mohon perhatian, Kamera CCTV di Gedung D lantai 4 zona Barat mengalami kerusakan, tidak nyala sama sekali, mohon dilakukan perbaikan secepatnya|Kerusakan disebabkan oleh getaran, perlu dilakukan perbaikan dan penggantian komponen yang rusak, biaya perbaikan diperkirakan sebesar Rp 4590000|Kamera CCTV|Gedung D|Lantai 4|Zona Barat|Security Sistem|Berat|Getaran|Lampu mati|4590000
Tolong dong Lampu LED Bulb di Gedung Utama lantai 17 zona Barat rusak nih, kedap-kedip terus bgt, gk tau penyebabnya, tolong bantu perbaiki yg, dmn bisa kontak teknisi?|Perbaikan dilakukan dengan mengganti komponen yang overload, kemudian dilakukan pengetesan untuk memastikan suhu stabil|Lampu LED Bulb|Gedung Utama|Lantai 17|Zona Barat|Electrical|Sedang|Overload|Suhu tidak stabil|1010000
Mohon perhatian, terdapat kerusakan pada Lampu LED Bulb yang terletak di Gedung Utama lantai 17 zona Barat, gejala yang teramati adalah kedap-kedip, mohon untuk dilakukan perbaikan|Perbaikan telah dilakukan dengan mengatasi masalah overload, biaya perbaikan sebesar Rp 1010000|Lampu LED Bulb|Gedung Utama|Lantai 17|Zona Barat|Electrical|Sedang|Overload|Suhu tidak stabil|1010000
Tolong dong Speaker di Gedung A lantai 11 zona Utara mati total bgt, gk tau dmn salahnya, tolong bantu ya!|Speaker di Gedung Gedung A lantai 11 zona Utara mengalami kerusakan pada tampilan karena tegangan tidak stabil, perlu dilakukan perbaikan dengan mengganti komponen yang rusak|Speaker|Gedung A|Lantai 11|Zona Utara|Sistem Telekomunikasi Gedung|Berat|Tegangan tidak stabil|Tampilan rusak|9750000
Mohon bantuan untuk memperbaiki Speaker di Gedung A lantai 11 zona Utara yang tidak nyala sama sekali, saya sangat membutuhkan bantuan Anda|Kerusakan pada Speaker di Gedung Gedung A lantai 11 zona Utara disebabkan oleh tegangan tidak stabil, perlu dilakukan perbaikan segera dengan biaya perbaikan sebesar Rp 9750000|Speaker|Gedung A|Lantai 11|Zona Utara|Sistem Telekomunikasi Gedung|Berat|Tegangan tidak stabil|Tampilan rusak|9750000
Tolong dong AC Split di Gedung Utama lantai 18 zona Selatan rusak bgt, gk nyala sama sekali, apa yg harus saya lakukan?|Ditemukan korosi pada bagian evaporator, dilakukan perbaikan dengan mengganti komponen yang rusak dan membersihkan bagian yang korosif|AC Split|Gedung Utama|Lantai 18|Zona Selatan|Mechanical|Berat|Korosi|Kebocoran|6340000
Mohon bantuan untuk memperbaiki AC Split di Gedung Utama lantai 18 zona Selatan, karena sudah tidak nyala sama sekali|Setelah dilakukan analisis, ditemukan bahwa penyebab kerusakan adalah korosi pada bagian tertentu, sehingga perlu dilakukan perbaikan dengan biaya sebesar Rp 6340000|AC Split|Gedung Utama|Lantai 18|Zona Selatan|Mechanical|Berat|Korosi|Kebocoran|6340000
Tolong dong Lantai Keramik di Gedung C lantai 2 zona Utara rusak bgt, gk tahu dmn salahnya, tp kedap-kedip terus, tolong bantu yaa|Laporan teknisi: Kerusakan disebabkan oleh Korosi, perlu dilakukan perbaikan koneksi|Lantai Keramik|Gedung C|Lantai 2|Zona Utara|Civil|Sedang|Korosi|Koneksi terputus|1240000
Lapor, Lantai Keramik di Gedung C lantai 2 zona Utara bermasalah|Kerusakan akibat Korosi, perlu perbaikan|Lantai Keramik|Gedung C|Lantai 2|Zona Utara|Civil|Sedang|Korosi|Koneksi terputus|1240000
Mohon perhatian, terdapat kerusakan pada Lantai Keramik di Gedung C lantai 2 zona Utara, gejalanya adalah netes air dan berisik, mohon segera ditangani|Laporan teknisi: Kerusakan disebabkan oleh Korosi, dilakukan perbaikan koneksi dan penggantian komponen yang rusak, biaya perbaikan sebesar Rp 1240000|Lantai Keramik|Gedung C|Lantai 2|Zona Utara|Civil|Sedang|Korosi|Koneksi terputus|1240000
Lampu Downlight di Gedung Utama lantai 11 zona Timur rusak bgt, yg benerin gk tau dmn, tolong dong!|Human error, perlu pengecekan remote control dan penggantian jika rusak|Lampu Downlight|Gedung Utama|Lantai 11|Zona Timur|Electrical|Ringan|Human error|Remote tidak berfungsi|160000
Mohon periksa Lampu Downlight di Gedung Utama lantai 11 zona Timur, karena lampu tidak dapat dioperasikan|Human error terdeteksi, dilakukan pengecekan dan perbaikan remote control, biaya perbaikan sebesar Rp 160000|Lampu Downlight|Gedung Utama|Lantai 11|Zona Timur|Electrical|Ringan|Human error|Remote tidak berfungsi|160000
Tolong dong Monitor/Layar di Gedung Parkir lantai 4 zona Timur rusak bgt, gk bisa dipake, kedap-kedip terus, bingung dmn salahnya, tolong bantu ya|Laporan teknisi: Human error menyebabkan kerusakan pada remote, dilakukan perbaikan penggantian remote|Monitor/Layar|Gedung Parkir|Lantai 4|Zona Timur|Sistem Telekomunikasi Gedung|Sedang|Human error|Remote tidak berfungsi|1370000
Mohon bantuan untuk perbaikan Monitor/Layar di Gedung Parkir lantai 4 zona Timur yang mengalami kerusakan pada remote, sehingga tidak dapat berfungsi dengan baik|Laporan teknisi: Dilakukan analisis kerusakan dan ditemukan bahwa Human error menyebabkan kerusakan pada remote, kemudian dilakukan perbaikan penggantian remote|Monitor/Layar|Gedung Parkir|Lantai 4|Zona Timur|Sistem Telekomunikasi Gedung|Sedang|Human error|Remote tidak berfungsi|1370000
Tolong dong MCFA di Gedung D lantai 11 zona Tengah rusak bgt, gk tahu dmn letak masalahnya, tp kedap-kedip terus, tolong bantu yg, cepat!|MCFA mengalami overload, dilakukan perbaikan dan penggantian komponen yang rusak|MCFA|Gedung D|Lantai 11|Zona Tengah|Sistem Proteksi Kebakaran Aktif|Sedang|Overload|Tampilan rusak|520000
Lapor, MCFA Gedung D lantai 11 zona Tengah error terus!|MCFA mengalami overload, dilakukan perbaikan dan penggantian komponen yang rusak|MCFA|Gedung D|Lantai 11|Zona Tengah|Sistem Proteksi Kebakaran Aktif|Sedang|Overload|Tampilan rusak|520000
Mohon bantuan untuk perbaikan MCFA di Gedung D lantai 11 zona Tengah, karena mengalami kerusakan pada tampilan yang kedap-kedip, sehingga mengganggu operasional|MCFA mengalami overload, dilakukan perbaikan dan penggantian komponen yang rusak, dengan biaya perbaikan sebesar Rp 520000|MCFA|Gedung D|Lantai 11|Zona Tengah|Sistem Proteksi Kebakaran Aktif|Sedang|Overload|Tampilan rusak|520000
Tolong dong Dinding Tembok/Mansonry di Gedung Parkir lantai 3 zona Timur rusak nih, yg bgt kotor dan kusam, gk tahu dmn letak kerusakannya, tolong dicek dan diperbaiki ya|Dinding Tembok/Mansonry mengalami kebocoran akibat kualitas material yang kurang baik, perlu dilakukan perbaikan dengan mengganti material yang rusak|Dinding Tembok/Mansonry|Gedung Parkir|Lantai 3|Zona Timur|Civil|Ringan|Kualitas material|Kebocoran|200000
Mohon periksa Dinding Tembok/Mansonry di Gedung Parkir lantai 3 zona Timur, karena mengalami kebocoran|Dinding Tembok/Mansonry mengalami kebocoran akibat kualitas material yang kurang baik, perlu dilakukan perbaikan dengan mengganti material yang rusak, biaya perbaikan sebesar Rp 200000|Dinding Tembok/Mansonry|Gedung Parkir|Lantai 3|Zona Timur|Civil|Ringan|Kualitas material|Kebocoran|200000
Tolong dong Lampu LED Downlight di Gedung B lantai 9 zona Timur rusak bgt, kedap-kedip terus, gk tau dmn letak masalahnya, tolong bantu ya|Laporan teknisi: Perbaikan dilakukan dengan mengganti komponen yang rusak, penyebab utama adalah Tegangan tidak stabil, biaya perbaikan Rp 1110000|Lampu LED Downlight|Gedung B|Lantai 9|Zona Timur|Electrical|Sedang|Tegangan tidak stabil|Aliran lemah|1110000
Mohon bantuan untuk perbaikan Lampu LED Downlight di Gedung B lantai 9 zona Timur, karena mengalami gangguan, yaitu kedap-kedip dan kurang terang|Laporan teknisi: Setelah dilakukan analisis, ditemukan bahwa penyebab utama adalah Tegangan tidak stabil, sehingga perlu dilakukan perbaikan dengan mengganti komponen yang rusak, biaya perbaikan Rp 1110000|Lampu LED Downlight|Gedung B|Lantai 9|Zona Timur|Electrical|Sedang|Tegangan tidak stabil|Aliran lemah|1110000
Tolong dong Dinding Tembok/Mansonry di Gedung A lantai 10 zona Timur rusak bgt, gk tau dmn salahnya, tp yg jelas dindingnya jebol parah!|Kualitas material yang tidak memenuhi standar menyebabkan koneksi terputus, perlu dilakukan perbaikan dengan mengganti material yang lebih baik|Dinding Tembok/Mansonry|Gedung A|Lantai 10|Zona Timur|Civil|Berat|Kualitas material|Koneksi terputus|5630000
Mohon periksa Dinding Tembok/Mansonry di Gedung A lantai 10 zona Timur, karena mengalami kerusakan parah dan tidak dapat digunakan, perlu dilakukan perbaikan dengan segera|Kualitas material yang tidak memenuhi standar menyebabkan koneksi terputus, perlu dilakukan perbaikan dengan mengganti material yang lebih baik, biaya perbaikan diperkirakan sebesar Rp 5630000|Dinding Tembok/Mansonry|Gedung A|Lantai 10|Zona Timur|Civil|Berat|Kualitas material|Koneksi terputus|5630000
Tolong dong Ground Water Tank di Gedung Parkir lantai 5 zona Utara rusak nih, kedap-kedip terus bgt, gk tau dmn letak kerusakannya, tolong bantu yg|Laporan teknisi: Setelah dilakukan inspeksi, ditemukan bahwaGround Water Tank mengalami getaran berlebihan akibat tegangan tidak stabil, maka dilakukan perbaikan dengan mengganti komponen yang rusak dan penyesuaian tegangan, biaya perbaikan sebesar Rp 2020000|Ground Water Tank|Gedung Parkir|Lantai 5|Zona Utara|Distribusi Air|Sedang|Tegangan tidak stabil|Getaran berlebihan|2020000
Mohon perhatian, kami mengalami masalah dengan Ground Water Tank di Gedung Parkir lantai 5 zona Utara, karena terjadi getaran berlebihan, sehingga kami butuh bantuan teknisi untuk memperbaiki|Laporan teknisi: Setelah dilakukan inspeksi, ditemukan bahwa kerusakan disebabkan oleh tegangan tidak stabil, maka dilakukan perbaikan dengan mengganti komponen yang rusak dan penyesuaian tegangan|Ground Water Tank|Gedung Parkir|Lantai 5|Zona Utara|Distribusi Air|Sedang|Tegangan tidak stabil|Getaran berlebihan|2020000
Tolong dong Pemipaan Air Bersih di Gedung Parkir lantai 4 zona Selatan rusak nih, gk tau dmn letak kerusakannya, tp yg jelas airnya gk keluar bgt, tolong bantu|Pemipaan Air Bersih mengalami kerusakan berat karena aus normal, dilakukan perbaikan dengan mengganti komponen yang rusak|Pemipaan Air Bersih|Gedung Parkir|Lantai 4|Zona Selatan|Plumbing|Berat|Aus normal|Korsleting|3660000
Mohon bantuan untuk memperbaiki Pemipaan Air Bersih di Gedung Parkir lantai 4 zona Selatan, karena sudah tidak berfungsi, terima kasih|Pemipaan Air Bersih mengalami kerusakan berat karena aus normal, dilakukan perbaikan dengan mengganti komponen yang rusak, biaya perbaikan sebesar Rp 3660000|Pemipaan Air Bersih|Gedung Parkir|Lantai 4|Zona Selatan|Plumbing|Berat|Aus normal|Korsleting|3660000
Tolong dong Meja kerja di Gedung Utama lantai 10 zona Selatan rusak bgt, gk bisa dipake lagi, tolong bantu dmn caranya biar bisa jalan lagi yg!|Kerusakan disebabkan oleh Human error, perlu dilakukan perbaikan dengan mengganti komponen yang rusak dan pengecekan ulang untuk memastikan tidak ada kerusakan lainnya, biaya perbaikan sebesar Rp 5200000|Meja kerja|Gedung Utama|Lantai 10|Zona Selatan|Arsitektur|Berat|Human error|Getaran berlebihan|5200000
Mohon bantuan untuk memperbaiki Meja kerja yang terletak di Gedung Utama lantai 10 zona Selatan, karena mengalami kerusakan berat dan tidak bisa digunakan, tolong beritahu saya apa yang harus dilakukan|Perbaikan telah dilakukan dengan mengganti komponen yang rusak dan melakukan pengecekan ulang, kerusakan disebabkan oleh Human error, biaya perbaikan sebesar Rp 5200000|Meja kerja|Gedung Utama|Lantai 10|Zona Selatan|Arsitektur|Berat|Human error|Getaran berlebihan|5200000
Gedung Parkir lantai 3 zona Utara ada masalah nih, Control Panel AC-nya bunyi pelan bgt, yg bikin kurang nyaman, dmn bisa dilaporkan?|Control Panel AC mengalami overload, dilakukan perbaikan dan penggantian komponen yang rusak, biaya perbaikan sebesar Rp 100000|Control Panel AC|Gedung Parkir|Lantai 3|Zona Utara|Electrical|Ringan|Overload|Bunyi abnormal|100000
Mohon bantuannya, di Gedung Parkir lantai 3 zona Utara, Control Panel AC-nya mengeluarkan bunyi yang tidak biasa, mohon dicek dan diperbaiki, terima kasih|Control Panel AC mengalami overload, dilakukan perbaikan dan penggantian komponen yang rusak, dengan biaya perbaikan Rp 100000|Control Panel AC|Gedung Parkir|Lantai 3|Zona Utara|Electrical|Ringan|Overload|Bunyi abnormal|100000
Tolong dong LVMDP di Gedung Parkir lantai 2 zona Tengah rusak bgt, gk tau dmn letak masalahnya, tapi yg jelas LVMDPnya mati total dan tidak nyala sama sekali!|LVMDP mengalami overload yang menyebabkan aliran lemah, perlu dilakukan perbaikan dan penggantian komponen yang rusak|LVMDP|Gedung Parkir|Lantai 2|Zona Tengah|Electrical|Berat|Overload|Aliran lemah|5300000
Mohon perhatian bahwa LVMDP di Gedung Parkir lantai 2 zona Tengah telah mengalami kerusakan berat, yaitu mati total dan tidak nyala sama sekali, sehingga memerlukan perbaikan segera|LVMDP mengalami overload yang menyebabkan aliran lemah, perlu dilakukan perbaikan dan penggantian komponen yang rusak dengan biaya perbaikan sebesar Rp 5300000|LVMDP|Gedung Parkir|Lantai 2|Zona Tengah|Electrical|Berat|Overload|Aliran lemah|5300000
Tolong dong AC Split di Gedung A lantai 8 zona Selatan bgt rusak nih, gk bisa nyala sama sekali, bahkan ada bau gosong yg bikin khawatir bgt, dmn ada teknisi yg bisa bantu perbaiki ini?|Laporan teknisi: Kerusakan pada AC Split di Gedung Gedung A lantai 8 zona Selatan disebabkan oleh Usia pakai, sehingga diperlukan perbaikan pada Koneksi terputus|AC Split|Gedung A|Lantai 8|Zona Selatan|Mechanical|Fatal|Usia pakai|Koneksi terputus|35630000
Mohon bantu perbaiki AC Split di Gedung A lantai 8 zona Selatan, karena telah terjadi kejadian darurat, yaitu AC Split telah terbakar dan mengeluarkan bau gosong, sehingga sangat memerlukan perhatian segera|Laporan teknisi: Setelah melakukan inspeksi, ditemukan bahwa kerusakan pada AC Split disebabkan oleh Usia pakai, sehingga perlu dilakukan perbaikan pada Koneksi terputus untuk menghindari kejadian serupa, dengan biaya perbaikan sebesar Rp 35630000|AC Split|Gedung A|Lantai 8|Zona Selatan|Mechanical|Fatal|Usia pakai|Koneksi terputus|35630000
Tolong dong APAR Dry Powder Stored Pressure di Gedung C lantai 4 zona Utara rusak bgt, gk bisa dipake, yg bisa bantu dmn?|APAR Dry Powder Stored Pressure mengalami kerusakan karena kualitas material yang kurang baik, sehingga perlu dilakukan perbaikan dengan mengganti komponen yang rusak|APAR Dry Powder Stored Pressure|Gedung C|Lantai 4|Zona Utara|Sistem Pemadam Kebakaran|Sedang|Kualitas material|Macet/tersumbat|1150000
Mohon bantuan untuk memperbaiki APAR Dry Powder Stored Pressure di Gedung C lantai 4 zona Utara karena mengalami kerusakan|APAR Dry Powder Stored Pressure mengalami kerusakan karena kualitas material yang kurang baik, sehingga perlu dilakukan perbaikan dengan mengganti komponen yang rusak dan biaya perbaikan sebesar Rp 1150000|APAR Dry Powder Stored Pressure|Gedung C|Lantai 4|Zona Utara|Sistem Pemadam Kebakaran|Sedang|Kualitas material|Macet/tersumbat|1150000
Lampu Esensial di Gedung A lantai 7 zona Utara rusak bgt, yg benerin gk cepat-cepat, dmn benerinnya, bau gosong terus, tolong dong cepat benerin|Laporan teknis: Lampu Esensial mengalami kerusakan akibat Tegangan tidak stabil, sehingga menyebabkan bunyi abnormal, tindakan perbaikan: mengganti komponen yang rusak dan memeriksa kembali sistem kelistrikan|Lampu Esensial|Gedung A|Lantai 7|Zona Utara|Electrical|Fatal|Tegangan tidak stabil|Bunyi abnormal|31990000
Mohon bantuan, Lampu Esensial di Gedung A lantai 7 zona Utara mengalami kerusakan yang sangat parah, terbakar dan bau gosong, mohon segera dikirimkan teknisi untuk memperbaiki|Laporan teknis: Lampu Esensial mengalami kerusakan akibat Tegangan tidak stabil, sehingga menyebabkan kerusakan parah, tindakan perbaikan: mengganti komponen yang rusak dan memeriksa kembali sistem kelistrikan, biaya perbaikan Rp 31990000|Lampu Esensial|Gedung A|Lantai 7|Zona Utara|Electrical|Fatal|Tegangan tidak stabil|Bunyi abnormal|31990000
Tolong dong Meter PDAM di Gedung Utama lantai 17 zona Tengah mati total bgt, gk tau dmn masalahnya, yg jelas remote gk berfungsi, tolong bantu!|Debu/kotoran menyebabkan kerusakan pada remote, dilakukan pembersihan dan penggantian komponen yang rusak|Meter PDAM|Gedung Utama|Lantai 17|Zona Tengah|Pencatatan Meter|Berat|Debu/kotoran|Remote tidak berfungsi|9910000
Mohon bantuan untuk memperbaiki Meter PDAM di Gedung Utama lantai 17 zona Tengah, remote tidak berfungsi, kami sangat membutuhkan bantuan Anda|Debu/kotoran menyebabkan kerusakan pada remote, dilakukan pembersihan dan penggantian komponen yang rusak dengan biaya perbaikan sebesar Rp 9910000|Meter PDAM|Gedung Utama|Lantai 17|Zona Tengah|Pencatatan Meter|Berat|Debu/kotoran|Remote tidak berfungsi|9910000
Tolong dong Dinding Kayu di Gedung A lantai 2 zona Tengah rusak nih, netes air terus bgt, gk tau dmn letak kerusakannya|Dinding Kayu mengalami kebocoran karena kurang perawatan, perlu dilakukan perbaikan dengan mengganti komponen yang rusak|Dinding Kayu|Gedung A|Lantai 2|Zona Tengah|Civil|Sedang|Kurang perawatan|Kebocoran|460000
Dengan hormat, saya laporkan bahwa Dinding Kayu di Gedung A lantai 2 zona Tengah mengalami kebocoran, sehingga perlu dilakukan perbaikan segera|Dinding Kayu mengalami kebocoran karena kurang perawatan, perlu dilakukan perbaikan dengan mengganti komponen yang rusak, biaya perbaikan sebesar Rp 460000|Dinding Kayu|Gedung A|Lantai 2|Zona Tengah|Civil|Sedang|Kurang perawatan|Kebocoran|460000
Halo, saya mau lapor, Lampu Downlight di Gedung A lantai 10 zona Tengah rusak bgt, yg benerin dmn ya?|Laporan teknisi: Perbaikan dilakukan dengan mengganti remote yang tidak berfungsi karena kualitas material, biaya perbaikan sebesar Rp 210000|Lampu Downlight|Gedung A|Lantai 10|Zona Tengah|Electrical|Ringan|Kualitas material|Remote tidak berfungsi|210000
Mohon bantuan, saya ingin melaporkan bahwa Lampu Downlight di Gedung A lantai 10 zona Tengah mengalami kerusakan pada remotenya, sehingga tidak dapat digunakan, mohon segera ditangani|Laporan teknisi: Perbaikan dilakukan dengan mengganti remote yang tidak berfungsi karena kualitas material yang tidak memadai, biaya perbaikan sebesar Rp 210000|Lampu Downlight|Gedung A|Lantai 10|Zona Tengah|Electrical|Ringan|Kualitas material|Remote tidak berfungsi|210000
Gedung C lantai 1 zona Utara APAB Dry Powder mati total bgt, gk tau knp, tolong dong bantu perbaiki secepatnya!|Tegangan tidak stabil, dilakukan perbaikan pada sistem pengatur tegangan dan penggantian komponen yang rusak|APAB Dry Powder|Gedung C|Lantai 1|Zona Utara|Sistem Pemadam Kebakaran|Berat|Tegangan tidak stabil|Mati mendadak|6920000
Lapor, APAB Dry Powder di Gedung C lantai 1 Utara mati|Tegangan tidak stabil, perlu dilakukan perbaikan pada sistem pengatur tegangan|APAB Dry Powder|Gedung C|Lantai 1|Zona Utara|Sistem Pemadam Kebakaran|Berat|Tegangan tidak stabil|Mati mendadak|6920000
Mohon bantuan untuk memperbaiki APAB Dry Powder di Gedung C lantai 1 zona Utara yang mati mendadak, sangat mengganggu operasional|Dilakukan analisis dan perbaikan pada sistem APAB Dry Powder, ditemukan bahwa tegangan tidak stabil menyebabkan kerusakan, dilakukan perbaikan dan penggantian komponen yang rusak dengan biaya perbaikan sebesar Rp 6920000|APAB Dry Powder|Gedung C|Lantai 1|Zona Utara|Sistem Pemadam Kebakaran|Berat|Tegangan tidak stabil|Mati mendadak|6920000
Mohon perbaikan Monitor/Layar di Gedung E lantai 4 zona Utara, karena mengalami kerusakan yang menyebabkan nyetrum, sehingga tidak dapat digunakan|Monitor/Layar mengalami aus normal, sehingga menyebabkan kerusakan macet/tersumbat, dilakukan perbaikan dan penggantian komponen yang rusak, biaya perbaikan sebesar Rp 53320000|Monitor/Layar|Gedung E|Lantai 4|Zona Utara|Sistem Telekomunikasi Gedung|Fatal|Aus normal|Macet/tersumbat|53320000
Tolong dong Lampu TL di Gedung E lantai 6 zona Utara rusak nih, bgt, gk bisa nyala, yg bikin rusak ya dmn, tolong dong dibenerin|Perbaikan dilakukan dengan mengganti remote yang rusak akibat getaran, biaya perbaikan sebesar Rp 260000|Lampu TL|Gedung E|Lantai 6|Zona Utara|Electrical|Ringan|Getaran|Remote tidak berfungsi|260000
Mohon perhatian, Lampu TL di Gedung E lantai 6 zona Utara mengalami kerusakan, remote tidak berfungsi, tolong dibantu perbaikannya|Perbaikan dilakukan dengan mengganti remote yang rusak akibat getaran dan melakukan pengecekan ulang|Lampu TL|Gedung E|Lantai 6|Zona Utara|Electrical|Ringan|Getaran|Remote tidak berfungsi|260000
Tolong dong Plafon Gypsum / GRC di Gedung A lantai 2 zona Barat rusak bgt nih, gk tahu dmn letak kerusakannya, tp yg jelas ada bau gosong yg sangat mengganggu, tolong segera diperbaiki|Laporan teknisi: kerusakan disebabkan oleh Faktor lingkungan, perlu dilakukan perbaikan segera dengan mengganti komponen yang rusak, biaya perbaikan Rp 11260000|Plafon Gypsum / GRC|Gedung A|Lantai 2|Zona Barat|Arsitektur|Fatal|Faktor lingkungan|Aus/abrasi|11260000
Mohon perhatian, terdapat kerusakan pada Plafon Gypsum / GRC di Gedung A, lantai 2, zona Barat, yang disebabkan oleh Faktor lingkungan, sehingga menyebabkan kerusakan yang fatal, tolong segera dilakukan perbaikan|Laporan teknisi: perlu dilakukan perbaikan dengan mengganti komponen yang rusak, biaya perbaikan Rp 11260000|Plafon Gypsum / GRC|Gedung A|Lantai 2|Zona Barat|Arsitektur|Fatal|Faktor lingkungan|Aus/abrasi|11260000
Lantai Keramik di Gedung B lantai 1 zona Timur bgt rusak nih, gk tau apa penyebabnya, tolong dong diperbaiki yg cepat|Perbaikan dilakukan dengan mengganti material yang berkualitas rendah, biaya perbaikan sebesar Rp 610000|Lantai Keramik|Gedung B|Lantai 1|Zona Timur|Civil|Sedang|Kualitas material|Retak/pecah|610000
Lapor, Lantai Keramik di Gedung B lantai 1 zona Timur rusak|Perlu peninjauan lebih lanjut untuk menentukan penyebab kerusakan, kemungkinan karena kualitas material|Lantai Keramik|Gedung B|Lantai 1|Zona Timur|Civil|Sedang|Kualitas material|Retak/pecah|610000
Mohon perhatian, terdapat kerusakan pada Lantai Keramik di Gedung B lantai 1 zona Timur|Tindakan perbaikan meliputi penggantian material yang tidak memenuhi standar, dengan biaya perbaikan yang wajar|Lantai Keramik|Gedung B|Lantai 1|Zona Timur|Civil|Sedang|Kualitas material|Retak/pecah|610000
Tolong dong Lampu LED di Gedung Servis lantai 2 zona Timur rusak nih, mati total bgt, gk tau dmn salahnya, tolong bantu yaa|Lampu LED mengalami overload, perlu dilakukan perbaikan pada sistem daya untuk menghindari kerusakan lebih lanjut, biaya perbaikan sebesar Rp 3730000|Lampu LED|Gedung Servis|Lantai 2|Zona Timur|Electrical|Berat|Overload|Remote tidak berfungsi|3730000
Mohon perhatian, Lampu LED di Gedung Servis lantai 2 zona Timur mengalami kerusakan berat, yaitu mati total, mohon dilakukan perbaikan segera|Lampu LED mengalami overload, perlu dilakukan perbaikan pada sistem daya untuk menghindari kerusakan lebih lanjut, biaya perbaikan sebesar Rp 3730000|Lampu LED|Gedung Servis|Lantai 2|Zona Timur|Electrical|Berat|Overload|Remote tidak berfungsi|3730000
Tolong dong Selang Hidrant di Gedung Utama lantai 9 zona Barat rusak nih, bgt kotor dan berdebu, gk bisa dipakai dmn lagi, yg penting cepat diperbaiki|Laporan teknisi: Selang Hidrant mengalami korosi, perlu dilakukan pembersihan dan perawatan untuk menghindari kerusakan lebih lanjut, biaya perbaikan sebesar Rp 290000|Selang Hidrant|Gedung Utama|Lantai 9|Zona Barat|Sistem Pemadam Kebakaran|Ringan|Korosi|Korsleting|290000
Selang Hidrant di Gedung Utama lantai 9 zona Barat mengalami kerusakan, mohon untuk segera diperbaiki|Laporan teknisi: Selang Hidrant mengalami korosi, dilakukan pembersihan dan perawatan, biaya perbaikan sebesar Rp 290000|Selang Hidrant|Gedung Utama|Lantai 9|Zona Barat|Sistem Pemadam Kebakaran|Ringan|Korosi|Korsleting|290000
Lampu UV di Gedung A lantai 9 zona Utara rusak bgt, netes air terus, gk tau dmn letak kerusakannya, tolong dong diperbaiki yg, bgt!|Laporan teknisi: Perbaikan dilakukan dengan mengganti komponen yang rusak karena kualitas material, biaya perbaikan sebesar Rp 490000|Lampu UV|Gedung A|Lantai 9|Zona Utara|Electrical|Sedang|Kualitas material|Tampilan rusak|490000
Mohon perbaikan atas kerusakan Lampu UV di Gedung A lantai 9 zona Utara, terdapat gejala netes air, mohon diperiksa dan diperbaiki dengan segera|Laporan teknisi: Perbaikan dilakukan dengan mengganti komponen yang rusak karena kualitas material, dengan biaya perbaikan Rp 490000|Lampu UV|Gedung A|Lantai 9|Zona Utara|Electrical|Sedang|Kualitas material|Tampilan rusak|490000
Tolong dong LAN (Local Area Network) di Gedung B lantai 10 zona Timur rusak bgt, gk tau dmn yg salah, tolong bantu yah|Laporan teknisi: Kerusakan LAN (Local Area Network) di Gedung Gedung B lantai 10 zona Timur disebabkan oleh Getaran, dilakukan perbaikan dengan mengganti komponen yang rusak|LAN (Local Area Network)|Gedung B|Lantai 10|Zona Timur|Sistem Telekomunikasi Gedung|Berat|Getaran|Mati mendadak|4770000
Lapor. LAN (Local Area Network) lt 10 Timur mati.|Laporan teknisi: Kerusakan LAN (Local Area Network) di Gedung Gedung B lantai 10 zona Timur disebabkan oleh Getaran, dilakukan perbaikan dengan mengganti komponen yang rusak, biaya perbaikan sebesar Rp 4770000|LAN (Local Area Network)|Gedung B|Lantai 10|Zona Timur|Sistem Telekomunikasi Gedung|Berat|Getaran|Mati mendadak|4770000
Mohon bantu untuk memperbaiki LAN (Local Area Network) di Gedung B lantai 10 zona Timur yang mengalami kerusakan, tidak nyala sama sekali, tolong segera|Laporan teknisi: Kerusakan LAN (Local Area Network) di Gedung Gedung B lantai 10 zona Timur disebabkan oleh Getaran, dilakukan perbaikan dengan mengganti komponen yang rusak|LAN (Local Area Network)|Gedung B|Lantai 10|Zona Timur|Sistem Telekomunikasi Gedung|Berat|Getaran|Mati mendadak|4770000
Tolong dong Dinding Kaca Non Tempered di Gedung Servis lantai 3 zona Utara rusak nih, gk bisa dibuka bgt, tolong cepat ya yg bisa bantu!|Dinding Kaca Non Tempered mengalami kerusakan karena kualitas material yang tidak memadai, perlu dilakukan perbaikan dengan mengganti komponen yang rusak|Dinding Kaca Non Tempered|Gedung Servis|Lantai 3|Zona Utara|Civil|Ringan|Kualitas material|Macet/tersumbat|180000
Mohon bantu perbaiki Dinding Kaca Non Tempered di Gedung Servis lantai 3 zona Utara, kondisinya kusam dan macet, perlu dilakukan perawatan segera|Dinding Kaca Non Tempered mengalami kerusakan karena kualitas material yang tidak memadai, perlu dilakukan perbaikan dengan mengganti komponen yang rusak dan membersihkan area yang kotor|Dinding Kaca Non Tempered|Gedung Servis|Lantai 3|Zona Utara|Civil|Ringan|Kualitas material|Macet/tersumbat|180000
Tolong dong LVMDP di Gedung C lantai 7 zona Barat rusak bgt, mogok total, gk nyala sama sekali, bantu ygn dmn|Ditemukan kelembaban tinggi, dilakukan perbaikan dengan mengganti komponen yang rusak, biaya perbaikan sebesar Rp 8120000|LVMDP|Gedung C|Lantai 7|Zona Barat|Electrical|Berat|Kelembaban tinggi|Suhu tidak stabil|8120000
Mohon bantu perbaiki LVMDP di Gedung C lantai 7 zona Barat, kondisinya mati total, tidak nyala sama sekali|Dilakukan analisis dan perbaikan akibat kelembaban tinggi, ditemukan kerusakan pada komponen yang mempengaruhi suhu, biaya perbaikan Rp 8120000|LVMDP|Gedung C|Lantai 7|Zona Barat|Electrical|Berat|Kelembaban tinggi|Suhu tidak stabil|8120000
Tolong dong Lampu Downlight di Gedung A lantai 5 zona Tengah rusak nih, kedap-kedip bgt, gk tau knp, tolong bantu|Lampu Downlight mengalami korsleting akibat faktor lingkungan, perlu dilakukan perbaikan dan penggantian komponen|Lampu Downlight|Gedung A|Lantai 5|Zona Tengah|Electrical|Sedang|Faktor lingkungan|Korsleting|1310000
Mohon bantu perbaiki Lampu Downlight di Gedung A lantai 5 zona Tengah, kondisinya kedap-kedip, mohon dicek dan diperbaiki|Lampu Downlight mengalami kerusakan akibat faktor lingkungan, perlu dilakukan perbaikan dan penggantian komponen, biaya perbaikan sebesar Rp 1310000|Lampu Downlight|Gedung A|Lantai 5|Zona Tengah|Electrical|Sedang|Faktor lingkungan|Korsleting|1310000
Tolong dong Kloset di Gedung Utama lantai 2 zona Barat bgt rusak nih, nyetrum bgt, gk tahu dmn salahnya, tolong bantu yaa|Perbaikan dilakukan dengan memperbaiki tegangan tidak stabil dan mengganti komponen yang rusak, biaya perbaikan sebesar Rp 22430000|Kloset|Gedung Utama|Lantai 2|Zona Barat|Plumbing|Fatal|Tegangan tidak stabil|Getaran berlebihan|22430000
Kloset di Gedung Utama lantai 2 zona Barat mengalami kerusakan parah, terbakar, dan nyetrum, tolong bantu perbaikannya|Perbaikan dilakukan dengan memperbaiki tegangan tidak stabil, mengganti komponen yang rusak, dan melakukan pembersihan, biaya perbaikan sebesar Rp 22430000|Kloset|Gedung Utama|Lantai 2|Zona Barat|Plumbing|Fatal|Tegangan tidak stabil|Getaran berlebihan|22430000
Tolong dong Lemari/Loker di Gedung Servis lantai 2 zona Tengah rusak nih, gk tau dmn salahnya, bgt rusak bgt, yg penting dibenerin|Lemari/Loker mengalami kerusakan total akibat Human error, perlu dilakukan perbaikan ulang dan penggantian komponen yang rusak|Lemari/Loker|Gedung Servis|Lantai 2|Zona Tengah|Arsitektur|Berat|Human error|Tidak berfungsi total|5340000
Mohon perhatian, Lemari/Loker di Gedung Servis lantai 2 zona Tengah tidak berfungsi dengan baik, perlu dilakukan perbaikan segera|Lemari/Loker mengalami kerusakan total akibat Human error, perlu dilakukan perbaikan ulang dan penggantian komponen yang rusak, dengan biaya perbaikan yang telah ditentukan|Lemari/Loker|Gedung Servis|Lantai 2|Zona Tengah|Arsitektur|Berat|Human error|Tidak berfungsi total|5340000
Tolong dong Plafon di Gedung B lantai 10 zona Timur rusak bgt, gk bisa dipake, kayaknya meledak nih!|Kerusakan disebabkan kurang perawatan, perlu dilakukan pembersihan dan perbaikan|Plafon|Gedung B|Lantai 10|Zona Timur|Arsitektur|Fatal|Kurang perawatan|Macet/tersumbat|23490000
Mohon perhatian, Plafon di Gedung B lantai 10 zona Timur mengalami kerusakan fatal, terbakar, perlu segera diperbaiki|Kerusakan disebabkan kurang perawatan, perlu dilakukan perbaikan dan pembersihan, biaya perbaikan sebesar Rp 23490000|Plafon|Gedung B|Lantai 10|Zona Timur|Arsitektur|Fatal|Kurang perawatan|Macet/tersumbat|23490000
Hai, Smoke Detector di Gedung E lantai 5 zona Selatan bgt rusak nih, nyetrum gk tau dmn asalnya, tolong dong cepat|Laporan teknis: kerusakan disebabkan kualitas material yang buruk, perlu diganti dengan komponen yang baru dan melakukan pengetesan ulang untuk memastikan keamanan|Smoke Detector|Gedung E|Lantai 5|Zona Selatan|Sistem Proteksi Kebakaran Aktif|Fatal|Kualitas material|Korsleting|23370000
Mohon bantuan, Smoke Detector di Gedung E lantai 5 zona Selatan mengalami kerusakan yang sangat parah, terbakar dan nyetrum, mohon segera ditangani|Laporan teknis: kerusakan disebabkan oleh kualitas material yang buruk, perlu dilakukan penggantian komponen dan pengetesan ulang untuk memastikan keamanan, biaya perbaikan diperkirakan sebesar|Smoke Detector|Gedung E|Lantai 5|Zona Selatan|Sistem Proteksi Kebakaran Aktif|Fatal|Kualitas material|Korsleting|23370000
Lampu Neon Sign di Gedung C lantai 8 zona Utara mati total bgt, gk nyala sama sekali, tolong dong|Lampu Neon Sign mengalami kerusakan karena kurang perawatan, perlu dilakukan perbaikan dan penggantian komponen|Lampu Neon Sign|Gedung C|Lantai 8|Zona Utara|Electrical|Berat|Kurang perawatan|Bunyi abnormal|3860000
Mohon perhatian, Lampu Neon Sign di Gedung C lantai 8 zona Utara mengalami kerusakan, tidak nyala sama sekali|Lampu Neon Sign mengalami kerusakan karena kurang perawatan, perlu dilakukan perbaikan dan penggantian komponen dengan biaya Rp 3860000|Lampu Neon Sign|Gedung C|Lantai 8|Zona Utara|Electrical|Berat|Kurang perawatan|Bunyi abnormal|3860000
Tolong dong Kamera CCTV di Gedung Parkir lantai 5 zona Timur rusak bgt, gk tau dmn letak kerusakannya, tp yg jelas kamera itu meledak dan bau gosong bgt, tolong cepat bgt, gk enak kalo gk ada kamera|Laporan teknisi: Kamera CCTV mengalami kerusakan parah akibat Tegangan tidak stabil, dilakukan perbaikan dengan mengganti komponen yang rusak dan memperbaiki sistem kelistrikan, biaya perbaikan sebesar Rp 22490000|Kamera CCTV|Gedung Parkir|Lantai 5|Zona Timur|Security Sistem|Fatal|Tegangan tidak stabil|Retak/pecah|22490000
Kamera CCTV di Gedung Parkir lantai 5 zona Timur mengalami kerusakan fatal, yaitu meledak dan terbakar, sehingga tidak dapat berfungsi dengan baik, mohon dilakukan perbaikan secepatnya|Laporan teknisi: Kamera CCTV mengalami kerusakan parah akibat Tegangan tidak stabil, dilakukan perbaikan dengan mengganti komponen yang rusak dan memperbaiki sistem kelistrikan|Kamera CCTV|Gedung Parkir|Lantai 5|Zona Timur|Security Sistem|Fatal|Tegangan tidak stabil|Retak/pecah|22490000
Tolong dong Monitor/Layar di Gedung B lantai 6 zona Timur rusak nih, bunyi pelan bgt, gk tau dmn letak kerusakannya, tp yg jelas kotor banget|Perbaikan dilakukan dengan membersihkan dan mengganti komponen yang terkena Korosi, serta pengecekan ulang untuk memastikan tidak ada getaran berlebihan|Monitor/Layar|Gedung B|Lantai 6|Zona Timur|Sistem Telekomunikasi Gedung|Ringan|Korosi|Getaran berlebihan|470000
Mohon bantuan untuk perbaikan Monitor/Layar di Gedung B lantai 6 zona Timur, karena mengalami getaran berlebihan dan bunyi pelan, mungkin disebabkan oleh Korosi|Perbaikan dilakukan dengan mengganti komponen yang rusak dan membersihkan area yang terkena Korosi, biaya perbaikan sebesar Rp 470000|Monitor/Layar|Gedung B|Lantai 6|Zona Timur|Sistem Telekomunikasi Gedung|Ringan|Korosi|Getaran berlebihan|470000
Gw butuh bantuan, LAN (Local Area Network) di Gedung D lantai 10 zona Timur rusak bgt, bunyi abnormal terus, gk tau dmn letak kerusakannya, tolong dong dibenerin yg cepet|Teknisi melakukan pengecekan dan perbaikan, menemukan bahwa tegangan tidak stabil sehingga menyebabkan bunyi abnormal, dilakukan penyetelan ulang dan penggantian komponen yang rusak|LAN (Local Area Network)|Gedung D|Lantai 10|Zona Timur|Sistem Telekomunikasi Gedung|Sedang|Tegangan tidak stabil|Bunyi abnormal|1070000
Lapor, LAN (Local Area Network) lt 10 Timur bermasalah|Teknisi melakukan analisis dan perbaikan, menemukan bahwa Tegangan tidak stabil menyebabkan kerusakan, dilakukan perbaikan dan penggantian komponen yang rusak|LAN (Local Area Network)|Gedung D|Lantai 10|Zona Timur|Sistem Telekomunikasi Gedung|Sedang|Tegangan tidak stabil|Bunyi abnormal|1070000
Mohon perhatian, kami mengalami kendala dengan LAN (Local Area Network) di Gedung D lantai 10 zona Timur, karena adanya bunyi abnormal yang mengganggu, mohon dibantu untuk perbaikan|Teknisi melakukan pengecekan dan perbaikan, menemukan bahwa tegangan tidak stabil menyebabkan bunyi abnormal, dilakukan penyetelan ulang dan penggantian komponen yang rusak dengan biaya perbaikan sebesar Rp 1070000|LAN (Local Area Network)|Gedung D|Lantai 10|Zona Timur|Sistem Telekomunikasi Gedung|Sedang|Tegangan tidak stabil|Bunyi abnormal|1070000
Tolong dong Lift Penumpang di Gedung D lantai 8 zona Timur rusak nih, gk bisa jalan sama sekali, bgt mogok, harap segera diperbaiki|Human error menyebabkan kerusakan, perlu dilakukan pengecekan dan perbaikan sistem|Lift Penumpang|Gedung D|Lantai 8|Zona Timur|Sistem Transportasi Gedung|Berat|Human error|Suhu tidak stabil|750000
Mohon periksa Lift Penumpang di Gedung D, lantai 8, zona Timur, karena mengalami kerusakan berat, tidak dapat beroperasi|Kerusakan disebabkan human error, dilakukan perbaikan sistem dan pengecekan untuk menghindari kerusakan berulang|Lift Penumpang|Gedung D|Lantai 8|Zona Timur|Sistem Transportasi Gedung|Berat|Human error|Suhu tidak stabil|750000
Tolong dong Automatic Transfer Switch (ATS Panel) di Gedung B lantai 10 zona Tengah rusak nih, bgt kotor dan kusam, gk tau penyebabnya, tolong diperbaiki yg cepat ya|Korosi pada komponen ATS Panel menyebabkan tampilan rusak, perlu dilakukan pembersihan dan penggantian komponen yang rusak|Automatic Transfer Switch (ATS Panel)|Gedung B|Lantai 10|Zona Tengah|Electrical|Ringan|Korosi|Tampilan rusak|240000
Mohon bantuan untuk memperbaiki Automatic Transfer Switch (ATS Panel) di Gedung B lantai 10 zona Tengah, karena terdapat kerusakan pada tampilan yang disebabkan oleh korosi, sehingga perlu dilakukan perbaikan untuk mengembalikan fungsinya|Korosi pada komponen ATS Panel menyebabkan tampilan rusak, perlu dilakukan pembersihan dan penggantian komponen yang rusak dengan biaya perbaikan sebesar|Automatic Transfer Switch (ATS Panel)|Gedung B|Lantai 10|Zona Tengah|Electrical|Ringan|Korosi|Tampilan rusak|240000
Tolong dong Hydrant Box di Gedung Servis lantai 3 zona Barat rusak nih, gk tau dmn salahnya, bgt berisik banget, netes air terus|Ditemukan kerusakan pada Hydrant Box akibat aus normal, dilakukan perbaikan dengan mengganti komponen yang rusak|Hydrant Box|Gedung Servis|Lantai 3|Zona Barat|Sistem Pemadam Kebakaran|Sedang|Aus normal|Aus/abrasi|770000
Mohon periksa Hydrant Box di Gedung Servis lantai 3 zona Barat, karena mengalami kerusakan, yaitu netes air dan berisik banget|Diperlukan perbaikan pada Hydrant Box akibat aus normal, dengan mengganti komponen yang rusak, biaya perbaikan sebesar Rp 770000|Hydrant Box|Gedung Servis|Lantai 3|Zona Barat|Sistem Pemadam Kebakaran|Sedang|Aus normal|Aus/abrasi|770000
Tolong dong Plafon Gypsum / GRC di Gedung E lantai 5 zona Timur rusak nih, gk tau knp tiba2 mati gitu bgt, yg penting dibenerin dmn|Perbaikan dilakukan dengan membersihkan debu/kotoran yang menyumbat, kemudian dilakukan pengecekan ulang untuk memastikan kerusakan tidak terjadi lagi|Plafon Gypsum / GRC|Gedung E|Lantai 5|Zona Timur|Arsitektur|Sedang|Debu/kotoran|Mati mendadak|1070000
Mohon bantuan untuk memperbaiki Plafon Gypsum / GRC di Gedung E lantai 5 zona Timur, karena mengalami kerusakan mati mendadak|Tindakan perbaikan meliputi pembersihan debu/kotoran dan pengecekan ulang untuk memastikan kerusakan tidak terjadi lagi, biaya perbaikan sebesar Rp 1070000|Plafon Gypsum / GRC|Gedung E|Lantai 5|Zona Timur|Arsitektur|Sedang|Debu/kotoran|Mati mendadak|1070000
Tolong dong AC Split di Gedung Utama lantai 16 zona Selatan rusak bgt, netes air terus, gk tau dmn letak kerusakannya, tolong bantu yg, dmn ada teknisi nya?|Getaran pada komponen AC Split menyebabkan korsleting, perbaikan dilakukan dengan mengganti komponen yang rusak dan menjalankan tes untuk memastikan AC Split berfungsi dengan baik, biaya perbaikan sebesar Rp 1040000|AC Split|Gedung Utama|Lantai 16|Zona Selatan|Mechanical|Sedang|Getaran|Korsleting|1040000
Mohon bantuan untuk memperbaiki AC Split di Gedung Utama lantai 16 zona Selatan, karena mengalami kerusakan berupa netes air terus, sehingga mengganggu aktifitas, terima kasih|Getaran pada komponen AC Split menyebabkan korsleting, perbaikan dilakukan dengan mengganti komponen yang rusak dan menjalankan tes untuk memastikan AC Split berfungsi dengan baik|AC Split|Gedung Utama|Lantai 16|Zona Selatan|Mechanical|Sedang|Getaran|Korsleting|1040000
Gue butuh bantuan dmn, Lantai Keramik di Gedung Parkir lantai 3 zona Selatan bgt rusak parah bgt, kayaknya terbakar atau apa gitu, gk tau deh, tolong dong segera|Lantai Keramik mengalami kerusakan parah akibat Faktor lingkungan, perlu dilakukan perbaikan segera dengan mengganti komponen yang rusak|Lantai Keramik|Gedung Parkir|Lantai 3|Zona Selatan|Civil|Fatal|Faktor lingkungan|Aus/abrasi|29140000
Mohon bantuan, Lantai Keramik di Gedung Parkir lantai 3 zona Selatan mengalami kerusakan yang sangat parah, seperti terbakar, mohon segera ditangani oleh tim teknisi|Laporan teknisi: Kerusakan Lantai Keramik disebabkan oleh Faktor lingkungan, perlu dilakukan perbaikan dengan mengganti komponen yang rusak, biaya perbaikan diperkirakan sebesar Rp 29140000|Lantai Keramik|Gedung Parkir|Lantai 3|Zona Selatan|Civil|Fatal|Faktor lingkungan|Aus/abrasi|29140000
Tolong dong Monitor/Layar di Gedung D lantai 3 zona Selatan nyetrum bgt, gk tau dmn letak masalahnya, tp yg jelas rusak parah banget!|Laporan teknisi: Human error menyebabkan tekanan tidak stabil, dilakukan perbaikan dengan mengganti komponen yang rusak|Monitor/Layar|Gedung D|Lantai 3|Zona Selatan|Sistem Telekomunikasi Gedung|Fatal|Human error|Tekanan tidak stabil|48160000
Mohon bantuan, Monitor/Layar di Gedung D lantai 3 zona Selatan mengalami kerusakan fatal akibat human error, sehingga menyebabkan tekanan tidak stabil dan tidak dapat digunakan|Laporan teknisi: Human error menyebabkan tekanan tidak stabil, dilakukan perbaikan dengan mengganti komponen yang rusak dan pengecekan rutin, biaya perbaikan sebesar Rp 48160000|Monitor/Layar|Gedung D|Lantai 3|Zona Selatan|Sistem Telekomunikasi Gedung|Fatal|Human error|Tekanan tidak stabil|48160000
Tolong dong Amplifier di Gedung Utama lantai 16 zona Barat rusak nih, bunyi pelan bgt, gk tau dmn letak masalahnya, tolong bantu ya|Kerusakan akibat kurang perawatan, dilakukan pembersihan dan pengecekan komponen, biaya perbaikan sebesar Rp 50000|Amplifier|Gedung Utama|Lantai 16|Zona Barat|Sistem Telekomunikasi Gedung|Ringan|Kurang perawatan|Overheat|50000
Amplifier di Gedung Utama lantai 16 zona Barat mengalami kerusakan, gejalanya adalah bunyi pelan, mohon untuk segera diperbaiki|Kerusakan akibat kurang perawatan, dilakukan pembersihan dan pengecekan komponen, biaya perbaikan sebesar Rp 50000|Amplifier|Gedung Utama|Lantai 16|Zona Barat|Sistem Telekomunikasi Gedung|Ringan|Kurang perawatan|Overheat|50000
Tolong dong Plafon di Gedung Utama lantai 13 zona Timur rusak nih, bgt berisik banget dan netes air, gk tahu dmn letak kerusakannya, tolong bantu perbaiki|Kerusakan pada Plafon disebabkan oleh Kurang perawatan, perlu dilakukan pembersihan dan penggantian komponen yang rusak|Plafon|Gedung Utama|Lantai 13|Zona Timur|Arsitektur|Sedang|Kurang perawatan|Tekanan tidak stabil|860000
Plafon di Gedung Utama lantai 13 zona Timur mengalami kerusakan, gejala yang terjadi adalah netes air dan berisik, mohon untuk segera diperbaiki|Kerusakan pada Plafon disebabkan oleh Kurang perawatan, perlu dilakukan perbaikan segera untuk mengatasi masalah tekanan tidak stabil dengan biaya perbaikan sebesar|Plafon|Gedung Utama|Lantai 13|Zona Timur|Arsitektur|Sedang|Kurang perawatan|Tekanan tidak stabil|860000
Tolong dong Pintu Kaca Hidrolik di Gedung A lantai 11 zona Timur rusak bgt, terdengar bunyi abnormal yg gk biasa dmn biasanya normal, tolong bantu segera!|Pintu Kaca Hidrolik mengalami kerusakan akibat Overload, perlu dilakukan perbaikan dengan mengganti komponen yang rusak|Pintu Kaca Hidrolik|Gedung A|Lantai 11|Zona Timur|Arsitektur|Fatal|Overload|Bunyi abnormal|29260000
Mohon bantuan untuk perbaikan Pintu Kaca Hidrolik di Gedung A lantai 11 zona Timur, karena terdengar bunyi abnormal dan tidak berfungsi dengan normal, kami khawatir akan terjadi kecelakaan|Pintu Kaca Hidrolik mengalami kerusakan akibat Overload, perlu dilakukan perbaikan dengan mengganti komponen yang rusak dan melakukan pengecekan rutin|Pintu Kaca Hidrolik|Gedung A|Lantai 11|Zona Timur|Arsitektur|Fatal|Overload|Bunyi abnormal|29260000
Tolong dong Jet Shower di Gedung A lantai 11 zona Timur rusak nih, mungkin yg bgt kotor atau berdebu gk tau dmn letak masalahnya|Overload pada sistem plumbing menyebabkan koneksi terputus, perlu dilakukan pembersihan dan pengecekan ulang|Jet Shower|Gedung A|Lantai 11|Zona Timur|Plumbing|Ringan|Overload|Koneksi terputus|350000
Lapor, Jet Shower di lantai 11 Timur Gedung A rusak|Perbaikan dilakukan dengan mengganti komponen yang rusak dan membersihkan sistem, biaya perbaikan sebesar Rp 350000|Jet Shower|Gedung A|Lantai 11|Zona Timur|Plumbing|Ringan|Overload|Koneksi terputus|350000
Jet Shower di Gedung A, lantai 11, zona Timur, mengalami kerusakan, mungkin disebabkan oleh kotoran atau debu, tolong ditangani|Kerusakan disebabkan oleh overload, dilakukan perbaikan dengan mengganti komponen yang rusak dan membersihkan sistem, dengan biaya perbaikan Rp 350000|Jet Shower|Gedung A|Lantai 11|Zona Timur|Plumbing|Ringan|Overload|Koneksi terputus|350000
Lift Table di Gedung D lantai 8 zona Selatan rusak nih, bunyi pelan bgt, gk tau dmn salahnya, tolong dong dibenerin yg, Lift Table Generic|Perbaikan dilakukan dengan memeriksa dan mengganti komponen yang rusak akibat faktor lingkungan, kemudian dilakukan kalibrasi ulang untuk memastikan tekanan stabil|Lift Table|Gedung D|Lantai 8|Zona Selatan|Sistem Transportasi Gedung|Ringan|Faktor lingkungan|Tekanan tidak stabil|4600000
Mohon bantuan untuk perbaikan Lift Table di Gedung D lantai 8 zona Selatan, karena mengalami tekanan tidak stabil dan bunyi pelan, mohon dilakukan perbaikan secepatnya|Perbaikan dilakukan dengan memeriksa dan mengganti komponen yang rusak akibat faktor lingkungan, kemudian dilakukan kalibrasi ulang untuk memastikan tekanan stabil dengan biaya perbaikan Rp 4600000|Lift Table|Gedung D|Lantai 8|Zona Selatan|Sistem Transportasi Gedung|Ringan|Faktor lingkungan|Tekanan tidak stabil|4600000
Tolong dong AC Split di Gedung D lantai 4 zona Barat rusak bgt, bahkan meledak gk tau dmn asalnya, tolong bantu yg, bgt|Laporan teknis: Overload pada sistem pendingin, dilakukan perbaikan dan penggantian komponen yang rusak|AC Split|Gedung D|Lantai 4|Zona Barat|Mechanical|Fatal|Overload|Bunyi abnormal|6140000
Mohon bantuan untuk memperbaiki AC Split di Gedung D lantai 4 zona Barat, karena terjadi kebocoran yang menyebabkan bunyi abnormal dan berakhir dengan meledak, mohon segera ditangani|Laporan teknis: Overload pada sistem pendingin, dilakukan perbaikan dan penggantian komponen yang rusak dengan biaya perbaikan sebesar Rp 6140000|AC Split|Gedung D|Lantai 4|Zona Barat|Mechanical|Fatal|Overload|Bunyi abnormal|6140000
Gedung B lantai 2 zona Selatan APAR Wet Chemicalnya bocor deras bgt, gk tau dmn masalahnya, tolong dong cepat!|Laporan teknis: Korosi pada komponen APAR Wet Chemical, perlu dilakukan penggantian komponen dan perawatan rutin, biaya perbaikan sebesar 12590000|APAR Wet Chemical|Gedung B|Lantai 2|Zona Selatan|Sistem Pemadam Kebakaran|Fatal|Korosi|Performa menurun|12590000
Mohon bantuan, APAR Wet Chemical di Gedung B lantai 2 zona Selatan mengalami kerusakan parah karena korosi, sehingga menyebabkan kebocoran yang cukup parah|Laporan teknis: Korosi pada komponen APAR Wet Chemical, perlu dilakukan penggantian komponen dan perawatan rutin|APAR Wet Chemical|Gedung B|Lantai 2|Zona Selatan|Sistem Pemadam Kebakaran|Fatal|Korosi|Performa menurun|12590000
Tolong dong Lampu LED Downlight di Gedung D lantai 5 zona Timur rusak bgt, gk nyala sama sekali, yg bisa bantu?|Lampu LED Downlight mengalami kerusakan akibat kelembaban tinggi, sehingga menyebabkan retak/pecah, perlu dilakukan penggantian komponen|Lampu LED Downlight|Gedung D|Lantai 5|Zona Timur|Electrical|Berat|Kelembaban tinggi|Retak/pecah|2640000
Lampu LED Downlight di Gedung D lantai 5 zona Timur tidak berfungsi dengan baik, kemungkinan disebabkan oleh kelembaban tinggi, sehingga perlu dilakukan perbaikan|Lampu LED Downlight mengalami kerusakan akibat kelembaban tinggi, sehingga menyebabkan retak/pecah, perlu dilakukan penggantian komponen dengan biaya Rp 2640000|Lampu LED Downlight|Gedung D|Lantai 5|Zona Timur|Electrical|Berat|Kelembaban tinggi|Retak/pecah|2640000
Tolong dong PABX di Gedung A lantai 4 zona Barat rusak nih, bgt, kedap-kedip terus, gk tau dmn letak kerusakannya, tolong bantu yaaa|Teknisi menemukan kerusakan pada PABX di Gedung Gedung A lantai 4 zona Barat, penyebabnya adalah Aus normal, sehingga perlu dilakukan perbaikan pada komponen yang rusak|PABX|Gedung A|Lantai 4|Zona Barat|Sistem Telekomunikasi Gedung|Sedang|Aus normal|Lampu mati|2190000
Mohon bantuan untuk memperbaiki PABX yang terletak di Gedung A lantai 4 zona Barat, karena PABX tersebut mengalami kerusakan berupa lampu yang mati, sehingga tidak dapat digunakan|Teknisi melakukan analisis dan menemukan bahwa kerusakan pada PABX disebabkan oleh Aus normal, sehingga dilakukan perbaikan pada komponen yang rusak dengan biaya perbaikan sebesar 2190000|PABX|Gedung A|Lantai 4|Zona Barat|Sistem Telekomunikasi Gedung|Sedang|Aus normal|Lampu mati|2190000
Tolong dong Lampu LED Bulb di Gedung E lantai 2 zona Barat tiba-tiba meledak bgt, gk tau knp, yg penting diperbaiki secepatnya|Laporan teknisi: Kerusakan disebabkan oleh Kualitas material yang buruk, perlu dilakukan penggantian komponen dan pengecekan ulang, biaya perbaikan sebesar Rp 25990000|Lampu LED Bulb|Gedung E|Lantai 2|Zona Barat|Electrical|Fatal|Kualitas material|Tekanan tidak stabil|25990000
Mohon perbaikan Lampu LED Bulb di Gedung E lantai 2 zona Barat, karena tiba-tiba terbakar dan tidak dapat digunakan, mohon dicek segera|Laporan teknisi: Kerusakan disebabkan oleh Kualitas material yang buruk, perlu dilakukan penggantian komponen dan pengecekan ulang|Lampu LED Bulb|Gedung E|Lantai 2|Zona Barat|Electrical|Fatal|Kualitas material|Tekanan tidak stabil|25990000
Tolong dong AC Cassette di Gedung D lantai 10 zona Timur rusak nih, bunyi pelan bgt, gk tau dmn letak masalahnya, yg jelas kusam banget, tolong bantu perbaiki ya|Laporan teknisi: AC Cassette mengalami penurunan performa karena faktor lingkungan, perlu dibersihkan dan diperiksa secara menyeluruh, biaya perbaikan sebesar Rp 260000|AC Cassette|Gedung D|Lantai 10|Zona Timur|Mechanical|Ringan|Faktor lingkungan|Performa menurun|260000
Mohon bantuan untuk memperbaiki AC Cassette yang terletak di Gedung D, lantai 10, zona Timur, karena mengalami penurunan performa dan bunyi pelan, saya tidak mengetahui penyebab pastinya|Laporan teknisi: AC Cassette mengalami penurunan performa karena faktor lingkungan, perlu dibersihkan dan diperiksa secara menyeluruh, biaya perbaikan sebesar Rp 260000|AC Cassette|Gedung D|Lantai 10|Zona Timur|Mechanical|Ringan|Faktor lingkungan|Performa menurun|260000
Tolong dong AC Split di Gedung Parkir lantai 2 zona Barat rusak bgt, berisik banget, yg bikin gk nyaman dmn kita kerja!|AC Split mengalami overload, dilakukan perbaikan dengan mengganti komponen yang rusak dan pengecekan ulang sistem|AC Split|Gedung Parkir|Lantai 2|Zona Barat|Mechanical|Sedang|Overload|Bunyi abnormal|1510000
Mohon perhatian, terdapat kendala pada AC Split yang terletak di Gedung Parkir lantai 2 zona Barat, menimbulkan bunyi abnormal yang mengganggu|Dilakukan analisis dan perbaikan pada AC Split yang mengalami overload, biaya perbaikan sebesar Rp 1510000|AC Split|Gedung Parkir|Lantai 2|Zona Barat|Mechanical|Sedang|Overload|Bunyi abnormal|1510000
Gedung Servis lantai 3 zona Utara AHU-nya mati total bgt, gk tau dmn letak masalahnya, tolong dong bantu perbaiki ya!|Ditemukan masalah tekanan tidak stabil pada AHU di Gedung Servis lantai 3 zona Utara, kemungkinan disebabkan oleh Debu/kotoran, dilakukan pembersihan dan perawatan untuk mengembalikan tekanan stabil, biaya perbaikan sebesar 4710000|AHU|Gedung Servis|Lantai 3|Zona Utara|Mechanical|Berat|Debu/kotoran|Tekanan tidak stabil|4710000
Mohon bantuan untuk memperbaiki AHU di Gedung Servis lantai 3 zona Utara, karena AHU tersebut mengalami mogok dan tidak berfungsi dengan baik, terima kasih.|Setelah dilakukan pemeriksaan, ditemukan bahwa kerusakan pada AHU disebabkan oleh Debu/kotoran yang menyumbat sistem, sehingga menyebabkan tekanan tidak stabil, dilakukan perawatan dan pembersihan untuk mengembalikan fungsi AHU, dengan biaya perbaikan sebesar 4710000|AHU|Gedung Servis|Lantai 3|Zona Utara|Mechanical|Berat|Debu/kotoran|Tekanan tidak stabil|4710000
Tolong dong Dinding Partisi, GRC / Gypsum di Gedung Servis lantai 1 zona Utara rusak nih, netes air terus bgt, gk tau dmn letak kerusakannya, tolong bantu perbaiki ya|Dinding Partisi, GRC / Gypsum mengalami kerusakan akibat Aus normal, dilakukan perbaikan dengan mengganti komponen yang rusak|Dinding Partisi, GRC / Gypsum|Gedung Servis|Lantai 1|Zona Utara|Civil|Sedang|Aus normal|Overheat|850000
Mohon perhatian, Dinding Partisi, GRC / Gypsum di Gedung Servis lantai 1 zona Utara mengalami kerusakan yang menyebabkan netes air, mohon dilakukan perbaikan secepatnya|Dinding Partisi, GRC / Gypsum mengalami kerusakan akibat Aus normal, dilakukan perbaikan dengan mengganti komponen yang rusak, biaya perbaikan sebesar Rp 850000|Dinding Partisi, GRC / Gypsum|Gedung Servis|Lantai 1|Zona Utara|Civil|Sedang|Aus normal|Overheat|850000
Lampu Downlight di Gedung B lantai 10 zona Barat rusak nih, bgt berisik banget, yg bikin gk nyaman, tolong dong diperbaiki secepatnya!|Lampu Downlight mengalami korsleting akibat getaran, perlu dilakukan perbaikan dengan mengganti komponen yang rusak|Lampu Downlight|Gedung B|Lantai 10|Zona Barat|Electrical|Sedang|Getaran|Korsleting|450000
Mohon perbaikan atas Lampu Downlight di Gedung B lantai 10 zona Barat, karena mengalami gangguan berisik yang mengganggu aktivitas, terima kasih|Lampu Downlight mengalami korsleting akibat getaran, perlu dilakukan perbaikan dengan mengganti komponen yang rusak dan memastikan keamanan|Lampu Downlight|Gedung B|Lantai 10|Zona Barat|Electrical|Sedang|Getaran|Korsleting|450000
Tolong dong LVMDP di Gedung Parkir lantai 3 zona Tengah rusak nih, kedap-kedip terus bgt, gk tahu dmn masalahnya, tolong bantu ya!|Tegangan tidak stabil menyebabkan kerusakan, perbaikan dilakukan dengan mengganti komponen yang rusak dan menstabilkan tegangan|LVMDP|Gedung Parkir|Lantai 3|Zona Tengah|Electrical|Sedang|Tegangan tidak stabil|Retak/pecah|550000
Mohon bantuan untuk LVMDP di Gedung Parkir lantai 3 zona Tengah yang mengalami kerusakan, gejalanya adalah kedap-kedip dan berisik, tolong dicek dan diperbaiki secepatnya|Tegangan tidak stabil menyebabkan kerusakan, perbaikan dilakukan dengan mengganti komponen yang rusak dan menstabilkan tegangan, biaya perbaikan sebesar Rp 550000|LVMDP|Gedung Parkir|Lantai 3|Zona Tengah|Electrical|Sedang|Tegangan tidak stabil|Retak/pecah|550000
Tolong dong Lampu TL LED di Gedung A lantai 9 zona Timur rusak nih, bgt kotor dan kusam, gk tahu dmn masalahnya, yg penting dibenerin|Lampu TL LED mengalami tekanan tidak stabil karena kurang perawatan, perlu dilakukan pembersihan dan pengecekan komponen, biaya perbaikan sebesar Rp 290000|Lampu TL LED|Gedung A|Lantai 9|Zona Timur|Electrical|Ringan|Kurang perawatan|Tekanan tidak stabil|290000
Mohon perhatian, terdapat kerusakan pada Lampu TL LED di Gedung A lantai 9 zona Timur, kondisinya kusam dan berdebu, mohon segera dilakukan perbaikan|Lampu TL LED mengalami tekanan tidak stabil karena kurang perawatan, perlu dilakukan pembersihan dan pengecekan komponen, biaya perbaikan sebesar Rp 290000|Lampu TL LED|Gedung A|Lantai 9|Zona Timur|Electrical|Ringan|Kurang perawatan|Tekanan tidak stabil|290000
Tolong dong Jockey Pump di Gedung Utama lantai 18 zona Utara rusak nih, gk tau dmn letak masalahnya, bgt, yg jelas bunyi pelan banget|Diperlukan perbaikan karena getaran berlebihan, dilakukan penyetelan ulang dan pembersihan|Jockey Pump|Gedung Utama|Lantai 18|Zona Utara|Sistem Pemadam Kebakaran|Ringan|Getaran|Getaran berlebihan|50000
Mohon periksa Jockey Pump di Gedung Utama lantai 18 zona Utara, karena mengalami getaran yang berlebihan menyebabkan bunyi pelan|Diperlukan perbaikan karena getaran berlebihan, dilakukan penyetelan ulang dan pembersihan dengan biaya perbaikan sebesar Rp 50000|Jockey Pump|Gedung Utama|Lantai 18|Zona Utara|Sistem Pemadam Kebakaran|Ringan|Getaran|Getaran berlebihan|50000
Gedung D lantai 3 zona Utara, Dinding Tembok/Mansonry-nya bocor deras bgt, tolong dong, gk tahu dmn masalahnya|Dinding Tembok/Mansonry mengalami kerusakan akibat Aus normal, perlu dilakukan perbaikan dengan mengganti komponen yang rusak|Dinding Tembok/Mansonry|Gedung D|Lantai 3|Zona Utara|Civil|Fatal|Aus normal|Bunyi abnormal|4290000
Dengan hormat, saya melaporkan kerusakan Dinding Tembok/Mansonry di Gedung D lantai 3 zona Utara, kondisinya sangat parah, terdengar bunyi ledakan, mohon segera ditangani|Dinding Tembok/Mansonry mengalami kerusakan akibat Aus normal, perlu dilakukan perbaikan segera dengan mengganti komponen yang rusak, biaya perbaikan diperkirakan Rp 4290000|Dinding Tembok/Mansonry|Gedung D|Lantai 3|Zona Utara|Civil|Fatal|Aus normal|Bunyi abnormal|4290000
Tolong dong Pompa Boster di Gedung Utama lantai 16 zona Selatan meledak bgt, gk tau dmn masalahnya, tp bocor deras bgt, tolong cepat bgt|Pompa Boster Grundfos mengalami overload, perlu pengecekan dan perbaikan segera untuk menghindari kerusakan lebih lanjut|Pompa Boster|Gedung Utama|Lantai 16|Zona Selatan|Mechanical|Fatal|Overload|Tekanan tidak stabil|50000
Mohon bantuan, Pompa Boster di Gedung Utama lantai 16 zona Selatan mengalami kerusakan fatal, nyetrum dan bau gosong, mohon segera ditangani|Pompa Boster Grundfos mengalami overload, perlu dilakukan perbaikan dan penggantian komponen yang rusak, biaya perbaikan sebesar Rp 50000|Pompa Boster|Gedung Utama|Lantai 16|Zona Selatan|Mechanical|Fatal|Overload|Tekanan tidak stabil|50000
Gd Gedung C lantai 4 zona Timur NVR IP Dahua rusak bgt, yg bikin gk bisa kerja dmn ada solusinya?|Overload pada sistem, dilakukan perbaikan dan penggantian komponen yang rusak serta pengecekan ulang untuk memastikan sistem berfungsi dengan baik, biaya perbaikan sebesar Rp 430000|NVR IP|Gedung C|Lantai 4|Zona Timur|Security Sistem|Sedang|Overload|Mati mendadak|430000
Mohon bantu perbaiki NVR IP di Gedung C lantai 4 zona Timur, karena terjadi kerusakan yang mengakibatkan mati mendadak, mohon segera ditangani.|Overload pada sistem, dilakukan perbaikan dan penggantian komponen yang rusak serta pengecekan ulang untuk memastikan sistem berfungsi dengan baik, biaya perbaikan sebesar Rp 430000|NVR IP|Gedung C|Lantai 4|Zona Timur|Security Sistem|Sedang|Overload|Mati mendadak|430000
Gue butuh bantuan, kamera CCTV di Gedung C lantai 5 zona Tengah rusak bgt, gk tahu dmn letak masalahnya, tp yg jelas kamera itu meledak pas kemarin, bgt|Getaran menyebabkan kerusakan, perlu dilakukan pembersihan dan penggantian komponen yang rusak|Kamera CCTV|Gedung C|Lantai 5|Zona Tengah|Security Sistem|Fatal|Getaran|Aliran lemah|41950000
Mohon bantuan untuk memperbaiki kamera CCTV yang terletak di Gedung C lantai 5 zona Tengah, karena kamera tersebut mengalami kerusakan yang cukup parah, yaitu meledak, sehingga memerlukan perhatian segera|Getaran menyebabkan kerusakan, perlu dilakukan pembersihan dan penggantian komponen yang rusak, dengan biaya perbaikan sebesar|Kamera CCTV|Gedung C|Lantai 5|Zona Tengah|Security Sistem|Fatal|Getaran|Aliran lemah|41950000
Gedung C lantai 6 zona Utara pintu kayu/HPL nya bermasalah bgt, gk bisa dibuka dmn ada yg bisa bantu?|Kerusakan pada pintu kayu/HPL di Gedung C lantai 6 zona Utara disebabkan oleh kurang perawatan, perlu dilakukan perbaikan dengan mengganti koneksi yang terputus|Pintu Kayu/HPL|Gedung C|Lantai 6|Zona Utara|Arsitektur|Sedang|Kurang perawatan|Koneksi terputus|1020000
Mohon bantu perbaiki pintu kayu/HPL di Gedung C lantai 6 zona Utara yang mengalami masalah koneksi terputus, terima kasih|Laporan teknis: Kerusakan pada pintu kayu/HPL di Gedung C lantai 6 zona Utara disebabkan oleh kurang perawatan, perlu dilakukan perbaikan segera dengan mengganti koneksi yang terputus, biaya perbaikan diperkirakan sebesar 1020000|Pintu Kayu/HPL|Gedung C|Lantai 6|Zona Utara|Arsitektur|Sedang|Kurang perawatan|Koneksi terputus|1020000
Tolong dong Jet Pump di Gedung E lantai 5 zona Tengah rusak nih, bgt, gk tau dmn salahnya, tapi yg jelas Jet Pumpnya mogok total!|Debu/kotoran menyebabkan kerusakan, dilakukan pembersihan dan penggantian komponen yang rusak|Jet Pump|Gedung E|Lantai 5|Zona Tengah|Distribusi Air|Berat|Debu/kotoran|Aus/abrasi|4870000
Mohon bantuan untuk memperbaiki Jet Pump di Gedung E lantai 5 zona Tengah, karena sudah tidak berfungsi dengan baik|Perbaikan dilakukan dengan membersihkan Debu/kotoran dan mengganti komponen yang rusak, biaya perbaikan sebesar Rp 4870000|Jet Pump|Gedung E|Lantai 5|Zona Tengah|Distribusi Air|Berat|Debu/kotoran|Aus/abrasi|4870000
Tolong dong Kamera CCTV di Gedung Utama lantai 3 zona Barat rusak bgt, gk tau dmn letak masalahnya, tp yg jelas kamera ini mati total, bgt|Diperlukan perbaikan karena Faktor lingkungan yang menyebabkan aus/abrasi, perlu dilakukan penggantian komponen|Kamera CCTV|Gedung Utama|Lantai 3|Zona Barat|Security Sistem|Berat|Faktor lingkungan|Aus/abrasi|8260000
Mohon bantuan untuk memperbaiki Kamera CCTV yang terletak di Gedung Utama lantai 3 zona Barat, karena kamera tersebut tidak nyala sama sekali, kemungkinan disebabkan oleh Faktor lingkungan|Diperlukan tindakan perbaikan untuk mengatasi masalah aus/abrasi yang disebabkan oleh Faktor lingkungan, dengan biaya perbaikan sebesar Rp 8260000|Kamera CCTV|Gedung Utama|Lantai 3|Zona Barat|Security Sistem|Berat|Faktor lingkungan|Aus/abrasi|8260000
Tolong dong AC Split di Gedung A lantai 8 zona Selatan bgt rusak parah bgt, udah gk bisa nyala lagi, kayaknya meledak gitu!|_human error, perlu penggantian komponen|AC Split|Gedung A|Lantai 8|Zona Selatan|Mechanical|Fatal|Human error|Performa menurun|15140000
Mohon bantuannya, saya ingin melaporkan bahwa AC Split di Gedung A lantai 8 zona Selatan mengalami kerusakan fatal, yaitu terbakar, sehingga perlu dilakukan perbaikan segera|Human error, perlu perbaikan dan penggantian komponen|AC Split|Gedung A|Lantai 8|Zona Selatan|Mechanical|Fatal|Human error|Performa menurun|15140000
Tolong dong FCU di Gedung C lantai 6 zona Selatan rusak bgt, yg benerin gk ada dmn-mnm, tolong cepat bgt!|FCU mengalami overload, dilakukan perbaikan dan penggantian komponen yang rusak|FCU|Gedung C|Lantai 6|Zona Selatan|Mechanical|Berat|Overload|Suhu tidak stabil|2390000
Mohon bantuan untuk memperbaiki FCU di Gedung C lantai 6 zona Selatan, karena FCU tersebut telah mati total.|FCU mengalami overload, sehingga menyebabkan suhu tidak stabil, dilakukan perbaikan dan penggantian komponen yang rusak dengan biaya Rp 2390000|FCU|Gedung C|Lantai 6|Zona Selatan|Mechanical|Berat|Overload|Suhu tidak stabil|2390000
Tolong dong Monitor/Layar di Gedung E lantai 4 zona Selatan bgt rusak nih, kayaknya meledak gk Tau dmn awalnya|Kerusakan ini disebabkan oleh Overload, tindakan perbaikan meliputi penggantian komponen yang rusak dan pengecekan sistem secara menyeluruh, biaya perbaikan sebesar Rp 46770000|Monitor/Layar|Gedung E|Lantai 4|Zona Selatan|Sistem Telekomunikasi Gedung|Fatal|Overload|Korsleting|46770000
Mohon perhatian, Monitor/Layar di Gedung E lantai 4 zona Selatan mengalami kerusakan parah, nyetrum, mohon segera ditangani|Kerusakan ini disebabkan oleh Overload, tindakan perbaikan meliputi penggantian komponen yang rusak dan pengecekan sistem secara menyeluruh|Monitor/Layar|Gedung E|Lantai 4|Zona Selatan|Sistem Telekomunikasi Gedung|Fatal|Overload|Korsleting|46770000
Tolong dong Sprinkler Otomatis di Gedung Parkir lantai 1 zona Selatan rusak nih, bgt berisik banget dan netes air terus, gk tahu dmn letak kerusakannya, tolong bantu ya!|Ditemukan kerusakan pada sistem sprinkler otomatis, penyebabnya adalah aus normal, dilakukan perbaikan dan penggantian komponen yang rusak|Sprinkler Otomatis|Gedung Parkir|Lantai 1|Zona Selatan|Sistem Pemadam Kebakaran|Sedang|Aus normal|Aus/abrasi|900000
Mohon bantuan untuk memperbaiki Sprinkler Otomatis yang terletak di Gedung Parkir lantai 1 zona Selatan, karena mengalami kerusakan yang menyebabkan kebocoran air dan bunyi berisik|Setelah dilakukan analisis, ditemukan bahwa kerusakan disebabkan oleh aus normal, sehingga dilakukan perbaikan dan penggantian komponen yang rusak untuk mengembalikan fungsi sprinkler|Sprinkler Otomatis|Gedung Parkir|Lantai 1|Zona Selatan|Sistem Pemadam Kebakaran|Sedang|Aus normal|Aus/abrasi|900000
Tolong dong Uninterruptible Power Supply di Gedung C lantai 7 zona Barat rusak bgt, meledak gitu, gk tahu dmn masalahnya, tp yg jelas listriknya sering nyetrum, bgt!|Laporan teknisi: Kualitas material yang buruk menyebabkan kerusakan, perlu diganti dengan komponen yang lebih baik, dengan biaya perbaikan sebesar Rp 35950000|Uninterruptible Power Supply|Gedung C|Lantai 7|Zona Barat|Electrical|Fatal|Kualitas material|Aliran lemah|35950000
Uninterruptible Power Supply di Gedung C lantai 7 zona Barat mengalami masalah yang sangat serius, yaitu meledak dan terbakar, sehingga memerlukan perhatian segera|Laporan teknisi: Kualitas material yang buruk menyebabkan kerusakan, perlu diganti dengan komponen yang lebih baik, dengan biaya perbaikan yang cukup besar|Uninterruptible Power Supply|Gedung C|Lantai 7|Zona Barat|Electrical|Fatal|Kualitas material|Aliran lemah|35950000
Gd Gedung Utama lantai 19 zona Tengah APAR Dry Powder Cartridge-nya mati total bgt, gk bisa digunakan lagi, tolong dong diperbaiki secepatnya!|Getaran yang terjadi pada APAR Dry Powder Cartridge menyebabkan tampilan rusak, perlu dilakukan pembersihan dan penggantian komponen yang rusak|APAR Dry Powder Cartridge|Gedung Utama|Lantai 19|Zona Tengah|Sistem Pemadam Kebakaran|Berat|Getaran|Tampilan rusak|5100000
Mohon periksa APAR Dry Powder Cartridge di Gedung Utama lantai 19 zona Tengah, karena sudah mati total dan tidak bisa digunakan, terima kasih|APAR Dry Powder Cartridge mengalami kerusakan tampilan akibat getaran, perlu dilakukan perbaikan dengan mengganti komponen yang rusak, biaya perbaikan sebesar Rp 5100000|APAR Dry Powder Cartridge|Gedung Utama|Lantai 19|Zona Tengah|Sistem Pemadam Kebakaran|Berat|Getaran|Tampilan rusak|5100000
Tolong dong LVMDP di Gedung Parkir lantai 1 zona Timur rusak nih, bgt, yg bikin kusam gitu, dmn salahnya sih, gk tau deh|Perbaikan dilakukan dengan mengatasi Overload pada koneksi, sehingga koneksi dapat berfungsi kembali|LVMDP|Gedung Parkir|Lantai 1|Zona Timur|Electrical|Ringan|Overload|Koneksi terputus|270000
Mohon bantuan untuk memperbaiki LVMDP yang terletak di Gedung Parkir lantai 1 zona Timur, karena LVMDP tersebut mengalami kerusakan pada koneksi|Perbaikan LVMDP dilakukan dengan mengatasi kerusakan koneksi yang disebabkan oleh Overload, sehingga LVMDP dapat berfungsi dengan normal kembali, dengan biaya perbaikan|LVMDP|Gedung Parkir|Lantai 1|Zona Timur|Electrical|Ringan|Overload|Koneksi terputus|270000
Tolong dong Lampu LED Downlight di Gedung D lantai 11 zona Selatan rusak nih, gk tau dmn letak kerusakannya, tpi lampunya kusam bgt, yg penting dicek secepatnya|Laporan teknisi: Korosi pada bagian lampu, perlu dilakukan pembersihan dan penggantian komponen yang rusak, biaya perbaikan sebesar Rp 570000|Lampu LED Downlight|Gedung D|Lantai 11|Zona Selatan|Electrical|Ringan|Korosi|Aus/abrasi|570000
Mohon bantuan untuk memperbaiki Lampu LED Downlight yang terletak di Gedung D lantai 11 zona Selatan, karena lampu tersebut telah mengalami kerusakan ringan berupa kusam dan bunyi pelan|Laporan teknisi: Setelah melakukan inspeksi, ditemukan bahwa kerusakan disebabkan oleh korosi, kemudian dilakukan pembersihan dan penggantian komponen yang rusak, dengan biaya perbaikan Rp 570000|Lampu LED Downlight|Gedung D|Lantai 11|Zona Selatan|Electrical|Ringan|Korosi|Aus/abrasi|570000
Tolong dong Smoke Detector di Gedung Servis lantai 1 zona Utara rusak bgt, gk nyala sama sekali, tolong bantu, dmn bisa kontak|Tegangan tidak stabil, perlu pengecekan dan penggantian komponen, biaya perbaikan sebesar 4070000|Smoke Detector|Gedung Servis|Lantai 1|Zona Utara|Sistem Proteksi Kebakaran Aktif|Berat|Tegangan tidak stabil|Tampilan rusak|4070000
Saya ingin melaporkan bahwa Smoke Detector di Gedung Servis lantai 1 zona Utara mengalami kerusakan, yaitu tampilan yang rusak dan tidak nyala sama sekali|Perlu dilakukan pengecekan dan perbaikan Tegangan tidak stabil, serta penggantian komponen yang rusak, dengan biaya perbaikan sebesar 4070000|Smoke Detector|Gedung Servis|Lantai 1|Zona Utara|Sistem Proteksi Kebakaran Aktif|Berat|Tegangan tidak stabil|Tampilan rusak|4070000
Tolong dong, Lampu Pylon Sign di Gedung Parkir lantai 1 zona Utara rusak nih, bunyi abnormal bgt, gk tau kenapa, tolong bantu perbaiki yg, dmn bisa kontak?|Lampu Pylon Sign mengalami bunyi abnormal karena kurang perawatan, dilakukan perbaikan dan penggantian komponen yang rusak|Lampu Pylon Sign|Gedung Parkir|Lantai 1|Zona Utara|Electrical|Sedang|Kurang perawatan|Bunyi abnormal|690000
Mohon bantuan untuk perbaikan Lampu Pylon Sign di Gedung Parkir lantai 1 zona Utara, karena mengeluarkan bunyi abnormal, terima kasih|Lampu Pylon Sign mengalami kerusakan karena kurang perawatan, dilakukan perbaikan dan penggantian komponen yang rusak dengan biaya perbaikan sebesar Rp 690000|Lampu Pylon Sign|Gedung Parkir|Lantai 1|Zona Utara|Electrical|Sedang|Kurang perawatan|Bunyi abnormal|690000
Tolong dong APAR Dry Powder Cartridge di Gedung D lantai 4 zona Barat rusak bgt, gk bisa dipake, nyetrum pas dites, tolong bantu yaa|APAR Dry Powder Cartridge mengalami kerusakan karena Tegangan tidak stabil, perlu dilakukan pengecekan dan penggantian komponen yang rusak|APAR Dry Powder Cartridge|Gedung D|Lantai 4|Zona Barat|Sistem Pemadam Kebakaran|Fatal|Tegangan tidak stabil|Tekanan tidak stabil|21620000
Mohon bantuan, APAR Dry Powder Cartridge di Gedung D lantai 4 zona Barat mengalami kerusakan, tidak bisa digunakan, dan terindikasi ada masalah dengan Tegangan tidak stabil, sehingga perlu dilakukan perbaikan dan penggantian komponen yang rusak|APAR Dry Powder Cartridge mengalami kerusakan karena Tegangan tidak stabil, perlu dilakukan pengecekan dan penggantian komponen yang rusak, dengan biaya perbaikan sebesar Rp 21620000|APAR Dry Powder Cartridge|Gedung D|Lantai 4|Zona Barat|Sistem Pemadam Kebakaran|Fatal|Tegangan tidak stabil|Tekanan tidak stabil|21620000
Tolong dong Pemipaan Air Bersih di Gedung Servis lantai 2 zona Utara bocor deras bgt, gk tau dmn asalnya, tolong bantu yg, gk bisa nunggu lama!|Getaran yang terjadi di pipa air bersih menyebabkan kerusakan, perlu dilakukan perbaikan dengan mengganti pipa yang rusak|Pemipaan Air Bersih|Gedung Servis|Lantai 2|Zona Utara|Plumbing|Fatal|Getaran|Berkarat/korosi|30990000
Mohon bantuan untuk perbaikan Pemipaan Air Bersih di Gedung Servis lantai 2 zona Utara, kondisinya sangat parah, sudah bocor dan berkarat|Kerusakan pada pemipaan air bersih disebabkan oleh getaran yang menyebabkan korosi, perlu dilakukan perbaikan segera dengan biaya Rp 30990000|Pemipaan Air Bersih|Gedung Servis|Lantai 2|Zona Utara|Plumbing|Fatal|Getaran|Berkarat/korosi|30990000
Tolong dong Pintu Biasa Berdaun Tunggal di Gedung A lantai 7 zona Tengah rusak bgt, gk tau dmn letak masalahnya, tp bunyi abnormalnya berasa nyetrum banget, tolong bantu yg, cepat!|Laporan teknisi: Getaran pada pintu menyebabkan bunyi abnormal, dilakukan perbaikan dengan mengganti komponen yang rusak dan penyesuaian ulang|Pintu Biasa Berdaun Tunggal|Gedung A|Lantai 7|Zona Tengah|Arsitektur|Fatal|Getaran|Bunyi abnormal|19370000
Mohon bantuan untuk perbaikan Pintu Biasa Berdaun Tunggal di Gedung A lantai 7 zona Tengah, karena terdapat bunyi abnormal yang sangat mengganggu dan berpotensi menyebabkan kecelakaan, dengan kemungkinan disebabkan oleh getaran yang terlalu kuat|Teknisi melakukan analisis dan perbaikan dengan mengganti komponen yang rusak, serta mengoptimalkan kinerja pintu, biaya perbaikan sebesar Rp 19370000|Pintu Biasa Berdaun Tunggal|Gedung A|Lantai 7|Zona Tengah|Arsitektur|Fatal|Getaran|Bunyi abnormal|19370000
Tolong dong AC Split di Gedung A lantai 12 zona Timur rusak nih, bunyi pelan bgt, gk tau dmn letak kerusakannya, tolong bantu yg|Perbaikan AC Split dilakukan dengan mengganti komponen yang rusak, kemungkinan karena Kelembaban tinggi, tindakan perbaikan meliputi pembersihan dan penggantian komponen|AC Split|Gedung A|Lantai 12|Zona Timur|Mechanical|Ringan|Kelembaban tinggi|Retak/pecah|210000
Mohon bantuan untuk memperbaiki AC Split di Gedung A lantai 12 zona Timur, karena mengalami kerusakan yang menyebabkan bunyi pelan, mohon dilakukan pengecekan dan perbaikan|Perbaikan AC Split dilakukan dengan mengganti komponen yang rusak, kemungkinan karena Kelembaban tinggi, tindakan perbaikan meliputi pembersihan dan penggantian komponen|AC Split|Gedung A|Lantai 12|Zona Timur|Mechanical|Ringan|Kelembaban tinggi|Retak/pecah|210000
Tolong dong AC Cassette di Gedung Utama lantai 15 zona Barat rusak bgt, netes air terus, dmn perbaikannya ya?|Perbaikan dilakukan dengan mengganti komponen yang rusak akibat kualitas material, biaya perbaikan sebesar Rp 1740000|AC Cassette|Gedung Utama|Lantai 15|Zona Barat|Mechanical|Sedang|Kualitas material|Retak/pecah|1740000
Mohon perhatian, AC Cassette di Gedung Utama lantai 15 zona Barat mengalami kerusakan, kurang dingin dan berisik banget|Tindakan perbaikan meliputi pemeriksaan dan penggantian komponen yang rusak, dengan mempertimbangkan kualitas material yang lebih baik, biaya perbaikan saat ini adalah Rp 1740000|AC Cassette|Gedung Utama|Lantai 15|Zona Barat|Mechanical|Sedang|Kualitas material|Retak/pecah|1740000
Tolong dong Breker Panel di Gedung Servis lantai 3 zona Barat bgt rusak nih, breker panelnya meledak gk tau knp dmn salahnya, tolong bantu yg, cepat!|Ditemukan kerusakan akibat Korosi, perlu dilakukan penggantian komponen dan perawatan rutin|Breker Panel|Gedung Servis|Lantai 3|Zona Barat|Electrical|Fatal|Korosi|Aus/abrasi|20290000
Mohon bantu perbaiki Breker Panel di Gedung Servis lantai 3 zona Barat, karena Breker Panel tersebut mengalami kerusakan yang cukup parah dan terjadi kebocoran arus listrik yang menyebabkan nyetrum|Dilakukan analisis teknis dan ditemukan kerusakan akibat Korosi, kemudian dilakukan perbaikan dan penggantian komponen yang rusak|Breker Panel|Gedung Servis|Lantai 3|Zona Barat|Electrical|Fatal|Korosi|Aus/abrasi|20290000
Gue butuh bantuan, Pompa Transfer di Gedung C lantai 4 zona Timur rusak bgt, gk nyala sama sekali, tolong dong!|Pompa Transfer mengalami overload, perlu dilakukan perbaikan dan penggantian komponen yang rusak, biaya perbaikan sebesar Rp 5650000|Pompa Transfer|Gedung C|Lantai 4|Zona Timur|Mechanical|Berat|Overload|Performa menurun|5650000
Pompa Transfer di Gedung C, lantai 4, zona Timur, mengalami gangguan, tidak berfungsi dengan baik, mohon segera ditangani.|Pompa Transfer mengalami overload, perlu dilakukan perbaikan dan penggantian komponen yang rusak, biaya perbaikan sebesar Rp 5650000|Pompa Transfer|Gedung C|Lantai 4|Zona Timur|Mechanical|Berat|Overload|Performa menurun|5650000
Tolong dong Kamera CCTV di Gedung E lantai 6 zona Tengah rusak bgt, gk nyala sama sekali, bingung dmn salahnya, tolong bantu yg|Kamera CCTV mengalami korosi yang menyebabkan aus/abrasi, perlu dilakukan penggantian komponen untuk memperbaiki kerusakan, biaya perbaikan sebesar Rp 6420000|Kamera CCTV|Gedung E|Lantai 6|Zona Tengah|Security Sistem|Berat|Korosi|Aus/abrasi|6420000
Mohon bantu perbaiki Kamera CCTV di Gedung E lantai 6 zona Tengah, kondisinya mati total, tidak nyala sama sekali, mohon diperiksa dan diperbaiki segera|Kamera CCTV mengalami korosi yang menyebabkan aus/abrasi, perlu dilakukan penggantian komponen untuk memperbaiki kerusakan, biaya perbaikan sebesar Rp 6420000|Kamera CCTV|Gedung E|Lantai 6|Zona Tengah|Security Sistem|Berat|Korosi|Aus/abrasi|6420000
Tolong dong Kick Bar di Gedung Utama lantai 1 zona Timur rusak nih, gk tau kenapa tiba-tiba ada getaran berlebihan bgt, yg bisa bantu?|Ditemukan kerusakan pada Kick Bar karena usia pakai, dilakukan perbaikan dengan mengganti komponen yang rusak|Kick Bar|Gedung Utama|Lantai 1|Zona Timur|Security Sistem|Ringan|Usia pakai|Getaran berlebihan|330000
Mohon bantuan untuk memperbaiki Kick Bar yang terletak di Gedung Utama lantai 1 zona Timur, karena mengalami getaran berlebihan|Perbaikan dilakukan dengan mengganti komponen yang rusak karena usia pakai, dengan biaya perbaikan sebesar Rp 330000|Kick Bar|Gedung Utama|Lantai 1|Zona Timur|Security Sistem|Ringan|Usia pakai|Getaran berlebihan|330000
Tolong dong Electric Fire Pump di Gedung B lantai 4 zona Barat rusak bgt, dmn kita bisa perbaiki yg gk bikin mahal bgt?|Perlu dilakukan perbaikan karena usia pakai, sehingga performa menurun, dan biaya perbaikan diperkirakan sekitar 1780000|Electric Fire Pump|Gedung B|Lantai 4|Zona Barat|Sistem Pemadam Kebakaran|Sedang|Usia pakai|Performa menurun|1780000
Lapor, Electric Fire Pump gedung B lantai 4 zona Barat kurang dingin!|Perlu dilakukan pengecekan dan perbaikan karena usia pakai, sehingga performa menurun|Electric Fire Pump|Gedung B|Lantai 4|Zona Barat|Sistem Pemadam Kebakaran|Sedang|Usia pakai|Performa menurun|1780000
Mohon bantuan untuk memperbaiki Electric Fire Pump di Gedung B lantai 4 zona Barat, karena terjadi penurunan performa, dan berisik banget|Perlu dilakukan perbaikan karena usia pakai, sehingga performa menurun, dan biaya perbaikan diperkirakan sekitar 1780000|Electric Fire Pump|Gedung B|Lantai 4|Zona Barat|Sistem Pemadam Kebakaran|Sedang|Usia pakai|Performa menurun|1780000
Lampu Downlight di Gedung C lantai 6 zona Barat mati total bgt, gk tau dmn letak saklar yg bener, tolong dong cepat|Lampu Downlight mengalami kerusakan akibat korosi, perlu dilakukan perbaikan dengan mengganti komponen yang rusak|Lampu Downlight|Gedung C|Lantai 6|Zona Barat|Electrical|Berat|Korosi|Macet/tersumbat|3860000
Mohon bantuan untuk memperbaiki Lampu Downlight di Gedung C lantai 6 zona Barat yang tidak nyala sama sekali|Laporan teknis: kerusakan akibat korosi, perlu penggantian komponen, biaya perbaikan Rp 3860000|Lampu Downlight|Gedung C|Lantai 6|Zona Barat|Electrical|Berat|Korosi|Macet/tersumbat|3860000
Tolong dong Exhaust Fan di Gedung A lantai 11 zona Timur rusak bgt, gk tahu dmn letak kerusakannya, tp yg jelas berisik banget!|Kerusakan Exhaust Fan disebabkan oleh kualitas material yang rendah, sehingga mengalami korosi, perbaikan dilakukan dengan mengganti komponen yang rusak dan membersihkan area yang korosif|Exhaust Fan|Gedung A|Lantai 11|Zona Timur|Ventilasi Sistem|Sedang|Kualitas material|Berkarat/korosi|1540000
Saya ingin melaporkan bahwa Exhaust Fan di Gedung A, lantai 11, zona Timur, mengalami gangguan, yaitu berisik dan netes air, mungkin disebabkan oleh kualitas material yang tidak baik|Exhaust Fan mengalami kerusakan karena kualitas material yang rendah, perlu dilakukan penggantian komponen yang rusak dan pembersihan area korosif, biaya perbaikan sebesar Rp 1540000|Exhaust Fan|Gedung A|Lantai 11|Zona Timur|Ventilasi Sistem|Sedang|Kualitas material|Berkarat/korosi|1540000
Tolong dong Lantai Keramik di Gedung Utama lantai 18 zona Selatan rusak bgt, dmn airnya gk keluar, bau gosong banget, nyetrum, harus dibenerin yg cepet bgt!|Laporan teknisi: Kerusakan disebabkan oleh human error, perlu dilakukan perbaikan pada sistem aliran untuk mengatasi masalah aliran lemah, dengan biaya perbaikan sebesar 30970000|Lantai Keramik|Gedung Utama|Lantai 18|Zona Selatan|Civil|Fatal|Human error|Aliran lemah|30970000
Mohon bantuan, Lantai Keramik di Gedung Utama lantai 18 zona Selatan mengalami kerusakan parah, air tidak keluar, terjadi kebocoran yang cukup parah, sehingga perlu dilakukan perbaikan segera|Laporan teknisi: Kerusakan disebabkan oleh human error, dilakukan perbaikan pada sistem aliran, biaya perbaikan 30970000|Lantai Keramik|Gedung Utama|Lantai 18|Zona Selatan|Civil|Fatal|Human error|Aliran lemah|30970000
Tolong dong Lampu TL di Gedung E lantai 4 zona Timur rusak bgt, gk nyala sama sekali, yg bikin repot bgt dmn kita kerja!|Lampu TL mengalami kerusakan akibat Overload, perlu dilakukan penggantian komponen yang rusak dan pengecekan sistem secara menyeluruh|Lampu TL|Gedung E|Lantai 4|Zona Timur|Electrical|Berat|Overload|Sensor error|8230000
Saya ingin melaporkan bahwa Lampu TL di Gedung E lantai 4 zona Timur tidak nyala sama sekali, saya mohon bantuan untuk memperbaikinya secepatnya|Lampu TL mengalami kerusakan karena Overload, perlu dilakukan perbaikan dengan mengganti komponen yang rusak dan memeriksa sistem secara menyeluruh, biaya perbaikan sebesar Rp 8230000|Lampu TL|Gedung E|Lantai 4|Zona Timur|Electrical|Berat|Overload|Sensor error|8230000
Wastafel di Gedung E lantai 6 zona Barat rusak bgt, yg benerin gk ada, tolong dong segera diperbaiki|Wastafel mengalami kerusakan pada tampilan akibat kualitas material yang rendah, perlu dilakukan penggantian komponen yang rusak|Wastafel|Gedung E|Lantai 6|Zona Barat|Plumbing|Berat|Kualitas material|Tampilan rusak|1280000
Mohon perhatian, kami mengalami masalah dengan Wastafel di Gedung E lantai 6 zona Barat, kondisinya sangat memprihatinkan karena tampilan yang rusak parah|Kerusakan tersebut disebabkan oleh kualitas material yang tidak memadai, sehingga perlu dilakukan tindakan perbaikan secara menyeluruh|Wastafel|Gedung E|Lantai 6|Zona Barat|Plumbing|Berat|Kualitas material|Tampilan rusak|1280000
Tolong dong Kloset di Gedung D lantai 6 zona Selatan rusak bgt, gk tau dmn salahnya, tp yg jelas Klosetnya mati total dan bising banget, tolong bantu saya yg gk paham masalah tekhnis!|Kloset mengalami kerusakan berat karena aus normal, diperlukan perbaikan segera dengan mengganti komponen yang rusak dan melakukan penyesuaian untuk mengurangi getaran berlebihan|Kloset|Gedung D|Lantai 6|Zona Selatan|Plumbing|Berat|Aus normal|Getaran berlebihan|8670000
Kloset di Gedung D, lantai 6, zona Selatan mengalami kerusakan yang cukup parah, yaitu mati total dan mengeluarkan getaran berlebihan, tolong untuk segera memperbaiki masalah ini|Kerusakan pada Kloset disebabkan oleh aus normal, diperlukan perbaikan segera dengan mengganti komponen yang rusak dan melakukan penyesuaian untuk mengurangi getaran berlebihan|Kloset|Gedung D|Lantai 6|Zona Selatan|Plumbing|Berat|Aus normal|Getaran berlebihan|8670000
Tolong dong Pintu Kayu/HPL di Gedung Utama lantai 5 zona Timur bgt rusak nih, kayaknya bocor deras bgt, gk tau dmn salahnya, tp yg jelas pintu nya gk bsa dibuka|Perbaikan Pintu Kayu/HPL dengan mengganti komponen yang aus normal dan membersihkan bagian yang tersumbat, biaya perbaikan sebesar Rp 42850000|Pintu Kayu/HPL|Gedung Utama|Lantai 5|Zona Timur|Arsitektur|Fatal|Aus normal|Macet/tersumbat|42850000
Pintu Kayu/HPL di Gedung Utama lantai 5 zona Timur mengalami kerusakan fatal, tidak dapat dibuka, kemungkinan karena aus normal, perlu dilakukan perbaikan segera|Perbaikan Pintu Kayu/HPL dengan mengganti komponen yang aus normal dan membersihkan bagian yang tersumbat, biaya perbaikan sebesar Rp 42850000|Pintu Kayu/HPL|Gedung Utama|Lantai 5|Zona Timur|Arsitektur|Fatal|Aus normal|Macet/tersumbat|42850000
Genset Diesel di Gedung B lantai 9 zona Selatan rusak nih, lampu mati bgt, gk tahu dmn letak kerusakannya, tolong dong cepat ditangani!|Laporan teknis: kerusakan disebabkan oleh faktor lingkungan, dilakukan perbaikan pada sistem kelistrikan dan penggantian lampu, biaya perbaikan sebesar Rp 1490000|Genset Diesel|Gedung B|Lantai 9|Zona Selatan|Mechanical|Sedang|Faktor lingkungan|Lampu mati|1490000
Mohon bantuan, Genset Diesel di Gedung B lantai 9 zona Selatan mengalami kerusakan, lampu tidak menyala, tolong dicek dan diperbaiki secepatnya|Laporan teknis: kerusakan disebabkan oleh faktor lingkungan, dilakukan perbaikan pada sistem kelistrikan dan penggantian komponen yang rusak, biaya perbaikan Rp 1490000|Genset Diesel|Gedung B|Lantai 9|Zona Selatan|Mechanical|Sedang|Faktor lingkungan|Lampu mati|1490000
Tolong dong Plafon di Gedung D lantai 11 zona Selatan bgt berisik banget dan netes air terus, gk tahu dmn letak kerusakannya, tolong bantu perbaiki ya!|Ditemukan kerusakan pada Plafon karena Korosi, dilakukan perbaikan dengan mengganti komponen yang rusak dan membersihkan area yang terkena Korosi|Plafon|Gedung D|Lantai 11|Zona Selatan|Arsitektur|Sedang|Korosi|Macet/tersumbat|1390000
Mohon bantuan untuk memperbaiki Plafon di Gedung D lantai 11 zona Selatan, karena mengalami kerusakan berupa netes air dan berisik, telah dilaporkan sebelumnya|Kerusakan pada Plafon telah diperbaiki dengan mengganti komponen yang rusak dan membersihkan area yang terkena Korosi, biaya perbaikan Rp 1390000|Plafon|Gedung D|Lantai 11|Zona Selatan|Arsitektur|Sedang|Korosi|Macet/tersumbat|1390000
Tolong dong Lantai Granit di Gedung E lantai 3 zona Selatan rusak nih, bgt kotor dan kusam, gk tahu dmn letak masalahnya, tapi yg jelas perlu dibersihin dan diperbaiki secepatnya!|Laporan teknisi: Korosi pada lantai granit menyebabkan aliran air menjadi lemah, perlu dilakukan pembersihan dan perawatan untuk menghilangkan korosi dan mengembalikan fungsi lantai|Lantai Granit|Gedung E|Lantai 3|Zona Selatan|Civil|Ringan|Korosi|Aliran lemah|430000
Lapor, Lantai Granit di Gedung E lantai 3 Selatan rusak|Korosi pada lantai granit, perlu pembersihan dan perawatan|Lantai Granit|Gedung E|Lantai 3|Zona Selatan|Civil|Ringan|Korosi|Aliran lemah|430000
Mohon perhatian, Lantai Granit di Gedung E lantai 3 zona Selatan mengalami kerusakan, gejala yang terlihat adalah aliran air yang lemah dan lantai yang kusam, mohon dilakukan pengecekan dan perbaikan secepatnya|Laporan teknisi: Kerusakan pada lantai granit disebabkan oleh korosi, perlu dilakukan pembersihan dan perawatan untuk menghilangkan korosi dan mengembalikan fungsi lantai, biaya perbaikan sebesar Rp 430000|Lantai Granit|Gedung E|Lantai 3|Zona Selatan|Civil|Ringan|Korosi|Aliran lemah|430000
Tolong dong Lantai Keramik di Gedung D lantai 8 zona Timur rusak bgt, gk tau knp, tp yg jelas jebol dan perlu diperbaiki secepatnya|Lantai Keramik mengalami getaran berlebihan akibat kurang perawatan, perlu dilakukan pembersihan dan penggantian komponen yang rusak|Lantai Keramik|Gedung D|Lantai 8|Zona Timur|Civil|Berat|Kurang perawatan|Getaran berlebihan|3310000
Mohon perhatian, Lantai Keramik di Gedung D lantai 8 zona Timur mengalami kerusakan yang cukup parah, yaitu getaran berlebihan, dan memerlukan perbaikan secepatnya|Lantai Keramik memerlukan perbaikan akibat kurang perawatan, dengan biaya perbaikan sebesar Rp 3310000|Lantai Keramik|Gedung D|Lantai 8|Zona Timur|Civil|Berat|Kurang perawatan|Getaran berlebihan|3310000
Gedung Utama lantai 1 zona Selatan speaker nya bunyi pelan bgt, gk tau knp yg bener, tolong dong diperbaiki ya|Speaker di Gedung Utama lantai 1 zona Selatan mengalami kerusakan akibat aus normal, perlu dilakukan pembersihan dan penggantian komponen yang rusak|Speaker|Gedung Utama|Lantai 1|Zona Selatan|Sistem Telekomunikasi Gedung|Ringan|Aus normal|Macet/tersumbat|210000
Mohon bantuan untuk memperbaiki speaker di Gedung Utama lantai 1 zona Selatan, karena speaker tersebut mengeluarkan bunyi yang pelan dan tidak jelas, mungkin karena kotor atau aus|Speaker di Gedung Utama lantai 1 zona Selatan mengalami kerusakan akibat aus normal, dilakukan pembersihan dan penggantian komponen yang rusak dengan biaya perbaikan sebesar Rp 210000|Speaker|Gedung Utama|Lantai 1|Zona Selatan|Sistem Telekomunikasi Gedung|Ringan|Aus normal|Macet/tersumbat|210000
Tolong dong Latihan Balakar di Gedung B lantai 2 zona Timur rusak nih, bunyi abnormal bgt, gk tau dmn salahnya, yg penting cepat diperbaiki ya|Overload menyebabkan kerusakan, dilakukan pembersihan dan pengecekan sistem|Latihan Balakar|Gedung B|Lantai 2|Zona Timur|Latihan Balakar|Ringan|Overload|Bunyi abnormal|210000
Mohon periksa Latihan Balakar di Gedung B, lantai 2, zona Timur, karena mengalami bunyi abnormal|Ditemukan kerusakan akibat Overload, dilakukan perbaikan dan penggantian komponen yang rusak, biaya perbaikan sebesar Rp 210000|Latihan Balakar|Gedung B|Lantai 2|Zona Timur|Latihan Balakar|Ringan|Overload|Bunyi abnormal|210000
Tolong dong Smoke Detector di Gedung D lantai 9 zona Barat rusak bgt, terbakar, gk tau dmn letak kerusakannya, tolong bantu|Perbaikan dilakukan dengan memperbaiki komponen yang rusak akibat Getaran, biaya perbaikan sebesar 14570000|Smoke Detector|Gedung D|Lantai 9|Zona Barat|Sistem Proteksi Kebakaran Aktif|Fatal|Getaran|Tampilan rusak|14570000
Smoke Detector di Gedung D lantai 9 zona Barat mengalami kerusakan yang cukup parah, terbakar, mohon untuk segera ditangani|Perbaikan akan dilakukan dengan memperbaiki komponen yang rusak dan mengganti yang diperlukan, dengan biaya perbaikan yang cukup besar|Smoke Detector|Gedung D|Lantai 9|Zona Barat|Sistem Proteksi Kebakaran Aktif|Fatal|Getaran|Tampilan rusak|14570000
Lantai Karpet di Gedung A lantai 15 zona Barat rusak bgt, yg bikin bunyi abnormal terus, tolong dong cepat diperbaiki|Lantai Karpet mengalami korosi sehingga mengeluarkan bunyi abnormal, perlu dilakukan penggantian komponen yang rusak|Lantai Karpet|Gedung A|Lantai 15|Zona Barat|Civil|Berat|Korosi|Bunyi abnormal|9030000
Mohon perbaikan Lantai Karpet di Gedung A lantai 15 zona Barat karena mengeluarkan bunyi abnormal, mohon segera ditangani|Lantai Karpet mengalami kerusakan akibat korosi, perlu dilakukan perbaikan untuk menghilangkan bunyi abnormal, biaya perbaikan sebesar Rp 9030000|Lantai Karpet|Gedung A|Lantai 15|Zona Barat|Civil|Berat|Korosi|Bunyi abnormal|9030000
Gedung A lantai 1 zona Utara, Plafon Gypsum / GRC-nya bocor deras bgt, gk tau dmn asalnya, tp yg jelas rusak parah, tolong dong!|Kerusakan Plafon Gypsum / GRC di Gedung A lantai 1 zona Utara disebabkan oleh kurang perawatan, perlu dilakukan perbaikan dengan mengganti komponen yang rusak|Plafon Gypsum / GRC|Gedung A|Lantai 1|Zona Utara|Arsitektur|Fatal|Kurang perawatan|Remote tidak berfungsi|33750000
Lapor, Plafon Gypsum / GRC di Gedung A lantai 1 Utara mati total!|Kerusakan akibat kurang perawatan, perlu perbaikan segera|Plafon Gypsum / GRC|Gedung A|Lantai 1|Zona Utara|Arsitektur|Fatal|Kurang perawatan|Remote tidak berfungsi|33750000
Mohon bantu perbaiki Plafon Gypsum / GRC di Gedung A lantai 1 zona Utara, kondisinya sangat parah, terbakar dan bau gosong, tolong segera!|Kerusakan Plafon Gypsum / GRC karena kurang perawatan, perlu dilakukan penggantian komponen dan perbaikan, biaya perbaikan sebesar Rp 33750000|Plafon Gypsum / GRC|Gedung A|Lantai 1|Zona Utara|Arsitektur|Fatal|Kurang perawatan|Remote tidak berfungsi|33750000
Tolong dong Kamera CCTV di Gedung Parkir lantai 5 zona Tengah rusak nih, kotor bgt, gk tau dmn letak masalahnya, tapi yg jelas bunyi pelan banget|Kamera CCTV mengalami kerusakan kebocoran karena debu/kotoran, perlu dibersihkan dan diperiksa|Kamera CCTV|Gedung Parkir|Lantai 5|Zona Tengah|Security Sistem|Ringan|Debu/kotoran|Kebocoran|460000
Mohon periksa Kamera CCTV di Gedung Parkir lantai 5 zona Tengah, karena terdapat masalah kebocoran dan kotor, mohon dicek dan diperbaiki|Kamera CCTV mengalami kerusakan kebocoran karena debu/kotoran, perlu dibersihkan dan diperiksa dengan biaya perbaikan sebesar Rp 460000|Kamera CCTV|Gedung Parkir|Lantai 5|Zona Tengah|Security Sistem|Ringan|Debu/kotoran|Kebocoran|460000
Tolong dong Pagar Besi di Gedung Servis lantai 1 zona Selatan rusak nih, kotor bgt, gk bisa dipakai, dmn ada yg bisa bantu?|Pekerjaan perbaikan pagar besi dilakukan dengan mengganti koneksi yang terputus akibat kelembaban tinggi, biaya perbaikan sebesar Rp 260000|Pagar Besi|Gedung Servis|Lantai 1|Zona Selatan|Arsitektur|Ringan|Kelembaban tinggi|Koneksi terputus|260000
Pagar Besi di Gedung Servis lantai 1 zona Selatan mengalami kerusakan, kondisinya kusam dan berdebu, mohon bantuan untuk perbaikan|Perbaikan pagar besi dilakukan dengan membersihkan dan mengganti koneksi yang rusak, biaya perbaikan akan dihitung berdasarkan kebutuhan|Pagar Besi|Gedung Servis|Lantai 1|Zona Selatan|Arsitektur|Ringan|Kelembaban tinggi|Koneksi terputus|260000
Lampu Wall sign di Gedung Utama lantai 3 zona Tengah rusak nih, gk nyala bgt, tolong dong cepat diperbaiki yg|Tegangan tidak stabil menyebabkan sensor error, dilakukan perbaikan penggantian sensor dan penyetelan ulang tegangan|Lampu Wall sign|Gedung Utama|Lantai 3|Zona Tengah|Electrical|Ringan|Tegangan tidak stabil|Sensor error|410000
Mohon periksa Lampu Wall sign di Gedung Utama lantai 3 zona Tengah karena bunyi pelan dan kusam, terima kasih|Tegangan tidak stabil menyebabkan sensor error, dilakukan perbaikan penggantian sensor dan penyetelan ulang tegangan dengan biaya Rp 410000|Lampu Wall sign|Gedung Utama|Lantai 3|Zona Tengah|Electrical|Ringan|Tegangan tidak stabil|Sensor error|410000
Tolong dong Kursi di Gedung E lantai 5 zona Tengah rusak bgt, yg bermasalah tuh netes air terus, gk tau knp, tolong bantu, bgt!|Kerusakan disebabkan kurang perawatan, perlu dilakukan perbaikan dengan mengganti komponen yang rusak dan membersihkan bagian yang berkarat|Kursi|Gedung E|Lantai 5|Zona Tengah|Arsitektur|Sedang|Kurang perawatan|Berkarat/korosi|1730000
Mohon bantuan untuk memperbaiki Kursi di Gedung E lantai 5 zona Tengah, kondisinya kurang baik, terdapat kerusakan berkarat dan korosi, sehingga perlu dilakukan perbaikan segera|Kerusakan disebabkan kurang perawatan, perlu dilakukan perbaikan dengan mengganti komponen yang rusak dan membersihkan bagian yang berkarat, biaya perbaikan diperkirakan sebesar Rp 1730000|Kursi|Gedung E|Lantai 5|Zona Tengah|Arsitektur|Sedang|Kurang perawatan|Berkarat/korosi|1730000
Tolong dong Dinding Tembok/Mansonry di Gedung A lantai 4 zona Tengah rusak nih, gk tahu dmn letak kerusakannya bgt, netes air terus!|Dinding Tembok/Mansonry di Gedung Gedung A lantai 4 zona Tengah mengalami kerusakan akibat Kelembaban tinggi, perlu dilakukan perbaikan dengan mengganti komponen yang rusak|Dinding Tembok/Mansonry|Gedung A|Lantai 4|Zona Tengah|Civil|Sedang|Kelembaban tinggi|Remote tidak berfungsi|650000
Mohon perhatian, Dinding Tembok/Mansonry di Gedung A lantai 4 zona Tengah mengalami kerusakan, gejala yang timbul adalah netes air terus dan berisik banget, mohon segera ditangani|Dinding Tembok/Mansonry di Gedung Gedung A lantai 4 zona Tengah mengalami kerusakan akibat Kelembaban tinggi, perlu dilakukan perbaikan dengan mengganti komponen yang rusak, biaya perbaikan sebesar Rp 650000|Dinding Tembok/Mansonry|Gedung A|Lantai 4|Zona Tengah|Civil|Sedang|Kelembaban tinggi|Remote tidak berfungsi|650000
Lampu TL LED di Gedung E lantai 2 zona Barat rusak bgt, kedap-kedip terus, gk tau dmn letak kerusakannya, tolong dong cepat diperbaiki ya!|Laporan teknisi: Korosi pada komponen elektronik menyebabkan korsleting, dilakukan pembersihan dan penggantian komponen yang rusak|Lampu TL LED|Gedung E|Lantai 2|Zona Barat|Electrical|Sedang|Korosi|Korsleting|1550000
Mohon perhatian, terdapat kerusakan pada Lampu TL LED di Gedung E lantai 2 zona Barat, menimbulkan gangguan, mohon untuk diperiksa dan diperbaiki secepatnya|Tindakan perbaikan: membersihkan dan mengganti komponen yang rusak akibat korosi, biaya perbaikan sebesar Rp 1550000|Lampu TL LED|Gedung E|Lantai 2|Zona Barat|Electrical|Sedang|Korosi|Korsleting|1550000
Gak nyaman banget, kamera CCTV di Gedung Utama lantai 1 zona Tengah rusak nih, bunyi pelan gitu, gk tau dmn letak kerusakannya|Kerusakan pada kamera CCTV disebabkan oleh Faktor lingkungan, sehingga perlu dilakukan perbaikan dengan mengganti komponen yang rusak|Kamera CCTV|Gedung Utama|Lantai 1|Zona Tengah|Security Sistem|Ringan|Faktor lingkungan|Retak/pecah|140000
Mohon bantuan, kamera CCTV di Gedung Utama lantai 1 zona Tengah mengalami kerusakan, dengan gejala bunyi pelan dan kusam, mohon dilakukan perbaikan secepatnya|Kerusakan pada kamera CCTV disebabkan oleh Faktor lingkungan, sehingga perlu dilakukan perbaikan dengan mengganti komponen yang rusak|Kamera CCTV|Gedung Utama|Lantai 1|Zona Tengah|Security Sistem|Ringan|Faktor lingkungan|Retak/pecah|140000
Tolong dong Plafon Gypsum / GRC di Gedung Utama lantai 16 zona Timur rusak nih, gk tau kenapa bgt, yg penting dibenerin yg cepet!|Ditemukan kerusakan pada Plafon Gypsum / GRC di Gedung Gedung Utama lantai 16 zona Timur, penyebabnya adalah Kualitas material, dilakukan perbaikan dengan mengganti material yang rusak|Plafon Gypsum / GRC|Gedung Utama|Lantai 16|Zona Timur|Arsitektur|Ringan|Kualitas material|Tidak berfungsi total|150000
Mohon perhatian untuk kerusakan Plafon Gypsum / GRC yang terletak di Gedung Utama lantai 16 zona Timur, kerusakan ini cukup mengganggu, mohon untuk segera diperbaiki|Dilakukan analisis dan ditemukan bahwa kerusakan disebabkan oleh Kualitas material, sehingga dilakukan perbaikan dengan mengganti material yang rusak dengan biaya perbaikan sebesar 150000|Plafon Gypsum / GRC|Gedung Utama|Lantai 16|Zona Timur|Arsitektur|Ringan|Kualitas material|Tidak berfungsi total|150000
Tolong dong Automatic Transfer Switch (ATS Panel) di Gedung C lantai 3 zona Selatan rusak bgt, gk tau dmn letak masalahnya, tolong bantu yg, bgt!|Perbaikan ATS Panel dilakukan dengan mengganti komponen yang aus, penyebab kerusakan adalah Human error, biaya perbaikan sebesar Rp 670000|Automatic Transfer Switch (ATS Panel)|Gedung C|Lantai 3|Zona Selatan|Electrical|Sedang|Human error|Aus/abrasi|670000
Mohon bantuan untuk memperbaiki Automatic Transfer Switch (ATS Panel) di Gedung C lantai 3 zona Selatan, karena terdapat gejala netes air dan berisik, sehingga mengganggu operasional|Perbaikan ATS Panel dilakukan dengan mengganti komponen yang aus, penyebab kerusakan adalah Human error, biaya perbaikan sebesar Rp 670000|Automatic Transfer Switch (ATS Panel)|Gedung C|Lantai 3|Zona Selatan|Electrical|Sedang|Human error|Aus/abrasi|670000
Tolong dong Kran Air di Gedung A lantai 3 zona Timur rusak nih, gk tau dmn salahnya, yg penting dibenerin bgt|Kran Air mengalami kerusakan karena Usia pakai, dilakukan perbaikan dengan mengganti komponen yang rusak|Kran Air|Gedung A|Lantai 3|Zona Timur|Plumbing|Ringan|Usia pakai|Kebocoran|330000
Mohon periksa Kran Air di Gedung A lantai 3 zona Timur, karena mengalami kebocoran, terima kasih|Kran Air mengalami kerusakan karena Usia pakai, dilakukan perbaikan dengan mengganti komponen yang rusak dan memerlukan biaya perbaikan|Kran Air|Gedung A|Lantai 3|Zona Timur|Plumbing|Ringan|Usia pakai|Kebocoran|330000
Tolong dong Mikrofon di Gedung C lantai 1 zona Barat rusak bgt, gk bisa dipake lagi, kedap-kedip terus, berasa getarannya|Perbaikan mikrofon dilakukan dengan mengganti komponen yang rusak dan melakukan kalibrasi ulang karena getaran, biaya perbaikan sebesar Rp 400000|Mikrofon|Gedung C|Lantai 1|Zona Barat|Sistem Telekomunikasi Gedung|Sedang|Getaran|Mati mendadak|400000
Mikrofon di Gedung C, lantai 1, zona Barat mengalami kerusakan, tidak dapat digunakan karena berisik banget dan kedap-kedip, mohon dilakukan perbaikan|Perbaikan dilakukan dengan mengganti komponen yang rusak dan melakukan kalibrasi ulang karena getaran, biaya perbaikan sebesar Rp 400000|Mikrofon|Gedung C|Lantai 1|Zona Barat|Sistem Telekomunikasi Gedung|Sedang|Getaran|Mati mendadak|400000
Tolong dong PABX di Gedung A lantai 8 zona Tengah rusak nih, gk tau kenapa, bgt mogok, dmn bs diperbaiki?|Perbaikan PABX dilakukan dengan mengganti komponen yang rusak akibat Human error, biaya perbaikan sebesar Rp 7320000|PABX|Gedung A|Lantai 8|Zona Tengah|Sistem Telekomunikasi Gedung|Berat|Human error|Tidak berfungsi total|7320000
Mohon bantuan, PABX di Gedung A lantai 8 zona Tengah mengalami kerusakan total, sehingga tidak dapat digunakan.|Perbaikan PABX dilakukan dengan mengganti komponen yang rusak akibat Human error, dan melakukan pengecekan ulang, biaya perbaikan sebesar Rp 7320000|PABX|Gedung A|Lantai 8|Zona Tengah|Sistem Telekomunikasi Gedung|Berat|Human error|Tidak berfungsi total|7320000
Tolong dong PABX di Gedung D lantai 2 zona Barat rusak bgt, dmn yg benerin ya?|Perbaikan PABX dilakukan dengan mengganti komponen yang retak, kemudian dilakukan pengetesan ulang, biaya perbaikan sebesar Rp 1470000|PABX|Gedung D|Lantai 2|Zona Barat|Sistem Telekomunikasi Gedung|Sedang|Kualitas material|Retak/pecah|1470000
Mohon bantuan, PABX di Gedung D lantai 2 zona Barat mengalami kerusakan, sehingga tidak dapat digunakan, tolong dicek dan diperbaiki|Perbaikan PABX dilakukan dengan mengganti komponen yang retak, kemudian dilakukan pengetesan ulang, biaya perbaikan sebesar Rp 1470000|PABX|Gedung D|Lantai 2|Zona Barat|Sistem Telekomunikasi Gedung|Sedang|Kualitas material|Retak/pecah|1470000
Tolong dong Filter Air di Gedung Parkir lantai 5 zona Utara rusak bgt, dmn airnya bocor deras banget, gk tau dmn letak kebocorannya, tolong cepat bantu perbaiki ya|Filter Air mengalami kerusakan berat karena aus normal, perlu dilakukan perbaikan segera dengan mengganti komponen yang rusak|Filter Air|Gedung Parkir|Lantai 5|Zona Utara|Distribusi Air|Fatal|Aus normal|Retak/pecah|50000000
Mohon bantuan perbaikan Filter Air di Gedung Parkir lantai 5 zona Utara karena mengalami kebocoran air yang sangat parah, sehingga menyebabkan kerusakan pada komponen lainnya|Filter Air mengalami kerusakan fatal karena aus normal, perlu dilakukan perbaikan segera dengan mengganti komponen yang rusak, perkiraan biaya perbaikan sebesar Rp 50000000|Filter Air|Gedung Parkir|Lantai 5|Zona Utara|Distribusi Air|Fatal|Aus normal|Retak/pecah|50000000
Halo, mikrofon di Gedung Parkir lantai 1 zona Barat rusak nih, gk tau dmn letak kerusakannya, tp bunyi pelan bgt, tolong dong diperbaiki yg|Perbaikan mikrofon akibat kualitas material yang rendah, dilakukan pembersihan dan penggantian komponen yang rusak, biaya perbaikan sebesar Rp 50000|Mikrofon|Gedung Parkir|Lantai 1|Zona Barat|Sistem Telekomunikasi Gedung|Ringan|Kualitas material|Retak/pecah|50000
Mohon perbaikan mikrofon di Gedung Parkir lantai 1 zona Barat, karena mengalami kerusakan ringan berupa bunyi pelan, saya harap dapat segera diperbaiki|Perbaikan mikrofon dilakukan dengan mengganti komponen yang rusak dan membersihkan bagian dalam, karena kualitas material yang tidak baik, biaya perbaikan Rp 50000|Mikrofon|Gedung Parkir|Lantai 1|Zona Barat|Sistem Telekomunikasi Gedung|Ringan|Kualitas material|Retak/pecah|50000
Tolong dong AC Split di Gedung B lantai 4 zona Barat bgt rusak nih, bahkan meledak gitu, gk tau knp, yg penting dibenerin dmn|Overload pada sistem pendingin, perlu dilakukan perbaikan dan penggantian komponen yang rusak|AC Split|Gedung B|Lantai 4|Zona Barat|Mechanical|Fatal|Overload|Mati mendadak|37420000
Mohon bantuan untuk memperbaiki AC Split yang terletak di Gedung B, lantai 4, zona Barat, karena telah mengalami kerusakan fatal berupa meledak, sehingga tidak dapat digunakan|Overload pada sistem pendingin, perlu dilakukan perbaikan dan penggantian komponen yang rusak, dengan biaya perbaikan sebesar|AC Split|Gedung B|Lantai 4|Zona Barat|Mechanical|Fatal|Overload|Mati mendadak|37420000
Gedung D lantai 9 zona Barat MDB-nya mati total bgt, gk tau dmn masalahnya, tolong dong cepat|Perbaikan dilakukan karena human error, teknisi melakukan pengecekan dan perbaikan pada sistem electrical, biaya perbaikan sebesar Rp 2620000|MDB|Gedung D|Lantai 9|Zona Barat|Electrical|Berat|Human error|Lampu mati|2620000
Lapor, MDB di Gedung D lantai 9 zona Barat mati|Human error menyebabkan kerusakan, dilakukan perbaikan dan penggantian komponen yang rusak|MDB|Gedung D|Lantai 9|Zona Barat|Electrical|Berat|Human error|Lampu mati|2620000
Mohon bantuan, MDB di Gedung D lantai 9 zona Barat mengalami kerusakan berat, lampu sudah tidak nyala sama sekali|Kerusakan disebabkan oleh human error, teknisi melakukan perbaikan dan pengecekan menyeluruh, biaya perbaikan Rp 2620000|MDB|Gedung D|Lantai 9|Zona Barat|Electrical|Berat|Human error|Lampu mati|2620000
Tolong dong Smoke Detector di Gedung B lantai 4 zona Barat rusak nih, bgt kotor dan berdebu juga, gk tau kenapa, tapi yg jelas perlu diperbaiki secepatnya!|Smoke Detector mengalami kebocoran karena getaran, perlu dilakukan pembersihan dan penggantian komponen yang rusak|Smoke Detector|Gedung B|Lantai 4|Zona Barat|Sistem Proteksi Kebakaran Aktif|Ringan|Getaran|Kebocoran|520000
Mohon bantuan untuk memperbaiki Smoke Detector di Gedung B lantai 4 zona Barat, karena sudah tidak berfungsi dengan baik, mungkin karena kotor atau berdebu, perlu dilakukan pembersihan dan penggantian komponen yang rusak|Smoke Detector mengalami kebocoran karena getaran, perlu dilakukan pembersihan dan penggantian komponen yang rusak dengan biaya sekitar 520000|Smoke Detector|Gedung B|Lantai 4|Zona Barat|Sistem Proteksi Kebakaran Aktif|Ringan|Getaran|Kebocoran|520000
Tolong dong SDB di Gedung E lantai 4 zona Barat rusak nih, bgt netes air terus bgt, gk tau dmn salahnya, tolong bantu yg!|Korosi pada SDB diatasi dengan penggantian komponen yang rusak dan pembersihan secara menyeluruh, biaya perbaikan sebesar Rp 610000|SDB|Gedung E|Lantai 4|Zona Barat|Electrical|Sedang|Korosi|Suhu tidak stabil|610000
Lapor, SDB Gedung E lantai 4 zona Barat kurang dingin!|Penggantian komponen yang korosif dan pengecekan sistem pendingin, biaya perbaikan Rp 610000|SDB|Gedung E|Lantai 4|Zona Barat|Electrical|Sedang|Korosi|Suhu tidak stabil|610000
Mohon bantu perbaiki SDB di Gedung E lantai 4 zona Barat, karena mengalami kerusakan berupa suhu yang tidak stabil, dan terdengar berisik banget|Pemeriksaan menunjukkan adanya korosi pada komponen SDB, dilakukan perbaikan dengan mengganti komponen yang rusak dan membersihkan sistem, biaya perbaikan Rp 610000|SDB|Gedung E|Lantai 4|Zona Barat|Electrical|Sedang|Korosi|Suhu tidak stabil|610000
Tolong dong Manual Transfer Switch (MTS Panel) di Gedung Utama lantai 4 zona Barat rusak bgt, yg bocor deras gk tau dmn asalnya, tolong cepat bgt!|Perbaikan Manual Transfer Switch (MTS Panel) dilakukan dengan mengganti sensor yang rusak dan menstabilkan tegangan|Manual Transfer Switch (MTS Panel)|Gedung Utama|Lantai 4|Zona Barat|Electrical|Fatal|Tegangan tidak stabil|Sensor error|2980000
Mohon bantuan, Manual Transfer Switch (MTS Panel) di Gedung Utama lantai 4 zona Barat mengalami kerusakan parah, terbakar, dan menyebabkan gangguan listrik|Perbaikan Manual Transfer Switch (MTS Panel) dilakukan dengan mengganti komponen yang rusak, memperbaiki sistem, dan menstabilkan tegangan, dengan biaya perbaikan sebesar Rp 2980000|Manual Transfer Switch (MTS Panel)|Gedung Utama|Lantai 4|Zona Barat|Electrical|Fatal|Tegangan tidak stabil|Sensor error|2980000
Tolong dong Dinding Partisi, GRC / Gypsum di Gedung C lantai 6 zona Tengah mati total bgt, gk tau dmn salahnya, tolong bantu ya|Dinding Partisi, GRC / Gypsum mengalami kerusakan karena Kurang perawatan, perlu perbaikan remote|Dinding Partisi, GRC / Gypsum|Gedung C|Lantai 6|Zona Tengah|Civil|Berat|Kurang perawatan|Remote tidak berfungsi|4030000
Dengan hormat, saya melaporkan bahwa Dinding Partisi, GRC / Gypsum di Gedung C lantai 6 zona Tengah mengalami kerusakan yang cukup parah, yaitu remote tidak berfungsi, tolong periksa dan perbaiki|Dinding Partisi, GRC / Gypsum mengalami kerusakan karena Kurang perawatan, perlu perbaikan remote dengan biaya perbaikan sebesar Rp 4030000|Dinding Partisi, GRC / Gypsum|Gedung C|Lantai 6|Zona Tengah|Civil|Berat|Kurang perawatan|Remote tidak berfungsi|4030000
Tolong dong Pesawat Telepon di Gedung C lantai 6 zona Tengah rusak nih, bunyi pelan banget, gk tau dmn letak kerusakannya, tp yakin bgt perlu diperbaiki secepatnya|Perbaikan dilakukan dengan membersihkan korosi pada bagian dalam Pesawat Telepon, kemudian mengganti komponen yang rusak, biaya perbaikan sebesar Rp 180000|Pesawat Telepon|Gedung C|Lantai 6|Zona Tengah|Sistem Telekomunikasi Gedung|Ringan|Korosi|Aliran lemah|180000
Lapor, Pesawat Telepon di lantai 6 Gedung C bermasalah|Perbaikan Pesawat Telepon dilakukan dengan mengatasi korosi, biaya perbaikan Rp 180000|Pesawat Telepon|Gedung C|Lantai 6|Zona Tengah|Sistem Telekomunikasi Gedung|Ringan|Korosi|Aliran lemah|180000
Mohon perhatian, terdapat masalah pada Pesawat Telepon yang terletak di Gedung C, lantai 6, zona Tengah, gejala yang teramati adalah bunyi pelan, perlu dilakukan perbaikan segera|Tindakan perbaikan meliputi pembersihan korosi dan penggantian komponen yang rusak, dengan biaya perbaikan yang diperlukan sebesar Rp 180000|Pesawat Telepon|Gedung C|Lantai 6|Zona Tengah|Sistem Telekomunikasi Gedung|Ringan|Korosi|Aliran lemah|180000
Tolong dong Sistem Gas Pemadam Api di Gedung Utama lantai 17 zona Barat rusak nih, gk tau knp tiba2 mati, bgt yaa!|Kerusakan disebabkan oleh kualitas material yang rendah, perlu dilakukan penggantian komponen|Sistem Gas Pemadam Api|Gedung Utama|Lantai 17|Zona Barat|Sistem Pemadam Kebakaran|Sedang|Kualitas material|Mati mendadak|390000
Saya ingin melaporkan bahwa Sistem Gas Pemadam Api di Gedung Utama lantai 17 zona Barat mengalami kerusakan, yaitu mati mendadak, mohon segera ditangani|Kerusakan disebabkan oleh kualitas material yang rendah, perlu dilakukan penggantian komponen dan perbaikan, biaya perbaikan sebesar Rp 390000|Sistem Gas Pemadam Api|Gedung Utama|Lantai 17|Zona Barat|Sistem Pemadam Kebakaran|Sedang|Kualitas material|Mati mendadak|390000
Tolong dong Dinding Kaca Tempered di Gedung C lantai 7 zona Tengah rusak bgt, netes air terus, gk tahu dmn masalahnya, tolong bantu yg, bgt!|Laporan teknisi: Human error menyebabkan kerusakan, perlu perbaikan segera dengan mengganti komponen yang rusak|Dinding Kaca Tempered|Gedung C|Lantai 7|Zona Tengah|Civil|Sedang|Human error|Performa menurun|710000
Mohon bantuan, saya menemukan masalah pada Dinding Kaca Tempered di Gedung C, lantai 7, zona Tengah, yang mengalami kerusakan berupa netes air terus, mohon dicek dan diperbaiki segera|Laporan teknisi: Setelah melakukan inspeksi, ditemukan bahwa kerusakan disebabkan oleh Human error, perbaikan telah dilakukan dengan mengganti komponen yang rusak, dengan biaya perbaikan sebesar Rp 710000|Dinding Kaca Tempered|Gedung C|Lantai 7|Zona Tengah|Civil|Sedang|Human error|Performa menurun|710000
Tolong dong Uninterruptible Power Supply di Gedung Parkir lantai 3 zona Selatan rusak bgt, nyetrum, gk tau dmn letak kerusakannya, tolong bantu yg|Uninterruptible Power Supply mengalami kerusakan akibat aus normal, dilakukan perbaikan dengan mengganti komponen yang rusak, biaya perbaikan sebesar Rp 42310000|Uninterruptible Power Supply|Gedung Parkir|Lantai 3|Zona Selatan|Electrical|Fatal|Aus normal|Berkarat/korosi|42310000
Mohon bantuan, Uninterruptible Power Supply di Gedung Parkir lantai 3 zona Selatan mengalami kerusakan parah, nyetrum, perlu perbaikan segera|Uninterruptible Power Supply mengalami kerusakan akibat aus normal, dilakukan perbaikan dengan mengganti komponen yang rusak, biaya perbaikan sebesar Rp 42310000|Uninterruptible Power Supply|Gedung Parkir|Lantai 3|Zona Selatan|Electrical|Fatal|Aus normal|Berkarat/korosi|42310000
Tolong dong Pesawat Telepon di Gedung B lantai 1 zona Barat rusak bgt, mati total, gk tau dmn salahnya, tolong bantu yg, bgt!|Ditemukan kerusakan pada sistem telepon, kemungkinan disebabkan oleh kelembaban tinggi, perlu dilakukan perbaikan dan penggantian komponen yang rusak|Pesawat Telepon|Gedung B|Lantai 1|Zona Barat|Sistem Telekomunikasi Gedung|Berat|Kelembaban tinggi|Tekanan tidak stabil|7730000
Mohon bantu perbaiki Pesawat Telepon di Gedung B lantai 1 zona Barat, karena sudah mati total dan tidak berfungsi, terima kasih|Kerusakan pada pesawat telepon disebabkan oleh kelembaban tinggi, perlu dilakukan perbaikan dan penggantian komponen yang rusak untuk mengembalikan fungsi telepon|Pesawat Telepon|Gedung B|Lantai 1|Zona Barat|Sistem Telekomunikasi Gedung|Berat|Kelembaban tinggi|Tekanan tidak stabil|7730000
Tolong dong Plafon Gypsum / GRC di Gedung E lantai 1 zona Tengah rusak nih, gk tau kenapa, bgt berisik banget!|Laporan teknisi: Perbaikan plafon gypsum/GRC dengan membersihkan bagian yang tersumbat dan mengurangi kelembaban, biaya perbaikan sebesar Rp 870000|Plafon Gypsum / GRC|Gedung E|Lantai 1|Zona Tengah|Arsitektur|Sedang|Kelembaban tinggi|Macet/tersumbat|870000
Mohon perhatian, terdapat kerusakan pada Plafon Gypsum / GRC di Gedung E lantai 1 zona Tengah, gejala yang terjadi adalah berisik banget dan netes air, mohon segera ditangani|Laporan teknisi: Perbaikan plafon gypsum/GRC dengan membersihkan bagian yang tersumbat, mengurangi kelembaban tinggi, dan mengganti bagian yang rusak, dengan biaya perbaikan Rp 870000|Plafon Gypsum / GRC|Gedung E|Lantai 1|Zona Tengah|Arsitektur|Sedang|Kelembaban tinggi|Macet/tersumbat|870000
Tolong dong Smoke Detector di Gedung A lantai 13 zona Selatan rusak nih, gk nyala sama sekali bgt, tolong cepat dicek ya!|Overload pada sistem Smoke Detector menyebabkan koneksi terputus, perbaikan dilakukan dengan mengganti komponen yang rusak dan memastikan tidak terjadi overload lagi|Smoke Detector|Gedung A|Lantai 13|Zona Selatan|Sistem Proteksi Kebakaran Aktif|Berat|Overload|Koneksi terputus|6400000
Mohon bantuan untuk memperbaiki Smoke Detector di Gedung A lantai 13 zona Selatan yang tidak nyala sama sekali, kami sangat membutuhkan perbaikan secepatnya|Perbaikan dilakukan dengan mengidentifikasi penyebab overload dan mengganti komponen yang rusak, biaya perbaikan sebesar Rp 6400000|Smoke Detector|Gedung A|Lantai 13|Zona Selatan|Sistem Proteksi Kebakaran Aktif|Berat|Overload|Koneksi terputus|6400000
Tolong dong APAR Dry Powder Cartridge di Gedung A lantai 14 zona Barat rusak bgt, gk tau kenapa, tapi yg jelas mogok total, tolong bantu, dmn bisa kontak?|APAR Dry Powder Cartridge mengalami kerusakan karena kelembaban tinggi yang menyebabkan koneksi terputus, perlu dilakukan perbaikan dan penggantian komponen|APAR Dry Powder Cartridge|Gedung A|Lantai 14|Zona Barat|Sistem Pemadam Kebakaran|Berat|Kelembaban tinggi|Koneksi terputus|10520000
Mohon bantuan untuk memperbaiki APAR Dry Powder Cartridge di Gedung A lantai 14 zona Barat, karena telah mengalami kerusakan yang cukup berat, yaitu mati total, dan perlu dilakukan tindakan perbaikan secepatnya|APAR Dry Powder Cartridge mengalami kerusakan karena kelembaban tinggi yang menyebabkan koneksi terputus, dilakukan perbaikan dan penggantian komponen dengan biaya Rp 10520000|APAR Dry Powder Cartridge|Gedung A|Lantai 14|Zona Barat|Sistem Pemadam Kebakaran|Berat|Kelembaban tinggi|Koneksi terputus|10520000
Tolong dong Plafon Gypsum / GRC di Gedung C lantai 4 zona Selatan rusak bgt, gk tahu dmn letak kerusakannya, tp yg jelas kedap-kedip banget!|Laporan teknisi: Korosi pada plafon Gypsum / GRC, perlu pengecatan ulang dan penggantian komponen yang rusak|Plafon Gypsum / GRC|Gedung C|Lantai 4|Zona Selatan|Arsitektur|Sedang|Korosi|Tampilan rusak|1450000
Mohon perhatian, Plafon Gypsum / GRC di Gedung C lantai 4 zona Selatan mengalami kerusakan, yaitu tampilan yang rusak, sehingga perlu dilakukan perbaikan|Laporan teknisi: Korosi pada plafon Gypsum / GRC, dilakukan pengecatan ulang dan penggantian komponen yang rusak dengan biaya Rp 1450000|Plafon Gypsum / GRC|Gedung C|Lantai 4|Zona Selatan|Arsitektur|Sedang|Korosi|Tampilan rusak|1450000
Tolong dong Lampu Downlight di Gedung A lantai 12 zona Utara rusak bgt, nyetrum, gk tau dmn letak masalahnya, tolong bantu yaa|Lampu Downlight mengalami kerusakan akibat usia pakai, dilakukan penggantian komponen yang rusak dan pengecekan sistem secara menyeluruh, biaya perbaikan sebesar Rp 8670000|Lampu Downlight|Gedung A|Lantai 12|Zona Utara|Electrical|Fatal|Usia pakai|Getaran berlebihan|8670000
Mohon bantuan, Lampu Downlight di Gedung A lantai 12 zona Utara mengalami kerusakan yang sangat parah, terjadi nyetrum dan getaran berlebihan, mohon segera ditangani|Lampu Downlight mengalami kerusakan akibat usia pakai, dilakukan penggantian komponen yang rusak dan pengecekan sistem secara menyeluruh|Lampu Downlight|Gedung A|Lantai 12|Zona Utara|Electrical|Fatal|Usia pakai|Getaran berlebihan|8670000
Tolong dong Ground Water Tank di Gedung D lantai 1 zona Timur rusak bgt, suhu airnya gk stabil, dmn saya harus lapor ya?|Laporan teknisi: Ground Water Tank mengalami kerusakan karena Faktor lingkungan, perlu dilakukan perbaikan suhu untuk menghindari kerusakan lebih lanjut dengan biaya sebesar Rp 49380000|Ground Water Tank|Gedung D|Lantai 1|Zona Timur|Distribusi Air|Fatal|Faktor lingkungan|Suhu tidak stabil|49380000
Mohon perhatian, terdapat kerusakan pada Ground Water Tank di Gedung D lantai 1 zona Timur, suhu airnya tidak stabil dan menyebabkan kerusakan yang cukup parah|Laporan teknisi: Ground Water Tank mengalami kerusakan karena Faktor lingkungan, perlu dilakukan perbaikan suhu untuk menghindari kerusakan lebih lanjut dengan melakukan penggantian komponen yang rusak, biaya perbaikan diperkirakan sebesar Rp 49380000|Ground Water Tank|Gedung D|Lantai 1|Zona Timur|Distribusi Air|Fatal|Faktor lingkungan|Suhu tidak stabil|49380000
Halo, saya mau lapor, Pompa Boster di Gedung D lantai 4 zona Timur bunyi banget, bgt berisik, gk tahu penyebabnya, yg bisa bantu?|Setelah dilakukan inspeksi, ditemukan bahwa kualitas material pompa booster tidak memadai, sehingga menimbulkan bunyi abnormal. Tindakan perbaikan yang dilakukan adalah mengganti komponen yang rusak dan memastikan semua bagian dalam kondisi baik. Biaya perbaikan sebesar Rp 1210000|Pompa Boster|Gedung D|Lantai 4|Zona Timur|Mechanical|Sedang|Kualitas material|Bunyi abnormal|1210000
Mohon bantuan, Pompa Boster di Gedung D, lantai 4, zona Timur mengalami masalah bunyi abnormal, sehingga sangat mengganggu. Saya mohon untuk segera ditangani|Pompa booster yang mengalami bunyi abnormal dicek dan ditemukan bahwa kualitas material yang digunakan tidak sesuai standar, sehingga perlu dilakukan perbaikan dengan mengganti komponen yang rusak. Biaya yang diperlukan untuk perbaikan ini adalah Rp 1210000|Pompa Boster|Gedung D|Lantai 4|Zona Timur|Mechanical|Sedang|Kualitas material|Bunyi abnormal|1210000
Tolong dong Control Panel AC di Gedung C lantai 8 zona Selatan rusak nih, bgt berisik banget dan kurang dingin, gk tau dmn letak masalahnya, tolong bantu yg, pls|Control Panel AC mengalami korsleting, dilakukan perbaikan dengan mengganti komponen yang rusak, biaya perbaikan sebesar Rp 420000|Control Panel AC|Gedung C|Lantai 8|Zona Selatan|Electrical|Sedang|Aus normal|Korsleting|420000
Mohon bantuan untuk perbaikan Control Panel AC di Gedung C lantai 8 zona Selatan, karena mengalami gangguan berisik dan kurang dingin, mohon dilakukan pengecekan dan perbaikan secepatnya|Control Panel AC mengalami korsleting akibat aus normal, dilakukan perbaikan dengan mengganti komponen yang rusak dan melakukan pengecekan ulang, biaya perbaikan sebesar Rp 420000|Control Panel AC|Gedung C|Lantai 8|Zona Selatan|Electrical|Sedang|Aus normal|Korsleting|420000
Tolong dong Wiring System (Sistem Instalasi Kabel) di Gedung E lantai 5 zona Timur rusak bgt, gk tahu dmn salahnya, tapi suhu nya bener2 tidak stabil!|Ditemukan kerusakan pada Wiring System (Sistem Instalasi Kabel) akibat getaran, dilakukan perbaikan dan penggantian komponen yang rusak|Wiring System (Sistem Instalasi Kabel)|Gedung E|Lantai 5|Zona Timur|Electrical|Fatal|Getaran|Suhu tidak stabil|8810000
Mohon bantuan, Wiring System (Sistem Instalasi Kabel) di Gedung E lantai 5 zona Timur mengalami kerusakan fatal akibat getaran yang menyebabkan suhu tidak stabil|Dilakukan analisis dan perbaikan pada Wiring System (Sistem Instalasi Kabel) untuk mengatasi kerusakan akibat getaran, biaya perbaikan sebesar Rp 8810000|Wiring System (Sistem Instalasi Kabel)|Gedung E|Lantai 5|Zona Timur|Electrical|Fatal|Getaran|Suhu tidak stabil|8810000
Tolong dong Dinding Walpaper di Gedung C lantai 6 zona Timur bgt berisik banget dan netes air yg gk biasa dmn biasanya gk kayak gini bgt|Dinding Walpaper mengalami korosi yang cukup parah sehingga memerlukan perbaikan segera dengan mengganti komponen yang rusak|Dinding Walpaper|Gedung C|Lantai 6|Zona Timur|Civil|Sedang|Korosi|Retak/pecah|2310000
Mohon perhatian, kami memiliki masalah dengan Dinding Walpaper di Gedung C lantai 6 zona Timur yang mengalami kerusakan berupa retak/pecah dan netes air|Dinding Walpaper mengalami korosi yang memerlukan perbaikan segera dengan mengganti komponen yang rusak dan memastikan kekuatan struktur dengan biaya perbaikan sebesar Rp 2310000|Dinding Walpaper|Gedung C|Lantai 6|Zona Timur|Civil|Sedang|Korosi|Retak/pecah|2310000
Tolong dong Dinding Partisi, GRC / Gypsum di Gedung D lantai 12 zona Timur rusak bgt, gk tau dmn salahnya, yg jelas mogok total!|Ditemukan korosi pada dinding partisi, perlu diganti dengan bahan yang tahan korosi, biaya perbaikan sebesar Rp 5370000|Dinding Partisi, GRC / Gypsum|Gedung D|Lantai 12|Zona Timur|Civil|Berat|Korosi|Kebocoran|5370000
Mohon periksa Dinding Partisi, GRC / Gypsum di Gedung D lantai 12 zona Timur, karena telah mengalami kebocoran yang disebabkan oleh korosi, perlu perbaikan segera dan profesional.|Dilakukan perbaikan dengan mengganti komponen yang rusak dan membersihkan area yang terkena korosi, biaya perbaikan Rp 5370000|Dinding Partisi, GRC / Gypsum|Gedung D|Lantai 12|Zona Timur|Civil|Berat|Korosi|Kebocoran|5370000
Tolong dong Meja kerja di Gedung E lantai 3 zona Utara rusak bgt, gk nyala sama sekali, yg bisa bantu?|Usia pakai meja kerja sudah maksimal, perlu dilakukan perbaikan dan penggantian komponen|Meja kerja|Gedung E|Lantai 3|Zona Utara|Arsitektur|Berat|Usia pakai|Korsleting|4860000
Mohon bantuan perbaikan Meja kerja di Gedung E lantai 3 zona Utara, karena sudah tidak nyala sama sekali|Kerusakan disebabkan oleh usia pakai yang sudah maksimal, sehingga perlu dilakukan perbaikan dan penggantian komponen, dengan biaya perbaikan sebesar Rp 4860000|Meja kerja|Gedung E|Lantai 3|Zona Utara|Arsitektur|Berat|Usia pakai|Korsleting|4860000
Tolong dong Lampu LED di Gedung B lantai 2 zona Tengah rusak bgt, gk nyala sama sekali, tolong bantu yg, dmn saya harus hubungi?|Lampu LED di Gedung Gedung B lantai 2 zona Tengah mengalami kerusakan total karena Faktor lingkungan, dilakukan perbaikan dengan mengganti komponen yang rusak|Lampu LED|Gedung B|Lantai 2|Zona Tengah|Electrical|Berat|Faktor lingkungan|Tidak berfungsi total|3680000
Mohon bantuan, Lampu LED di Gedung B lantai 2 zona Tengah tidak berfungsi dengan baik, sehingga perlu dilakukan perbaikan segera.|Lampu LED di Gedung Gedung B lantai 2 zona Tengah mengalami kerusakan total karena Faktor lingkungan, dilakukan perbaikan dengan mengganti komponen yang rusak, biaya perbaikan sebesar 3680000|Lampu LED|Gedung B|Lantai 2|Zona Tengah|Electrical|Berat|Faktor lingkungan|Tidak berfungsi total|3680000
Tolong dong Roof Tank di Gedung Servis lantai 3 zona Utara rusak bgt, gk tau dmn letak kerusakannya, tolong cek ya!|Ditemukan kerusakan karena human error, dilakukan perbaikan dengan mengganti komponen yang rusak|Roof Tank|Gedung Servis|Lantai 3|Zona Utara|Distribusi Air|Berat|Human error|Berkarat/korosi|8500000
Mohon bantuan untuk perbaikan Roof Tank di Gedung Servis lantai 3 zona Utara, karena mengalami kerusakan yang cukup parah|Kerusakan akibat human error, tindakan perbaikan telah dilakukan dengan memperbaiki komponen yang rusak dan membersihkan area sekitar|Roof Tank|Gedung Servis|Lantai 3|Zona Utara|Distribusi Air|Berat|Human error|Berkarat/korosi|8500000
Tolong dong Kursi di Gedung A lantai 2 zona Utara rusak bgt, gk tau dmn letak kerusakannya, tp yg jelas berisik banget pas dipakai, bantu yah!|Kerusakan Kursi di Gedung Gedung A lantai 2 zona Utara disebabkan oleh Getaran, perlu dilakukan perbaikan untuk menghilangkan sumber getaran dan mengganti komponen yang rusak, biaya perbaikan sebesar Rp 1580000|Kursi|Gedung A|Lantai 2|Zona Utara|Arsitektur|Sedang|Getaran|Aus/abrasi|1580000
Mohon bantuan perbaikan Kursi di Gedung A lantai 2 zona Utara, karena Kursi tersebut mengalami kerusakan yang menyebabkan berisik banget, kemungkinan disebabkan oleh Getaran, mohon dilakukan pengecekan dan perbaikan yang sesuai|Kerusakan Kursi di Gedung Gedung A lantai 2 zona Utara disebabkan oleh Getaran, perlu dilakukan perbaikan untuk menghilangkan sumber getaran dan mengganti komponen yang rusak|Kursi|Gedung A|Lantai 2|Zona Utara|Arsitektur|Sedang|Getaran|Aus/abrasi|1580000
Tolong dong Dinding Tembok/Mansonry di Gedung Utama lantai 7 zona Selatan rusak bgt, mati total nih, gk tau dmn salahnya, tolong bantu|Korosi pada dinding tembok/masonry telah menyebabkan korsleting, perlu dilakukan perbaikan dengan mengganti komponen yang rusak|Dinding Tembok/Mansonry|Gedung Utama|Lantai 7|Zona Selatan|Civil|Berat|Korosi|Korsleting|6280000
Mohon bantuan untuk perbaikan Dinding Tembok/Mansonry di Gedung Utama lantai 7 zona Selatan yang mengalami kerusakan berat|Kerusakan disebabkan oleh korosi yang menyebabkan korsleting, perlu dilakukan perbaikan segera dengan biaya perbaikan sebesar Rp 6280000|Dinding Tembok/Mansonry|Gedung Utama|Lantai 7|Zona Selatan|Civil|Berat|Korosi|Korsleting|6280000
Tolong dong Meter Provider di Gedung B lantai 5 zona Tengah rusak nih, gk tau dmn salahnya, bgt rusaknya, tolong cepat|Ditemukan kerusakan pada Meter Provider karena Kelembaban tinggi, dilakukan perbaikan dengan mengganti komponen yang rusak|Meter Provider|Gedung B|Lantai 5|Zona Tengah|Pencatatan Meter|Berat|Kelembaban tinggi|Aus/abrasi|7210000
Mohon bantuan untuk memperbaiki Meter Provider yang terletak di Gedung B lantai 5 zona Tengah, karena telah mengalami kerusakan yang cukup parah|Kerusakan pada Meter Provider disebabkan oleh Kelembaban tinggi, dilakukan perbaikan dengan mengganti komponen yang rusak, biaya perbaikan sebesar Rp 7210000|Meter Provider|Gedung B|Lantai 5|Zona Tengah|Pencatatan Meter|Berat|Kelembaban tinggi|Aus/abrasi|7210000
Tolong dong APAR CO2 di Gedung A lantai 4 zona Timur rusak bgt, gk tau dmn letak kerusakannya, tapi yg jelas udah meledak dan bau gosong, tolong bantu yg gk bisa diatasi sendiri|Lakukan pengecekan rutin dan perbaikan pada APAR CO2 yang rusak karena getaran, lakukan penggantian komponen yang rusak dan penyesuaian suhu|APAR CO2|Gedung A|Lantai 4|Zona Timur|Sistem Pemadam Kebakaran|Fatal|Getaran|Suhu tidak stabil|9000000
Mohon bantuan untuk memperbaiki APAR CO2 di Gedung A lantai 4 zona Timur yang telah mengalami kerusakan fatal karena getaran, sehingga menyebabkan suhu tidak stabil dan meledak|Lakukan analisis kerusakan APAR CO2 yang disebabkan oleh getaran, lalu lakukan perbaikan dan penggantian komponen yang rusak, serta penyesuaian suhu untuk mencegah kerusakan lebih lanjut|APAR CO2|Gedung A|Lantai 4|Zona Timur|Sistem Pemadam Kebakaran|Fatal|Getaran|Suhu tidak stabil|9000000
Gdg Gedung E lantai 3 zona Timur APAR Halonnya bgt rusak bgt, gk tau dmn letak kerusakannya, tp yg jelas APAR Halon itu meledak dan terbakar, tolong dong cepat ditangani|Laporan teknisi: Kerusakan disebabkan oleh kualitas material yang buruk, perlu dilakukan penggantian komponen yang rusak dan perawatan rutin, biaya perbaikan sebesar Rp 19970000|APAR Halon|Gedung E|Lantai 3|Zona Timur|Sistem Pemadam Kebakaran|Fatal|Kualitas material|Overheat|19970000
Lapor, APAR Halon di Gedung E lantai 3 zona Timur meledak|Laporan teknisi: Kerusakan disebabkan oleh kualitas material yang buruk, perlu dilakukan penggantian komponen yang rusak dan perawatan rutin|APAR Halon|Gedung E|Lantai 3|Zona Timur|Sistem Pemadam Kebakaran|Fatal|Kualitas material|Overheat|19970000
Mohon perhatian, APAR Halon yang terletak di Gedung E lantai 3 zona Timur mengalami kerusakan yang sangat parah, yaitu meledak dan terbakar, mohon agar segera dilakukan perbaikan|Laporan teknisi: Kerusakan disebabkan oleh kualitas material yang buruk, perlu dilakukan penggantian komponen yang rusak dan perawatan rutin, biaya perbaikan sebesar Rp 19970000|APAR Halon|Gedung E|Lantai 3|Zona Timur|Sistem Pemadam Kebakaran|Fatal|Kualitas material|Overheat|19970000
Tolong dong AC Split di Gedung D lantai 4 zona Barat tiba-tiba bocor deras bgt, gk bisa dipake lagi, tolong bantu yg, dmn ada teknisi?!|Kelembaban tinggi menyebabkan kerusakan, perlu penggantian spare part dan perawatan rutin, biaya perbaikan sebesar Rp 27250000|AC Split|Gedung D|Lantai 4|Zona Barat|Mechanical|Fatal|Kelembaban tinggi|Bunyi abnormal|27250000
Lapor. AC Split Gedung D lt 4 zona Barat meledak|Kelembaban tinggi menyebabkan kerusakan parah, perlu penanganan cepat dan penggantian komponen yang rusak|AC Split|Gedung D|Lantai 4|Zona Barat|Mechanical|Fatal|Kelembaban tinggi|Bunyi abnormal|27250000
Mohon bantuan untuk perbaikan AC Split di Gedung D lantai 4 zona Barat, karena terjadi kebocoran dan kerusakan yang cukup parah, sehingga menyebabkan bunyi abnormal dan tidak bisa digunakan, mohon teknisi untuk segera memeriksa dan memperbaiki|Kelembaban tinggi menyebabkan kerusakan, perlu penggantian spare part dan perawatan rutin, biaya perbaikan sebesar Rp 27250000|AC Split|Gedung D|Lantai 4|Zona Barat|Mechanical|Fatal|Kelembaban tinggi|Bunyi abnormal|27250000
Gue butuh bantuan, dmn Gedung C lantai 4 zona Selatan Dinding Tembok/Mansonry-nya sering mati mendadak bgt, gk tau penyebabnya, tolong dong|Dinding Tembok/Mansonry mengalami kerusakan akibat Tegangan tidak stabil, dilakukan perbaikan dengan pengecekan dan penggantian komponen yang rusak, biaya perbaikan sebesar Rp 580000|Dinding Tembok/Mansonry|Gedung C|Lantai 4|Zona Selatan|Civil|Sedang|Tegangan tidak stabil|Mati mendadak|580000
Mohon bantuan untuk perbaikan Dinding Tembok/Mansonry di Gedung C lantai 4 zona Selatan yang mengalami kerusakan, terutama sering mati mendadak, tolong segera ditangani|Dinding Tembok/Mansonry mengalami kerusakan akibat Tegangan tidak stabil, dilakukan perbaikan dengan pengecekan dan penggantian komponen yang rusak, biaya perbaikan sebesar Rp 580000|Dinding Tembok/Mansonry|Gedung C|Lantai 4|Zona Selatan|Civil|Sedang|Tegangan tidak stabil|Mati mendadak|580000
Tolong dong Lampu Wall sign di Gedung C lantai 1 zona Utara bgt rusak nih, nyetrum gk tau dmn letak masalahnya, tapi yg jelas Lampu Wall signnya meledak pas dipake|Lampu Wall sign mengalami kerusakan akibat Overload, perlu dilakukan perbaikan koneksi|Lampu Wall sign|Gedung C|Lantai 1|Zona Utara|Electrical|Fatal|Overload|Koneksi terputus|24240000
Mohon periksa Lampu Wall sign di Gedung C lantai 1 zona Utara, karena terjadi kecelakaan yang mengakibatkan Lampu Wall sign meledak, sehingga menyebabkan keadaan darurat|Lampu Wall sign mengalami kerusakan akibat Overload, perlu dilakukan perbaikan koneksi dengan biaya perbaikan sebesar 24240000|Lampu Wall sign|Gedung C|Lantai 1|Zona Utara|Electrical|Fatal|Overload|Koneksi terputus|24240000
Lantai Vinyl di Gedung B lantai 5 zona Tengah rusak bgt, gk tahu dmn letak kerusakannya, tolong dong bantu perbaiki yg, cepat!|Lantai Vinyl mengalami kebocoran akibat getaran, perlu dilakukan perbaikan dengan mengganti komponen yang rusak dan memastikan pemasangan yang tepat|Lantai Vinyl|Gedung B|Lantai 5|Zona Tengah|Civil|Berat|Getaran|Kebocoran|5380000
Mohon perhatian, Lantai Vinyl di Gedung B lantai 5 zona Tengah mengalami kerusakan berat, sehingga perlu dilakukan perbaikan segera|Lantai Vinyl mengalami kebocoran akibat getaran, perlu dilakukan perbaikan dengan mengganti komponen yang rusak dan memastikan pemasangan yang tepat, biaya perbaikan sebesar Rp 5380000|Lantai Vinyl|Gedung B|Lantai 5|Zona Tengah|Civil|Berat|Getaran|Kebocoran|5380000
Tolong dong APAR Dry Powder Cartridge di Gedung B lantai 4 zona Selatan rusak nih, bunyi abnormal terdengar, gk tau dmn salahnya, bgt|Kerusakan disebabkan kurang perawatan, perlu dilakukan pembersihan dan pengecekan rutin, biaya perbaikan sebesar Rp 160000|APAR Dry Powder Cartridge|Gedung B|Lantai 4|Zona Selatan|Sistem Pemadam Kebakaran|Ringan|Kurang perawatan|Bunyi abnormal|160000
Mohon periksa APAR Dry Powder Cartridge di Gedung B lantai 4 zona Selatan, terdengar bunyi abnormal, mohon ditangani secepatnya|Kerusakan disebabkan kurang perawatan, perlu dilakukan pembersihan dan pengecekan, biaya perbaikan akan ditentukan setelah pemeriksaan|APAR Dry Powder Cartridge|Gedung B|Lantai 4|Zona Selatan|Sistem Pemadam Kebakaran|Ringan|Kurang perawatan|Bunyi abnormal|160000
Tolong dong Dinding Batu Alam di Gedung B lantai 2 zona Tengah rusak bgt, gk bisa digunakan sama sekali, dmn ada yg bsa bntu?|Dinding Batu Alam mengalami kerusakan total karena kualitas material yang tidak memadai, perlu dilakukan perbaikan dengan mengganti material yang baru|Dinding Batu Alam|Gedung B|Lantai 2|Zona Tengah|Civil|Berat|Kualitas material|Tidak berfungsi total|5310000
Mohon bantuan untuk perbaikan Dinding Batu Alam di Gedung B lantai 2 zona Tengah, karena sudah tidak berfungsi sama sekali.|Dinding Batu Alam mengalami kerusakan parah karena kualitas material yang tidak memadai, perlu dilakukan perbaikan dengan mengganti material yang baru dan memadai, biaya perbaikan diperkirakan sebesar 5310000|Dinding Batu Alam|Gedung B|Lantai 2|Zona Tengah|Civil|Berat|Kualitas material|Tidak berfungsi total|5310000
Lampu LED Downlight di Gedung D lantai 4 zona Barat rusak bgt, dmn lampu nyala tapi tiba2 mati, gk tau knp, tolong dong cepat|Lampu LED Downlight mengalami kerusakan akibat Tegangan tidak stabil, perlu dilakukan perbaikan koneksi|Lampu LED Downlight|Gedung D|Lantai 4|Zona Barat|Electrical|Fatal|Tegangan tidak stabil|Koneksi terputus|24050000
Mohon perhatian, terdapat kerusakan pada Lampu LED Downlight di Gedung D lantai 4 zona Barat, lampu menyala kemudian tiba-tiba mati, mohon segera ditangani|Lampu LED Downlight mengalami kerusakan akibat Tegangan tidak stabil, perlu dilakukan perbaikan koneksi dengan biaya perbaikan sebesar Rp 24050000|Lampu LED Downlight|Gedung D|Lantai 4|Zona Barat|Electrical|Fatal|Tegangan tidak stabil|Koneksi terputus|24050000
Tolong dong APAB Dry Powder di Gedung D lantai 4 zona Utara rusak nih, bgt berisik banget dan netes air!|APAB Dry Powder mengalami kerusakan karena debu/kotoran, dilakukan pembersihan dan penggantian komponen yang rusak|APAB Dry Powder|Gedung D|Lantai 4|Zona Utara|Sistem Pemadam Kebakaran|Sedang|Debu/kotoran|Getaran berlebihan|610000
Mohon perhatian, APAB Dry Powder di Gedung D lantai 4 zona Utara mengalami gangguan, yaitu getaran berlebihan dan netes air, mohon segera ditangani|APAB Dry Powder mengalami kerusakan karena debu/kotoran, dilakukan pembersihan dan penggantian komponen yang rusak dengan biaya perbaikan sebesar Rp 610000|APAB Dry Powder|Gedung D|Lantai 4|Zona Utara|Sistem Pemadam Kebakaran|Sedang|Debu/kotoran|Getaran berlebihan|610000
Tolong dong Automatic Transfer Switch (ATS Panel) di Gedung A lantai 6 zona Utara rusak bgt, bunyi abnormal terus, gk tau dmn salahnya, tolong bantu yg, bgt|Laporan teknisi: kerusakan disebabkan faktor lingkungan, perlu pengecekan dan perawatan rutin, biaya perbaikan sebesar Rp 1130000|Automatic Transfer Switch (ATS Panel)|Gedung A|Lantai 6|Zona Utara|Electrical|Sedang|Faktor lingkungan|Bunyi abnormal|1130000
Mohon bantuan untuk perbaikan Automatic Transfer Switch (ATS Panel) di Gedung A lantai 6 zona Utara, karena mengeluarkan bunyi abnormal|Teknisi telah melakukan pengecekan dan perawatan, kemungkinan disebabkan faktor lingkungan, biaya perbaikan sebesar Rp 1130000|Automatic Transfer Switch (ATS Panel)|Gedung A|Lantai 6|Zona Utara|Electrical|Sedang|Faktor lingkungan|Bunyi abnormal|1130000
Gue butuh bantuan, AC Split di Gedung Utama lantai 8 zona Utara bgt rusak nih, air bocor deras bgt, tolong dong cepat|Laporan teknisi: Kerusakan disebabkan oleh Getaran, dilakukan perbaikan dan penggantian komponen yang rusak dengan biaya Rp 35870000|AC Split|Gedung Utama|Lantai 8|Zona Utara|Mechanical|Fatal|Getaran|Kebocoran|35870000
Mohon bantuan perbaikan AC Split di Gedung Utama lantai 8 zona Utara, karena mengalami kebocoran yang cukup parah dan menyebabkan kerusakan|Laporan teknisi: Kerusakan disebabkan oleh Getaran, dilakukan perbaikan dan penggantian komponen yang rusak|AC Split|Gedung Utama|Lantai 8|Zona Utara|Mechanical|Fatal|Getaran|Kebocoran|35870000
Tolong dong Dinding beton ekspos di Gedung C lantai 1 zona Selatan rusak nih, bgt kotor dan kusam, gk tau apa penyebabnya, tolong dicek yg|Dinding beton ekspos mengalami kerusakan karena kurang perawatan, perlu dilakukan pembersihan dan perawatan rutin|Dinding beton ekspos|Gedung C|Lantai 1|Zona Selatan|Civil|Ringan|Kurang perawatan|Mati mendadak|4890000
Mohon periksa Dinding beton ekspos di Gedung C lantai 1 zona Selatan karena terlihat kusam dan kotor, mungkin perlu perawatan|Dinding beton ekspos mengalami kerusakan karena kurang perawatan, perlu dilakukan pembersihan dan perawatan rutin dengan biaya perbaikan sebesar|Dinding beton ekspos|Gedung C|Lantai 1|Zona Selatan|Civil|Ringan|Kurang perawatan|Mati mendadak|4890000
Gw butuh bantuan, Heat Detector di Gedung D lantai 9 zona Tengah bgt rusak, nyetrum gk karuan, tolong dong!|Teknisi menemukan bahwa Heat Detector mengalami kerusakan karena Tegangan tidak stabil, sehingga dilakukan perbaikan dan penggantian komponen yang rusak, biaya perbaikan sebesar 34370000|Heat Detector|Gedung D|Lantai 9|Zona Tengah|Sistem Proteksi Kebakaran Aktif|Fatal|Tegangan tidak stabil|Aliran lemah|34370000
Mohon periksa Heat Detector di Gedung D lantai 9 zona Tengah, karena terjadi kebakaran yang menyebabkan kerusakan, mohon segera ditangani|Teknisi melakukan analisis dan menemukan bahwa Heat Detector mengalami kerusakan karena Tegangan tidak stabil, sehingga dilakukan perbaikan dan penggantian komponen yang rusak, dengan biaya perbaikan yang diperlukan|Heat Detector|Gedung D|Lantai 9|Zona Tengah|Sistem Proteksi Kebakaran Aktif|Fatal|Tegangan tidak stabil|Aliran lemah|34370000
Genset Bensin di Gedung D lantai 3 zona Tengah rusak bgt, yg benerin dmn sih?|Genset Bensin mengalami korosi parah, perlu dilakukan perbaikan dengan mengganti komponen yang rusak|Genset Bensin|Gedung D|Lantai 3|Zona Tengah|Mechanical|Berat|Korosi|Berkarat/korosi|1790000
Mohon perhatian, Genset Bensin di Gedung D lantai 3 zona Tengah mengalami kerusakan yang cukup parah, tidak dapat dioperasikan sama sekali|Genset Bensin mengalami korosi yang menyebabkan kerusakan berat, perlu dilakukan perbaikan dengan biaya sebesar Rp 1790000|Genset Bensin|Gedung D|Lantai 3|Zona Tengah|Mechanical|Berat|Korosi|Berkarat/korosi|1790000
Tolong dong FCU di Gedung A lantai 11 zona Timur rusak bgt, gk dingin lagi, netes air terus, dmn bgt solusinya?|FCU di Gedung Gedung A lantai 11 zona Timur mengalami kerusakan berkarat/korosi karena faktor lingkungan, perlu dilakukan perbaikan dan penggantian komponen yang rusak, biaya perbaikan sebesar Rp 1360000|FCU|Gedung A|Lantai 11|Zona Timur|Mechanical|Sedang|Faktor lingkungan|Berkarat/korosi|1360000
Mohon perhatian, FCU di Gedung A lantai 11 zona Timur mengalami masalah, kurang dingin dan netes air, mohon dicek dan diperbaiki secepatnya|FCU di Gedung Gedung A lantai 11 zona Timur mengalami kerusakan berkarat/korosi karena faktor lingkungan, perlu dilakukan perbaikan dan penggantian komponen yang rusak, biaya perbaikan sebesar Rp 1360000|FCU|Gedung A|Lantai 11|Zona Timur|Mechanical|Sedang|Faktor lingkungan|Berkarat/korosi|1360000
Tolong dong Lift Penumpang di Gedung B lantai 7 zona Tengah rusak nih, bunyi abnormal bgt, gk tahu dmn letak kerusakannya, tolong bantu perbaiki yg|Laporan teknisi: perbaikan dilakukan dengan mengganti komponen yang rusak, penyebab kerusakan adalah kualitas material, biaya perbaikan sebesar Rp 1210000|Lift Penumpang|Gedung B|Lantai 7|Zona Tengah|Sistem Transportasi Gedung|Sedang|Kualitas material|Bunyi abnormal|1210000
Mohon perhatian terkait Lift Penumpang di Gedung B lantai 7 zona Tengah yang mengalami bunyi abnormal, mohon dilakukan perbaikan segera|Laporan teknisi: perbaikan dilakukan dengan memperhatikan kualitas material, tindakan perbaikan meliputi penggantian komponen yang rusak, biaya perbaikan Rp 1210000|Lift Penumpang|Gedung B|Lantai 7|Zona Tengah|Sistem Transportasi Gedung|Sedang|Kualitas material|Bunyi abnormal|1210000
Tolong dong Monitor/Layar di Gedung Utama lantai 13 zona Tengah rusak bgt, gk tau dmn masalahnya, tp yg jelas mati total, bgt!|Laporan teknis: Monitor/Layar mengalami kerusakan akibat Aus normal, perlu dilakukan penggantian komponen|Monitor/Layar|Gedung Utama|Lantai 13|Zona Tengah|Sistem Telekomunikasi Gedung|Berat|Aus normal|Mati mendadak|10250000
Mohon bantuan, kami mengalami masalah dengan Monitor/Layar di Gedung Utama lantai 13 zona Tengah, karena mati total, sehingga kami ноntuhkan laporan teknis|Laporan teknis: Monitor/Layar mengalami kerusakan akibat Aus normal, perlu dilakukan penggantian komponen dengan biaya Rp 10250000|Monitor/Layar|Gedung Utama|Lantai 13|Zona Tengah|Sistem Telekomunikasi Gedung|Berat|Aus normal|Mati mendadak|10250000
Lift Executive di Gedung A lantai 8 zona Selatan rusak bgt, yg benerin dmn sih?|Ditemukan kerusakan pada remote Lift Executive Schindler, dilakukan perbaikan dengan mengganti remote baru karena aus normal|Lift Executive|Gedung A|Lantai 8|Zona Selatan|Sistem Transportasi Gedung|Berat|Aus normal|Remote tidak berfungsi|1250000
Lift Executive di Gedung A lantai 8 zona Selatan mengalami gangguan, mohon segera diperbaiki|Dilakukan inspeksi dan ditemukan bahwa remote Lift Executive Schindler mengalami kerusakan karena aus normal, kemudian dilakukan perbaikan dengan mengganti remote baru|Lift Executive|Gedung A|Lantai 8|Zona Selatan|Sistem Transportasi Gedung|Berat|Aus normal|Remote tidak berfungsi|1250000
Tolong dong Atap Asbes di Gedung Utama lantai 13 zona Timur rusak nih, gk tahu dmn letak kerusakannya, tp yg jelas atapnya jebol bgt!|Laporan teknis: Kerusakan pada Atap Asbes disebabkan oleh Kualitas material yang buruk, perlu dilakukan perbaikan dengan mengganti material yang rusak|Atap Asbes|Gedung Utama|Lantai 13|Zona Timur|Civil|Berat|Kualitas material|Aliran lemah|8750000
Mohon perhatian, Atap Asbes di Gedung Utama lantai 13 zona Timur mengalami kerusakan yang cukup parah, atapnya jebol dan tidak berfungsi dengan baik, mohon dilakukan perbaikan secepatnya|Laporan teknis: Kerusakan pada Atap Asbes disebabkan oleh Kualitas material yang buruk, perlu dilakukan perbaikan dengan mengganti material yang rusak dan memperbaiki sistem aliran, dengan biaya perbaikan sebesar Rp 8750000|Atap Asbes|Gedung Utama|Lantai 13|Zona Timur|Civil|Berat|Kualitas material|Aliran lemah|8750000
Tolong dong Pintu Kayu/HPL di Gedung B lantai 4 zona Utara rusak nih, gk tau knp tiba2 bunyi pelan bgt, yg penting dibenerin ya|Debu/kotoran menyebabkan korsleting, perbaikan dengan membersihkan debu dan mengganti komponen yang rusak|Pintu Kayu/HPL|Gedung B|Lantai 4|Zona Utara|Arsitektur|Ringan|Debu/kotoran|Korsleting|470000
Mohon periksa Pintu Kayu/HPL di Gedung B lantai 4 zona Utara, karena terdengar bunyi pelan dan tidak berfungsi dengan baik|Debu/kotoran menyebabkan korsleting, perbaikan dengan membersihkan debu dan mengganti komponen yang rusak, biaya perbaikan sebesar Rp 470000|Pintu Kayu/HPL|Gedung B|Lantai 4|Zona Utara|Arsitektur|Ringan|Debu/kotoran|Korsleting|470000
Gedung A, lantai 14, zona Selatan, MDP-nya meledak bgt, gk tau dmn letak kerusakannya, tolong dong, segera!|Getaran menyebabkan tampilan rusak, perlu perbaikan segera dengan mengganti komponen yang rusak|MDP|Gedung A|Lantai 14|Zona Selatan|Electrical|Fatal|Getaran|Tampilan rusak|19550000
Mohon bantuan, MDP di Gedung A lantai 14 zona Selatan mengalami kerusakan fatal karena getaran, sehingga tampilan rusak, tolong segera ditangani|Perbaikan dilakukan dengan mengganti komponen yang rusak karena getaran, dengan biaya perbaikan Rp 19550000|MDP|Gedung A|Lantai 14|Zona Selatan|Electrical|Fatal|Getaran|Tampilan rusak|19550000
Tolong dong Plafon Gypsum / GRC di Gedung C lantai 8 zona Barat rusak bgt, nyetrum, gk tau dmn yg bermasalah, tolong bantu yaa|Overload pada sistem, perlu peninjatan kapasitas untuk menghindari korsleting, biaya perbaikan sebesar Rp 28310000|Plafon Gypsum / GRC|Gedung C|Lantai 8|Zona Barat|Arsitektur|Fatal|Overload|Korsleting|28310000
Mohon bantuan untuk perbaikan Plafon Gypsum / GRC di Gedung C, lantai 8, zona Barat, karena terjadi korsleting yang menyebabkan nyetrum, sehingga sangat membahayakan|Ditemukan overload pada sistem, dilakukan perbaikan dengan mengganti komponen yang rusak dan menambah kapasitas, biaya perbaikan sebesar Rp 28310000|Plafon Gypsum / GRC|Gedung C|Lantai 8|Zona Barat|Arsitektur|Fatal|Overload|Korsleting|28310000
Hai, APAR Dry Powder Stored Pressure di Gedung Utama lantai 1 zona Selatan rusak bgt, gk bisa dipake, tolong dong diperbaiki yg cepat, dmn saya harus hubungi?|Tegangan tidak stabil, perlu penyetelan ulang dan pembersihan filter, biaya perbaikan Rp 950000|APAR Dry Powder Stored Pressure|Gedung Utama|Lantai 1|Zona Selatan|Sistem Pemadam Kebakaran|Sedang|Tegangan tidak stabil|Aliran lemah|950000
Mohon perhatian, APAR Dry Powder Stored Pressure di Gedung Utama lantai 1 zona Selatan mengalami kerusakan, sehingga tidak dapat berfungsi dengan baik, mohon untuk segera diperbaiki|Tegangan tidak stabil, dilakukan penyetelan ulang dan pembersihan, biaya perbaikan akan ditentukan setelah pemeriksaan lebih lanjut|APAR Dry Powder Stored Pressure|Gedung Utama|Lantai 1|Zona Selatan|Sistem Pemadam Kebakaran|Sedang|Tegangan tidak stabil|Aliran lemah|950000
Lift Executive di Gedung D lantai 9 zona Tengah rusak nih, bgt berisik banget pas lg jalan, yg benerin dmn sih?|Lift Executive mengalami getaran yang menyebabkan kerusakan, perlu dilakukan pengecekan dan perbaikan sistem pendukung|Lift Executive|Gedung D|Lantai 9|Zona Tengah|Sistem Transportasi Gedung|Sedang|Getaran|Mati mendadak|1620000
Mohon bantuan, Lift Executive di Gedung D lantai 9 zona Tengah mengalami masalah, Lift tersebut mati mendadak dan berisik|Lift Executive mengalami getaran yang menyebabkan kerusakan, perlu dilakukan pengecekan dan perbaikan sistem pendukung dengan biaya perbaikan sebesar 1620000|Lift Executive|Gedung D|Lantai 9|Zona Tengah|Sistem Transportasi Gedung|Sedang|Getaran|Mati mendadak|1620000
Tolong dong Control Panel Penerangan di Gedung E lantai 4 zona Barat rusak bgt, nyetrum, gk bisa dinyalain lagi yg dmn tahu solusinya?|Laporan teknisi: Kerusakan disebabkan oleh kurang perawatan, perlu dilakukan pembersihan dan penggantian komponen yang rusak|Control Panel Penerangan|Gedung E|Lantai 4|Zona Barat|Electrical|Fatal|Kurang perawatan|Lampu mati|13010000
Mohon perhatian, Control Panel Penerangan di Gedung E lantai 4 zona Barat mengalami kerusakan fatal, nyetrum, dan tidak dapat dioperasikan. Perlu dilakukan perbaikan segera|Laporan teknisi: Kerusakan disebabkan oleh kurang perawatan, perlu dilakukan pembersihan dan penggantian komponen yang rusak dengan biaya sebesar Rp 13010000|Control Panel Penerangan|Gedung E|Lantai 4|Zona Barat|Electrical|Fatal|Kurang perawatan|Lampu mati|13010000
Gdg Gedung B lantai 1 zona Timur APAR Dry Powder Stored Pressure error terus bgt, tolong dmn bisa diperbaiki?|Laporan teknisi: Perbaikan APAR Dry Powder Stored Pressure di Gedung B lantai 1 zona Timur karena kualitas material yang kurang baik, dilakukan penggantian sensor baru dan pengecekan ulang sistem|APAR Dry Powder Stored Pressure|Gedung B|Lantai 1|Zona Timur|Sistem Pemadam Kebakaran|Sedang|Kualitas material|Sensor error|1300000
Mohon periksa APAR Dry Powder Stored Pressure di Gedung B lantai 1 zona Timur, karena terdapat error yang mengganggu|Laporan teknisi: Perbaikan APAR Dry Powder Stored Pressure di Gedung B lantai 1 zona Timur karena kualitas material yang kurang baik, dilakukan penggantian sensor baru dan pengecekan ulang sistem dengan biaya Rp 1300000|APAR Dry Powder Stored Pressure|Gedung B|Lantai 1|Zona Timur|Sistem Pemadam Kebakaran|Sedang|Kualitas material|Sensor error|1300000
Tolong dong Control Panel AC di Gedung B lantai 3 zona Barat rusak bgt, gk tau dmn letak kerusakannya, tapi yg jelas AC gk nyala dan ada bau gosong, cepat bgt dong!|Lakukan pembersihan debu/kotoran pada kontrol panel AC dan periksa kondisi komponen elektronik, biaya perbaikan sebesar Rp 20020000|Control Panel AC|Gedung B|Lantai 3|Zona Barat|Electrical|Fatal|Debu/kotoran|Tekanan tidak stabil|20020000
Mohon perhatian, Control Panel AC di Gedung B lantai 3 zona Barat mengalami kerusakan fatal, yaitu terbakar dan tidak dapat digunakan, mohon segera dilakukan perbaikan|Diperlukan perbaikan kontrol panel AC karena kerusakan akibat debu/kotoran, tindakan perbaikan meliputi pembersihan dan penggantian komponen yang rusak, biaya perbaikan sebesar Rp 20020000|Control Panel AC|Gedung B|Lantai 3|Zona Barat|Electrical|Fatal|Debu/kotoran|Tekanan tidak stabil|20020000
Tolong dong Layar Proyeksi di Gedung E lantai 5 zona Tengah rusak bgt, gk tau penyebabnya, tapi kedap-kedip terus, bantu yg, dmn caranya?|Layar Proyeksi mengalami kerusakan karena Usia pakai, sehingga suhu tidak stabil, perlu dilakukan perbaikan|Layar Proyeksi|Gedung E|Lantai 5|Zona Tengah|Sistem Telekomunikasi Gedung|Sedang|Usia pakai|Suhu tidak stabil|50000
Mohon bantuan untuk memperbaiki Layar Proyeksi di Gedung E lantai 5 zona Tengah, karena mengalami suhu tidak stabil, saya sangat terganggu|Layar Proyeksi mengalami kerusakan karena Usia pakai, sehingga suhu tidak stabil, perlu dilakukan perbaikan dengan biaya Rp 50000|Layar Proyeksi|Gedung E|Lantai 5|Zona Tengah|Sistem Telekomunikasi Gedung|Sedang|Usia pakai|Suhu tidak stabil|50000
Tolong dong APAR Dry Powder Cartridge di Gedung Parkir lantai 1 zona Barat rusak nih, gk tau kenapa, bgt, yg penting dicek aja dmn masalahnya|Human error menyebabkan aliran lemah, perbaikan dilakukan dengan mengganti komponen yang rusak|APAR Dry Powder Cartridge|Gedung Parkir|Lantai 1|Zona Barat|Sistem Pemadam Kebakaran|Ringan|Human error|Aliran lemah|500000
Mohon periksa APAR Dry Powder Cartridge di Gedung Parkir lantai 1 zona Barat, karena terdapat masalah aliran lemah|Human error yang menyebabkan aliran lemah telah diperbaiki dengan mengganti komponen yang rusak, biaya perbaikan sebesar Rp 500000|APAR Dry Powder Cartridge|Gedung Parkir|Lantai 1|Zona Barat|Sistem Pemadam Kebakaran|Ringan|Human error|Aliran lemah|500000
Tolong dong MDP di Gedung Parkir lantai 4 zona Selatan bunyi pelan bgt, gk tau dmn letak masalahnya, tolong bantu ya|Perbaikan dilakukan dengan mengganti komponen yang rusak akibat faktor lingkungan, biaya perbaikan sebesar Rp 490000|MDP|Gedung Parkir|Lantai 4|Zona Selatan|Electrical|Ringan|Faktor lingkungan|Getaran berlebihan|490000
Mohon bantuan untuk memperbaiki MDP di Gedung Parkir lantai 4 zona Selatan, karena mengalami getaran berlebihan dan bunyi pelan|Perbaikan akan dilakukan dengan mengganti komponen yang rusak akibat faktor lingkungan, dan biaya perbaikan akan diinfokan setelah selesai|MDP|Gedung Parkir|Lantai 4|Zona Selatan|Electrical|Ringan|Faktor lingkungan|Getaran berlebihan|490000
Lemari/Loker di Gedung Parkir lantai 3 zona Barat rusak nih, gk bisa buka bgt, yg benerin donk|Perbaikan Lemari/Loker karena Overload, dilakukan pengecekan dan penggantian komponen yang rusak|Lemari/Loker|Gedung Parkir|Lantai 3|Zona Barat|Arsitektur|Ringan|Overload|Tampilan rusak|410000
Mohon bantuan untuk perbaikan Lemari/Loker di Gedung Parkir lantai 3 zona Barat, karena mengalami kerusakan pada tampilan|Perbaikan Lemari/Loker karena Overload, dilakukan pembersihan dan penggantian komponen yang rusak, biaya perbaikan sebesar Rp 410000|Lemari/Loker|Gedung Parkir|Lantai 3|Zona Barat|Arsitektur|Ringan|Overload|Tampilan rusak|410000
Gdg Gedung C lantai 4 zona Selatan, monitor/layar yg ada di sini bgt rusak, gk tau dmn letak kerusakannya, tp remote gk berfungsi, tolong dong cepat diperbaiki|Ditemukan kerusakan pada remote monitor, kemungkinan karena kelembaban tinggi, dilakukan penggantian remote dan pengecekan sistem, biaya perbaikan Rp 890000|Monitor/Layar|Gedung C|Lantai 4|Zona Selatan|Sistem Telekomunikasi Gedung|Sedang|Kelembaban tinggi|Remote tidak berfungsi|890000
Mohon bantuan, monitor/layar di Gedung C lantai 4 zona Selatan mengalami kerusakan, remote tidak berfungsi, tolong diperiksa dan diperbaiki|Ditemukan kerusakan pada remote monitor, kemungkinan karena kelembaban tinggi, dilakukan penggantian remote dan pengecekan sistem, biaya perbaikan Rp 890000|Monitor/Layar|Gedung C|Lantai 4|Zona Selatan|Sistem Telekomunikasi Gedung|Sedang|Kelembaban tinggi|Remote tidak berfungsi|890000
Tolong dong Dinding Kaca Tempered di Gedung Parkir lantai 3 zona Tengah bgt netes air terus gk tau dmn masalahnya yg,|Dinding Kaca Tempered mengalami kebocoran karena tegangan tidak stabil, perbaikan dilakukan dengan mengganti komponen yang rusak dan menambahkan sistem stabilisasi|Dinding Kaca Tempered|Gedung Parkir|Lantai 3|Zona Tengah|Civil|Sedang|Tegangan tidak stabil|Kebocoran|1590000
Dengan hormat, saya melaporkan bahwa Dinding Kaca Tempered di Gedung Parkir lantai 3 zona Tengah mengalami kebocoran air,|Dinding Kaca Tempered mengalami kebocoran karena tegangan tidak stabil, perbaikan dilakukan dengan mengganti komponen yang rusak dan menambahkan sistem stabilisasi dengan biaya Rp 1590000|Dinding Kaca Tempered|Gedung Parkir|Lantai 3|Zona Tengah|Civil|Sedang|Tegangan tidak stabil|Kebocoran|1590000
Tolong dong PABX di Gedung A lantai 8 zona Barat rusak bgt, kedap-kedip terus, gk tau dmn letak masalahnya, tolong bantu yg, bgt|PABX mengalami overload, perlu dilakukan perbaikan dan penggantian komponen yang aus|PABX|Gedung A|Lantai 8|Zona Barat|Sistem Telekomunikasi Gedung|Sedang|Overload|Aus/abrasi|1570000
Mohon bantuan untuk perbaikan PABX di Gedung A lantai 8 zona Barat, karena mengalami gangguan berupa kedap-kedip, mohon dicek dan diperbaiki segera|PABX mengalami overload dan kerusakan komponen, perlu dilakukan perbaikan dan penggantian komponen yang aus, biaya perbaikan sebesar Rp 1570000|PABX|Gedung A|Lantai 8|Zona Barat|Sistem Telekomunikasi Gedung|Sedang|Overload|Aus/abrasi|1570000
Lift Penumpang di Gedung B lantai 1 zona Barat rusak bgt, ya, gk bisa jalan sama sekali, tolong dong cepat diperbaiki!|Lift Penumpang mengalami Overload sehingga mengalami Overheat, perbaikan dilakukan dengan mengganti komponen yang rusak dan melakukan pengecekan ulang, biaya perbaikan sebesar Rp 4400000|Lift Penumpang|Gedung B|Lantai 1|Zona Barat|Sistem Transportasi Gedung|Berat|Overload|Overheat|4400000
Mohon bantuan untuk memperbaiki Lift Penumpang di Gedung B lantai 1 zona Barat, karena sudah tidak berfungsi dan mengalami Overheat, terima kasih|Lift Penumpang mengalami Overload yang menyebabkan kerusakan, perbaikan dilakukan dengan mengganti komponen yang rusak dan melakukan pengecekan ulang, biaya perbaikan sebesar Rp 4400000|Lift Penumpang|Gedung B|Lantai 1|Zona Barat|Sistem Transportasi Gedung|Berat|Overload|Overheat|4400000
Tolong dong Hydrant Box di Gedung Utama lantai 7 zona Tengah rusak nih, mati total bgt, gk tau dmn letak masalahnya, tapi yg jelas gk nyala sama sekali!|Laporan teknisi: Hydrant Box mengalami overheat akibat debu/kotoran, dilakukan pembersihan dan perbaikan|Hydrant Box|Gedung Utama|Lantai 7|Zona Tengah|Sistem Pemadam Kebakaran|Berat|Debu/kotoran|Overheat|10440000
Mohon bantuan, Hydrant Box di Gedung Utama lantai 7 zona Tengah mengalami kerusakan berat, tidak nyala sama sekali, perlu perbaikan segera.|Laporan teknisi: Hydrant Box mengalami kerusakan akibat debu/kotoran, dilakukan pembersihan dan perbaikan, biaya perbaikan Rp 10440000|Hydrant Box|Gedung Utama|Lantai 7|Zona Tengah|Sistem Pemadam Kebakaran|Berat|Debu/kotoran|Overheat|10440000
Tolong dong Wiring System (Sistem Instalasi Kabel) di Gedung E lantai 3 zona Timur rusak bgt, nyetrum gk karuan, tolong bantu dmn bisa diperbaiki yg|Wiring System (Sistem Instalasi Kabel) mengalami kerusakan akibat Debu/kotoran, perlu dilakukan pembersihan dan penggantian komponen yang rusak|Wiring System (Sistem Instalasi Kabel)|Gedung E|Lantai 3|Zona Timur|Electrical|Fatal|Debu/kotoran|Suhu tidak stabil|51400000
Mohon bantuan untuk memperbaiki Wiring System (Sistem Instalasi Kabel) di Gedung E lantai 3 zona Timur, karena mengalami kerusakan yang menyebabkan suhu tidak stabil dan berbau gosong|Wiring System (Sistem Instalasi Kabel) mengalami kerusakan akibat Debu/kotoran, perlu dilakukan pembersihan dan penggantian komponen yang rusak dengan biaya perbaikan sebesar Rp 51400000|Wiring System (Sistem Instalasi Kabel)|Gedung E|Lantai 3|Zona Timur|Electrical|Fatal|Debu/kotoran|Suhu tidak stabil|51400000
Gue butuh bantuan dmn, Plafon di Gedung D lantai 8 zona Utara bgt rusak nih, kayaknya bocor deras bgt, gk tau kenapa, tolong dong cepat|Laporan teknisi: Kualitas material yang buruk menyebabkan kerusakan fatal, perlu diganti segera dengan biaya perbaikan sebesar Rp 21730000|Plafon|Gedung D|Lantai 8|Zona Utara|Arsitektur|Fatal|Kualitas material|Remote tidak berfungsi|21730000
Mohon periksa Plafon di Gedung D lantai 8 zona Utara, karena terjadi kerusakan yang cukup parah, seperti bocor deras, sehingga mengganggu aktivitas, mohon segera ditangani|Kualitas material yang buruk menyebabkan kerusakan fatal, perlu diganti segera, dengan biaya perbaikan yang cukup besar, yaitu Rp 21730000|Plafon|Gedung D|Lantai 8|Zona Utara|Arsitektur|Fatal|Kualitas material|Remote tidak berfungsi|21730000
Tolong dong PABX di Gedung Utama lantai 18 zona Utara rusak nih, bunyi pelan bgt, gk tau dmn salahnya, tolong bantu ya|Perbaikan dilakukan dengan memeriksa sumber getaran yang menyebabkan remote tidak berfungsi, kemudian dilakukan penyesuaian dan pembersihan, biaya perbaikan sebesar Rp 160000|PABX|Gedung Utama|Lantai 18|Zona Utara|Sistem Telekomunikasi Gedung|Ringan|Getaran|Remote tidak berfungsi|160000
PABX di Gedung Utama lantai 18 zona Utara mengalami kerusakan, remote tidak berfungsi, mungkin disebabkan getaran, tolong periksa dan perbaiki|Perbaikan dilakukan dengan memeriksa dan memperbaiki kerusakan akibat getaran, kemudian dilakukan penyesuaian dan pembersihan, biaya perbaikan sebesar Rp 160000|PABX|Gedung Utama|Lantai 18|Zona Utara|Sistem Telekomunikasi Gedung|Ringan|Getaran|Remote tidak berfungsi|160000
Lemari/Loker di Gedung A lantai 4 zona Selatan rusak nih,yg bgt kotor dan berdebu bgt,gk bisa dibuka dmn tombolnya|Lemari/Loker mengalami kerusakan karena Overload,perlu dilakukan perbaikan pada sistem penggeraknya|R|Gedung A|Lantai 4|Zona Selatan|Arsitektur|Ringan|Overload|Remote tidak berfungsi|380000
Mohon periksa Lemari/Loker di Gedung A lantai 4 zona Selatan karena bunyi pelan dan tombol agak keras|Lemari/Loker mengalami kerusakan karena Overload,perlu dilakukan perbaikan pada sistem penggeraknya dan biaya perbaikan sebesar Rp 380000|Lemari/Loker|Gedung A|Lantai 4|Zona Selatan|Arsitektur|Ringan|Overload|Remote tidak berfungsi|380000
Tolong dong Uninterruptible Power Supply di Gedung C lantai 2 zona Timur rusak bgt, gk bisa jalan, kedap-kedip terus, bikin kita yg ada di sini jadi terganggu bgt, dmn kita harus ngadu?|Uninterruptible Power Supply mengalami korosi yang menyebabkan aliran lemah, perlu dilakukan penggantian komponen yang rusak dan pembersihan secara menyeluruh|Uninterruptible Power Supply|Gedung C|Lantai 2|Zona Timur|Electrical|Sedang|Korosi|Aliran lemah|2370000
Mohon perhatian, Uninterruptible Power Supply di Gedung C lantai 2 zona Timur mengalami gangguan, yaitu kedap-kedip dan aliran lemah, mohon dilakukan pengecekan dan perbaikan secepatnya|Uninterruptible Power Supply telah diperbaiki dengan mengganti komponen yang rusak dan membersihkan korosi, biaya perbaikan sebesar Rp 2370000|Uninterruptible Power Supply|Gedung C|Lantai 2|Zona Timur|Electrical|Sedang|Korosi|Aliran lemah|2370000
Tolong dong Paving Block di Gedung E lantai 4 zona Barat rusak nih, mogok bgt, gk tau dmn salahnya, tolong bantu ya|Kerusakan disebabkan oleh human error, perbaikan dilakukan dengan mengganti komponen yang rusak, biaya perbaikan sebesar Rp 7230000|Paving Block|Gedung E|Lantai 4|Zona Barat|Civil|Berat|Human error|Mati mendadak|7230000
Paving Block di Gedung E, lantai 4, zona Barat mengalami kerusakan berat, yaitu mati total, mohon bantu perbaiki|Kerusakan akibat human error, perlu dilakukan analisis dan perbaikan komponen yang rusak, biaya perbaikan sebesar Rp 7230000|Paving Block|Gedung E|Lantai 4|Zona Barat|Civil|Berat|Human error|Mati mendadak|7230000
Gedung D lantai 5 zona Barat panel UPS-nya mati total bgt, gk tau knp, tolong dong bantu perbaiki ya|Panel UPS di Gedung D lantai 5 zona Barat mengalami kerusakan karena korosi, dilakukan perbaikan dengan mengganti komponen yang rusak|Panel UPS|Gedung D|Lantai 5|Zona Barat|Electrical|Berat|Korosi|Bunyi abnormal|8240000
Mohon bantuan untuk perbaikan panel UPS di Gedung D lantai 5 zona Barat yang mengalami kerusakan berat karena korosi, panel UPS tersebut tidak nyala sama sekali|Panel UPS di Gedung D lantai 5 zona Barat telah diperbaiki dengan mengganti komponen yang rusak karena korosi, biaya perbaikan sebesar Rp 8240000|Panel UPS|Gedung D|Lantai 5|Zona Barat|Electrical|Berat|Korosi|Bunyi abnormal|8240000
Tolong dong Lantai Parkir Beton di Gedung A lantai 1 zona Tengah rusak bgt, yg bocor deras gk bisa dipake, dmn tadi ada kejadian ledakan kecil, bgt panik|Laporan teknisi: Perbaikan dilakukan dengan mengganti komponen yang rusak akibat kelembaban tinggi, biaya perbaikan sebesar Rp 37950000|Lantai Parkir Beton|Gedung A|Lantai 1|Zona Tengah|Arsitektur|Fatal|Kelembaban tinggi|Lampu mati|37950000
Mohon bantuan, Lantai Parkir Beton di Gedung A lantai 1 zona Tengah mengalami kerusakan parah, nyetrum, perlu perbaikan segera|Laporan teknisi: Kerusakan disebabkan kelembaban tinggi, perbaikan dilakukan dengan mengganti komponen yang rusak, biaya perbaikan Rp 37950000|Lantai Parkir Beton|Gedung A|Lantai 1|Zona Tengah|Arsitektur|Fatal|Kelembaban tinggi|Lampu mati|37950000
Tolong dong Pesawat Telepon di Gedung B lantai 7 zona Timur rusak bgt, gk bisa dipake lagi, tolong bantu ya!|Kerusakan disebabkan oleh Kualitas material yang buruk, perlu dilakukan penggantian komponen|Pesawat Telepon|Gedung B|Lantai 7|Zona Timur|Sistem Telekomunikasi Gedung|Berat|Kualitas material|Overheat|3460000
Mohon perhatian, Pesawat Telepon di Gedung B lantai 7 zona Timur mengalami kerusakan yang cukup parah, sehingga tidak dapat digunakan.|Kerusakan disebabkan oleh Kualitas material yang rendah, perlu dilakukan perbaikan dan penggantian komponen dengan biaya perbaikan sebesar Rp 3460000|Pesawat Telepon|Gedung B|Lantai 7|Zona Timur|Sistem Telekomunikasi Gedung|Berat|Kualitas material|Overheat|3460000
Gw butuh bantuan, Exhaust Fan di Gedung D lantai 9 zona Timur rusak nih, bunyinya pelan bgt, gk tau dmn letak masalahnya, tolong dong|Exhaust Fan di Gedung D lantai 9 zona Timur mengalami kerusakan karena Faktor lingkungan, perlu dilakukan pembersihan dan pengecekan, biaya perbaikan sekitar 380000|Exhaust Fan|Gedung D|Lantai 9|Zona Timur|Ventilasi Sistem|Ringan|Faktor lingkungan|Mati mendadak|380000
Mohon bantuan untuk memperbaiki Exhaust Fan di Gedung D lantai 9 zona Timur, karena Exhaust Fan tersebut mengeluarkan bunyi pelan dan kurang berfungsi, mohon dilakukan pengecekan dan perbaikan|Exhaust Fan di Gedung D lantai 9 zona Timur mengalami kerusakan karena Faktor lingkungan, perlu dilakukan pembersihan dan pengecekan, biaya perbaikan sekitar 380000|Exhaust Fan|Gedung D|Lantai 9|Zona Timur|Ventilasi Sistem|Ringan|Faktor lingkungan|Mati mendadak|380000
Tolong dong APAR Dry Powder Stored Pressure di Gedung D lantai 8 zona Barat rusak nih, gk bisa dipake bgt, tolong dicek dmn yg salah, kira2 kapan bisa diperbaiki ya?|Diperlukan perbaikan pada sensor yang rusak karena kualitas material, perlu dilakukan penggantian komponen yang rusak untuk mengembalikan fungsinya|APAR Dry Powder Stored Pressure|Gedung D|Lantai 8|Zona Barat|Sistem Pemadam Kebakaran|Berat|Kualitas material|Sensor error|840000
Mohon bantuan untuk perbaikan APAR Dry Powder Stored Pressure di Gedung D lantai 8 zona Barat, karena telah mati total dan tidak dapat digunakan, mohon dicek dan diperbaiki secepatnya|Diperlukan perbaikan pada sistem yang rusak karena kualitas material, perlu dilakukan penggantian komponen yang rusak untuk mengembalikan fungsinya, biaya perbaikan diperkirakan sebesar 840000|APAR Dry Powder Stored Pressure|Gedung D|Lantai 8|Zona Barat|Sistem Pemadam Kebakaran|Berat|Kualitas material|Sensor error|840000
Lampu Hias di Gedung Servis lantai 3 zona Barat rusak nih, bunyi pelan bgt, gk tau dmn letak kerusakannya, tolong dong diperbaiki yg cepat|Lampu Hias mengalami kerusakan karena getaran, dilakukan perbaikan dengan mengganti komponen yang rusak dan membersihkan bagian yang berkarat, biaya perbaikan Rp 350000|Lampu Hias|Gedung Servis|Lantai 3|Zona Barat|Electrical|Ringan|Getaran|Berkarat/korosi|350000
Mohon bantuan untuk memperbaiki Lampu Hias di Gedung Servis lantai 3 zona Barat, karena lampu tersebut mengeluarkan bunyi pelan dan terlihat kusam|Lampu Hias mengalami kerusakan karena getaran, dilakukan perbaikan dengan mengganti komponen yang rusak dan membersihkan bagian yang berkarat, biaya perbaikan sebesar Rp 350000|Lampu Hias|Gedung Servis|Lantai 3|Zona Barat|Electrical|Ringan|Getaran|Berkarat/korosi|350000
Tolong dong Ground Water Tank di Gedung C lantai 4 zona Timur rusak nih, bgt bunyi abis, gk tau knp, tp yg jelas perlu diperbaiki secepatnya|Korosi pada bagian pipa menyebabkan bunyi abnormal, perlu dilakukan pembersihan dan perawatan rutin|Ground Water Tank|Gedung C|Lantai 4|Zona Timur|Distribusi Air|Ringan|Korosi|Bunyi abnormal|220000
Ground Water Tank di Gedung C, lantai 4, zona Timur mengalami kerusakan yang menyebabkan bunyi abnormal, mohon untuk dilakukan perbaikan secepatnya|Korosi pada pipa menyebabkan kerusakan, perlu dilakukan perbaikan dan pembersihan|Ground Water Tank|Gedung C|Lantai 4|Zona Timur|Distribusi Air|Ringan|Korosi|Bunyi abnormal|220000
Tolong dong Dinding Granit di Gedung E lantai 2 zona Tengah rusak nih, bgt berisik banget dan netes air yg gk biasa, dmn perlu diperbaiki secepatnya!|Dinding Granit mengalami korsleting akibat tegangan tidak stabil, perlu dilakukan perbaikan dengan mengganti komponen yang rusak dan memastikan tegangan stabil|Dinding Granit|Gedung E|Lantai 2|Zona Tengah|Civil|Sedang|Tegangan tidak stabil|Korsleting|450000
Dengan hormat, saya melaporkan bahwa Dinding Granit di Gedung E lantai 2 zona Tengah mengalami kerusakan, yaitu netes air dan berisik banget, sehingga perlu dilakukan perbaikan secepatnya|Dinding Granit mengalami korsleting akibat tegangan tidak stabil, perlu dilakukan perbaikan dengan mengganti komponen yang rusak dan memastikan tegangan stabil, dengan biaya perbaikan sebesar Rp 450000|Dinding Granit|Gedung E|Lantai 2|Zona Tengah|Civil|Sedang|Tegangan tidak stabil|Korsleting|450000
Lampu Downlight di Gedung Parkir lantai 2 zona Utara rusak bgt, yg bikin gelap banget, dmn saya gk bisa kerja dg nyaman!|Lampu Downlight mengalami kerusakan karena getaran, sehingga menyebabkan suhu tidak stabil, dan perlu dilakukan perbaikan dengan mengganti komponen yang rusak, dengan biaya perbaikan sebesar Rp 8040000|Lampu Downlight|Gedung Parkir|Lantai 2|Zona Utara|Electrical|Berat|Getaran|Suhu tidak stabil|8040000
Mohon bantu perbaiki Lampu Downlight di Gedung Parkir lantai 2 zona Utara, karena sudah tidak nyala sama sekali, sehingga mengganggu aktivitas di area tersebut|Lampu Downlight mengalami kerusakan karena getaran, sehingga menyebabkan suhu tidak stabil, dan perlu dilakukan perbaikan dengan mengganti komponen yang rusak, biaya perbaikan Rp 8040000|Lampu Downlight|Gedung Parkir|Lantai 2|Zona Utara|Electrical|Berat|Getaran|Suhu tidak stabil|8040000
Tolong dong Atap Kanopi di Gedung A lantai 5 zona Timur rusak bgt, netes air terus, gk tau dmn yg bocor, yg penting dibenerin yg, bgt!|Laporan teknis: perbaikan Atap Kanopi akibat Faktor lingkungan, tindakan perbaikan dengan mengganti komponen yang rusak, biaya perbaikan sebesar Rp 1390000|Atap Kanopi|Gedung A|Lantai 5|Zona Timur|Civil|Sedang|Faktor lingkungan|Korsleting|1390000
Mohon perhatian, Atap Kanopi di Gedung A lantai 5 zona Timur mengalami kerusakan, gejala yang terjadi adalah netes air dan berisik, mohon untuk segera diperbaiki|Laporan teknis: perbaikan Atap Kanopi akibat Faktor lingkungan, tindakan perbaikan dengan mengganti komponen yang rusak dan memperbaiki sistem pendingin, biaya perbaikan sebesar Rp 1390000|Atap Kanopi|Gedung A|Lantai 5|Zona Timur|Civil|Sedang|Faktor lingkungan|Korsleting|1390000
Tolong dong Wiring System (Sistem Instalasi Kabel) di Gedung C lantai 1 zona Tengah rusak nih, gk tau kenapa, yg penting diperbaiki bgt|Perbaikan dilakukan dengan membersihkan dan mengganti komponen yang rusak, penyebab kerusakan adalah Kurang perawatan, biaya perbaikan sebesar Rp 140000|Wiring System (Sistem Instalasi Kabel)|Gedung C|Lantai 1|Zona Tengah|Electrical|Ringan|Kurang perawatan|Tidak berfungsi total|140000
Mohon perhatian, Wiring System (Sistem Instalasi Kabel) di Gedung C lantai 1 zona Tengah mengalami kerusakan, perlu dilakukan perbaikan segera|Kerusakan disebabkan oleh Kurang perawatan, perbaikan telah dilakukan dengan mengganti komponen yang rusak, dengan biaya perbaikan Rp 140000|Wiring System (Sistem Instalasi Kabel)|Gedung C|Lantai 1|Zona Tengah|Electrical|Ringan|Kurang perawatan|Tidak berfungsi total|140000
Tolong dong Kloset di Gedung C lantai 3 zona Tengah rusak bgt, gk bisa dipake lagi, tolong bantu yaaa|Kerusakan disebabkan oleh Getaran yang menyebabkan Sensor error, perlu dilakukan pembersihan dan penggantian komponen yang rusak|Rumah|Gedung C|Lantai 3|Zona Tengah|Plumbing|Berat|Getaran|Sensor error|2550000
Mohon bantuan untuk memperbaiki Kloset di Gedung C lantai 3 zona Tengah yang mengalami kerusakan|Kerusakan disebabkan oleh Getaran yang menyebabkan Sensor error, perlu dilakukan pembersihan dan penggantian komponen yang rusak dengan biaya perbaikan sebesar 2550000|Rumah|Gedung C|Lantai 3|Zona Tengah|Plumbing|Berat|Getaran|Sensor error|2550000
Genset Bensin di Gedung D lantai 9 zona Tengah rusak bgt, netes air terus, error terus, gk tahu dmn letak masalahnya, tolong dong dicek yg|Laporan teknisi: dilakukan pengecekan dan ditemukan bahwa kerusakan disebabkan oleh human error, dilakukan perbaikan dengan mengganti sensor yang rusak dan melakukan kalibrasi ulang|Genset Bensin|Gedung D|Lantai 9|Zona Tengah|Mechanical|Sedang|Human error|Sensor error|1450000
Mohon bantuan, Genset Bensin di Gedung D lantai 9 zona Tengah mengalami kerusakan, gejala yang terjadi adalah netes air dan error terus, mohon dicek dan diperbaiki secepatnya|Laporan teknisi: setelah dilakukan pengecekan, ditemukan bahwa kerusakan disebabkan oleh human error, dilakukan perbaikan dengan mengganti sensor yang rusak dan melakukan kalibrasi ulang, biaya perbaikan sebesar 1450000|Genset Bensin|Gedung D|Lantai 9|Zona Tengah|Mechanical|Sedang|Human error|Sensor error|1450000
Gue butuh bantuan, AC Split di Gedung Utama lantai 5 zona Barat rusak bgt, netes air terus, gk tau dmn letak kerusakannya, tolong dong!|Ditemukan kerusakan pada AC Split karena human error, dilakukan perbaikan dengan mengganti komponen yang rusak, biaya perbaikan sebesar Rp 1060000|AC Split|Gedung Utama|Lantai 5|Zona Barat|Mechanical|Sedang|Human error|Berkarat/korosi|1060000
Mohon bantuan untuk memperbaiki AC Split yang terletak di Gedung Utama lantai 5 zona Barat, karena mengalami kerusakan yang menyebabkan netes air, mohon segera ditangani|AC Split mengalami kerusakan karena human error, perlu dilakukan perbaikan dengan mengganti komponen yang rusak|AC Split|Gedung Utama|Lantai 5|Zona Barat|Mechanical|Sedang|Human error|Berkarat/korosi|1060000
Tolong dong LAN (Local Area Network) di Gedung B lantai 1 zona Utara rusak bgt, gk bisa dipake sama sekali, dmnr yg bisa bantu?|Faktor lingkungan menyebabkan kerusakan, perlu dilakukan perbaikan total dengan biaya Rp 3460000|LAN (Local Area Network)|Gedung B|Lantai 1|Zona Utara|Sistem Telekomunikasi Gedung|Berat|Faktor lingkungan|Tidak berfungsi total|3460000
Lapor. LAN (Local Area Network) lt 1 Utara mati.|Faktor lingkungan menyebabkan kerusakan, perlu dilakukan perbaikan total|LAN (Local Area Network)|Gedung B|Lantai 1|Zona Utara|Sistem Telekomunikasi Gedung|Berat|Faktor lingkungan|Tidak berfungsi total|3460000
Mohon bantuan untuk memperbaiki LAN (Local Area Network) di Gedung B lantai 1 zona Utara yang tidak berfungsi total.|Faktor lingkungan menyebabkan kerusakan, perlu dilakukan perbaikan total dengan biaya perbaikan sebesar Rp 3460000|LAN (Local Area Network)|Gedung B|Lantai 1|Zona Utara|Sistem Telekomunikasi Gedung|Berat|Faktor lingkungan|Tidak berfungsi total|3460000
Tolong dong Pompa Air Tanah di Gedung Servis lantai 2 zona Timur rusak nih, bunyi pelan gitu, gk tau dmn letak masalahnya, bgt|Perbaikan Pompa Air Tanah dilakukan dengan membersihkan komponen yang kotor dan mengganti komponen yang rusak, karena kurang perawatan, sehingga biaya perbaikan sebesar 270000|Pompa Air Tanah|Gedung Servis|Lantai 2|Zona Timur|Mechanical|Ringan|Kurang perawatan|Getaran berlebihan|270000
Pompa Air Tanah di Gedung Servis lantai 2 zona Timur mengalami kerusakan, gejala yang terjadi adalah getaran berlebihan, saya mohon bantuan untuk memperbaiki|Perbaikan Pompa Air Tanah dengan mengatasi kurang perawatan dan mengganti komponen yang rusak, biaya perbaikan adalah 270000|Pompa Air Tanah|Gedung Servis|Lantai 2|Zona Timur|Mechanical|Ringan|Kurang perawatan|Getaran berlebihan|270000
Tolong dong Push Button di Gedung Utama lantai 14 zona Selatan rusak nih, gk tau kenapa tiba2 kusam bgt, yg penting cepat diperbaiki ya!|Laporan teknisi: Kerusakan disebabkan oleh Usia pakai, perlu dilakukan penggantian komponen untuk memperbaiki Tampilan rusak, biaya perbaikan sebesar Rp 230000|Push Button|Gedung Utama|Lantai 14|Zona Selatan|Security Sistem|Ringan|Usia pakai|Tampilan rusak|230000
Mohon perhatian, Push Button di Gedung Utama lantai 14 zona Selatan mengalami kerusakan, kira-kira tombol agak keras dan kusam, mohon segera diperiksa dan diperbaiki|Laporan teknisi: Kerusakan disebabkan oleh Usia pakai, perlu dilakukan perawatan dan penggantian komponen untuk memperbaiki Tampilan rusak, dengan biaya perbaikan Rp 230000|Push Button|Gedung Utama|Lantai 14|Zona Selatan|Security Sistem|Ringan|Usia pakai|Tampilan rusak|230000
Tolong dong PABX di Gedung A lantai 8 zona Tengah rusak nih, gk bisa dipake bgt, yg benerin dmn ya?|Perbaikan dilakukan karena Kurang perawatan, remote diganti dengan yang baru|PABX|Gedung A|Lantai 8|Zona Tengah|Sistem Telekomunikasi Gedung|Berat|Kurang perawatan|Remote tidak berfungsi|3770000
Mohon bantuan untuk memperbaiki PABX di Gedung A lantai 8 zona Tengah, karena.remote tidak berfungsi dan PABX mati total.|Perbaikan dilakukan dengan mengganti komponen yang rusak, dan melakukan perawatan rutin, biaya perbaikan Rp 3770000|PABX|Gedung A|Lantai 8|Zona Tengah|Sistem Telekomunikasi Gedung|Berat|Kurang perawatan|Remote tidak berfungsi|3770000
Tolong dong Kipas Angin di Gedung A lantai 13 zona Timur rusak nih, bunyi abnormal bgt, gk tau knp, tolong bantu yg, dmn kita bisa komplain?|Laporan teknisi: Kipas Angin di Gedung Gedung A lantai 13 zona Timur mengalami kerusakan karena Faktor lingkungan, tindakan perbaikan telah dilakukan dengan mengganti komponen yang rusak, biaya perbaikan sebesar Rp 2370000|Kipas Angin|Gedung A|Lantai 13|Zona Timur|Ventilasi Sistem|Sedang|Faktor lingkungan|Bunyi abnormal|2370000
Kipas Angin di Gedung A lantai 13 zona Timur mengalami kerusakan yang menyebabkan bunyi abnormal, tolong bantu perbaiki secepatnya|Laporan teknisi: Kipas Angin di Gedung Gedung A lantai 13 zona Timur mengalami kerusakan karena Faktor lingkungan, tindakan perbaikan telah dilakukan dengan mengganti komponen yang rusak, biaya perbaikan sebesar Rp 2370000|Kipas Angin|Gedung A|Lantai 13|Zona Timur|Ventilasi Sistem|Sedang|Faktor lingkungan|Bunyi abnormal|2370000
Tolong dong Lampu Pylon Sign di Gedung Utama lantai 16 zona Utara rusak bgt, gk nyala sama sekali, yg bsa bantu?|Laporan teknisi: Kerusakan disebabkan oleh getaran, dilakukan perbaikan dengan mengganti komponen yang rusak, biaya perbaikan sebesar Rp 12570000|Lampu Pylon Sign|Gedung Utama|Lantai 16|Zona Utara|Electrical|Berat|Getaran|Retak/pecah|12570000
Mohon bantu perbaiki Lampu Pylon Sign di Gedung Utama lantai 16 zona Utara, kondisinya sudah tidak nyala sama sekali.|Laporan teknisi: Kerusakan akibat getaran, perlu dilakukan perbaikan dengan mengganti komponen yang rusak, biaya perbaikan Rp 12570000|Lampu Pylon Sign|Gedung Utama|Lantai 16|Zona Utara|Electrical|Berat|Getaran|Retak/pecah|12570000
Tolong dong Dinding Tembok/Mansonry di Gedung D lantai 10 zona Barat bgt rusak nih, dmn airnya bocor deras bgt, gk tahu penyebabnya, tolong cepat|Dinding Tembok/Mansonry mengalami kerusakan akibat aus normal, perlu dilakukan perbaikan segera|Dinding Tembok/Mansonry|Gedung D|Lantai 10|Zona Barat|Civil|Fatal|Aus normal|Suhu tidak stabil|18240000
Dengan hormat, saya melaporkan bahwa Dinding Tembok/Mansonry di Gedung D lantai 10 zona Barat mengalami kerusakan fatal, yaitu bocor deras dan suhu tidak stabil, sehingga perlu dilakukan perbaikan segera|Kerusakan Dinding Tembok/Mansonry disebabkan oleh aus normal, perlu dilakukan penggantian komponen dan perbaikan, dengan biaya perbaikan Rp 18240000|Dinding Tembok/Mansonry|Gedung D|Lantai 10|Zona Barat|Civil|Fatal|Aus normal|Suhu tidak stabil|18240000
Tolong dong APAB Dry Powder di Gedung C lantai 1 zona Barat rusak bgt, gk tau dmn yg salah, tp yg jelas APAB Dry Powder nya mati total, bgt|APAB Dry Powder mengalami overload, perlu diperiksa dan diperbaiki untuk menghindari kerusakan lebih lanjut, biaya perbaikan sebesar Rp 5140000|APAB Dry Powder|Gedung C|Lantai 1|Zona Barat|Sistem Pemadam Kebakaran|Berat|Overload|Getaran berlebihan|5140000
Mohon bantu periksa APAB Dry Powder di Gedung C lantai 1 zona Barat, karena APAB Dry Powder tersebut tidak berfungsi dengan baik, yaitu mati total|APAB Dry Powder mengalami kerusakan akibat overload, perlu dilakukan perbaikan dan penggantian komponen yang rusak untuk menghindari kerusakan lebih lanjut, dengan biaya perbaikan sebesar Rp 5140000|APAB Dry Powder|Gedung C|Lantai 1|Zona Barat|Sistem Pemadam Kebakaran|Berat|Overload|Getaran berlebihan|5140000
Genset Diesel di Gedung Servis lantai 1 zona Utara mati total nih, gk tau kenapa, dmn letak masalahnya, bgt!|Ditemukan kerusakan koneksi terputus akibat Faktor lingkungan, dilakukan perbaikan dan penggantian komponen yang rusak, biaya perbaikan sebesar Rp 10390000|Genset Diesel|Gedung Servis|Lantai 1|Zona Utara|Mechanical|Berat|Faktor lingkungan|Koneksi terputus|10390000
Mohon bantu perbaiki Genset Diesel di Gedung Servis lantai 1 zona Utara, sudah mati total, mohon dicek dan diperbaiki segera|Kerusakan koneksi terputus akibat Faktor lingkungan, perlu dilakukan perbaikan dan penggantian komponen yang rusak, dengan biaya perbaikan Rp 10390000|Genset Diesel|Gedung Servis|Lantai 1|Zona Utara|Mechanical|Berat|Faktor lingkungan|Koneksi terputus|10390000
Tolong dong Kamera CCTV di Gedung A lantai 10 zona Tengah rusak bgt, gk tau kenapa, tiba2 aja mati, dmn perlu bantuan teknisi, bgt|Kamera CCTV mengalami kerusakan parah akibat aus normal, perlu dilakukan penggantian komponen dan pengecekan ulang sistem|Kamera CCTV|Gedung A|Lantai 10|Zona Tengah|Security Sistem|Fatal|Aus normal|Aliran lemah|21060000
Mohon bantuan teknisi segera, Kamera CCTV di Gedung A lantai 10 zona Tengah mengalami kerusakan fatal, tidak dapat beroperasi dengan normal|Kamera CCTV mengalami kerusakan akibat aus normal, dilakukan perbaikan dan penggantian komponen, biaya perbaikan Rp 21060000|Kamera CCTV|Gedung A|Lantai 10|Zona Tengah|Security Sistem|Fatal|Aus normal|Aliran lemah|21060000
Gedung B lantai 7 zona Timur lantai betonnya bocor deras bgt, gk tau dmn asalnya, tolong dong cepat|Lantai beton mengalami kerusakan akibat kurang perawatan, perlu dilakukan perbaikan dengan mengganti lantai beton yang rusak|Lantai Beton|Gedung B|Lantai 7|Zona Timur|Civil|Fatal|Kurang perawatan|Aus/abrasi|19300000
Mohon perhatian, lantai beton di Gedung B lantai 7 zona Timur mengalami kerusakan parah, terbakar, mohon segera dilakukan perbaikan|Lantai beton mengalami kerusakan parah akibat kurang perawatan, perlu dilakukan perbaikan dengan mengganti lantai beton yang rusak, biaya perbaikan diperkirakan sebesar 19300000|Lantai Beton|Gedung B|Lantai 7|Zona Timur|Civil|Fatal|Kurang perawatan|Aus/abrasi|19300000
Tolong dong Atap Kanopi di Gedung Parkir lantai 3 zona Timur rusak bgt, netes air terus, gk tahu dmn masalahnya, tolong bantu ya|Ditemukan kerusakan pada Atap Kanopi di Gedung Gedung Parkir lantai 3 zona Timur, penyebabnya adalah Kelembaban tinggi, perlu dilakukan perbaikan dengan mengganti komponen yang rusak|Atap Kanopi|Gedung Parkir|Lantai 3|Zona Timur|Civil|Sedang|Kelembaban tinggi|Retak/pecah|1390000
Mohon bantuan untuk memperbaiki Atap Kanopi di Gedung Parkir lantai 3 zona Timur, karena mengalami kerusakan berupa retak dan netes air|Setelah dilakukan pemeriksaan, ditemukan bahwa kerusakan pada Atap Kanopi di Gedung Gedung Parkir lantai 3 zona Timur disebabkan oleh Kelembaban tinggi, sehingga perlu dilakukan perbaikan dengan mengganti komponen yang rusak, biaya perbaikan sebesar 1390000|Atap Kanopi|Gedung Parkir|Lantai 3|Zona Timur|Civil|Sedang|Kelembaban tinggi|Retak/pecah|1390000
Tolong dong APAR CO2 di Gedung Parkir lantai 5 zona Barat rusak nih, gk nyala sama sekali, bgt mogok, yg bkin aku panik bgt|APAR CO2 di Gedung Gedung Parkir lantai 5 zona Barat mengalami kerusakan akibat debu/kotoran, perlu dibersihkan dan diperiksa ulang remotenya|APAR CO2|Gedung Parkir|Lantai 5|Zona Barat|Sistem Pemadam Kebakaran|Berat|Debu/kotoran|Remote tidak berfungsi|8320000
Mohon bantuan, APAR CO2 di Gedung Parkir lantai 5 zona Barat tidak berfungsi dengan baik, remote tidak berfungsi, mohon dicek dan diperbaiki segera|APAR CO2 di Gedung Gedung Parkir lantai 5 zona Barat mengalami kerusakan akibat debu/kotoran, perlu dibersihkan dan diperiksa ulang remotenya, biaya perbaikan sebesar 8320000|APAR CO2|Gedung Parkir|Lantai 5|Zona Barat|Sistem Pemadam Kebakaran|Berat|Debu/kotoran|Remote tidak berfungsi|8320000
Tolong dong Dinding Partisi, GRC / Gypsum di Gedung B lantai 5 zona Barat rusak bgt, banjir abis gk tau dmn asalnya, tolong bantu yg|Perbaikan Dinding Partisi, GRC / Gypsum dengan mengganti komponen yang aus, tindakan perbaikan: penggantian komponen, biaya perbaikan: 50000|Dinding Partisi, GRC / Gypsum|Gedung B|Lantai 5|Zona Barat|Civil|Fatal|Aus normal|Suhu tidak stabil|50000
Mohon perhatian, Dinding Partisi, GRC / Gypsum di Gedung B lantai 5 zona Barat mengalami kerusakan parah, gejala: suhu tidak stabil, tolong atasi secepatnya|Tindakan perbaikan: penggantian komponen yang aus, biaya perbaikan: 50000|Dinding Parti, GRC / Gypsum|Gedung B|Lantai 5|Zona Barat|Civil|Fatal|Aus normal|Suhu tidak stabil|50000
Tolong dong Uninterruptible Power Supply di Gedung A lantai 3 zona Timur rusak nih, bunyi pelan bgt, gk tau penyebabnya, yg penting cepat diperbaiki, dmn saya harus menghubungi|Uninterruptible Power Supply mengalami penurunan performa akibat usia pakai, perlu dilakukan pembersihan dan penggantian komponen yang rusak, biaya perbaikan sebesar Rp 460000|Uninterruptible Power Supply|Gedung A|Lantai 3|Zona Timur|Electrical|Ringan|Usia pakai|Performa menurun|460000
Lapor, Uninterruptible Power Supply Gedung A lantai 3 zona Timur kotor|Uninterruptible Power Supply yang terletak di Gedung A lantai 3 zona Timur mengalami kerusakan ringan akibat usia pakai, teknisi melakukan pembersihan dan penggantian komponen yang rusak|Uninterruptible Power Supply|Gedung A|Lantai 3|Zona Timur|Electrical|Ringan|Usia pakai|Performa menurun|460000
Mohon bantuan untuk memperbaiki Uninterruptible Power Supply yang berlokasi di Gedung A lantai 3 zona Timur, karena mengalami penurunan performa, bunyi pelan, dan kusam|Uninterruptible Power Supply yang mengalami penurunan performa akibat usia pakai, telah dilakukan pembersihan dan penggantian komponen yang rusak oleh teknisi, biaya perbaikan sebesar Rp 460000|Uninterruptible Power Supply|Gedung A|Lantai 3|Zona Timur|Electrical|Ringan|Usia pakai|Performa menurun|460000
Tolong dong APAB Dry Powder di Gedung A lantai 8 zona Utara rusak nih, gk tau knp tiba2 mati total bgt, yg penting dibenerin dmn|APAB Dry Powder mengalami kerusakan akibat getaran, dilakukan perbaikan dengan mengganti komponen yang rusak|APAB Dry Powder|Gedung A|Lantai 8|Zona Utara|Sistem Pemadam Kebakaran|Berat|Getaran|Mati mendadak|8660000
Mohon bantuan, APAB Dry Powder di Gedung A lantai 8 zona Utara mengalami kerusakan, tidak nyala sama sekali, mohon dibantu segera|APAB Dry Powder mengalami kerusakan parah akibat getaran, dilakukan perbaikan dengan mengganti komponen yang rusak, biaya perbaikan sebesar Rp 8660000|APAB Dry Powder|Gedung A|Lantai 8|Zona Utara|Sistem Pemadam Kebakaran|Berat|Getaran|Mati mendadak|8660000
Mohon perhatian, terdapat kerusakan pada Dinding Keramik/Mozaik di Gedung B lantai 6 zona Tengah, yaitu aliran air yang lemah, tolong dicek segera|Dinding Keramik/Mozaik mengalami kerusakan karena Tegangan tidak stabil, dilakukan perbaikan dengan mengganti komponen yang rusak dan menyesuaikan tegangan, biaya perbaikan sebesar Rp 2230000|Dinding Keramik/Mozaik|Gedung B|Lantai 6|Zona Tengah|Civil|Sedang|Tegangan tidak stabil|Aliran lemah|2230000
Tolong dong Paving Block di Gedung C lantai 2 zona Barat rusak bgt, gk bisa dipake lagi, mati total bgt!|Paving Block mengalami kerusakan akibat Human error, perlu dilakukan perbaikan untuk mengembalikan fungsinya|Paving Block|Gedung C|Lantai 2|Zona Barat|Arsitektur|Berat|Human error|Performa menurun|7360000
Mohon bantuan, Paving Block di Gedung C lantai 2 zona Barat mengalami kerusakan yang cukup parah, yaitu mati total, sehingga memerlukan perbaikan segera|Paving Block mengalami kerusakan akibat Human error, perlu dilakukan perbaikan untuk mengembalikan fungsinya dengan biaya perbaikan sebesar Rp 7360000|Paving Block|Gedung C|Lantai 2|Zona Barat|Arsitektur|Berat|Human error|Performa menurun|7360000
AC Cassette di Gedung D lantai 3 zona Selatan rusak bgt, yg benerin gk ada, dmn benerin, tolong dong benerin AC Cassette nya, gk nyala, kedap-kedip terus, netes air|Lampu mati karena usia pakai, dilakukan penggantian komponen dan perawatan rutin, biaya perbaikan sebesar Rp 860000|AC Cassette|Gedung D|Lantai 3|Zona Selatan|Mechanical|Sedang|Usia pakai|Lampu mati|860000
Mohon bantuan, AC Cassette di Gedung D lantai 3 zona Selatan mengalami kerusakan, lampu mati, kurang dingin, dan netes air, tolong dicek dan diperbaiki|Kerusakan pada AC Cassette disebabkan oleh usia pakai, dilakukan pemeriksaan dan perbaikan, biaya perbaikan akan dihitung berdasarkan komponen yang diganti|AC Cassette|Gedung D|Lantai 3|Zona Selatan|Mechanical|Sedang|Usia pakai|Lampu mati|860000
Gue butuh bantuan, lg ada masalah di Gedung C lantai 1 zona Barat, Lampu Downlight-nya rusak bgt, kotor, yg bikin agak kurang nyaman, dmn gk tau penyebabnya, tolong dong dibantu|Lampu Downlight di Gedung Gedung C lantai 1 zona Barat mengalami korosi, perlu dilakukan penggantian komponen yang rusak dan pembersihan untuk mengembalikan fungsinya|Lampu Downlight|Gedung C|Lantai 1|Zona Barat|Electrical|Ringan|Korosi|Remote tidak berfungsi|220000
Mohon bantuan untuk memperbaiki Lampu Downlight di Gedung C lantai 1 zona Barat, karena saat ini dalam keadaan tidak berfungsi dengan baik, sehingga menimbulkan ketidaknyamanan|Lampu Downlight di Gedung Gedung C lantai 1 zona Barat mengalami kerusakan remote, kemungkinan akibat korosi, perlu dilakukan penggantian remote dan perawatan untuk menghindari kerusakan lebih lanjut dengan biaya perbaikan sebesar 220000|Lampu Downlight|Gedung C|Lantai 1|Zona Barat|Electrical|Ringan|Korosi|Remote tidak berfungsi|220000
Tolong dong Pompa Air Tanah di Gedung D lantai 11 zona Utara rusak bgt, gk bisa nyala sama sekali, tolong bantu yg, dmn kita harus lapor?|Pompa Air Tanah mengalami kerusakan akibat aus normal, perlu dilakukan perbaikan dan penggantian komponen yang rusak|Pompa Air Tanah|Gedung D|Lantai 11|Zona Utara|Mechanical|Berat|Aus normal|Tekanan tidak stabil|5190000
Mohon perhatian, Pompa Air Tanah di Gedung D lantai 11 zona Utara mengalami gangguan, sehingga tidak dapat beroperasi dengan normal, mohon bantuan teknisi untuk memperbaiki|Pompa Air Tanah mengalami kerusakan akibat aus normal, perlu dilakukan perbaikan dan penggantian komponen yang rusak, biaya perbaikan sebesar Rp 5190000|Pompa Air Tanah|Gedung D|Lantai 11|Zona Utara|Mechanical|Berat|Aus normal|Tekanan tidak stabil|5190000
Tolong dong Latihan Balakar di Gedung Parkir lantai 3 zona Selatan rusak bgt, gk bisa dipake lagi, dmnn tiba2 aja mati total, bingung bgt yg dmn salahnya|Ditemukan kerusakan pada komponen Latihan Balakar, kemungkinan aus normal, perlu dilakukan penggantian komponen|Latihan Balakar|Gedung Parkir|Lantai 3|Zona Selatan|Latihan Balakar|Berat|Aus normal|Tampilan rusak|6400000
Mohon bantuannya, Latihan Balakar di Gedung Parkir lantai 3 zona Selatan mengalami kerusakan, tidak dapat digunakan, mohon dicek dan diperbaiki segera|Dilakukan pemeriksaan dan ditemukan kerusakan pada komponen, perlu dilakukan penggantian, biaya perbaikan sebesar 6400000|Latihan Balakar|Gedung Parkir|Lantai 3|Zona Selatan|Latihan Balakar|Berat|Aus normal|Tampilan rusak|6400000
Lampu UV di Gedung Servis lantai 3 zona Utara rusak bgt, nyetrum, gk tau dmn letak kerusakannya, tolong dong!|Overload pada sistem, perlu pengecekan dan penggantian komponen yang rusak|Lampu UV|Gedung Servis|Lantai 3|Zona Utara|Electrical|Fatal|Overload|Aus/abrasi|24430000
Mohon periksa dan perbaiki Lampu UV di Gedung Servis lantai 3 zona Utara, karena telah terjadi kejadian fatal yaitu nyetrum|Kerusakan disebabkan oleh Overload, perlu dilakukan perbaikan dan penggantian komponen yang rusak segera|Lampu UV|Gedung Servis|Lantai 3|Zona Utara|Electrical|Fatal|Overload|Aus/abrasi|24430000
Halo, ada Dinding Partisi, GRC / Gypsum di Gedung B lantai 6 zona Selatan yg rusak bgt, gk tahu dmn awalnya, tp skrg udah berisik banget, tolong dong!|Dinding Partisi, GRC / Gypsum mengalami kerusakan karena kualitas material, perlu dilakukan perbaikan dengan mengganti komponen yang rusak|Dinding Partisi, GRC / Gypsum|Gedung B|Lantai 6|Zona Selatan|Civil|Sedang|Kualitas material|Tampilan rusak|990000
Mohon bantu perbaiki Dinding Partisi, GRC / Gypsum di Gedung B lantai 6 zona Selatan, kondisinya kurang baik, berisik banget dan tampilan rusak, tolong dicek dan diperbaiki secepatnya|Dinding Partisi, GRC / Gypsum mengalami kerusakan karena kualitas material, perlu dilakukan perbaikan dengan mengganti komponen yang rusak, biaya perbaikan sebesar Rp 990000|Dinding Partisi, GRC / Gypsum|Gedung B|Lantai 6|Zona Selatan|Civil|Sedang|Kualitas material|Tampilan rusak|990000
Tolong dong Ground Water Tank di Gedung B lantai 4 zona Tengah rusak bgt, gk nyala sama sekali, yg bgt dmn ada listriknya?|Laporan teknisi: Overload pada sistem, dilakukan perbaikan dan penggantian komponen yang rusak, biaya perbaikan sebesar Rp 3150000|Ground Water Tank|Gedung B|Lantai 4|Zona Tengah|Distribusi Air|Berat|Overload|Lampu mati|3150000
Mohon bantuan, Ground Water Tank di Gedung B lantai 4 zona Tengah mengalami kerusakan, lampu tidak nyala sama sekali.|Laporan teknisi: Kerusakan disebabkan oleh Overload, dilakukan perbaikan dan penggantian komponen yang rusak, biaya perbaikan mencapai Rp 3150000|Ground Water Tank|Gedung B|Lantai 4|Zona Tengah|Distribusi Air|Berat|Overload|Lampu mati|3150000
Tolong dong Lampu LED Bulb di Gedung D lantai 8 zona Utara rusak bgt, gk nyala sama sekali, yg benerin dmn?|Lampu LED Bulb mengalami kerusakan berat karena kurang perawatan, sehingga mengalami retak/pecah, perlu dilakukan perbaikan dengan mengganti komponen yang rusak|Lampu LED Bulb|Gedung D|Lantai 8|Zona Utara|Electrical|Berat|Kurang perawatan|Retak/pecah|5350000
Mohon bantuan untuk perbaikan Lampu LED Bulb di Gedung D lantai 8 zona Utara, karena lampu tersebut tidak nyala sama sekali dan mengalami kerusakan berat|Lampu LED Bulb mengalami kerusakan berat karena kurang perawatan, sehingga mengalami retak/pecah, perlu dilakukan perbaikan dengan mengganti komponen yang rusak, dengan biaya perbaikan sebesar 5350000|Lampu LED Bulb|Gedung D|Lantai 8|Zona Utara|Electrical|Berat|Kurang perawatan|Retak/pecah|5350000
Tolong dong FCU di Gedung C lantai 8 zona Barat rusak nih, bunyi pelan bgt, gk tau dmn letak masalahnya, tp yg jelas FCU nya kotor dan berdebu banget|Ditemukan adanya getaran yang menyebabkan performa menurun, dilakukan pembersihan dan pengecekan ulang, biaya perbaikan sebesar Rp 550000|FCU|Gedung C|Lantai 8|Zona Barat|Mechanical|Ringan|Getaran|Performa menurun|550000
Mohon bantuan untuk memperbaiki FCU di Gedung C lantai 8 zona Barat, karena FCU tersebut mengeluarkan bunyi pelan dan performa yang menurun, saya tidak mengetahui penyebab pastinya|Dilakukan analisis dan ditemukan bahwa getaran menyebabkan performa menurun, biaya perbaikan sebesar Rp 550000|FCU|Gedung C|Lantai 8|Zona Barat|Mechanical|Ringan|Getaran|Performa menurun|550000
Tolong dong APAB Dry Powder di Gedung Servis lantai 1 zona Timur rusak nih, gk tau dmn letak masalahnya, bgt berdebu juga, yg penting cepat diperbaiki ya|Laporan teknisi: perbaikan APAB Dry Powder karena debu/kotoran yang menyebabkan overheat, dilakukan pembersihan dan penggantian komponen yang rusak|APAB Dry Powder|Gedung Servis|Lantai 1|Zona Timur|Sistem Pemadam Kebakaran|Ringan|Debu/kotoran|Overheat|340000
Mohon bantuan untuk perbaikan APAB Dry Powder yang terletak di Gedung Servis lantai 1 zona Timur, karena sudah berdebu dan kurang berfungsi dengan baik|Laporan teknisi: dilakukan perbaikan pada APAB Dry Powder karena adanya debu/kotoran yang menyebabkan overheat, dengan biaya perbaikan Rp 340000|APAB Dry Powder|Gedung Servis|Lantai 1|Zona Timur|Sistem Pemadam Kebakaran|Ringan|Debu/kotoran|Overheat|340000
Tolong dong Layar Proyeksi di Gedung E lantai 1 zona Timur rusak bgt, gk nyala sama sekali, tolong bantu yg dmn bisa perbaiki|Layar Proyeksi mengalami kerusakan berat karena Human error, dilakukan perbaikan dengan mengganti komponen yang rusak|Layar Proyeksi|Gedung E|Lantai 1|Zona Timur|Sistem Telekomunikasi Gedung|Berat|Human error|Bunyi abnormal|1890000
Layar Proyeksi di Gedung E lantai 1 zona Timur mengalami masalah, tidak nyala sama sekali, mohon bantuan untuk perbaikan|Layar Proyeksi mengalami kerusakan berat karena Human error, dilakukan perbaikan dengan mengganti komponen yang rusak, biaya perbaikan sebesar Rp 1890000|Layar Proyeksi|Gedung E|Lantai 1|Zona Timur|Sistem Telekomunikasi Gedung|Berat|Human error|Bunyi abnormal|1890000
Tolong dong Smoke Detector di Gedung E lantai 3 zona Tengah rusak nih, bunyi pelan bgt dan kotor, gk tahu dmn letak masalahnya, tolong bantu ya|Perbaikan dilakukan dengan membersihkan komponen yang kotor dan mengganti remote yang tidak berfungsi, penyebab kerusakan adalah Kelembaban tinggi|Smoke Detector|Gedung E|Lantai 3|Zona Tengah|Sistem Proteksi Kebakaran Aktif|Ringan|Kelembaban tinggi|Remote tidak berfungsi|390000
Mohon bantuan untuk memperbaiki Smoke Detector yang terletak di Gedung E lantai 3 zona Tengah, karena bunyi pelan dan kotor, serta tombol yang agak keras|Perbaikan dilakukan dengan mengganti remote yang tidak berfungsi dan membersihkan komponen yang kotor, penyebab kerusakan adalah Kelembaban tinggi, biaya perbaikan sebesar Rp 390000|Smoke Detector|Gedung E|Lantai 3|Zona Tengah|Sistem Proteksi Kebakaran Aktif|Ringan|Kelembaban tinggi|Remote tidak berfungsi|390000
Tolong dong Lampu LED di Gedung A lantai 12 zona Tengah rusak bgt, gk nyala sama sekali, dmna ada yg bisa bantu?|Lampu LED mogok karena kualitas material yang buruk, perlu diganti dengan yang baru|Lampu LED|Gedung A|Lantai 12|Zona Tengah|Electrical|Berat|Kualitas material|Berkarat/korosi|5180000
Saya ingin melaporkan bahwa Lampu LED di Gedung A lantai 12 zona Tengah tidak nyala sama sekali, mohon bantuannya.|Lampu LED mengalami kerusakan parah karena kualitas material yang buruk, perlu diganti dengan yang baru dan lebih tahan lama|Lampu LED|Gedung A|Lantai 12|Zona Tengah|Electrical|Berat|Kualitas material|Berkarat/korosi|5180000
Gedung A lantai 1 zona Timur lantai karpetnya bgt rusak banget, kayaknya terbakar atau apa gitu, tolong dong cepat perbaikin yg|Perlu penanganan segera karena adanya getaran yang menyebabkan kerusakan pada remote, perlu dilakukan perbaikan dengan mengganti komponen yang rusak|Lantai Karpet|Gedung A|Lantai 1|Zona Timur|Civil|Fatal|Getaran|Remote tidak berfungsi|24540000
Lapor, Lantai Karpet di Gedung A lantai 1 zona Timur meledak|Kerusakan akibat getaran, perlu perbaikan segera|Lantai Karpet|Gedung A|Lantai 1|Zona Timur|Civil|Fatal|Getaran|Remote tidak berfungsi|24540000
Mohon bantuan untuk memperbaiki Lantai Karpet di Gedung A lantai 1 zona Timur karena mengalami kerusakan yang cukup parah, sepertinya terjadi getaran yang menyebabkan remote tidak berfungsi dengan baik|Perlu dilakukan analisis lebih lanjut untuk menentukan penyebab pasti kerusakan, namun kemungkinan besar disebabkan oleh getaran, biaya perbaikan diperkirakan sekitar|Lantai Karpet|Gedung A|Lantai 1|Zona Timur|Civil|Fatal|Getaran|Remote tidak berfungsi|24540000
Tolong dong Lampu LED Bulb di Gedung C lantai 3 zona Selatan nyetrum bgt, gk tau dmn letak kerusakannya, tolong bantu yg, gk bisa nyalain|Lampu LED Bulb mengalami kerusakan akibat Kelembaban tinggi, perlu dilakukan perbaikan dengan mengganti komponen yang rusak dan melakukan pembersihan|Lampu LED Bulb|Gedung C|Lantai 3|Zona Selatan|Electrical|Fatal|Kelembaban tinggi|Remote tidak berfungsi|45180000
Mohon bantuan, terdapat kerusakan pada Lampu LED Bulb di Gedung C lantai 3 zona Selatan, lampu tidak berfungsi dan terjadi kebocoran listrik, tolong segera ditangani|Lampu LED Bulb mengalami kerusakan parah akibat Kelembaban tinggi, perlu dilakukan perbaikan dengan mengganti komponen yang rusak dan melakukan pembersihan, biaya perbaikan sebesar|Lampu LED Bulb|Gedung C|Lantai 3|Zona Selatan|Electrical|Fatal|Kelembaban tinggi|Remote tidak berfungsi|45180000
Tolong dong Monitor/Layar di Gedung C lantai 1 zona Selatan rusak bgt, netes air terus, kedap-kedip, gk tau dmn letak kerusakannya, tolong bantu perbaiki ya|Perbaikan dilakukan dengan mengganti komponen yang rusak akibat kualitas material yang kurang baik, biaya perbaikan sebesar Rp 1730000|Monitor/Layar|Gedung C|Lantai 1|Zona Selatan|Sistem Telekomunikasi Gedung|Sedang|Kualitas material|Overheat|1730000
Mohon periksa Monitor/Layar di Gedung C lantai 1 zona Selatan, karena mengalami kerusakan berupa netes air dan kedap-kedip, mohon dilakukan perbaikan segera|Perbaikan dilakukan dengan mengganti komponen yang rusak akibat kualitas material yang kurang baik, biaya perbaikan sebesar Rp 1730000|Monitor/Layar|Gedung C|Lantai 1|Zona Selatan|Sistem Telekomunikasi Gedung|Sedang|Kualitas material|Overheat|1730000
Tolong dong Exhaust Fan di Gedung A lantai 1 zona Selatan rusak nih, gk tau dmn letak masalahnya, tp yg jelas fan nya mati total bgt!|Laporan teknis: kerusakan disebabkan human error, perlu dilakukan perbaikan dan penggantian komponen yang rusak, biaya perbaikan sebesar Rp 9270000|Exhaust Fan|Gedung A|Lantai 1|Zona Selatan|Ventilasi Sistem|Berat|Human error|Berkarat/korosi|9270000
Mohon bantuan, Exhaust Fan di Gedung A lantai 1 zona Selatan mengalami kerusakan berat, tidak nyala sama sekali, mohon dicek dan diperbaiki secepatnya.|Laporan teknis: kerusakan disebabkan human error, perlu dilakukan perbaikan dan penggantian komponen yang rusak|Exhaust Fan|Gedung A|Lantai 1|Zona Selatan|Ventilasi Sistem|Berat|Human error|Berkarat/korosi|9270000
Tolong dong Access Control di Gedung C lantai 4 zona Utara rusak nih, bunyi pelan bgt, gk tau dmn letak kerusakannya, tolong bantu perbaiki ya|Ditemukan kerusakan pada Access Control yang disebabkan oleh Getaran, dilakukan perbaikan dengan mengganti komponen yang rusak|Access Control|Gedung C|Lantai 4|Zona Utara|Security Sistem|Ringan|Getaran|Performa menurun|360000
Mohon perhatian, Access Control di Gedung C lantai 4 zona Utara mengalami penurunan performa, dengan gejala bunyi pelan, mohon dilakukan perbaikan secepatnya|Setelah dilakukan analisis, kerusakan disebabkan oleh Getaran, perbaikan telah dilakukan dengan mengganti komponen yang rusak, biaya perbaikan sebesar Rp 360000|Access Control|Gedung C|Lantai 4|Zona Utara|Security Sistem|Ringan|Getaran|Performa menurun|360000
Tolong dong Dinding Partisi, GRC / Gypsum di Gedung D lantai 2 zona Selatan rusak bgt, meledak gk tau dmn asalnya, tolong bantu yg, gk bisa kerja karna itu!|Dinding Partisi, GRC / Gypsum rusak karena human error, perlu diganti dengan yang baru|Dinding Partisi, GRC / Gypsum|Gedung D|Lantai 2|Zona Selatan|Civil|Fatal|Human error|Mati mendadak|33690000
Mohon bantuan untuk perbaikan Dinding Partisi, GRC / Gypsum di Gedung D lantai 2 zona Selatan, saya mendapati bahwa Dinding Partisi, GRC / Gypsum tersebut mengalami kerusakan parah, terbakar, dan tidak dapat digunakan, mohon segera ditangani!|Dinding Partisi, GRC / Gypsum rusak karena human error, perlu dilakukan perbaikan dengan mengganti komponen yang rusak, biaya perbaikan sebesar Rp 33690000|Dinding Partisi, GRC / Gypsum|Gedung D|Lantai 2|Zona Selatan|Civil|Fatal|Human error|Mati mendadak|33690000
Tolong dong Atap Seng di Gedung E lantai 3 zona Selatan bocor deras bgt, gk tau dmn asalnya, yg pasti ruangannya banjir, tolong bantu yg, bgt|Debu/kotoran menyebabkan Atap Seng macet, perlu dibersihkan dan diperbaiki|Atap Seng|Gedung E|Lantai 3|Zona Selatan|Civil|Fatal|Debu/kotoran|Macet/tersumbat|17030000
Mohon bantuan, Atap Seng di Gedung E lantai 3 zona Selatan mengalami kerusakan fatal, yakni ambruk, sehingga perlu segera diperbaiki|Kerusakan Atap Seng disebabkan oleh Debu/kotoran yang menyebabkan macet, biaya perbaikan mencapai Rp 17030000|Atap Seng|Gedung E|Lantai 3|Zona Selatan|Civil|Fatal|Debu/kotoran|Macet/tersumbat|17030000
Tolong dong Kloset di Gedung Parkir lantai 3 zona Tengah rusak nih, gk tau dmn letak kerusakannya, tp yg jelas bunyi pelan bgt, tolong dicek yg, Kloset diperbaiki dengan pengecekan koneksi|Koneksi terputus, perbaikan dilakukan dengan mengganti komponen yang rusak, biaya perbaikan sebesar Rp 390000|Kloset|Gedung Parkir|Lantai 3|Zona Tengah|Plumbing|Ringan|Aus normal|Koneksi terputus|390000
Kloset di Gedung Parkir lantai 3 zona Tengah mengalami kerusakan, gejala yang terjadi adalah bunyi pelan, perlu dilakukan pengecekan dan perbaikan|Kerusakan koneksi terputus, perbaikan dilakukan dengan mengganti komponen yang rusak, dengan biaya perbaikan sebesar Rp 390000|Kloset|Gedung Parkir|Lantai 3|Zona Tengah|Plumbing|Ringan|Aus normal|Koneksi terputus|390000
Tolong dong Ground Water Tank di Gedung Parkir lantai 3 zona Tengah rusak nih, bunyi pelan bgt, gk tau dmn letak kerusakannya, tp yg jelas kotor bgt yg|Perlu dilakukan perbaikan karena Usia pakai, perlu pengecekan dan penggantian komponen yang rusak|Ground Water Tank|Gedung Parkir|Lantai 3|Zona Tengah|Distribusi Air|Ringan|Usia pakai|Getaran berlebihan|340000
Mohon periksa Ground Water Tank di Gedung Parkir lantai 3 zona Tengah, karena mengalami kerusakan yang menyebabkan getaran berlebihan, mungkin karena Usia pakai, sehingga perlu dilakukan perbaikan|Perlu dilakukan perbaikan karena Usia pakai, perlu pengecekan dan penggantian komponen yang rusak, dengan biaya perbaikan sekitar|Ground Water Tank|Gedung Parkir|Lantai 3|Zona Tengah|Distribusi Air|Ringan|Usia pakai|Getaran berlebihan|340000
Tolong dong AC Split di Gedung Servis lantai 1 zona Utara kurang dingin bgt, gk tahu dmn letak masalahnya, tolong bantu yg, bgt!|Overload pada sistem pendingin, perbaikan dilakukan dengan mengganti komponen yang rusak dan membersihkan filter, biaya perbaikan sebesar Rp 800000|AC Split|Gedung Servis|Lantai 1|Zona Utara|Mechanical|Sedang|Overload|Macet/tersumbat|800000
Lapor, AC Split di Gedung Servis lantai 1 zona Utara error terus!|Overload pada kompresor, perlu dilakukan perbaikan segera untuk menghindari kerusakan lebih lanjut, biaya perbaikan sebesar Rp 800000|AC Split|Gedung Servis|Lantai 1|Zona Utara|Mechanical|Sedang|Overload|Macet/tersumbat|800000
Mohon bantuan untuk perbaikan AC Split di Gedung Servis lantai 1 zona Utara, karena mengalami kondisi kurang dingin dan berisik, saya mohon agar teknisi dapat segera memeriksa dan memperbaiki masalah tersebut|Overload pada sistem pendingin, perbaikan dilakukan dengan mengganti komponen yang rusak dan membersihkan filter, biaya perbaikan sebesar Rp 800000|AC Split|Gedung Servis|Lantai 1|Zona Utara|Mechanical|Sedang|Overload|Macet/tersumbat|800000
Tolong dong Kusen Jendela Berbahan Alumunium di Gedung E lantai 1 zona Timur rusak nih, kayaknya perlu diperbaiki bgt, gk tau dmn mulai|Kerusakan kusen jendela berbahan alumunium disebabkan oleh aus normal, perlu dilakukan penggantian komponen yang rusak|Kusen Jendela Berbahan Alumunium|Gedung E|Lantai 1|Zona Timur|Arsitektur|Ringan|Aus normal|Aus/abrasi|330000
Mohon perhatian, kusen jendela berbahan alumunium di Gedung E lantai 1 zona Timur mengalami kerusakan, mungkin disebabkan oleh aus normal, perlu ditangani oleh teknisi|Kerusakan kusen jendela berbahan alumunium disebabkan oleh aus normal, perlu dilakukan penggantian komponen yang rusak dan pemeriksaan rutin, biaya perbaikan sebesar Rp 330000|Kusen Jendela Berbahan Alumunium|Gedung E|Lantai 1|Zona Timur|Arsitektur|Ringan|Aus normal|Aus/abrasi|330000
Tolong dong Dinding Tembok/Mansonry di Gedung C lantai 8 zona Utara bocor deras bgt, gk tahu dmn asalnya, yg penting dibenerin yg cepat, dmn teknisi?|Dinding Tembok/Mansonry mengalami kerusakan total akibat Human error, perlu dilakukan perbaikan segera dengan mengganti komponen yang rusak|Dinding Tembok/Mansonry|Gedung C|Lantai 8|Zona Utara|Civil|Fatal|Human error|Tidak berfungsi total|26240000
Mohon perhatian, terdapat kerusakan pada Dinding Tembok/Mansonry di Gedung C, lantai 8, zona Utara, yang telah terbakar dan tidak dapat digunakan, mohon segera dilakukan perbaikan|Dinding Tembok/Mansonry mengalami kerusakan parah akibat Human error, perlu dilakukan perbaikan segera dengan mengganti komponen yang rusak, biaya perbaikan diperkirakan sebesar Rp 26240000|Dinding Tembok/Mansonry|Gedung C|Lantai 8|Zona Utara|Civil|Fatal|Human error|Tidak berfungsi total|26240000
Gedung C lantai 7 zona Selatan MDP rusak bgt, yg benerin dmn sih, gk bisa nyala sama sekali, tolong dong cepat bgt!|Perbaikan MDP dilakukan dengan memperbaiki komponen yang rusak akibat tegangan tidak stabil, kemudian dilakukan pengujian untuk memastikan MDP dapat berfungsi dengan normal kembali, biaya perbaikan sebesar Rp 5800000|MDP|Gedung C|Lantai 7|Zona Selatan|Electrical|Berat|Tegangan tidak stabil|Mati mendadak|5800000
Mohon perhatian, MDP di Gedung C lantai 7 zona Selatan mengalami kerusakan berat, tidak dapat nyala sama sekali, mohon segera dilakukan perbaikan|Perbaikan MDP dilakukan dengan memeriksa dan memperbaiki komponen yang rusak akibat tegangan tidak stabil, kemudian dilakukan pengujian untuk memastikan MDP dapat berfungsi dengan normal kembali, biaya perbaikan sebesar Rp 5800000|MDP|Gedung C|Lantai 7|Zona Selatan|Electrical|Berat|Tegangan tidak stabil|Mati mendadak|5800000
Tolong dong Control Panel Penerangan di Gedung C lantai 1 zona Selatan rusak nih, gk tau kenapa, tp yg jelas tombolnya bunyi pelan bgt, dmn bisa dilaporin ya?|Ditemukan kerusakan pada Control Panel Penerangan di Gedung Gedung C lantai 1 zona Selatan, penyebabnya adalah Kelembaban tinggi, dilakukan perbaikan dengan mengganti komponen yang rusak|Control Panel Penerangan|Gedung C|Lantai 1|Zona Selatan|Electrical|Ringan|Kelembaban tinggi|Tidak berfungsi total|240000
Mohon bantuan untuk memperbaiki Control Panel Penerangan di Gedung C lantai 1 zona Selatan, karena saat ini dalam keadaan tidak berfungsi total, dikarenakan Kelembaban tinggi, saya mohon untuk segera ditangani|Control Panel Penerangan di Gedung Gedung C lantai 1 zona Selatan mengalami kerusakan akibat Kelembaban tinggi, perlu dilakukan perbaikan dengan mengganti komponen yang rusak, perkiraan biaya perbaikan Rp 240000|Control Panel Penerangan|Gedung C|Lantai 1|Zona Selatan|Electrical|Ringan|Kelembaban tinggi|Tidak berfungsi total|240000
Halo, dmn Dinding Partisi, GRC / Gypsum di Gedung C lantai 1 zona Barat rusak bgt, gk tahu knp, tolong dong bantu perbaiki ya!|Dinding Partisi, GRC / Gypsum mengalami kerusakan karena Aus normal, perlu dilakukan perbaikan dengan mengganti komponen yang rusak|Dinding Partisi, GRC / Gypsum|Gedung C|Lantai 1|Zona Barat|Civil|Sedang|Aus normal|Berkarat/korosi|1860000
Mohon bantu perbaiki Dinding Partisi, GRC / Gypsum di Gedung C lantai 1 zona Barat yang rusak berkarat, terima kasih|Dinding Partisi, GRC / Gypsum mengalami kerusakan berkarat karena Aus normal, perlu dilakukan perbaikan segera dengan biaya Rp 1860000|Dinding Partisi, GRC / Gypsum|Gedung C|Lantai 1|Zona Barat|Civil|Sedang|Aus normal|Berkarat/korosi|1860000
Tolong dong Pesawat Telepon di Gedung C lantai 5 zona Selatan bgt rusak nih, nyetrum gitu!|Pesawat Telepon mengalami Aus normal, perlu perbaikan segera|Pesawat Telepon|Gedung C|Lantai 5|Zona Selatan|Sistem Telekomunikasi Gedung|Fatal|Aus normal|Tampilan rusak|25740000
Mohon perbaikan Pesawat Telepon di Gedung C, lantai 5, zona Selatan, karena mengalami kerusakan yang sangat parah, nyetrum dan tidak bisa digunakan.|Pesawat Telepon mengalami Aus normal, perlu perbaikan dan penggantian komponen yang rusak|Pesawat Telepon|Gedung C|Lantai 5|Zona Selatan|Sistem Telekomunikasi Gedung|Fatal|Aus normal|Tampilan rusak|25740000
Tolong dong Meja kerja di Gedung Servis lantai 1 zona Utara bgt rusak parah bgt, gk bisa dipake lagi, cepat tolong ya!|Kerusakan total disebabkan kualitas material yang buruk, perlu diganti dengan material yang lebih baik dan tahan lama|Meja kerja|Gedung Servis|Lantai 1|Zona Utara|Arsitektur|Fatal|Kualitas material|Tidak berfungsi total|30400000
Mohon bantuan, Meja kerja di Gedung Servis lantai 1 zona Utara mengalami kerusakan yang cukup parah, sehingga tidak dapat digunakan lagi, mohon untuk segera diperbaiki|Kerusakan parah disebabkan kualitas material yang buruk, perlu dilakukan perbaikan dengan mengganti material yang lebih baik dan melakukan penanganan yang tepat|Meja kerja|Gedung Servis|Lantai 1|Zona Utara|Arsitektur|Fatal|Kualitas material|Tidak berfungsi total|30400000
Tolong dong AC Split di Gedung Utama lantai 1 zona Timur rusak bgt, bocor deras, nyetrum, gk tahu dmn salahnya, tolong bantu yg, bgt|Ditemukan kerusakan kebocoran pada AC Split di Gedung Gedung Utama lantai 1 zona Timur, penyebabnya adalah kelembaban tinggi, dilakukan perbaikan dengan mengganti komponen yang rusak|AC Split|Gedung Utama|Lantai 1|Zona Timur|Mechanical|Fatal|Kelembaban tinggi|Kebocoran|20540000
Lapor, AC Split di Gedung Utama lantai 1 zona Timur bocor|Ditemukan kerusakan kebocoran pada AC Split di Gedung Gedung Utama lantai 1 zona Timur, penyebabnya adalah kelembaban tinggi, dilakukan perbaikan dengan mengganti komponen yang rusak, biaya perbaikan sebesar Rp 20540000|AC Split|Gedung Utama|Lantai 1|Zona Timur|Mechanical|Fatal|Kelembaban tinggi|Kebocoran|20540000
Mohon perhatian, AC Split di Gedung Utama lantai 1 zona Timur mengalami kerusakan kebocoran yang parah, sehingga menyebabkan nyetrum, mohon segera ditangani|Ditemukan kerusakan kebocoran pada AC Split di Gedung Gedung Utama lantai 1 zona Timur, penyebabnya adalah kelembaban tinggi, dilakukan perbaikan dengan mengganti komponen yang rusak|AC Split|Gedung Utama|Lantai 1|Zona Timur|Mechanical|Fatal|Kelembaban tinggi|Kebocoran|20540000
Tolong dong Exhaust Fan di Gedung E lantai 1 zona Barat rusak nih, bunyi pelan gitu bgt, gk tau dmn salahnya, tp yg jelas kusam bgt|Getaran menyebabkan kerusakan, perbaikan dengan membersihkan dan mengencangkan komponen|Exhaust Fan|Gedung E|Lantai 1|Zona Barat|Ventilasi Sistem|Ringan|Getaran|Macet/tersumbat|320000
Lapor, Exhaust Fan Gedung E lantai 1 zona Barat bunyi pelan|Perbaikan dilakukan dengan mengatasi getaran yang menyebabkan kerusakan|Exhaust Fan|Gedung E|Lantai 1|Zona Barat|Ventilasi Sistem|Ringan|Getaran|Macet/tersumbat|320000
Mohon perhatian, terdapat kendala pada Exhaust Fan di Gedung E lantai 1 zona Barat, kondisinya kusam dan berdebu, mungkin disebabkan oleh getaran|Tindakan perbaikan akan dilakukan dengan membersihkan dan mengencangkan komponen yang terkait, biaya perbaikan sebesar Rp 320000|Exhaust Fan|Gedung E|Lantai 1|Zona Barat|Ventilasi Sistem|Ringan|Getaran|Macet/tersumbat|320000
Tolong dong Exhaust Fan di Gedung A lantai 10 zona Selatan rusak bgt, gk nyala sama sekali, yg bikin pusing banget!|Laporan teknisi: Exhaust Fan mengalami kerusakan akibat Kelembaban tinggi, dilakukan perbaikan dengan mengganti komponen yang rusak, biaya perbaikan sebesar 5840000|Exhaust Fan|Gedung A|Lantai 10|Zona Selatan|Ventilasi Sistem|Berat|Kelembaban tinggi|Tampilan rusak|5840000
Exhaust Fan di Gedung A lantai 10 zona Selatan mengalami kerusakan yang cukup parah, tidak dapat beroperasi dengan baik|Laporan teknisi: Exhaust Fan mengalami kerusakan akibat Kelembaban tinggi, dilakukan perbaikan dengan mengganti komponen yang rusak, biaya perbaikan sebesar 5840000|Exhaust Fan|Gedung A|Lantai 10|Zona Selatan|Ventilasi Sistem|Berat|Kelembaban tinggi|Tampilan rusak|5840000
Tolong dong Pintu Kayu/HPL di Gedung E lantai 4 zona Utara bocor deras bgt, gk tahu dmn asalnya, tp yg jelas pintunya udah gk bisa dibuka lagi, tolong bantu yg, dmn saya harus hubungi?|Laporan teknisi: Kerusakan disebabkan oleh human error, perlu dilakukan perbaikan segera dengan mengganti komponen yang rusak, biaya perbaikan sebesar Rp 41440000|Pintu Kayu/HPL|Gedung E|Lantai 4|Zona Utara|Arsitektur|Fatal|Human error|Berkarat/korosi|41440000
Mohon bantuan untuk memperbaiki Pintu Kayu/HPL di Gedung E lantai 4 zona Utara, karena pintu tersebut sudah tidak dapat dibuka lagi dan terjadi kebocoran yang parah, sehingga menyebabkan kerusakan pada struktur bangunan|Laporan teknisi: Kerusakan disebabkan oleh human error, perlu dilakukan perbaikan segera dengan mengganti komponen yang rusak|Pintu Kayu/HPL|Gedung E|Lantai 4|Zona Utara|Arsitektur|Fatal|Human error|Berkarat/korosi|41440000
Tolong dong Dinding Partisi, GRC / Gypsum di Gedung Servis lantai 2 zona Barat rusak nih, yg bgt kotor dan kusam, gk tau dmn awalnya rusak, tp skr bgt perlu dibersihin dan diperbaiki, bgt|Dinding Partisi, GRC / Gypsum mengalami kerusakan akibat Human error, perlu dibersihkan dan diperbaiki dengan memperhatikan kualitas bahan dan pengerjaan, biaya perbaikan Rp 270000|Dinding Partisi, GRC / Gypsum|Gedung Servis|Lantai 2|Zona Barat|Civil|Ringan|Human error|Performa menurun|270000
Mohon perhatian, Dinding Partisi, GRC / Gypsum di Gedung Servis lantai 2 zona Barat mengalami penurunan performa, kusam dan kotor, perlu segera diperbaiki|Dinding Partisi, GRC / Gypsum mengalami kerusakan akibat Human error, perlu dibersihkan dan diperbaiki dengan memperhatikan kualitas bahan dan pengerjaan|Dinding Partisi, GRC / Gypsum|Gedung Servis|Lantai 2|Zona Barat|Civil|Ringan|Human error|Performa menurun|270000
Lantai Keramik di Gedung B lantai 6 zona Timur rusak bgt, gk tau dmn salahnya, tolong dong cepat diperbaiki|Lantai Keramik mengalami kerusakan tampilan akibat kurang perawatan, perlu dilakukan pembersihan dan perawatan rutin|Lantai Keramik|Gedung B|Lantai 6|Zona Timur|Civil|Ringan|Kurang perawatan|Tampilan rusak|390000
Mohon bantuan untuk memperbaiki Lantai Keramik di Gedung B lantai 6 zona Timur yang mengalami kerusakan tampilan, mungkin karena kurang perawatan|Lantai Keramik mengalami kerusakan akibat kurang perawatan, perlu dilakukan pembersihan dan perawatan rutin, biaya perbaikan sebesar Rp 390000|Lantai Keramik|Gedung B|Lantai 6|Zona Timur|Civil|Ringan|Kurang perawatan|Tampilan rusak|390000
Tolong dong Atap Genteng di Gedung Utama lantai 18 zona Utara rusak bgt, gk tahu dmn letak kerusakannya, tp yg jelas atapnya jebol dan perlu perbaikan segera!|Kerusakan disebabkan oleh Korosi, perlu dilakukan penggantian atap dan perawatan rutin untuk mencegah kerusakan serupa, biaya perbaikan sebesar Rp 7080000|Atap Genteng|Gedung Utama|Lantai 18|Zona Utara|Civil|Berat|Korosi|Getaran berlebihan|7080000
Mohon perhatian, Atap Genteng di Gedung Utama lantai 18 zona Utara mengalami kerusakan yang cukup parah, yaitu getaran berlebihan dan jebol, sehingga perlu dilakukan perbaikan segera|Kerusakan disebabkan oleh Korosi, dilakukan perbaikan dengan mengganti atap dan melakukan perawatan rutin, biaya perbaikan Rp 7080000|Atap Genteng|Gedung Utama|Lantai 18|Zona Utara|Civil|Berat|Korosi|Getaran berlebihan|7080000
Lampu Downlight di Gedung C lantai 5 zona Barat rusak nih, yg bgt kotor bgt dan bunyi pelan, gk tau dmn letak masalahnya|Laporan teknisi: Lampu Downlight mengalami kerusakan karena Kelembaban tinggi, dilakukan perbaikan dengan membersihkan dan mengganti komponen yang rusak|Lampu Downlight|Gedung C|Lantai 5|Zona Barat|Electrical|Ringan|Kelembaban tinggi|Macet/tersumbat|170000
Lapor, Lampu Downlight Gedung C lantai 5 zona Barat rusak|Laporan teknisi: Kerusakan pada Lampu Downlight karena Kelembaban tinggi, perbaikan dengan mengganti komponen yang rusak dan membersihkan|Lampu Downlight|Gedung C|Lantai 5|Zona Barat|Electrical|Ringan|Kelembaban tinggi|Macet/tersumbat|170000
Mohon periksa Lampu Downlight di Gedung C lantai 5 zona Barat, karena ada keluhan bahwa lampu tersebut mengalami kerusakan dengan gejala kusam dan bunyi pelan|Laporan teknisi: Setelah dilakukan pengecekan, ditemukan bahwa kerusakan pada Lampu Downlight disebabkan oleh Kelembaban tinggi, sehingga dilakukan perbaikan dengan membersihkan dan mengganti komponen yang rusak dengan biaya perbaikan sebesar 170000|Lampu Downlight|Gedung C|Lantai 5|Zona Barat|Electrical|Ringan|Kelembaban tinggi|Macet/tersumbat|170000
Tolong dong APAB Dry Powder di Gedung Utama lantai 2 zona Tengah rusak bgt, bocor deras gk bisa dipake lagi yg dmn harus dibawa ke tempat perbaikan?|Perbaikan APAB Dry Powder karena Usia pakai, dilakukan penggantian komponen yang sudah tidak berfungsi dan pengecekan tekanan untuk memastikan sistem pemadam kebakaran berjalan dengan baik, biaya perbaikan sebesar Rp 2980000|APAB Dry Powder|Gedung Utama|Lantai 2|Zona Tengah|Sistem Pemadam Kebakaran|Fatal|Usia pakai|Tekanan tidak stabil|2980000
Mohon bantuan, APAB Dry Powder di Gedung Utama lantai 2 zona Tengah mengalami kerusakan parah, nyetrum dan bau gosong, mohon segera dilakukan perbaikan|Perbaikan APAB Dry Powder dilakukan dengan mengganti komponen yang rusak dan memeriksa tekanan sistem pemadam kebakaran untuk memastikan keamanan, biaya perbaikan sebesar Rp 2980000|APAB Dry Powder|Gedung Utama|Lantai 2|Zona Tengah|Sistem Pemadam Kebakaran|Fatal|Usia pakai|Tekanan tidak stabil|2980000
Tolong dong AC Split Duct di Gedung Utama lantai 17 zona Utara rusak bgt, tegangannya naik turun terus, nyetrum, gk tau dmn salahnya, tolong bantu yg, bgt|Laporan teknisi: Perbaikan AC Split Duct dilakukan dengan memperbaiki tegangan tidak stabil dan mengganti komponen yang rusak, biaya perbaikan sebesar 7060000|AC Split Duct|Gedung Utama|Lantai 17|Zona Utara|Mechanical|Fatal|Tegangan tidak stabil|Korsleting|7060000
Mohon bantuan untuk perbaikan AC Split Duct di Gedung Utama lantai 17 zona Utara, karena terjadi kerusakan parah akibat tegangan tidak stabil sehingga mengalami korsleting dan nyetrum|Laporan teknisi: Perbaikan dilakukan dengan mengganti komponen yang rusak dan memperbaiki sistem tegangan, biaya perbaikan sebesar 7060000|AC Split Duct|Gedung Utama|Lantai 17|Zona Utara|Mechanical|Fatal|Tegangan tidak stabil|Korsleting|7060000
Tolong dong Plafon Gypsum / GRC di Gedung A lantai 6 zona Utara rusak bgt, gk tau dmn masalahnya, yg penting dibenerin yg, bgt!|Laporan teknis: Penyebab kerusakan adalah Tegangan tidak stabil, dilakukan perbaikan koneksi|Plafon Gypsum / GRC|Gedung A|Lantai 6|Zona Utara|Arsitektur|Berat|Tegangan tidak stabil|Koneksi terputus|6490000
Mohon bantuan untuk memperbaiki Plafon Gypsum / GRC di Gedung A, lantai 6, zona Utara, karena mengalami kerusakan berat.|Penyebab kerusakan adalah Tegangan tidak stabil, dilakukan perbaikan koneksi untuk mengatasi masalah Koneksi terputus|Plafon Gypsum / GRC|Gedung A|Lantai 6|Zona Utara|Arsitektur|Berat|Tegangan tidak stabil|Koneksi terputus|6490000
Tolong dong AC Split di Gedung A lantai 3 zona Selatan rusak nih, bgt gk bisa nyala sama sekali, ada bau gosong yg, dmn notifikasi error terus muncul!|Perbaikan dilakukan dengan menggantikan komponen yang rusak akibat kualitas material, biaya perbaikan sebesar Rp 22960000|AC Split|Gedung A|Lantai 3|Zona Selatan|Mechanical|Fatal|Kualitas material|Mati mendadak|22960000
Mohon bantuan, AC Split di Gedung A lantai 3 zona Selatan mengalami kerusakan fatal, yaitu mati mendadak dan ada bau gosong, mohon segera ditangani|Perbaikan dilakukan dengan menggantikan komponen yang rusak akibat kualitas material, dengan biaya perbaikan yang sesuai|AC Split|Gedung A|Lantai 3|Zona Selatan|Mechanical|Fatal|Kualitas material|Mati mendadak|22960000
Tolong dong Lampu LED Strip di Gedung D lantai 5 zona Selatan rusak bgt, gk nyala sama sekali, bau gosong, yg bikin panik bgt!|Korosi pada komponen elektronik menyebabkan sensor error, dilakukan perbaikan dengan mengganti komponen yang rusak dan membersihkan area korosi|Lampu LED Strip|Gedung D|Lantai 5|Zona Selatan|Electrical|Fatal|Korosi|Sensor error|18290000
Saya mohon bantuan untuk memperbaiki Lampu LED Strip di Gedung D lantai 5 zona Selatan, karena lampu tersebut mengalami kerusakan fatal, yaitu nyetrum dan bau gosong|Dilakukan analisis kerusakan dan ditemukan bahwa korosi pada komponen elektronik menyebabkan sensor error, perbaikan dilakukan dengan mengganti komponen yang rusak|Lampu LED Strip|Gedung D|Lantai 5|Zona Selatan|Electrical|Fatal|Korosi|Sensor error|18290000
Tolong dong Jet Pump di Gedung D lantai 3 zona Barat bgt rusak nih, kayaknya bocor deras bgt, gk tau dmn letak kerusakannya, tapi yg jelas jet pumpnya gk berfungsi lagi!|Usia pakai Jet Pump sudah terlalu lama, sehingga menyebabkan koneksi terputus, perlu dilakukan perbaikan dengan mengganti komponen yang rusak|Jet Pump|Gedung D|Lantai 3|Zona Barat|Distribusi Air|Fatal|Usia pakai|Koneksi terputus|11850000
Jet Pump di Gedung D lantai 3 zona Barat mengalami kerusakan yang cukup parah, yaitu bocor deras dan tidak dapat berfungsi lagi, sehingga perlu dilakukan perbaikan secepatnya|Kerusakan Jet Pump disebabkan oleh usia pakai yang sudah terlalu lama, sehingga menyebabkan koneksi terputus, perlu dilakukan perbaikan dengan mengganti komponen yang rusak, dengan biaya perbaikan sebesar Rp 11850000|Jet Pump|Gedung D|Lantai 3|Zona Barat|Distribusi Air|Fatal|Usia pakai|Koneksi terputus|11850000
Tolong dong AC Split di Gedung A lantai 1 zona Timur rusak bgt, gk tau dmn letak masalahnya, tp yg jelas AC nya gk nyala sama sekali, tolong bantu yah!|Laporan teknisi: Getaran yang terjadi pada AC Split di Gedung Gedung A lantai 1 zona Timur menyebabkan kerusakan, dilakukan perbaikan dengan mengganti komponen yang rusak dan melakukan penyesuaian untuk mengurangi getaran, biaya perbaikan sebesar Rp 13510000|AC Split|Gedung A|Lantai 1|Zona Timur|Mechanical|Fatal|Getaran|Performa menurun|13510000
Mohon bantuan untuk memperbaiki AC Split di Gedung A lantai 1 zona Timur, karena AC tersebut mengalami kerusakan yang cukup parah, yaitu meledak, sehingga menyebabkan kerusakan yang cukup besar|Laporan teknisi: Getaran yang terjadi pada AC Split di Gedung Gedung A lantai 1 zona Timur menyebabkan kerusakan, dilakukan perbaikan dengan mengganti komponen yang rusak dan melakukan penyesuaian untuk mengurangi getaran, biaya perbaikan sebesar Rp 13510000|AC Split|Gedung A|Lantai 1|Zona Timur|Mechanical|Fatal|Getaran|Performa menurun|13510000
Gue butuh bantuan, dmn Lampu Wall sign di Gedung Utama lantai 19 zona Timur rusak bgt, tlg yah, gk tahu knp kusam gitu|Lampu Wall sign mengalami aus normal, dilakukan perbaikan dengan mengganti komponen yang rusak, biaya perbaikan Rp 310000|Lampu Wall sign|Gedung Utama|Lantai 19|Zona Timur|Electrical|Ringan|Aus normal|Aus/abrasi|310000
Mohon bantuan perbaikan Lampu Wall sign di Gedung Utama lantai 19 zona Timur karena tampak kusam, mohon diperiksa dan diperbaiki|Lampu Wall sign mengalami aus normal, dilakukan perbaikan dengan mengganti komponen yang rusak, biaya perbaikan Rp 310000|Lampu Wall sign|Gedung Utama|Lantai 19|Zona Timur|Electrical|Ringan|Aus normal|Aus/abrasi|310000
Tolong dong Pesawat Telepon di Gedung C lantai 8 zona Timur rusak nih, gk tau kenapa tiba2 mati total bgt, yg bisa bantu?|Pesawat Telepon mengalami kerusakan akibat Usia pakai, perlu dilakukan penggantian komponen untuk mengembalikan fungsinya|Pesawat Telepon|Gedung C|Lantai 8|Zona Timur|Sistem Telekomunikasi Gedung|Berat|Usia pakai|Tidak berfungsi total|7310000
Mohon bantuan untuk memperbaiki Pesawat Telepon di Gedung C lantai 8 zona Timur, karena sudah tidak berfungsi total|Pesawat Telepon mengalami kerusakan parah akibat Usia pakai, perlu dilakukan penggantian komponen dan perbaikan menyeluruh dengan biaya sebesar Rp 7310000|Pesawat Telepon|Gedung C|Lantai 8|Zona Timur|Sistem Telekomunikasi Gedung|Berat|Usia pakai|Tidak berfungsi total|7310000
Tolong dong Pintu Kaca Hidrolik di Gedung B lantai 3 zona Barat rusak bgt, gk tau dmn salahnya, tp yg jelas pintu nya mati total!|Perbaikan dilakukan dengan mengganti komponen yang rusak, Kurang perawatan yang dilakukan sebelumnya menyebabkan kerusakan, biaya perbaikan sebesar Rp 5080000|Pintu Kaca Hidrolik|Gedung B|Lantai 3|Zona Barat|Arsitektur|Berat|Kurang perawatan|Overheat|5080000
Pintu Kaca Hidrolik di Gedung B lantai 3 zona Barat mengalami kerusakan parah, sehingga perlu dilakukan perbaikan segera|Perbaikan telah dilakukan dengan mengganti komponen yang rusak, kerusakan disebabkan oleh Kurang perawatan, biaya perbaikan sebesar Rp 5080000|Pintu Kaca Hidrolik|Gedung B|Lantai 3|Zona Barat|Arsitektur|Berat|Kurang perawatan|Overheat|5080000
Tolong dong AC Split di Gedung A lantai 14 zona Timur rusak nih, gk dingin bgt, yg benerin dmn sih?|Human error menyebabkan aliran lemah, perbaikan dilakukan dengan membersihkan filter dan mengganti komponen yang rusak|AC Split|Gedung A|Lantai 14|Zona Timur|Mechanical|Ringan|Human error|Aliran lemah|290000
Mohon bantuan untuk memperbaiki AC Split di Gedung A lantai 14 zona Timur, karena terdengar bunyi pelan dan kurang dingin|Human error menyebabkan aliran lemah, perbaikan dilakukan dengan membersihkan filter dan mengganti komponen yang rusak, biaya perbaikan sebesar Rp 290000|AC Split|Gedung A|Lantai 14|Zona Timur|Mechanical|Ringan|Human error|Aliran lemah|290000
Hai, Push Button di Gedung B lantai 8 zona Timur mati total bgt, gk tau kenapa, tolong dong cept bantu perbaikin ya!|Perbaikan Push Button dilakukan dengan mengganti komponen yang rusak akibat Faktor lingkungan, biaya perbaikan sebesar Rp 7390000|Push Button|Gedung B|Lantai 8|Zona Timur|Security Sistem|Berat|Faktor lingkungan|Performa menurun|7390000
Mohon bantuan untuk perbaikan Push Button di Gedung B lantai 8 zona Timur, karena sudah mati total dan tidak dapat digunakan, terima kasih.|Perbaikan Push Button dilakukan dengan memeriksa komponen yang rusak akibat Faktor lingkungan dan menggantinya dengan yang baru, biaya perbaikan sebesar Rp 7390000|Push Button|Gedung B|Lantai 8|Zona Timur|Security Sistem|Berat|Faktor lingkungan|Performa menurun|7390000
Tolong dong Smoke Detector di Gedung A lantai 1 zona Tengah rusak nih, bgt, gk tau kenapa tiba-tiba nyetrum|Kerusakan disebabkan oleh Kualitas material yang buruk, perlu dilakukan penggantian komponen|Smoke Detector|Gedung A|Lantai 1|Zona Tengah|Sistem Proteksi Kebakaran Aktif|Fatal|Kualitas material|Mati mendadak|39800000
Berikut laporan kerusakan Smoke Detector di Gedung A lantai 1 zona Tengah, alat tersebut mengalami kerusakan fatal karena Kualitas material yang buruk|Kerusakan disebabkan oleh Kualitas material yang buruk, perlu dilakukan penggantian komponen dengan biaya perbaikan sebesar|Smoke Detector|Gedung A|Lantai 1|Zona Tengah|Sistem Proteksi Kebakaran Aktif|Fatal|Kualitas material|Mati mendadak|39800000
Tolong dong Lift Penumpang di Gedung Servis lantai 1 zona Barat rusak bgt, gk bisa jalan sama sekali, tolong bantu dmn caranya?|Lift Penumpang Schindler mengalami korosi yang menyebabkan koneksi terputus, perlu dilakukan perbaikan dengan mengganti komponen yang rusak, biaya perbaikan sebesar Rp 4860000|Lift Penumpang|Gedung Servis|Lantai 1|Zona Barat|Sistem Transportasi Gedung|Berat|Korosi|Koneksi terputus|4860000
Mohon perhatian, Lift Penumpang di Gedung Servis lantai 1 zona Barat mengalami gangguan, tidak dapat beroperasi dengan normal, mohon untuk segera memperbaiki|Lift Penumpang Schindler mengalami korosi yang menyebabkan koneksi terputus, perlu dilakukan perbaikan dengan mengganti komponen yang rusak, biaya perbaikan sebesar Rp 4860000|Lift Penumpang|Gedung Servis|Lantai 1|Zona Barat|Sistem Transportasi Gedung|Berat|Korosi|Koneksi terputus|4860000
Tolong dong Pesawat Telepon di Gedung C lantai 5 zona Timur rusak bgt, bunyi pelan banget, yg bikin gk nyaman dmn kerja!|Perbaikan dilakukan dengan mengganti komponen yang sudah aus karena usia pakai, dan melakukan pembersihan untuk menghilangkan debu|Pesawat Telepon|Gedung C|Lantai 5|Zona Timur|Sistem Telekomunikasi Gedung|Ringan|Usia pakai|Overheat|250000
Mohon bantuan untuk memperbaiki Pesawat Telepon di Gedung C lantai 5 zona Timur, karena sudah mengalami kerusakan berupa overheat dan bunyi pelan|Perbaikan dilakukan dengan mengganti komponen yang sudah aus karena usia pakai, dan melakukan pembersihan untuk menghilangkan debu, serta pengecekan rutin untuk mencegah kerusakan serupa|Pesawat Telepon|Gedung C|Lantai 5|Zona Timur|Sistem Telekomunikasi Gedung|Ringan|Usia pakai|Overheat|250000
Tolong dong Modem di Gedung D lantai 2 zona Tengah rusak bgt, gk tau dmn letak masalahnya, tp yg jelas kedap-kedip terus, bgt yg gk bisa diatasi, tolong bantu|Kerusakan pada Modem di Gedung Gedung D lantai 2 zona Tengah disebabkan oleh Kurang perawatan, dilakukan perbaikan dengan mengganti komponen yang rusak dan membersihkan bagian dalam, biaya perbaikan sebesar Rp 2080000|Modem|Gedung D|Lantai 2|Zona Tengah|Sistem Telekomunikasi Gedung|Sedang|Kurang perawatan|Korsleting|2080000
Mohon bantuan untuk memperbaiki Modem di Gedung D lantai 2 zona Tengah, karena Modem tersebut mengalami kerusakan berupa korsleting, sehingga menyebabkan gangguan pada sistem telekomunikasi gedung|Kerusakan pada Modem disebabkan oleh Kurang perawatan, dilakukan perbaikan dengan mengganti komponen yang rusak, biaya perbaikan Rp 2080000|Modem|Gedung D|Lantai 2|Zona Tengah|Sistem Telekomunikasi Gedung|Sedang|Kurang perawatan|Korsleting|2080000
Lemari/Loker di Gedung Parkir lantai 4 zona Timur rusak bgt, dgk bisa dipake lagi, tolong dong teknisinya cepat datang|Perbaikan Lemari/Loker dengan memperbarui komponen yang rusak akibat kualitas material, biaya perbaikan sebesar Rp 6300000|Lemari/Loker|Gedung Parkir|Lantai 4|Zona Timur|Arsitektur|Berat|Kualitas material|Suhu tidak stabil|6300000
Mohon perhatian, Lemari/Loker yang terletak di Gedung Parkir lantai 4 zona Timur mengalami kerusakan yang cukup parah, sehingga tidak dapat digunakan, mohon teknisi untuk segera memperbaiki|Perbaikan Lemari/Loker dengan mengganti komponen yang rusak dan memperbarui sistem pendingin untuk mengatasi masalah suhu tidak stabil, biaya perbaikan Rp 6300000|Lemari/Loker|Gedung Parkir|Lantai 4|Zona Timur|Arsitektur|Berat|Kualitas material|Suhu tidak stabil|6300000
Tolong dong Lampu Wall sign di Gedung D lantai 9 zona Utara nyetrum bgt, gk tau dmn letak masalahnya, tolong bantu yg, dmn bisa kontak|Laporan teknisi: Kerusakan disebabkan oleh faktor lingkungan, perlu dilakukan perbaikan segera dengan mengganti komponen yang rusak dan melakukan pengecekan ulang, biaya perbaikan sebesar Rp 9460000|Lampu Wall sign|Gedung D|Lantai 9|Zona Utara|Electrical|Fatal|Faktor lingkengan|Tekanan tidak stabil|9460000
Mohon bantuan, saya ingin melaporkan bahwa Lampu Wall sign di Gedung D lantai 9 zona Utara terbakar, saya sangat khawatir dengan keamanan, mohon segera ditangani|Laporan teknisi: Kerusakan disebabkan oleh faktor lingkengan, perlu dilakukan perbaikan segera dengan mengganti komponen yang rusak dan melakukan pengecekan ulang, biaya perbaikan sebesar Rp 9460000|Lampu Wall sign|Gedung D|Lantai 9|Zona Utara|Electrical|Fatal|Faktor lingkengan|Tekanan tidak stabil|9460000
Tolong dong Lampu Downlight di Gedung A lantai 14 zona Tengah rusak bgt, gk nyala sama sekali, yg benerin dmn sih?|Lampu Downlight mengalami kerusakan karena usia pakai, perlu dilakukan penggantian spare part untuk mengembalikan fungsinya|Lampu Downlight|Gedung A|Lantai 14|Zona Tengah|Electrical|Berat|Usia pakai|Macet/tersumbat|4540000
Mohon bantuan untuk memperbaiki Lampu Downlight di Gedung A lantai 14 zona Tengah, karena lampu tersebut tidak nyala sama sekali.|Lampu Downlight mengalami kerusakan karena usia pakai, perlu dilakukan penggantian spare part untuk mengembalikan fungsinya dengan biaya perbaikan sebesar Rp 4540000|Lampu Downlight|Gedung A|Lantai 14|Zona Tengah|Electrical|Berat|Usia pakai|Macet/tersumbat|4540000
Tolong dong Meja kerja di Gedung D lantai 2 zona Barat rusak bgt, gk tau kenapa tiba2 meledak, tolong bantu yg, dmn saya harus lapor?|Overload pada beban meja kerja menyebabkan kerusakan fatal, perlu dilakukan perbaikan segera dengan mengganti komponen yang rusak|Meja kerja|Gedung D|Lantai 2|Zona Barat|Arsitektur|Fatal|Overload|Tampilan rusak|20450000
Mohon bantuan, Meja kerja di Gedung D lantai 2 zona Barat mengalami kerusakan yang cukup parah, yaitu tampilan yang rusak dan terbakar, sehingga tidak dapat digunakan lagi|Overload pada meja kerja menyebabkan kerusakan pada komponen internal, perlu dilakukan perbaikan dengan mengganti komponen yang rusak, dengan biaya perbaikan sebesar 20450000|Meja kerja|Gedung D|Lantai 2|Zona Barat|Arsitektur|Fatal|Overload|Tampilan rusak|20450000
Tolong dong LAN (Local Area Network) di Gedung E lantai 1 zona Utara rusak nih, gk bisa dipake bgt, yg benerin dmn sih?|Laporan teknisi: Perbaikan LAN (Local Area Network) dilakukan dengan mengganti material yang berkualitas rendah, biaya perbaikan sebesar Rp 100000|LAN (Local Area Network)|Gedung E|Lantai 1|Zona Utara|Sistem Telekomunikasi Gedung|Ringan|Kualitas material|Kebocoran|100000
Lapor, LAN (Local Area Network) lt 1 Utara rusak|Laporan teknisi: Kerusakan pada LAN (Local Area Network) disebabkan oleh kualitas material yang buruk, perlu dilakukan penggantian|LAN (Local Area Network)|Gedung E|Lantai 1|Zona Utara|Sistem Telekomunikasi Gedung|Ringan|Kualitas material|Kebocoran|100000
Mohon bantuan untuk memperbaiki LAN (Local Area Network) di Gedung E lantai 1 zona Utara, karena LAN tersebut mengalami kebocoran, sehingga tidak dapat digunakan|Laporan teknisi: Perbaikan LAN (Local Area Network) dilakukan dengan mengganti material yang berkualitas rendah, biaya perbaikan sebesar Rp 100000|LAN (Local Area Network)|Gedung E|Lantai 1|Zona Utara|Sistem Telekomunikasi Gedung|Ringan|Kualitas material|Kebocoran|100000
Tolong dong Lantai Keramik di Gedung C lantai 1 zona Tengah rusak bgt, gk bisa digunakan lagi, tolong bantu yg, dmn bisa kontak?|Lantai Keramik mengalami kerusakan karena Kelembaban tinggi, perlu dilakukan perbaikan dengan mengganti komponen yang rusak dan mengatur ulang sistem untuk menghindari kelembaban|Lantai Keramik|Gedung C|Lantai 1|Zona Tengah|Civil|Berat|Kelembaban tinggi|Tekanan tidak stabil|2410000
Mohon bantuan untuk memperbaiki Lantai Keramik di Gedung C lantai 1 zona Tengah yang rusak, saya sangat membutuhkan bantuan Anda|Lantai Keramik mengalami kerusakan karena Kelembaban tinggi, perlu dilakukan perbaikan dengan mengganti komponen yang rusak dan mengatur ulang sistem untuk menghindari kelembaban dengan biaya perbaikan sebesar Rp 2410000|Lantai Keramik|Gedung C|Lantai 1|Zona Tengah|Civil|Berat|Kelembaban tinggi|Tekanan tidak stabil|2410000
Tolong dong MDB di Gedung Parkir lantai 2 zona Barat rusak nih, bgt, yg ada remote gk berfungsi, dmn kita harus bgt cepat perbaiki|Perbaikan MDB dengan mengganti remote baru karena usia pakai, biaya perbaikan sebesar Rp 270000|MDB|Gedung Parkir|Lantai 2|Zona Barat|Electrical|Ringan|Usia pakai|Remote tidak berfungsi|270000
Mohon perhatian, MDB di Gedung Parkir lantai 2 zona Barat mengalami kerusakan pada remote, mohon segera diperbaiki|Perbaikan MDB dengan mengganti remote baru karena usia pakai, biaya perbaikan sebesar Rp 270000|MDB|Gedung Parkir|Lantai 2|Zona Barat|Electrical|Ringan|Usia pakai|Remote tidak berfungsi|270000
Tolong dong Lantai Keramik di Gedung Parkir lantai 3 zona Utara rusak bgt, gk tau dmn letak kerusakannya, tp yg jelas lantai keramiknya mati total, bgt|Laporan teknisi: Human error menyebabkan getaran berlebihan, dilakukan perbaikan dengan mengganti komponen yang rusak, biaya perbaikan sebesar Rp 3790000|Lantai Keramik|Gedung Parkir|Lantai 3|Zona Utara|Civil|Berat|Human error|Getaran berlebihan|3790000
Mohon perhatian, Lantai Keramik di Gedung Parkir lantai 3 zona Utara mengalami kerusakan yang cukup parah, yaitu getaran berlebihan yang menyebabkan lantai keramik mati total|Laporan teknisi: Human error menjadi penyebab utama kerusakan, perbaikan dilakukan dengan mengganti komponen yang rusak, dengan biaya perbaikan sebesar Rp 3790000|Lantai Keramik|Gedung Parkir|Lantai 3|Zona Utara|Civil|Berat|Human error|Getaran berlebihan|3790000
Tolong dong PABX di Gedung D lantai 3 zona Timur rusak bgt, gk tau dmn yg bermasalah, tp bising banget yg, harap segera diperbaiki|PABX mengalami getaran berlebihan akibat tegangan tidak stabil, perlu dilakukan pengecekan dan penggantian komponen|PABX|Gedung D|Lantai 3|Zona Timur|Sistem Telekomunikasi Gedung|Sedang|Tegangan tidak stabil|Getaran berlebihan|1630000
Mohon periksa PABX di Gedung D lantai 3 zona Timur, karena mengalami gangguan berupa getaran berlebihan|PABX mengalami kerusakan akibat tegangan tidak stabil, telah dilakukan perbaikan dan penggantian komponen, biaya perbaikan sebesar Rp 1630000|PABX|Gedung D|Lantai 3|Zona Timur|Sistem Telekomunikasi Gedung|Sedang|Tegangan tidak stabil|Getaran berlebihan|1630000
Tolong dong Atap Spandek di Gedung Servis lantai 1 zona Timur rusak bgt, gk tau knp netes air terus, tolong bantu yah|Perbaikan Atap Spandek dengan mengganti komponen yang rusak dan melakukan perawatan rutin karena Kurang perawatan, biaya perbaikan sebesar Rp 1760000|Atap Spandek|Gedung Servis|Lantai 1|Zona Timur|Civil|Sedang|Kurang perawatan|Tekanan tidak stabil|1760000
Mohon perhatian, Atap Spandek di Gedung Servis lantai 1 zona Timur mengalami kerusakan, gejala yang dialami adalah netes air, mohon dicek dan diperbaiki|Perbaikan Atap Spandek dilakukan dengan mengganti komponen yang rusak, memperbaiki tekanan yang tidak stabil, dan melakukan perawatan rutin, penyebab kerusakan adalah Kurang perawatan, biaya perbaikan sebesar Rp 1760000|Atap Spandek|Gedung Servis|Lantai 1|Zona Timur|Civil|Sedang|Kurang perawatan|Tekanan tidak stabil|1760000
Tolong dong AC Split di Gedung C lantai 1 zona Selatan rusak nih, bgt kotor dan berdebu, gk tau dmn letak masalahnya, yg penting dibenerin yg, gk mau panas lagi|Overload terjadi karena penggunaan yang berlebihan, perlu dilakukan pembersihan dan pengecekan komponen, biaya perbaikan sebesar Rp 350000|AC Split|Gedung C|Lantai 1|Zona Selatan|Mechanical|Ringan|Overload|Overheat|350000
Mohon bantuan untuk memperbaiki AC Split di Gedung C lantai 1 zona Selatan, karena terdengar bunyi pelan dan kurang dingin, saya harap dapat diselesaikan secepatnya|Overload terjadi karena penggunaan yang berlebihan, dilakukan pembersihan dan pengecekan komponen, biaya perbaikan sebesar Rp 350000|AC Split|Gedung C|Lantai 1|Zona Selatan|Mechanical|Ringan|Overload|Overheat|350000
Tolong dong Dinding Kaca Tempered di Gedung Utama lantai 12 zona Tengah rusak nih, bgt kotor dan kusam, gk tau penyebabnya, yg penting dibenerin aja, dmn bisa kontak teknisi?|Dinding Kaca Tempered mengalami kerusakan akibat Kelembaban tinggi, perlu dilakukan perbaikan dengan mengganti komponen yang rusak dan melakukan pengecekan ulang, biaya perbaikan sebesar Rp 320000|Dinding Kaca Tempered|Gedung Utama|Lantai 12|Zona Tengah|Civil|Ringan|Kelembaban tinggi|Korsleting|320000
Mohon bantuan untuk memperbaiki Dinding Kaca Tempered di Gedung Utama lantai 12 zona Tengah, keluhan adalah Dinding Kaca Tempered terlihat kusam dan kotor, mohon dicek dan diperbaiki secepatnya|Dinding Kaca Tempered mengalami kerusakan akibat Kelembaban tinggi, perlu dilakukan perbaikan dengan mengganti komponen yang rusak dan melakukan pengecekan ulang|Dinding Kaca Tempered|Gedung Utama|Lantai 12|Zona Tengah|Civil|Ringan|Kelembaban tinggi|Korsleting|320000
Tolong dong Ground Water Tank di Gedung A lantai 9 zona Barat rusak nih, bunyinya pelan bgt, gk tau dmn salahnya, tapi kusam banget, tolong bantu yg, bgt|Laporan teknis: Ground Water Tank mengalami kerusakan karena usia pakai, sehingga perlu dilakukan perbaikan dengan mengganti komponen yang rusak, biaya perbaikan sebesar Rp 430000|Ground Water Tank|Gedung A|Lantai 9|Zona Barat|Distribusi Air|Ringan|Usia pakai|Macet/tersumbat|430000
Mohon bantuan, Ground Water Tank di Gedung A lantai 9 zona Barat mengalami kerusakan, dengan gejala bunyi pelan dan kusam, mohon dilakukan pengecekan dan perbaikan, terima kasih|Laporan teknis: Ground Water Tank mengalami kerusakan karena faktor usia pakai, sehingga perlu dilakukan perbaikan dengan mengganti komponen yang rusak, dan biaya perbaikan yang diperlukan sebesar Rp 430000|Ground Water Tank|Gedung A|Lantai 9|Zona Barat|Distribusi Air|Ringan|Usia pakai|Macet/tersumbat|430000
Tolong dong Pemipaan Air Kotor di Gedung Servis lantai 1 zona Timur bocor deras bgt, gk tau dmn asalnya, yg penting cepat diperbaiki ya!|Perbaikan dilakukan dengan mengganti pipa yang rusak akibat Human error, biaya perbaikan sebesar Rp 26900000|Pemipaan Air Kotor|Gedung Servis|Lantai 1|Zona Timur|Plumbing|Fatal|Human error|Aliran lemah|26900000
Lapor, Pemipaan Air Kotor Gedung Servis lantai 1 zona Timur ambruk!|Perbaikan selesai dengan mengganti komponen yang rusak, penyebabnya adalah Human error|Pemipaan Air Kotor|Gedung Servis|Lantai 1|Zona Timur|Plumbing|Fatal|Human error|Aliran lemah|26900000
Mohon perhatian untuk Pemipaan Air Kotor di Gedung Servis, lantai 1, zona Timur yang mengalami kebocoran parah, perlu perbaikan segera!|Tindakan perbaikan telah dilakukan dengan memperbaiki pipa yang bocor, kemungkinan disebabkan oleh Human error, dengan biaya Rp 26900000|Pemipaan Air Kotor|Gedung Servis|Lantai 1|Zona Timur|Plumbing|Fatal|Human error|Aliran lemah|26900000
Tolong dong Dinding Tembok/Mansonry di Gedung A lantai 3 zona Timur rusak bgt yg gk berfungsi dmn harus diperbaiki segera|Dinding Tembok/Mansonry mengalami kerusakan akibat Tegangan tidak stabil, perlu dilakukan perbaikan untuk mengganti komponen yang rusak|Rusak|Gedung A|Lantai 3|Zona Timur|Civil|Sedang|Tegangan tidak stabil|Tampilan rusak|1490000
Lapor, Dinding Tembok/Mansonry di Gedung A lantai 3 zona Timur rusak|Dinding Tembok/Mansonry mengalami kerusakan yang disebabkan oleh Tegangan tidak stabil, perlu dilakukan perbaikan|Rusak|Gedung A|Lantai 3|Zona Timur|Civil|Sedang|Tegangan tidak stabil|Tampilan rusak|1490000
Dengan hormat saya laporkan bahwa Dinding Tembok/Mansonry di Gedung A lantai 3 zona Timur mengalami kerusakan, perlu segera diperbaiki|Dinding Tembok/Mansonry rusak akibat Tegangan tidak stabil, perlu dilakukan penggantian komponen yang rusak dan penyesuaian tegangan|Rusak|Gedung A|Lantai 3|Zona Timur|Civil|Sedang|Tegangan tidak stabil|Tampilan rusak|1490000
Latihan Balakar di Gedung D lantai 9 zona Selatan bgt rusak nih, gk tau dmn salahnya, tolong dong cepat dibenerin yg, biar gk mengganggu lagi|Ditemukan kerusakan pada Latihan Balakar di Gedung Gedung D lantai 9 zona Selatan, kemungkinan besar disebabkan oleh aus normal, perlu dilakukan perbaikan segera|Latihan Balakar|Gedung D|Lantai 9|Zona Selatan|Latihan Balakar|Fatal|Aus normal|Suhu tidak stabil|8550000
Mohon bantuan untuk perbaikan Latihan Balakar di Gedung D lantai 9 zona Selatan, karena terjadi kejadian fatal yang mengakibatkan kerusakan, perlu dilakukan penanganan segera|Dilakukan analisis dan perbaikan pada Latihan Balakar, disebabkan oleh aus normal, tindakan perbaikan meliputi pembersihan dan penggantian komponen yang rusak, biaya perbaikan sebesar Rp 8550000|Latihan Balakar|Gedung D|Lantai 9|Zona Selatan|Latihan Balakar|Fatal|Aus normal|Suhu tidak stabil|8550000
Tolong dong Dinding Tembok/Mansonry di Gedung D lantai 7 zona Barat rusak nih, yg bikin suhu di ruangan jadi gk stabil bgt, dmn yg bisa bantu?|Dinding Tembok/Mansonry mengalami kerusakan suhu tidak stabil akibat usia pakai, perlu dilakukan perbaikan untuk mengembalikan fungsi semula|Dinding Tembok/Mansonry|Gedung D|Lantai 7|Zona Barat|Civil|Ringan|Usia pakai|Suhu tidak stabil|170000
Lapor, Dinding Tembok/Mansonry Gedung D lt 7 zona Barat bermasalah|Dinding Tembok/Mansonry mengalami kerusakan suhu tidak stabil akibat usia pakai, perlu dilakukan perbaikan untuk mengembalikan fungsi semula|Dinding Tembok/Mansonry|Gedung D|Lantai 7|Zona Barat|Civil|Ringan|Usia pakai|Suhu tidak stabil|170000
Mohon bantuan untuk memperbaiki Dinding Tembok/Mansonry di Gedung D lantai 7 zona Barat, karena suhu di ruangan tidak stabil|Dinding Tembok/Mansonry mengalami kerusakan suhu tidak stabil akibat usia pakai, perlu dilakukan perbaikan untuk mengembalikan fungsi semula dengan biaya perbaikan sebesar Rp 170000|Dinding Tembok/Mansonry|Gedung D|Lantai 7|Zona Barat|Civil|Ringan|Usia pakai|Suhu tidak stabil|170000
Tolong dong Plafon Gypsum / GRC di Gedung Utama lantai 11 zona Tengah rusak bgt, netes air terus, gk tau dmn masalahnya, tolong bantu yg|Perbaikan dilakukan dengan memeriksa tegangan listrik, menemukan bahwa Tegangan tidak stabil menyebabkan Sensor error, dilakukan perbaikan dan penggantian komponen yang rusak|Plafon Gypsum / GRC|Gedung Utama|Lantai 11|Zona Tengah|Arsitektur|Sedang|Tegangan tidak stabil|Sensor error|1570000
Mohon bantuan, Plafon Gypsum / GRC di Gedung Utama lantai 11 zona Tengah mengalami kerusakan, menunjukkan gejala netes air dan berisik, mohon dilakukan perbaikan segera|Perbaikan dilakukan dengan memeriksa sistem dan mengganti komponen yang rusak, Tegangan tidak stabil menyebabkan Sensor error, perbaikan selesai dengan biaya Rp 1570000|Plafon Gypsum / GRC|Gedung Utama|Lantai 11|Zona Tengah|Arsitektur|Sedang|Tegangan tidak stabil|Sensor error|1570000
Lantai Karpet di Gedung Parkir lantai 5 zona Utara bgt rusak nih, gk tau dmn salahnya, tolong dong cepat dicek!|Lantai Karpet mengalami kerusakan total karena debu/kotoran, perlu dibersihkan dan diperbaiki|Lantai Karpet|Gedung Parkir|Lantai 5|Zona Utara|Civil|Fatal|Debu/kotoran|Tidak berfungsi total|41540000
Mohon perhatian, Lantai Karpet di Gedung Parkir lantai 5 zona Utara mengalami kerusakan yang cukup parah, sehingga tidak dapat berfungsi sama sekali, tolong dicek dan diperbaiki secepatnya|Lantai Karpet mengalami kerusakan total karena debu/kotoran, perlu dibersihkan dan diperbaiki dengan biaya perbaikan sebesar Rp 41540000|Lantai Karpet|Gedung Parkir|Lantai 5|Zona Utara|Civil|Fatal|Debu/kotoran|Tidak berfungsi total|41540000
Tolong dong Pagar Besi di Gedung Utama lantai 1 zona Tengah rusak bgt, yg bermasalah itu getaran berlebihan, gk tahu dmn letak kerusakannya, tolong dicek dan diperbaiki ya!|Teknisi melakukan pemeriksaan dan menemukan bahwa kelembaban tinggi menyebabkan getaran berlebihan, kemudian melakukan tindakan perbaikan dengan mengganti komponen yang rusak|Pagar Besi|Gedung Utama|Lantai 1|Zona Tengah|Arsitektur|Sedang|Kelembaban tinggi|Getaran berlebihan|1090000
Pagar Besi di Gedung Utama lantai 1 zona Tengah mengalami kerusakan, terdapat getaran berlebihan yang cukup mengganggu, mohon untuk segera diperiksa dan diperbaiki|Teknisi melakukan pemeriksaan dan menemukan bahwa kelembaban tinggi menyebabkan kerusakan, kemudian melakukan tindakan perbaikan|Pagar Besi|Gedung Utama|Lantai 1|Zona Tengah|Arsitektur|Sedang|Kelembaban tinggi|Getaran berlebihan|1090000
Tolong dong AC Cassette di Gedung Utama lantai 8 zona Tengah rusak nih, bunyi pelan bgt, gk tau dmn letak masalahnya|Laporan teknis: Perbaikan dilakukan dengan memperbaiki sensor yang error akibat faktor lingkungan, dilakukan pembersihan dan penggantian komponen yang rusak|AC Cassette|Gedung Utama|Lantai 8|Zona Tengah|Mechanical|Ringan|Faktor lingkungan|Sensor error|380000
Mohon bantuan untuk memperbaiki AC Cassette yang terletak di Gedung Utama lantai 8 zona Tengah, karena mengalami kerusakan yang menyebabkan bunyi pelan|Laporan teknis: Setelah dilakukan pemeriksaan, ditemukan bahwa kerusakan disebabkan oleh faktor lingkungan yang mempengaruhi sensor, sehingga perlu dilakukan perbaikan dan penggantian komponen yang rusak dengan biaya Rp 380000|AC Cassette|Gedung Utama|Lantai 8|Zona Tengah|Mechanical|Ringan|Faktor lingkungan|Sensor error|380000
Tolong dong Lampu TL LED di Gedung E lantai 1 zona Utara rusak bgt, gk nyala sama sekali, tolong bantu dmn cari teknisi|Lampu TL LED mengalami kerusakan akibat aus normal, dilakukan perbaikan dengan mengganti komponen yang rusak|Lampu TL LED|Gedung E|Lantai 1|Zona Utara|Electrical|Berat|Aus normal|Overheat|6690000
Mohon bantuan, Lampu TL LED di Gedung E lantai 1 zona Utara tidak nyala sama sekali, mohon dicek dan diperbaiki secepatnya|Lampu TL LED mengalami kerusakan akibat aus normal, dilakukan perbaikan dengan mengganti komponen yang rusak, biaya perbaikan sebesar Rp 6690000|Lampu TL LED|Gedung E|Lantai 1|Zona Utara|Electrical|Berat|Aus normal|Overheat|6690000
Tolong dong APAR CO2 di Gedung E lantai 3 zona Tengah rusak nih, gk tau dmn letak masalahnya, bgt rusak bgt, yg penting cepat diperbaiki|APAR CO2 mengalami koneksi terputus karena human error, dilakukan perbaikan dengan mengganti koneksi yang rusak|APAR CO2|Gedung E|Lantai 3|Zona Tengah|Sistem Pemadam Kebakaran|Ringan|Human error|Koneksi terputus|200000
Lapor, APAR CO2 Gedung E lantai 3 zona Tengah kotor|APAR CO2 mengalami kerusakan karena human error, dilakukan perbaikan dengan membersihkan dan mengganti komponen yang rusak|APAR CO2|Gedung E|Lantai 3|Zona Tengah|Sistem Pemadam Kebakaran|Ringan|Human error|Koneksi terputus|200000
Mohon bantuan untuk memperbaiki APAR CO2 di Gedung E lantai 3 zona Tengah, karena mengalami kerusakan yang menyebabkan koneksi terputus, saya mohon untuk dilakukan perbaikan secepatnya|APAR CO2 mengalami koneksi terputus karena human error, dilakukan perbaikan dengan mengganti koneksi yang rusak dan memastikan semua komponen dalam keadaan baik|APAR CO2|Gedung E|Lantai 3|Zona Tengah|Sistem Pemadam Kebakaran|Ringan|Human error|Koneksi terputus|200000
Tolong dong Roof Tank di Gedung E lantai 4 zona Barat rusak nih, gk tau penyebabnya, tp yg jelas airnya bgt sedikit, dmn perbaikannya?|Ditemukan kerusakan Korosi pada Roof Tank, perlu dilakukan perbaikan dengan mengganti komponen yang rusak|Roof Tank|Gedung E|Lantai 4|Zona Barat|Distribusi Air|Berat|Korosi|Aus/abrasi|5920000
Mohon perbaikan Roof Tank di Gedung E lantai 4 zona Barat, karena mengalami kerusakan yang cukup parah, yaitu mati total, sehingga air tidak mengalir dengan lancar|Perbaikan Roof Tank dilakukan dengan mengganti komponen yang rusak akibat Korosi, biaya perbaikan sebesar Rp 5920000|Roof Tank|Gedung E|Lantai 4|Zona Barat|Distribusi Air|Berat|Korosi|Aus/abrasi|5920000
Tolong dong Paving Block di Gedung Utama lantai 13 zona Selatan rusak bgt, gk tau dmn yg salah, tp yg jelas mogok total, bgt butuh bantuin|Paving Block mengalami kerusakan akibat kurang perawatan, sehingga menyebabkan sensor error, perlu dilakukan perbaikan|Paving Block|Gedung Utama|Lantai 13|Zona Selatan|Civil|Berat|Kurang perawatan|Sensor error|9290000
Paving Block di Gedung Utama lantai 13 zona Selatan mengalami kerusakan, sehingga tidak dapat berfungsi, kemungkinan disebabkan kurang perawatan, sehingga menyebabkan sensor error|Paving Block mengalami kerusakan akibat kurang perawatan, sehingga menyebabkan sensor error, perlu dilakukan perbaikan dengan biaya sebesar Rp 9290000|Paving Block|Gedung Utama|Lantai 13|Zona Selatan|Civil|Berat|Kurang perawatan|Sensor error|9290000
Tolong dong Router di Gedung Servis lantai 1 zona Barat rusak nih, bunyi pelan bgt, gk tau dmn letak rusaknya, tolong bantu ya|Router mengalami kerusakan berkarat/korosi karena getaran, dilakukan pembersihan dan penggantian komponen yang rusak|Router|Gedung Servis|Lantai 1|Zona Barat|Sistem Telekomunikasi Gedung|Ringan|Getaran|Berkarat/korosi|16640000
Mohon bantuan untuk memperbaiki Router di Gedung Servis lantai 1 zona Barat, karena mengalami kerusakan yang menyebabkan bunyi pelan, kami sangat menghargai bantuan Anda|Router mengalami kerusakan berkarat/korosi karena getaran, dilakukan pembersihan dan penggantian komponen yang rusak dengan biaya perbaikan sebesar Rp 16640000|Router|Gedung Servis|Lantai 1|Zona Barat|Sistem Telekomunikasi Gedung|Ringan|Getaran|Berkarat/korosi|16640000
Tolong dong Kusen Jendela Berbahan Kayu di Gedung D lantai 2 zona Timur rusak bgt, mati total, gk bisa dibuka sama sekali, yg benerin cepat yah, dmn benerinnya?|Laporan teknis: Kusen Jendela Berbahan Kayu mengalami kerusakan akibat Getaran, dilakukan perbaikan dengan mengganti komponen yang rusak dan memastikan stabilitas kusen|Kusen Jendela Berbahan Kayu|Gedung D|Lantai 2|Zona Timur|Arsitektur|Berat|Getaran|Bunyi abnormal|6880000
Mohon perhatian, Kusen Jendela Berbahan Kayu di Gedung D lantai 2 zona Timur mengalami kerusakan yang cukup parah, yaitu mati total dan tidak dapat dibuka, mohon segera ditangani oleh tim perbaikan|Laporan teknis: Kusen Jendela Berbahan Kayu mengalami kerusakan akibat Getaran, dilakukan perbaikan dengan mengganti komponen yang rusak dan memastikan stabilitas kusen, biaya perbaikan sebesar Rp 6880000|Kusen Jendela Berbahan Kayu|Gedung D|Lantai 2|Zona Timur|Arsitektur|Berat|Getaran|Bunyi abnormal|6880000
Tolong dong Exhaust Fan di Gedung E lantai 4 zona Tengah rusak bgt, gk nyala sama sekali, yg bikin panas banget di kantor!|Kelembaban tinggi menyebabkan kerusakan pada komponen elektronik, perlu dilakukan penggantian komponen dan pembersihan untuk mengurangi kelembaban|Exhaust Fan|Gedung E|Lantai 4|Zona Tengah|Ventilasi Sistem|Berat|Kelembaban tinggi|Remote tidak berfungsi|4400000
Mohon perhatian, Exhaust Fan di Gedung E lantai 4 zona Tengah mengalami kerusakan berat, tidak dapat beroperasi dengan baik, perlu dilakukan perbaikan segera|Kelembaban tinggi menyebabkan kerusakan pada komponen elektronik, perlu dilakukan penggantian komponen dan pembersihan untuk mengurangi kelembaban, biaya perbaikan diperkirakan sebesar Rp 4400000|Exhaust Fan|Gedung E|Lantai 4|Zona Tengah|Ventilasi Sistem|Berat|Kelembaban tinggi|Remote tidak berfungsi|4400000
Lampu TL LED di Gedung Servis lantai 3 zona Utara nyetrum bgt, gk tau dmn letak kesalahannya, tolong dong segera diperbaiki yg|Laporan teknisi: korosi pada koneksi menyebabkan koneksi terputus, perbaikan dilakukan dengan mengganti koneksi baru|Lampu TL LED|Gedung Servis|Lantai 3|Zona Utara|Electrical|Fatal|Korosi|Koneksi terputus|13940000
Mohon bantuan, lampu TL LED di Gedung Servis lantai 3 zona Utara mengalami kerusakan fatal karena terbakar, mohon segera diperiksa dan diperbaiki|Laporan teknisi: setelah pemeriksaan, ditemukan korosi pada koneksi, perbaikan dilakukan dengan mengganti koneksi baru dengan biaya Rp 13940000|Lampu TL LED|Gedung Servis|Lantai 3|Zona Utara|Electrical|Fatal|Korosi|Koneksi terputus|13940000
Gedung A lantai 9 zona Selatan Roof Tanknya mati total bgt, gk tau dmn salahnya, tolong bantu yaa|Ditemukan debu/kotoran yang menyebabkan tekanan tidak stabil, dilakukan pembersihan dan perbaikan untuk mengatasi masalah tersebut dengan biaya Rp 4760000|Roof Tank|Gedung A|Lantai 9|Zona Selatan|Distribusi Air|Berat|Debu/kotoran|Tekanan tidak stabil|4760000
Saya mohon bantuan untuk memperbaiki Roof Tank di Gedung A lantai 9 zona Selatan yang mengalami tekanan tidak stabil|Dilakukan analisis dan perbaikan untuk mengatasi masalah tekanan tidak stabil yang disebabkan oleh debu/kotoran, dengan biaya perbaikan sebesar Rp 4760000|Roof Tank|Gedung A|Lantai 9|Zona Selatan|Distribusi Air|Berat|Debu/kotoran|Tekanan tidak stabil|4760000
Tolong dong PABX di Gedung D lantai 3 zona Barat rusak bgt, gk bisa dipake, nyetrum pas dicolokin, tolong bantu yah|PABX di Gedung Gedung D lantai 3 zona Barat mengalami kerusakan fatal karena debu/kotoran yang menyebabkan koneksi terputus, dilakukan pembersihan dan perbaikan|PABX|Gedung D|Lantai 3|Zona Barat|Sistem Telekomunikasi Gedung|Fatal|Debu/kotoran|Koneksi terputus|14040000
Mohon bantuan, PABX di Gedung D lantai 3 zona Barat mengalami kerusakan yang sangat parah, tidak bisa digunakan karena koneksi terputus, mohon dilakukan perbaikan segera|PABX di Gedung Gedung D lantai 3 zona Barat mengalami kerusakan fatal karena debu/kotoran, dilakukan pembersihan dan perbaikan, biaya perbaikan sebesar Rp 14040000|PABX|Gedung D|Lantai 3|Zona Barat|Sistem Telekomunikasi Gedung|Fatal|Debu/kotoran|Koneksi terputus|14040000
Tolong dong Uninterruptible Power Supply di Gedung D lantai 3 zona Utara rusak nih, bgt kotor dan berdebu, yg bikin suhu tidak stabil, gk tahu penyebabnya, tolong dmn caranya buat perbaikin?|Uninterruptible Power Supply mengalami kerusakan karena usia pakai, sehingga suhu tidak stabil, perlu dilakukan pembersihan dan penggantian komponen untuk memperbaiki kerusakan|Uninterruptible Power Supply|Gedung D|Lantai 3|Zona Utara|Electrical|Ringan|Usia pakai|Suhu tidak stabil|170000
Lapor, Uninterruptible Power Supply di lantai 3 zona Utara Gedung D rusak|Uninterruptible Power Supply mengalami kerusakan karena usia pakai, sehingga suhu tidak stabil, perlu dilakukan pembersihan dan penggantian komponen untuk memperbaiki kerusakan|Uninterruptible Power Supply|Gedung D|Lantai 3|Zona Utara|Electrical|Ringan|Usia pakai|Suhu tidak stabil|170000
Uninterruptible Power Supply di Gedung D lantai 3 zona Utara mengalami kerusakan, yaitu suhu tidak stabil, mungkin karena usia pakai, tolong periksa dan perbaiki|Uninterruptible Power Supply mengalami kerusakan karena usia pakai, sehingga suhu tidak stabil, perlu dilakukan pembersihan dan penggantian komponen untuk memperbaiki kerusakan dengan biaya perbaikan sebesar Rp 170000|Uninterruptible Power Supply|Gedung D|Lantai 3|Zona Utara|Electrical|Ringan|Usia pakai|Suhu tidak stabil|170000
Tolong dong Lampu LED Strip di Gedung Servis lantai 1 zona Tengah rusak nih, bgt kedap-kedip terus, gk tau dmn letak masalahnya, yg jelas saya gk bisa pakai lagi bgt!|Lampu LED Strip mengalami kerusakan akibat debu/kotoran, perlu dibersihkan dan diperiksa|Lampu LED Strip|Gedung Servis|Lantai 1|Zona Tengah|Electrical|Sedang|Debu/kotoran|Aus/abrasi|2090000
Mohon perhatian, saya ingin melaporkan bahwa Lampu LED Strip di Gedung Servis lantai 1 zona Tengah mengalami gangguan, yaitu kedap-kedip dan kurang terang, mohon dicek dan diperbaiki secepatnya|Lampu LED Strip mengalami kerusakan akibat debu/kotoran, perlu dibersihkan dan diperiksa, biaya perbaikan sebesar Rp 2090000|Lampu LED Strip|Gedung Servis|Lantai 1|Zona Tengah|Electrical|Sedang|Debu/kotoran|Aus/abrasi|2090000
Tolong dong Control Panel Penerangan di Gedung D lantai 9 zona Timur rusak bgt, nyetrum, gk tau dmn letak kerusakannya, tolong bantu yg, cepat!|Korosi pada panel penerangan menyebabkan getaran berlebihan, perlu dilakukan penggantian komponen|Control Panel Penerangan|Gedung D|Lantai 9|Zona Timur|Electrical|Fatal|Korosi|Getaran berlebihan|32750000
Mohon bantuan, Control Panel Penerangan di Gedung D lantai 9 zona Timur mengalami kerusakan fatal, terbakar dan nyetrum, mohon segera ditangani|Kerusakan disebabkan oleh korosi, perlu dilakukan perbaikan dan penggantian komponen, biaya perbaikan sebesar Rp 32750000|Control Panel Penerangan|Gedung D|Lantai 9|Zona Timur|Electrical|Fatal|Korosi|Getaran berlebihan|32750000
Tolong dong Lemari/Loker di Gedung B lantai 2 zona Tengah rusak bgt, kayaknya meledak gitu, gk tau dmn salahnya, tp yg jelas rusak parah bgt!|Lemari/Loker mengalami kerusakan fatal akibat human error, perlu dilakukan penggantian komponen yang rusak dan pengecekan ulang untuk memastikan keamanan|Lemari/Loker|Gedung B|Lantai 2|Zona Tengah|Arsitektur|Fatal|Human error|Retak/pecah|27620000
Lapor, Lemari/Loker Gedung B lantai 2 zona Tengah meledak!|Lemari/Loker mengalami kerusakan fatal akibat human error, perlu dilakukan penggantian komponen yang rusak|Lemari/Loker|Gedung B|Lantai 2|Zona Tengah|Arsitektur|Fatal|Human error|Retak/pecah|27620000
Mohon perhatian, Lemari/Loker yang terletak di Gedung B lantai 2 zona Tengah mengalami kerusakan yang sangat parah, seperti terbakar, dan tidak dapat digunakan lagi, mohon segera dilakukan perbaikan|Lemari/Loker mengalami kerusakan fatal akibat human error, perlu dilakukan penggantian komponen yang rusak dan pengecekan ulang untuk memastikan keamanan, dengan biaya perbaikan sebesar Rp 27620000|Lemari/Loker|Gedung B|Lantai 2|Zona Tengah|Arsitektur|Fatal|Human error|Retak/pecah|27620000
Tolong dong PABX di Gedung A lantai 5 zona Utara rusak nih, gk tahu dmn letak kerusakannya, bgt tomboy, tapi bunyi pelan banget|Perbaikan dilakukan dengan memeriksa getaran yang menyebabkan suhu tidak stabil, kemudian melakukan penyesuaian untuk mengurangi getaran|PABX|Gedung A|Lantai 5|Zona Utara|Sistem Telekomunikasi Gedung|Ringan|Getaran|Suhu tidak stabil|320000
Mohon bantuan untuk memperbaiki PABX di Gedung A lantai 5 zona Utara, karena mengalami suhu tidak stabil dan bunyi pelan|Perbaikan dilakukan dengan memeriksa dan mengurangi getaran yang menyebabkan suhu tidak stabil, biaya perbaikan sebesar Rp 320000|PABX|Gedung A|Lantai 5|Zona Utara|Sistem Telekomunikasi Gedung|Ringan|Getaran|Suhu tidak stabil|320000
Tolong dong PABX di Gedung B lantai 3 zona Utara rusak bgt, gk tau dmn letak masalahnya, tapi yg jelas lampu PABX-nya mati, bantu saya ya!|Laporan teknisi: PABX mengalami gangguan akibat Tegangan tidak stabil, dilakukan perbaikan dan penggantian komponen yang rusak|PABX|Gedung B|Lantai 3|Zona Utara|Sistem Telekomunikasi Gedung|Sedang|Tegangan tidak stabil|Lampu mati|930000
Mohon bantuan untuk perbaikan PABX di Gedung B lantai 3 zona Utara, karena lampu PABX-nya mati dan mengganggu aktivitas|Laporan teknisi: PABX mengalami kerusakan akibat Tegangan tidak stabil, dilakukan perbaikan dan penggantian komponen yang rusak, dengan biaya perbaikan sebesar Rp 930000|PABX|Gedung B|Lantai 3|Zona Utara|Sistem Telekomunikasi Gedung|Sedang|Tegangan tidak stabil|Lampu mati|930000
Gue-butuh-bantuan-nya-nih Jet Shower di Gedung Servis lantai 2 zona Barat rusak bgt dmn gk bisa dipake lagi|Laporan teknisi menyebutkan bahwa kerusakan disebabkan oleh Tegangan tidak stabil dan telah dilakukan perbaikan dengan mengganti komponen yang rusak,Tegangan tidak stabil,Rp 1130000|Jet Shower|Gedung Servis|Lantai 2|Zona Barat|Plumbing|Sedang|Tegangan tidak stabil|Mati mendadak|1130000
Jet Shower di Gedung Servis lantai 2 zona Barat mengalami kerusakan sehingga tidak dapat digunakan|Laporan teknisi menyatakan bahwa kerusakan Jet Shower disebabkan oleh Tegangan tidak stabil dan telah dilakukan perbaikan dengan mengganti komponen yang rusak serta biaya perbaikan sebesar Rp 1130000|Jet Shower|Gedung Servis|Lantai 2|Zona Barat|Plumbing|Sedang|Tegangan tidak stabil|Mati mendadak|1130000
Tolong dong Kick Bar di Gedung D lantai 6 zona Barat rusak bgt, gk bisa dipake lagi, dmn tau apa yg salah?|Kick Bar mengalami kerusakan akibat kurang perawatan, dilakukan pembersihan dan penggantian komponen yang rusak|Kick Bar|Gedung D|Lantai 6|Zona Barat|Security Sistem|Berat|Kurang perawatan|Performa menurun|5640000
Mohon bantuan, Kick Bar di Gedung D lantai 6 zona Barat mengalami kerusakan, tidak dapat berfungsi dengan baik|Kick Bar mengalami kerusakan akibat kurang perawatan, dilakukan pemeriksaan dan perbaikan untuk mengembalikan fungsinya|Kick Bar|Gedung D|Lantai 6|Zona Barat|Security Sistem|Berat|Kurang perawatan|Performa menurun|5640000
Tolong dong Pesawat Telepon di Gedung A lantai 2 zona Timur rusak nih, mogok bgt, gk tau dmn letak kerusakannya, tolong bantu ya|Human error menyebabkan korsleting, perbaikan dilakukan dengan mengganti komponen yang rusak|Pesawat Telepon|Gedung A|Lantai 2|Zona Timur|Sistem Telekomunikasi Gedung|Berat|Human error|Korsleting|5990000
Pesawat Telepon di Gedung A lantai 2 zona Timur mengalami kerusakan berat, tidak nyala sama sekali, tolong periksa dan perbaiki|Kerusakan disebabkan oleh human error, perbaikan dilakukan dengan mengganti komponen yang rusak dan memperbaiki korsleting, biaya perbaikan sebesar Rp 5990000|Pesawat Telepon|Gedung A|Lantai 2|Zona Timur|Sistem Telekomunikasi Gedung|Berat|Human error|Korsleting|5990000
Tolong dong Kran Air di Gedung Utama lantai 14 zona Utara rusak nih, bgt berisik banget, gk tahu dmn letak kerusakannya, tolong bantu perbaiki ya|Perbaikan dilakukan dengan memeriksa dan mengganti komponen yang rusak, ternyata kerusakan disebabkan oleh faktor lingkungan, sehingga perlu dilakukan penyesuaian untuk mengurangi getaran berlebihan|Kran Air|Gedung Utama|Lantai 14|Zona Utara|Plumbing|Sedang|Faktor lingkungan|Getaran berlebihan|830000
Mohon perhatian, terdapat kerusakan pada Kran Air di Gedung Utama lantai 14 zona Utara, yang menyebabkan getaran berlebihan, tolong periksa dan perbaiki secepatnya|Perbaikan dilakukan dengan memeriksa dan mengganti komponen yang rusak, disebabkan oleh faktor lingkungan, sehingga perlu dilakukan penyesuaian untuk mengurangi getaran berlebihan|Kran Air|Gedung Utama|Lantai 14|Zona Utara|Plumbing|Sedang|Faktor lingkungan|Getaran berlebihan|830000
Lampu Neon Sign di Gedung A lantai 6 zona Utara nyetrum bgt, tolong dong cepat diperbaiki yg gk bisa nyala lagi dmn ada bunyi aneh terus!|Lampu Neon Sign mengalami kerusakan akibat Kelembaban tinggi, perlu dilakukan penggantian komponen dan pembersihan untuk menghilangkan bunyi abnormal|Lampu Neon Sign|Gedung A|Lantai 6|Zona Utara|Electrical|Fatal|Kelembaban tinggi|Bunyi abnormal|12070000
Mohon perbaikan atas Lampu Neon Sign yang terletak di Gedung A, lantai 6, zona Utara, karena mengeluarkan bunyi abnormal dan tidak dapat nyala, kemungkinan disebabkan Kelembaban tinggi|Lampu Neon Sign mengalami kerusakan akibat Kelembaban tinggi, dilakukan penggantian komponen dan pembersihan, biaya perbaikan sebesar Rp 12070000|Lampu Neon Sign|Gedung A|Lantai 6|Zona Utara|Electrical|Fatal|Kelembaban tinggi|Bunyi abnormal|12070000
Tolong dong PABX di Gedung D lantai 9 zona Selatan rusak nih, bgt berisik banget dan kedap-kedip terus, gk tau dmn letak masalahnya, tolong bantu perbaiki yg|Perbaikan PABX dilakukan dengan mengganti sensor yang error akibat getaran, kemudian dilakukan penyetelan ulang untuk menghilangkan kedap-kedip|PABX|Gedung D|Lantai 9|Zona Selatan|Sistem Telekomunikasi Gedung|Sedang|Getaran|Sensor error|870000
Lapor, PABX di Gedung D lantai 9 zona Selatan bermasalah|Perbaikan PABX dilakukan dengan memeriksa sumber getaran dan mengganti komponen yang rusak, biaya perbaikan sebesar Rp 870000|PABX|Gedung D|Lantai 9|Zona Selatan|Sistem Telekomunikasi Gedung|Sedang|Getaran|Sensor error|870000
Mohon perhatian, PABX yang terletak di Gedung D lantai 9 zona Selatan mengalami gangguan, menimbulkan suara berisik dan kedap-kedip, mohon untuk segera diperbaiki|Perbaikan PABX akan dilakukan dengan memastikan bahwa semua komponen bekerja dengan baik, termasuk penggantian sensor yang error akibat getaran, biaya perbaikan akan ditagihkan sebesar Rp 870000|PABX|Gedung D|Lantai 9|Zona Selatan|Sistem Telekomunikasi Gedung|Sedang|Getaran|Sensor error|870000
Tolong dong Control Panel Pompa Boster di Gedung D lantai 9 zona Tengah rusak nih, bgt berisik banget dan netes air, gk tahu dmn letak kerusakannya, tolong bantu yah|Ditemukan korosi pada Control Panel Pompa Boster, dilakukan perbaikan dengan mengganti komponen yang rusak dan membersihkan area korosi|Control Panel Pompa Boster|Gedung D|Lantai 9|Zona Tengah|Electrical|Sedang|Korosi|Berkarat/korosi|830000
Lapor, Control Panel Pompa Boster Gedung D lantai 9 zona Tengah rusak|Dilakukan inspeksi dan ditemukan gejala korosi pada Control Panel Pompa Boster, kemudian dilakukan perbaikan|Control Panel Pompa Boster|Gedung D|Lantai 9|Zona Tengah|Electrical|Sedang|Korosi|Berkarat/korosi|830000
Mohon bantuan untuk memperbaiki Control Panel Pompa Boster yang terletak di Gedung D lantai 9 zona Tengah, karena mengalami kerusakan berupa netes air dan berisik banget|Dilakukan analisis dan ditemukan bahwa kerusakan disebabkan oleh korosi, kemudian dilakukan perbaikan dengan mengganti komponen yang rusak dan membersihkan area korosi, dengan biaya perbaikan sebesar Rp 830000|Control Panel Pompa Boster|Gedung D|Lantai 9|Zona Tengah|Electrical|Sedang|Korosi|Berkarat/korosi|830000
Tolong dong DVR CCTV di Gedung Utama lantai 16 zona Timur rusak bgt, gk tahu dmn letak kerusakannya, tp yang jelas bau gosong banget!|DVR CCTV mengalami kerusakan akibat usia pakai, sehingga menyebabkan mati mendadak, perlu dilakukan perbaikan dan penggantian komponen yang rusak|DVR CCTV|Gedung Utama|Lantai 16|Zona Timur|Security Sistem|Fatal|Usia pakai|Mati mendadak|35210000
Mohon perhatian, DVR CCTV di Gedung Utama lantai 16 zona Timur mengalami kerusakan, terdapat bau gosong dan tidak berfungsi, mohon dilakukan perbaikan segera|DVR CCTV mengalami kerusakan akibat usia pakai, sehingga menyebabkan mati mendadak, perlu dilakukan perbaikan dan penggantian komponen yang rusak dengan biaya perbaikan sebesar|DVR CCTV|Gedung Utama|Lantai 16|Zona Timur|Security Sistem|Fatal|Usia pakai|Mati mendadak|35210000
Tolong dong Atap Baja Ringan di Gedung A lantai 14 zona Selatan bunyi abnormal bgt, gk tau dmn sumber suaranya, tolong bantu perbaiki ya|Perbaikan Atap Baja Ringan dilakukan dengan mengganti komponen yang aus, biaya perbaikan sebesar Rp 4780000|Atap Baja Ringan|Gedung A|Lantai 14|Zona Selatan|Civil|Ringan|Aus normal|Bunyi abnormal|4780000
Mohon periksa Atap Baja Ringan di Gedung A, lantai 14, zona Selatan, karena mengeluarkan bunyi abnormal|Perbaikan dilakukan dengan mengganti komponen yang aus normal, dan biaya perbaikan adalah Rp 4780000|Atap Baja Ringan|Gedung A|Lantai 14|Zona Selatan|Civil|Ringan|Aus normal|Bunyi abnormal|4780000
Tolong dong Panel Surya (Solar Panel) di Gedung Servis lantai 1 zona Tengah rusak bgt, gk tau dmn letak masalahnya, tp yg jelas panelnya mati total, bantu yaa!|Ditemukan debu/kotoran yang menyebabkan panel surya mengalami overheat, dilakukan pembersihan dan perawatan|Panel Surya (Solar Panel)|Gedung Servis|Lantai 1|Zona Tengah|Sistem Energi|Berat|Debu/kotoran|Overheat|6280000
Mohon bantuan untuk perbaikan Panel Surya (Solar Panel) di Gedung Servis lantai 1 zona Tengah, karena panel surya tersebut mengalami kerusakan berat dan tidak dapat beroperasi dengan normal.|Ditemukan debu/kotoran yang menyebabkan panel surya mengalami overheat, dilakukan pembersihan dan perawatan|Panel Surya (Solar Panel)|Gedung Servis|Lantai 1|Zona Tengah|Sistem Energi|Berat|Debu/kotoran|Overheat|6280000
Tolong dong SDP di Gedung C lantai 2 zona Selatan nyetrum bgt, gk tau dmn letak kerusakannya, tolong bantu yg ahli!|Faktor lingkungan menyebabkan tekanan tidak stabil, perlu dilakukan perbaikan sistem|SDP|Gedung C|Lantai 2|Zona Selatan|Electrical|Fatal|Faktor lingkungan|Tekanan tidak stabil|35570000
Mohon bantuan untuk perbaikan SDP di Gedung C, lantai 2, zona Selatan, karena terjadi kejadian darurat yang menyebabkan SDP terbakar|Faktor lingkungan dan kekurangan perawatan menyebabkan kerusakan, perlu dilakukan perbaikan dan penggantian komponen serta perawatan rutin, dengan biaya perbaikan sebesar|SDP|Gedung C|Lantai 2|Zona Selatan|Electrical|Fatal|Faktor lingkungan|Tekanan tidak stabil|35570000
Tolong dong Smoke Detector di Gedung Parkir lantai 1 zona Utara rusak bgt, dmn ada suara berisik banget yg gk Biasa, tolong bantu perbaiki ya|Perlu diperiksa kualitas material dan dilakukan perbaikan pada komponen yang rusak, biaya perbaikan diperkirakan sebesar Rp 900000|Smoke Detector|Gedung Parkir|Lantai 1|Zona Utara|Sistem Proteksi Kebakaran Aktif|Sedang|Kualitas material|Korsleting|900000
Mohon bantuan perbaikan Smoke Detector di Gedung Parkir lantai 1 zona Utara, karena sering berisik dan kurang nyala|Diperlukan perbaikan pada sistem dan penggantian komponen yang rusak, dengan memperhatikan kualitas material yang digunakan, biaya perbaikan sebesar Rp 900000|Smoke Detector|Gedung Parkir|Lantai 1|Zona Utara|Sistem Proteksi Kebakaran Aktif|Sedang|Kualitas material|Korsleting|900000
Tolong dong Meter PDAM di Gedung D lantai 11 zona Utara bgt rusak nih, bunyi abnormal terdengar keras bgt, gk tahu penyebabnya, tolong bantu perbaiki secepatnya yg|Perbaikan dilakukan dengan memeriksa getaran pada meter, kemudian dilakukan penggantian komponen yang rusak, biaya perbaikan sebesar Rp 44740000|Meter PDAM|Gedung D|Lantai 11|Zona Utara|Pencatatan Meter|Fatal|Getaran|Bunyi abnormal|44740000
Lapor, Meter PDAM Gedung D lantai 11 zona Utara meledak|Getaran menyebabkan kerusakan fatal, perlu perbaikan segera|Meter PDAM|Gedung D|Lantai 11|Zona Utara|Pencatatan Meter|Fatal|Getaran|Bunyi abnormal|44740000
Mohon perhatian, terdapat kerusakan pada Meter PDAM di Gedung D lantai 11 zona Utara, menimbulkan bunyi abnormal yang sangat mengganggu, mohon dilakukan perbaikan secepatnya|Perbaikan akan dilakukan dengan memperbaiki komponen yang rusak akibat getaran, biaya perbaikan akan diinformasikan setelah perbaikan selesai|Meter PDAM|Gedung D|Lantai 11|Zona Utara|Pencatatan Meter|Fatal|Getaran|Bunyi abnormal|44740000
Tolong dong Lampu LED Downlight di Gedung D lantai 4 zona Timur rusak nih, gk tahu knp tiba2 mati, yg penting dibenerin dmn|Lampu LED Downlight mengalami kerusakan karena Faktor lingkungan, perlu dilakukan pembersihan dan pengecekan ulang, biaya perbaikan sebesar Rp 50000|Lampu LED Downlight|Gedung D|Lantai 4|Zona Timur|Electrical|Ringan|Faktor lingkungan|Mati mendadak|50000
Mohon bantuan untuk memperbaiki Lampu LED Downlight di Gedung D lantai 4 zona Timur, karena lampu tersebut sudah tidak menyala, diperlukan pengecekan dan perbaikan segera|Lampu LED Downlight mengalami kerusakan karena Faktor lingkungan, perlu dilakukan pembersihan dan pengecekan ulang, biaya perbaikan sebesar Rp 50000|Lampu LED Downlight|Gedung D|Lantai 4|Zona Timur|Electrical|Ringan|Faktor lingkungan|Mati mendadak|50000
Tolong dong Jockey Pump di Gedung E lantai 5 zona Timur rusak nih, gk tau knp mati total bgt, tolong bantu yg|Faktor lingkungan menyebabkan kerusakan, perlu perbaikan segera dengan mengganti komponen yang rusak|Jockey Pump|Gedung E|Lantai 5|Zona Timur|Sistem Pemadam Kebakaran|Berat|Faktor lingkungan|Retak/pecah|6440000
Mohon bantuan, Jockey Pump di Gedung E lantai 5 zona Timur mengalami kerusakan berat, tidak nyala sama sekali|Kerusakan disebabkan Faktor lingkungan, perlu dilakukan perbaikan dengan mengganti komponen yang rusak, biaya perbaikan Rp 6440000|Jockey Pump|Gedung E|Lantai 5|Zona Timur|Sistem Pemadam Kebakaran|Berat|Faktor lingkungan|Retak/pecah|6440000
Tolong dong APAR Wet Chemical di Gedung B lantai 2 zona Tengah rusak nih, bgt parah gk bisa dipake, dmn saya harus lapor?|Perbaikan dilakukan dengan mengganti komponen yang rusak akibat human error, dengan biaya perbaikan sebesar Rp 14030000|APAR Wet Chemical|Gedung B|Lantai 2|Zona Tengah|Sistem Pemadam Kebakaran|Fatal|Human error|Berkarat/korosi|14030000
Mohon periksa APAR Wet Chemical di Gedung B lantai 2 zona Tengah, karena terjadi kebocoran yang parah dan tidak dapat digunakan, kemungkinan akibat human error|Perbaikan telah dilakukan dengan mengganti komponen yang rusak, biaya perbaikan Rp 14030000|APAR Wet Chemical|Gedung B|Lantai 2|Zona Tengah|Sistem Pemadam Kebakaran|Fatal|Human error|Berkarat/korosi|14030000
Gedung D lantai 5 zona Selatan router nya bgt rusak ya, gk tau dmn letak kerusakannya, tp yg jelas router itu nyetrum bgt, tolong dong dibetulin yg cepet|Router Generic di Gedung D lantai 5 zona Selatan mengalami kerusakan karena Tegangan tidak stabil, dilakukan perbaikan dengan mengganti komponen yang rusak dan memastikan sistem tegangan stabil, biaya perbaikan sebesar Rp 11390000|Router|Gedung D|Lantai 5|Zona Selatan|Sistem Telekomunikasi Gedung|Fatal|Tegangan tidak stabil|Lampu mati|11390000
Mohon bantuan untuk memperbaiki router di Gedung D lantai 5 zona Selatan, karena router tersebut terbakar dan tidak dapat digunakan, tolong segera dibetulin|Router Generic di Gedung D lantai 5 zona Selatan mengalami kerusakan parah karena Tegangan tidak stabil, perlu dilakukan perbaikan dengan mengganti komponen yang rusak dan memastikan sistem tegangan stabil, biaya perbaikan sebesar Rp 11390000|Router|Gedung D|Lantai 5|Zona Selatan|Sistem Telekomunikasi Gedung|Fatal|Tegangan tidak stabil|Lampu mati|11390000
Gdg Gedung C lantai 2 zona Barat, Smoke Detector-nya mati total bgt, gk tau dmn salahnya, tolong dong!|Smoke Detector di Gedung Gedung C lantai 2 zona Barat mengalami kerusakan akibat kelembaban tinggi, sehingga mengakibatkan korsleting, perbaikan dilakukan dengan mengganti komponen yang rusak|Smoke Detector|Gedung C|Lantai 2|Zona Barat|Sistem Proteksi Kebakaran Aktif|Berat|Kelembaban tinggi|Korsleting|8730000
Mohon perhatian, Smoke Detector di Gedung C lantai 2 zona Barat tidak berfungsi dengan baik, kemungkinan disebabkan oleh kelembaban tinggi, mohon dilakukan perbaikan secepatnya|Smoke Detector di Gedung Gedung C lantai 2 zona Barat mengalami kerusakan akibat kelembaban tinggi, sehingga mengakibatkan korsleting, perbaikan dilakukan dengan mengganti komponen yang rusak, biaya perbaikan sebesar Rp 8730000|Smoke Detector|Gedung C|Lantai 2|Zona Barat|Sistem Proteksi Kebakaran Aktif|Berat|Kelembaban tinggi|Korsleting|8730000
Tolong dong Atap Genteng di Gedung A lantai 8 zona Selatan bocor deras bgt, gk tau dmn asalnya, tolong bantu yg, bgt|Kerusakan disebabkan kurang perawatan, perlu dilakukan perbaikan segera dengan mengganti komponen yang rusak|Atap Genteng|Gedung A|Lantai 8|Zona Selatan|Civil|Fatal|Kurang perawatan|Kebocoran|37110000
Atap Genteng di Gedung A, lantai 8, zona Selatan mengalami kebocoran yang cukup parah, tolong periksa segera|Kerusakan disebabkan kurang perawatan, perlu dilakukan perbaikan segera dengan mengganti komponen yang rusak, biaya perbaikan sebesar Rp 37110000|Atap Genteng|Gedung A|Lantai 8|Zona Selatan|Civil|Fatal|Kurang perawatan|Kebocoran|37110000
Dinding Partisi, GRC / Gypsum di Gedung Parkir lantai 3 zona Tengah bocor deras bgt, tolong dong cepat perbaiki ya!|Perbaikan dilakukan dengan pengecekan dan perbaikan sistem kebocoran, kurang perawatan|Dinding Partisi, GRC / Gypsum|Gedung Parkir|Lantai 3|Zona Tengah|Civil|Fatal|Kurang perawatan|Kebocoran|21030000
Mohon perbaikan Dinding Partisi, GRC / Gypsum di Gedung Parkir lantai 3 zona Tengah karena mengalami kebocoran parah|Pemeriksaan dan perbaikan sistem kebocoran, kurang perawatan dilakukan untuk mengatasi masalah kebocoran|Dinding Partisi, GRC / Gypsum|Gedung Parkir|Lantai 3|Zona Tengah|Civil|Fatal|Kurang perawatan|Kebocoran|21030000
Tolong dong Ground Water Tank di Gedung Servis lantai 1 zona Utara rusak nih, gk bisa dipake bgt, kotor dan berdebu juga, dmnn ya?|Kerusakan disebabkan oleh human error, perbaikan dilakukan dengan membersihkan dan mengganti komponen yang rusak|Ground Water Tank|Gedung Servis|Lantai 1|Zona Utara|Distribusi Air|Ringan|Human error|Tekanan tidak stabil|350000
Ground Water Tank di Gedung Gedong Servis, lantai 1, zona Utara mengalami kerusakan, kondisinya kotor dan berdebu, sehingga tidak dapat berfungsi dengan baik|Kerusakan disebabkan oleh human error, telah dilakukan perbaikan dengan membersihkan dan mengganti komponen yang rusak, dengan biaya perbaikan yang diperlukan|Ground Water Tank|Gedung Servis|Lantai 1|Zona Utara|Distribusi Air|Ringan|Human error|Tekanan tidak stabil|350000
Tolong dong Control Panel Pompa Transfer di Gedung B lantai 3 zona Timur rusak nih, bgt berisik banget dan gk bisa dipake lagi yg dmn rusaknya?|Kualitas material yang digunakan kurang baik, sehingga menyebabkan kerusakan berkarat/korosi, perlu dilakukan perbaikan dengan mengganti komponen yang rusak|Control Panel Pompa Transfer|Gedung B|Lantai 3|Zona Timur|Electrical|Sedang|Kualitas material|Berkarat/korosi|1700000
Mohon periksa Control Panel Pompa Transfer di Gedung B lantai 3 zona Timur, karena terdengar berisik dan kurang berfungsi dengan baik|Kualitas material yang digunakan tidak sesuai standar, menyebabkan kerusakan, perlu dilakukan perbaikan dan penggantian komponen yang rusak dengan biaya perbaikan sebesar Rp 1700000|Control Panel Pompa Transfer|Gedung B|Lantai 3|Zona Timur|Electrical|Sedang|Kualitas material|Berkarat/korosi|1700000
Lantai Granit di Gedung C lantai 7 zona Timur rusak nih, bgt kotor dan kusam, yg bikin gk nyaman dmn kerja!|Tegangan tidak stabil menyebabkan overheat, perbaikan dilakukan dengan pengecekan dan penggantian komponen, biaya perbaikan sebesar Rp 50000|Lantai Granit|Gedung C|Lantai 7|Zona Timur|Civil|Ringan|Tegangan tidak stabil|Overheat|50000
Mohon periksa Lantai Granit di Gedung C lantai 7 zona Timur, terdapat kerusakan, mungkin disebabkan Tegangan tidak stabil, perlu perbaikan|Tegangan tidak stabil menyebabkan overheat, perlu pengecekan dan perbaikan, biaya perbaikan sebesar Rp 50000|Lantai Granit|Gedung C|Lantai 7|Zona Timur|Civil|Ringan|Tegangan tidak stabil|Overheat|50000
Tolong dong APAR Dry Powder Cartridge di Gedung B lantai 10 zona Timur rusak nih, gk bisa dipake bgt, yg bikin kuatir dmn ada kebakaran|APAR Dry Powder Cartridge mengalami kerusakan retak/pecah karena kurang perawatan, perlu dilakukan tindakan perbaikan|APAR Dry Powder Cartridge|Gedung B|Lantai 10|Zona Timur|Sistem Pemadam Kebakaran|Ringan|Kurang perawatan|Retak/pecah|470000
Mohon bantuan untuk perbaikan APAR Dry Powder Cartridge di Gedung B lantai 10 zona Timur, karena dalam keadaan rusak dan tidak dapat digunakan, mungkin karena kurang perawatan|APAR Dry Powder Cartridge mengalami kerusakan retak/pecah karena kurang perawatan, perlu dilakukan tindakan perbaikan|APAR Dry Powder Cartridge|Gedung B|Lantai 10|Zona Timur|Sistem Pemadam Kebakaran|Ringan|Kurang perawatan|Retak/pecah|470000
Tolong dong Lemari/Loker di Gedung Parkir lantai 2 zona Barat rusak nih, bgt berisik banget dan netes air, gk tau knp, yg penting dibenerin dmn|Lemari/Loker mengalami kerusakan akibat Kelembaban tinggi, perlu dilakukan perbaikan pada sistem pendingin dan penggantian sensor error|Lemari/Loker|Gedung Parkir|Lantai 2|Zona Barat|Arsitektur|Sedang|Kelembaban tinggi|Sensor error|1620000
Mohon perhatian, Lemari/Loker yang terletak di Gedung Parkir lantai 2 zona Barat mengalami gangguan, yaitu berisik dan netes air, mohon segera dilakukan perbaikan|Lemari/Loker mengalami kerusakan akibat Kelembaban tinggi, perlu dilakukan perbaikan pada sistem pendingin dan penggantian sensor error dengan biaya perbaikan sebesar 1620000|Lemari/Loker|Gedung Parkir|Lantai 2|Zona Barat|Arsitektur|Sedang|Kelembaban tinggi|Sensor error|1620000
Tolong dong Dinding Tembok/Masyonry di Gedung B lantai 10 zona Utara bgt rusak nih, kayaknya meledak gk tau dmn asalnya, yg penting cepat dibenerin|Dinding Tembok/Mansonry mengalami kerusakan parah akibat usia pakai, perlu dilakukan perbaikan segera dengan mengganti komponen yang rusak|Dinding Tembok/Mansonry|Gedung B|Lantai 10|Zona Utara|Civil|Fatal|Usia pakai|Getaran berlebihan|34430000
Mohon bantuan untuk perbaikan Dinding Tembok/Mansonry di Gedung B lantai 10 zona Utara, karena terjadi kerusakan yang cukup parah dan berpotensi membahayakan, seperti ambruk|Dinding Tembok/Mansonry mengalami kerusakan parah akibat usia pakai, perlu dilakukan perbaikan segera dengan mengganti komponen yang rusak, biaya perbaikan diperkirakan sebesar Rp 34430000|Dinding Tembok/Mansonry|Gedung B|Lantai 10|Zona Utara|Civil|Fatal|Usia pakai|Getaran berlebihan|34430000
Tolong dong Pintu Kayu/HPL di Gedung Servis lantai 2 zona Barat rusak bgt, gk tau dmn salahnya, tp kedap-kedip terus, bgt berisik banget, yg bsa bantu?|Perbaikan dilakukan dengan pengecekan Getaran dan penggantian komponen yang rusak, biaya perbaikan sebesar Rp 1290000|Pintu Kayu/HPL|Gedung Servis|Lantai 2|Zona Barat|Arsitektur|Sedang|Getaran|Overheat|1290000
Mohon bantu perbaiki Pintu Kayu/HPL di Gedung Servis lantai 2 zona Barat, terjadi kedap-kedip dan berisik, mohon segera ditangani|Perbaikan dilakukan dengan pengecekan Getaran dan penggantian komponen yang rusak, biaya perbaikan sebesar Rp 1290000|Pintu Kayu/HPL|Gedung Servis|Lantai 2|Zona Barat|Arsitektur|Sedang|Getaran|Overheat|1290000
Tolong dong Smoke Detector di Gedung A lantai 14 zona Barat rusak nih, gk tau penyebabnya, tp yg jelas bunyi pelan bgt, dmn bisa dilaporkan?|Smoke Detector mengalami korsleting akibat human error, dilakukan perbaikan dengan mengganti komponen yang rusak|Smoke Detector|Gedung A|Lantai 14|Zona Barat|Sistem Proteksi Kebakaran Aktif|Ringan|Human error|Korsleting|330000
Lapor, Smoke Detector Gedung A lt 14 zona Barat bermasalah|Smoke Detector di Gedung A lantai 14 zona Barat mengalami kerusakan akibat human error, perlu dilakukan perbaikan segera|Smoke Detector|Gedung A|Lantai 14|Zona Barat|Sistem Proteksi Kebakaran Aktif|Ringan|Human error|Korsleting|330000
Smoke Detector di Gedung A lantai 14 zona Barat mengalami kerusakan, kami mohon bantuan untuk memperbaiki, terima kasih|Smoke Detector mengalami korsleting akibat human error, dilakukan perbaikan dengan mengganti komponen yang rusak, biaya perbaikan sebesar Rp 330000|Smoke Detector|Gedung A|Lantai 14|Zona Barat|Sistem Proteksi Kebakaran Aktif|Ringan|Human error|Korsleting|330000
Tolong dong Kamera CCTV di Gedung E lantai 3 zona Tengah rusak bgt, gk tau dmn salahnya, tp yg jelas berisik banget pas dipake|Kamera CCTV mengalami getaran berlebihan akibat usia pakai, perlu dilakukan pemeriksaan dan perbaikan|Kamera CCTV|Gedung E|Lantai 3|Zona Tengah|Security Sistem|Sedang|Usia pakai|Getaran berlebihan|1100000
Lapor, Kamera CCTV di Gedung E lantai 3 zona Tengah error terus|Kamera CCTV mengalami kerusakan akibat usia pakai, perlu dilakukan perbaikan dan penggantian komponen|Kamera CCTV|Gedung E|Lantai 3|Zona Tengah|Security Sistem|Sedang|Usia pakai|Getaran berlebihan|1100000
Kamera CCTV di Gedung E lantai 3 zona Tengah mengalami gangguan, terdengar berisik dan getaran berlebihan, mohon segera ditangani|Kamera CCTV mengalami kerusakan akibat usia pakai, perlu dilakukan pemeriksaan, perbaikan, dan penggantian komponen yang rusak, biaya perbaikan sebesar Rp 1100000|Kamera CCTV|Gedung E|Lantai 3|Zona Tengah|Security Sistem|Sedang|Usia pakai|Getaran berlebihan|1100000
Tolong dong AC Split di Gedung E lantai 3 zona Utara rusak nih, bgt kotor dan berdebu, gk tau dmn letak masalahnya, yg pasti bunyi pelan bgt|Tegangan tidak stabil menyebabkan overheat, dilakukan perbaikan dan penggantian komponen yang rusak dengan biaya Rp 120000|AC Split|Gedung E|Lantai 3|Zona Utara|Mechanical|Ringan|Tegangan tidak stabil|Overheat|120000
Lapor, AC Split di Gedung E lantai 3 zona Utara kotor|Ditemukan tegangan tidak stabil, dilakukan penyesuaian dan pembersihan, biaya perbaikan Rp 120000|AC Split|Gedung E|Lantai 3|Zona Utara|Mechanical|Ringan|Tegangan tidak stabil|Overheat|120000
Mohon bantuan untuk perbaikan AC Split di Gedung E lantai 3 zona Utara, karena AC tersebut mengalami overheat dan bunyi pelan, mungkin disebabkan oleh tegangan tidak stabil|Setelah dilakukan inspeksi, ditemukan bahwa penyebab kerusakan adalah tegangan tidak stabil, dilakukan perbaikan dan penggantian komponen yang rusak, biaya perbaikan sebesar Rp 120000|AC Split|Gedung E|Lantai 3|Zona Utara|Mechanical|Ringan|Tegangan tidak stabil|Overheat|120000
Tolong dong Pintu Kayu/HPL di Gedung C lantai 5 zona Barat rusak bgt, gk tau kenapa tiba2 mati, tolong cepat bgt, yg bisa bantu?|Perbaikan dilakukan dengan memeriksa sistem dan mengganti komponen yang rusak karena Overload, biaya perbaikan sebesar Rp 810000|Pintu Kayu/HPL|Gedung C|Lantai 5|Zona Barat|Arsitektur|Fatal|Overload|Lampu mati|810000
Mohon perhatian, Pintu Kayu/HPL di Gedung C lantai 5 zona Barat mengalami kerusakan yang cukup parah, sehingga lampu di dalamnya mati, mohon untuk segera diperbaiki|Perbaikan telah dilakukan dengan memeriksa dan mengganti komponen yang rusak karena Overload, dengan biaya perbaikan yang telah ditentukan|Pintu Kayu/HPL|Gedung C|Lantai 5|Zona Barat|Arsitektur|Fatal|Overload|Lampu mati|810000
Tolong dong LAN (Local Area Network) di Gedung B lantai 7 zona Barat rusak bgt, gk tau dmn letak masalahnya, tp yg jelas tekanan tidak stabil bgt, tolong cepat bantu|Laporan teknisi: Kerusakan tekanan tidak stabil disebabkan oleh kurang perawatan, perlu dilakukan pembersihan dan penggantian komponen yang rusak|LAN (Local Area Network)|Gedung B|Lantai 7|Zona Barat|Sistem Telekomunikasi Gedung|Fatal|Kurang perawatan|Tekanan tidak stabil|15410000
Lapor. LAN (Local Area Network) lt 7 Barat mati, tekanan tidak stabil|Laporan teknisi: Sistem LAN (Local Area Network) mengalami kerusakan tekanan tidak stabil akibat kurang perawatan, dilakukan perbaikan dengan mengganti komponen yang rusak|LAN (Local Area Network)|Gedung B|Lantai 7|Zona Barat|Sistem Telekomunikasi Gedung|Fatal|Kurang perawatan|Tekanan tidak stabil|15410000
Mohon bantuan untuk memperbaiki LAN (Local Area Network) di Gedung B lantai 7 zona Barat, karena terjadi kerusakan tekanan tidak stabil yang menyebabkan sistem tidak berfungsi dengan baik, tolong dijelaskan penyebab dan solusinya|Laporan teknisi: Kerusakan tekanan tidak stabil pada LAN (Local Area Network) disebabkan oleh kurang perawatan, perlu dilakukan perawatan rutin dan penggantian komponen yang rusak untuk memastikan sistem berfungsi dengan baik, biaya perbaikan sebesar Rp 15410000|LAN (Local Area Network)|Gedung B|Lantai 7|Zona Barat|Sistem Telekomunikasi Gedung|Fatal|Kurang perawatan|Tekanan tidak stabil|15410000
Tolong dong PABX di Gedung E lantai 5 zona Tengah bgt rusak nih, sepertinya nyetrum gk bisa dipake lagi|Perbaikan PABX dilakukan dengan memperbaiki kerusakan akibat getaran yang menyebabkan korsleting, biaya perbaikan sebesar Rp 37260000|PABX|Gedung E|Lantai 5|Zona Tengah|Sistem Telekomunikasi Gedung|Fatal|Getaran|Korsleting|37260000
Mohon bantuan, PABX di Gedung E lantai 5 zona Tengah mengalami kerusakan yang sangat parah, sepertinya terbakar dan tidak bisa digunakan lagi|Perbaikan PABX dilakukan dengan memperbaiki kerusakan akibat getaran yang menyebabkan korsleting, dilakukan penggantian komponen yang rusak dan pengecekan menyeluruh, biaya perbaikan sebesar Rp 37260000|PABX|Gedung E|Lantai 5|Zona Tengah|Sistem Telekomunikasi Gedung|Fatal|Getaran|Korsleting|37260000
Gedung Utama lantai 13 zona Timur Roof Tanknya bocor deras bgt, gk tau dmn asalnya, tolong dong cepat|Kelembaban tinggi menyebabkan koneksi terputus, perbaikan memerlukan penggantian komponen|Roof Tank|Gedung Utama|Lantai 13|Zona Timur|Distribusi Air|Fatal|Kelembaban tinggi|Koneksi terputus|34540000
Lapor, Roof Tank Gedung Utama lt 13 Timur meledak|Perbaikan dilakukan dengan mengganti komponen yang rusak akibat kelembaban tinggi|Roof Tank|Gedung Utama|Lantai 13|Zona Timur|Distribusi Air|Fatal|Kelembaban tinggi|Koneksi terputus|34540000
Roof Tank di Gedung Utama lantai 13 zona Timur mengalami kerusakan fatal karena kebocoran, mohon segera ditangani|Tindakan perbaikan meliputi pembersihan dan penggantian komponen yang rusak akibat kelembaban tinggi, dengan biaya perbaikan sebesar Rp 34540000|Roof Tank|Gedung Utama|Lantai 13|Zona Timur|Distribusi Air|Fatal|Kelembaban tinggi|Koneksi terputus|34540000
Halo, Plafon di Gedung Utama lantai 7 zona Timur rusak bgt, yg bikin berisik banget dan kusam, gk nyaman bgt, tolong dong segera diperbaiki|Perlu dilakukan pembersihan dan penggantian komponen yang sudah aus akibat usia pakai, sehingga mengurangi getaran berlebihan|Plafon|Gedung Utama|Lantai 7|Zona Timur|Arsitektur|Ringan|Usia pakai|Getaran berlebihan|280000
Mohon bantuan untuk memperbaiki Plafon yang terletak di Gedung Utama lantai 7 zona Timur, karena saat ini mengalami getaran berlebihan dan kusam, sehingga mengganggu kenyamanan|Perlu dilakukan perbaikan dengan mengganti komponen yang sudah aus dan membersihkan bagian yang kotor, akibat usia pakai, biaya perbaikan sebesar Rp 280000|Plafon|Gedung Utama|Lantai 7|Zona Timur|Arsitektur|Ringan|Usia pakai|Getaran berlebihan|280000
Tolong dong APAR Dry Powder Stored Pressure di Gedung D lantai 3 zona Timur rusak bgt, gk tahu penyebabnya, tapi yang jelas tampilan rusak parah, nyetrum, bau gosong, tolong cepat|APAR Dry Powder Stored Pressure mengalami kerusakan pada tampilan karena tegangan tidak stabil, perlu dilakukan perbaikan pada sistem elektrikal dan penggantian komponen yang rusak|Rusak parah|Gedung D|Lantai 3|Zona Timur|Sistem Pemadam Kebakaran|Fatal|Tegangan tidak stabil|Tampilan rusak|30720000
Mohon perhatian, APAR Dry Powder Stored Pressure di Gedung D lantai 3 zona Timur mengalami kerusakan pada tampilan, sehingga tidak dapat berfungsi dengan baik, kemungkinan disebabkan oleh tegangan tidak stabil, mohon dilakukan perbaikan secepatnya|APAR Dry Powder Stored Pressure mengalami kerusakan pada tampilan karena tegangan tidak stabil, perlu dilakukan perbaikan pada sistem elektrikal dan penggantian komponen yang rusak|Rusak|Gedung D|Lantai 3|Zona Timur|Sistem Pemadam Kebakaran|Fatal|Tegangan tidak stabil|Tampilan rusak|30720000
Tolong dong AC Split di Gedung B lantai 6 zona Selatan rusak nih, gk tau dmn yg bermasalah, bgt, tolong cepat ya!|AC Split mengalami kerusakan total karena debu/kotoran, dilakukan pembersihan dan perawatan, biaya perbaikan Rp 50000|AC Split|Gedung B|Lantai 6|Zona Selatan|Mechanical|Berat|Debu/kotoran|Tidak berfungsi total|50000
Mohon bantuan, AC Split di Gedung B lantai 6 zona Selatan tidak berfungsi dengan baik, mohon dicek dan diperbaiki secepatnya|AC Split mengalami kerusakan total karena debu/kotoran, dilakukan pembersihan dan perawatan, biaya perbaikan Rp 50000|AC Split|Gedung B|Lantai 6|Zona Selatan|Mechanical|Berat|Debu/kotoran|Tidak berfungsi total|50000
Tolong dong Exhaust Fan di Gedung A lantai 15 zona Tengah rusak nih, bgt, gk bisa nyala lagi, tolong bantu yg, dmn cari teknisi|Exhaust Fan mengalami kerusakan akibat Aus normal, perlu dilakukan perbaikan dengan mengganti komponen yang rusak|Exhaust Fan|Gedung A|Lantai 15|Zona Tengah|Ventilasi Sistem|Fatal|Aus normal|Mati mendadak|23670000
Mohon bantuan untuk memperbaiki Exhaust Fan di Gedung A lantai 15 zona Tengah, karena sudah tidak berfungsi lagi, terima kasih|Exhaust Fan mengalami kerusakan akibat Aus normal, perlu dilakukan perbaikan dengan mengganti komponen yang rusak|Exhaust Fan|Gedung A|Lantai 15|Zona Tengah|Ventilasi Sistem|Fatal|Aus normal|Mati mendadak|23670000
Tolong dong Plafon Gypsum / GRC di Gedung Utama lantai 17 zona Tengah rusak nih, bgt berisik banget dan netes air, gk tau dmn asalnya, yg penting dibenerin yg, bgt!|Ditemukan debu/kotoran yang menyebabkan sensor error, dilakukan pembersihan dan perbaikan|Plafon Gypsum / GRC|Gedung Utama|Lantai 17|Zona Tengah|Arsitektur|Sedang|Debu/kotoran|Sensor error|1570000
Mohon perbaikan Plafon Gypsum / GRC di Gedung Utama lantai 17 zona Tengah, karena terdapat gangguan berisik dan netes air|Dilakukan inspeksi dan ditemukan debu/kotoran yang menyebabkan kerusakan, dilakukan pembersihan dan perbaikan untuk mengatasi sensor error|Plafon Gypsum / GRC|Gedung Utama|Lantai 17|Zona Tengah|Arsitektur|Sedang|Debu/kotoran|Sensor error|1570000
Tolong dong Pompa Air Tanah di Gedung C lantai 6 zona Tengah rusak bgt, gk tau dmn letak kerusakannya, tp yg jelas pompa air tanahnya mati total, bantu yah!|Pompa Air Tanah mengalami kerusakan karena kualitas material yang tidak memadai, sehingga menyebabkan korsleting, perlu dilakukan penggantian komponen yang rusak dan pengecekan menyeluruh|Pompa Air Tanah|Gedung C|Lantai 6|Zona Tengah|Mechanical|Berat|Kualitas material|Korsleting|3640000
Mohon bantuan untuk memperbaiki Pompa Air Tanah yang terletak di Gedung C, lantai 6, zona Tengah, karena pompa air tanah tersebut telah mati total dan tidak dapat difungsikan lagi|Pompa Air Tanah mengalami kerusakan parah akibat kualitas material yang tidak memenuhi standar, sehingga menyebabkan korsleting, perlu dilakukan perbaikan segera dengan mengganti komponen yang rusak dan melakukan pengecekan ulang|Pompa Air Tanah|Gedung C|Lantai 6|Zona Tengah|Mechanical|Berat|Kualitas material|Korsleting|3640000
Tolong dong Kursi di Gedung E lantai 4 zona Tengah rusak bgt, gk bisa dipake lagi, tolong bantu yah, dmn harus hubungi?|Kerusakan disebabkan oleh Debu/kotoran, perlu dibersihkan dan diperbaiki|Kursi|Gedung E|Lantai 4|Zona Tengah|Arsitektur|Berat|Debu/kotoran|Aus/abrasi|7640000
Mohon perhatian, Kursi di Gedung E lantai 4 zona Tengah mengalami kerusakan berat, tolong dicek dan diperbaiki secepatnya|Kerusakan disebabkan oleh Debu/kotoran, perlu dibersihkan dan diperbaiki dengan tindakan yang tepat|Kursi|Gedung E|Lantai 4|Zona Tengah|Arsitektur|Berat|Debu/kotoran|Aus/abrasi|7640000
Tolong dong Lantai Granit di Gedung D lantai 10 zona Utara rusak bgt, gk tau dmn salahnya, tp yg jelas remote nya mati total, bantu yg, dmn bisa kontak|Lantai Granit di Gedung Gedung D lantai 10 zona Utara mengalami kerusakan karena Faktor lingkungan, perlu dilakukan perbaikan dengan mengganti komponen yang rusak, biaya perbaikan sebesar Rp 9600000|Lantai Granit|Gedung D|Lantai 10|Zona Utara|Civil|Berat|Faktor lingkungan|Remote tidak berfungsi|9600000
Mohon bantuan untuk perbaikan Lantai Granit di Gedung D lantai 10 zona Utara, karena remote tidak berfungsi, sehingga mengganggu aktivitas, mohon segera ditangani|Lantai Granit di Gedung Gedung D lantai 10 zona Utara mengalami kerusakan pada remote, kemungkinan disebabkan oleh Faktor lingkungan, perlu dilakukan perbaikan segera, dengan biaya perbaikan Rp 9600000|Lantai Granit|Gedung D|Lantai 10|Zona Utara|Civil|Berat|Faktor lingkungan|Remote tidak berfungsi|9600000
Tolong dong Wiring System (Sistem Instalasi Kabel) di Gedung A lantai 2 zona Tengah rusak bgt, gk tau penyebabnya, tolong bantu yah, dmn saya harus menghubungi|Debu/kotoran menyebabkan getaran berlebihan, dilakukan pembersihan dan perawatan|Wiring System (Sistem Instalasi Kabel)|Gedung A|Lantai 2|Zona Tengah|Electrical|Berat|Debu/kotoran|Getaran berlebihan|6410000
Mohon bantuan untuk memperbaiki Wiring System (Sistem Instalasi Kabel) di Gedung A lantai 2 zona Tengah, karena mengalami getaran berlebihan|Debu/kotoran menyebabkan kerusakan, dilakukan perbaikan dan pembersihan dengan biaya Rp 6410000|Wiring System (Sistem Instalasi Kabel)|Gedung A|Lantai 2|Zona Tengah|Electrical|Berat|Debu/kotoran|Getaran berlebihan|6410000
Tolong dong Monitor/Layar di Gedung C lantai 8 zona Utara rusak nih, gk tau dmn letak masalahnya, tp yg jelas bunyi pelan bgt|Korosi pada komponen elektronik menyebabkan kerusakan, dilakukan penggantian komponen dan pembersihan untuk menghilangkan korosi, biaya perbaikan sebesar Rp 290000|Monitor/Layar|Gedung C|Lantai 8|Zona Utara|Sistem Telekomunikasi Gedung|Ringan|Korosi|Tidak berfungsi total|290000
Mohon bantuan untuk memperbaiki Monitor/Layar di Gedung C lantai 8 zona Utara, karena mengalami kerusakan yang menyebabkan tidak berfungsi total, bunyi pelan saja|Korosi pada komponen elektronik menyebabkan kerusakan, dilakukan penggantian komponen dan pembersihan untuk menghilangkan korosi, biaya perbaikan sebesar Rp 290000|Monitor/Layar|Gedung C|Lantai 8|Zona Utara|Sistem Telekomunikasi Gedung|Ringan|Korosi|Tidak berfungsi total|290000
Tolong dong Meter PDAM di Gedung Parkir lantai 3 zona Utara rusak bgt, gk tau dmn letak kerusakannya, tp yg jelas lampu pdamnya nyetrum parah|Getaran menyebabkan kerusakan pada meter PDAM, perlu dilakukan pembersihan dan penggantian komponen yang rusak|Meter PDAM|Gedung Parkir|Lantai 3|Zona Utara|Pencatatan Meter|Fatal|Getaran|Lampu mati|21460000
Mohon periksa Meter PDAM di Gedung Parkir lantai 3 zona Utara, karena terjadi kerusakan yang menyebabkan lampu mati dan berbau gosong|Kerusakan disebabkan oleh getaran yang menyebabkan komponen internal rusak, perlu dilakukan perbaikan segera|Meter PDAM|Gedung Parkir|Lantai 3|Zona Utara|Pencatatan Meter|Fatal|Getaran|Lampu mati|21460000
Tolong dong Control Panel Hydrant Diesel Pump di Gedung E lantai 5 zona Utara rusak nih, gk tau dmn salahnya, tp yg jelas mati total bgt, harap segera diperbaiki yg|Laporan teknis: Control Panel Hydrant Diesel Pump mengalami korsleting akibat faktor lingkungan, perlu dilakukan perbaikan dan penggantian komponen yang rusak, biaya perbaikan sebesar Rp 8920000|Control Panel Hydrant Diesel Pump|Gedung E|Lantai 5|Zona Utara|Electrical|Berat|Faktor lingkungan|Korsleting|8920000
Mohon periksa Control Panel Hydrant Diesel Pump di Gedung E lantai 5 zona Utara, karena telah mengalami kerusakan berat, yaitu mati total, sehingga memerlukan perbaikan segera|Laporan teknis: Control Panel Hydrant Diesel Pump mengalami korsleting akibat faktor lingkungan, perlu dilakukan perbaikan dan penggantian komponen yang rusak, dengan biaya perbaikan Rp 8920000|Control Panel Hydrant Diesel Pump|Gedung E|Lantai 5|Zona Utara|Electrical|Berat|Faktor lingkungan|Korsleting|8920000
Tolong dong APAB Dry Powder di Gedung C lantai 1 zona Timur rusak bgt, gk bisa dipake, dmn kita harus lapor ya?|APAB Dry Powder rusak karena kelembaban tinggi, perlu perbaikan segera dengan mengganti komponen yang korosi|APAB Dry Powder|Gedung C|Lantai 1|Zona Timur|Sistem Pemadam Kebakaran|Berat|Kelembaban tinggi|Berkarat/korosi|7080000
Mohon bantuan untuk perbaikan APAB Dry Powder di Gedung C lantai 1 zona Timur yang rusak, tidak bisa digunakan, dan menyebabkan kekhawatiran keselamatan.|APAB Dry Powder mengalami kerusakan karena kelembaban tinggi, perlu perbaikan dengan mengganti komponen yang korosi, biaya perbaikan sebesar Rp 7080000|APAB Dry Powder|Gedung C|Lantai 1|Zona Timur|Sistem Pemadam Kebakaran|Berat|Kelembaban tinggi|Berkarat/korosi|7080000
Tolong dong Meter PDAM di Gedung A lantai 9 zona Tengah rusak nih, bgt kotor dan berdebu yg gk bisa dihilangkan dmn ada cara untuk memperbaikinya?|Kerusakan disebabkan oleh Kurang perawatan, perlu dilakukan pembersihan dan penggantian komponen yang rusak|Meter PDAM|Gedung A|Lantai 9|Zona Tengah|Pencatatan Meter|Ringan|Kurang perawatan|Retak/pecah|130000
Lapor, Meter PDAM Gedung A lt 9 zona Tengah bermasalah|Kerusakan disebabkan oleh Kurang perawatan, perlu dilakukan perawatan rutin|Meter PDAM|Gedung A|Lantai 9|Zona Tengah|Pencatatan Meter|Ringan|Kurang perawatan|Retak/pecah|130000
Mohon periksa Meter PDAM di Gedung A lantai 9 zona Tengah, karena mengalami kerusakan berupa retak yang menyebabkan kebocoran, mungkin disebabkan oleh kurangnya perawatan|Kerusakan disebabkan oleh Kurang perawatan, perlu dilakukan perbaikan dan penggantian komponen yang rusak serta perawatan rutin|Meter PDAM|Gedung A|Lantai 9|Zona Tengah|Pencatatan Meter|Ringan|Kurang perawatan|Retak/pecah|130000
Tolong dong Pintu Biasa Berdaun Tunggal di Gedung C lantai 2 zona Tengah rusak bgt, gk bisa nyala sama sekali, tolong bantu yg, dmn ada petugas?|Laporan teknisi: Debu/kotoran menyebabkan kerusakan, perbaikan dengan membersihkan dan mengganti komponen yang rusak|Pintu Biasa Berdaun Tunggal|Gedung C|Lantai 2|Zona Tengah|Arsitektur|Berat|Debu/kotoran|Lampu mati|5350000
Mohon bantuan untuk perbaikan Pintu Biasa Berdaun Tunggal di Gedung C lantai 2 zona Tengah, karena tidak nyala sama sekali.|Laporan teknisi: Kerusakan disebabkan oleh Debu/kotoran, dilakukan perbaikan dengan membersihkan dan mengganti komponen yang rusak, dengan biaya perbaikan Rp 5350000|Pintu Biasa Berdaun Tunggal|Gedung C|Lantai 2|Zona Tengah|Arsitektur|Berat|Debu/kotoran|Lampu mati|5350000
Tolong dong Pintu Kayu/HPL di Gedung E lantai 4 zona Timur rusak nih, gk tau kenapa bgt, yg penting diperbaiki|Pintu Kayu/HPL mengalami kerusakan karena kurang perawatan, perlu dilakukan pembersihan dan pengecekan sensor|Pintu Kayu/HPL|Gedung E|Lantai 4|Zona Timur|Arsitektur|Ringan|Kurang perawatan|Sensor error|370000
Pintu Kayu/HPL di Gedung E lantai 4 zona Timur mengalami kerusakan, mohon untuk diperbaiki secepatnya|Pintu Kayu/HPL mengalami kerusakan karena kurang perawatan, perlu dilakukan pembersihan dan pengecekan sensor, biaya perbaikan sebesar Rp 370000|Pintu Kayu/HPL|Gedung E|Lantai 4|Zona Timur|Arsitektur|Ringan|Kurang perawatan|Sensor error|370000
Tolong dong Kamera CCTV di Gedung Parkir lantai 5 zona Utara rusak bgt, gk tau dmn yg salah, tp yg jelas kamera itu meledak dan bau gosong banget, tolong cepat bgt|Kerusakan pada Kamera CCTV disebabkan oleh Usia pakai, sehingga perlu dilakukan perbaikan dan penggantian komponen yang rusak, dengan biaya perbaikan sebesar Rp 21820000|Kamera CCTV|Gedung Parkir|Lantai 5|Zona Utara|Security Sistem|Fatal|Usia pakai|Macet/tersumbat|21820000
Mohon perhatian, Kamera CCTV yang terletak di Gedung Parkir lantai 5 zona Utara mengalami kerusakan fatal, yaitu meledak dan terbakar, sehingga perlu dilakukan perbaikan segera|Kerusakan pada Kamera CCTV disebabkan oleh Usia pakai, sehingga perlu dilakukan perbaikan dan penggantian komponen yang rusak, dengan biaya perbaikan sebesar Rp 21820000|Kamera CCTV|Gedung Parkir|Lantai 5|Zona Utara|Security Sistem|Fatal|Usia pakai|Macet/tersumbat|21820000
Tolong dong Kursi di Gedung B lantai 3 zona Tengah rusak nih, bgt kotor dan kusam, yg bikin gk nyaman dmn kita kerja|Perbaikan dilakukan dengan membersihkan debu dan kotoran, serta mengganti komponen yang aus|Kursi|Gedung B|Lantai 3|Zona Tengah|Arsitektur|Ringan|Debu/kotoran|Aus/abrasi|280000
Lapor, Kursi Gedung B lantai 3 zona Tengah rusak|Perbaikan berhasil dilakukan dengan menghilangkan debu dan kotoran, biaya perbaikan sebesar Rp 280000|Kursi|Gedung B|Lantai 3|Zona Tengah|Arsitektur|Ringan|Debu/kotoran|Aus/abrasi|280000
Kami mohon bantuan untuk memperbaiki Kursi yang terletak di Gedung B lantai 3 zona Tengah, karena dalam keadaan kusam dan berdebu|Teknisi melakukan pembersihan dan perawatan, kemudian mengganti komponen yang rusak akibat debu dan kotoran, dengan biaya perbaikan Rp 280000|Kursi|Gedung B|Lantai 3|Zona Tengah|Arsitektur|Ringan|Debu/kotoran|Aus/abrasi|280000
Tolong dong Dinding Tembok/Mansonry di Gedung Utama lantai 3 zona Selatan bgt rusak nih, kayaknya meledak gk tau dmn asalnya, tolong bantu yg, pls|Laporan teknisi: kerusakan disebabkan human error, perlu perbaikan segera|Dinding Tembok/Mansonry|Gedung Utama|Lantai 3|Zona Selatan|Civil|Fatal|Human error|Berkarat/korosi|28840000
Mohon bantuan untuk Dinding Tembok/Mansonry di Gedung Utama lantai 3 zona Selatan yang mengalami kerusakan parah, terbakar, perlu perbaikan segera|Laporan teknisi: kerusakan disebabkan human error, perlu dilakukan perbaikan dengan biaya perbaikan sebesar Rp 28840000|Dinding Tembok/Mansonry|Gedung Utama|Lantai 3|Zona Selatan|Civil|Fatal|Human error|Berkarat/korosi|28840000
Tolong dong Ground Water Tank di Gedung C lantai 1 zona Utara rusak nih, netes air terus bgt, gk tau dmn letak kerusakannya, tolong bantu ya|Kualitas material yang tidak sesuai standar menyebabkan kebocoran, perlu dilakukan penggantian material dan perbaikan|Ground Water Tank|Gedung C|Lantai 1|Zona Utara|Distribusi Air|Sedang|Kualitas material|Kebocoran|540000
Mohon perhatian, terdapat masalah pada Ground Water Tank yang terletak di Gedung C lantai 1 zona Utara, menimbulkan kebocoran air|Kualitas material yang tidak memadai menyebabkan kebocoran, perlu dilakukan perbaikan dengan mengganti material yang Rusak|Ground Water Tank|Gedung C|Lantai 1|Zona Utara|Distribusi Air|Sedang|Kualitas material|Kebocoran|540000
Tolong dong Switch Hub di Gedung Servis lantai 1 zona Barat rusak bgt, gk tau dmn letak masalahnya, tp yg jelas tuh bau gosong bgt, nyetrum juga!|Debu/kotoran menyebabkan kerusakan, dilakukan pembersihan dan penggantian komponen yang rusak|Switch Hub|Gedung Servis|Lantai 1|Zona Barat|Sistem Telekomunikasi Gedung|Fatal|Debu/kotoran|Tidak berfungsi total|13520000
Lapor, Switch Hub di Gedung Servis lantai 1 zona Barat terbakar!|Debu/kotoran menyebabkan korsleting, dilakukan perbaikan dan penggantian komponen yang rusak|Switch Hub|Gedung Servis|Lantai 1|Zona Barat|Sistem Telekomunikasi Gedung|Fatal|Debu/kotoran|Tidak berfungsi total|13520000
Mohon perhatian, Switch Hub di Gedung Servis lantai 1 zona Barat mengalami kerusakan fatal, terdapat bau gosong dan nyetrum, mohon segera ditangani|Debu/kotoran menyebabkan kerusakan, dilakukan pembersihan dan penggantian komponen yang rusak dengan biaya perbaikan sebesar Rp 13520000|Switch Hub|Gedung Servis|Lantai 1|Zona Barat|Sistem Telekomunikasi Gedung|Fatal|Debu/kotoran|Tidak berfungsi total|13520000
Tolong dong PABX di Gedung C lantai 6 zona Selatan rusak nih, bgt berisik banget dan kedap-kedip terus, gk tau dmn letak masalahnya, tapi yg jelas PABX nya gk berfungsi dgn baik|PABX mengalami kerusakan karena Tegangan tidak stabil, dilakukan perbaikan dan penggantian komponen yang rusak|PABX|Gedung C|Lantai 6|Zona Selatan|Sistem Telekomunikasi Gedung|Sedang|Tegangan tidak stabil|Tekanan tidak stabil|1100000
Mohon bantuan untuk memperbaiki PABX di Gedung C lantai 6 zona Selatan, karena PABX tersebut mengalami kerusakan dan menyebabkan gangguan pada sistem telekomunikasi gedung|PABX mengalami kerusakan karena Tegangan tidak stabil, dilakukan perbaikan dan penggantian komponen yang rusak, biaya perbaikan sebesar Rp 1100000|PABX|Gedung C|Lantai 6|Zona Selatan|Sistem Telekomunikasi Gedung|Sedang|Tegangan tidak stabil|Tekanan tidak stabil|1100000
Tolong dong Monitor/Layar di Gedung E lantai 4 zona Timur rusak bgt, gk nyala sama sekali, tolong bantu dmn bisa diperbaiki?|Ditemukan kerusakan pada Monitor/Layar karena kurang perawatan, dilakukan perbaikan dengan mengganti komponen yang rusak, biaya perbaikan sebesar Rp 6560000|Monitor/Layar|Gedung E|Lantai 4|Zona Timur|Sistem Telekomunikasi Gedung|Berat|Kurang perawatan|Suhu tidak stabil|6560000
Mohon perhatian, terdapat kerusakan pada Monitor/Layar di Gedung E lantai 4 zona Timur, tidak nyala sama sekali, mohon dilakukan perbaikan secepatnya|Dilakukan analisis dan ditemukan bahwa kerusakan disebabkan oleh kurang perawatan, perlu dilakukan perbaikan dengan mengganti komponen yang rusak dan melakukan perawatan rutin, biaya perbaikan Rp 6560000|Monitor/Layar|Gedung E|Lantai 4|Zona Timur|Sistem Telekomunikasi Gedung|Berat|Kurang perawatan|Suhu tidak stabil|6560000
Tolong dong Lemari/Loker di Gedung Utama lantai 18 zona Tengah rusak nih, gk tau dmn letak masalahnya, tp yg jelas bunyi pelan bgt, dmnmn udh coba nyalain tapi tetep aja gk nyala, bgt|Laporan teknisi: Human error menyebabkan sensor error, dilakukan perbaikan dan penggantian sensor|Lemari/Loker|Gedung Utama|Lantai 18|Zona Tengah|Arsitektur|Ringan|Human error|Sensor error|90000
Saya ingin melaporkan bahwa Lemari/Loker di Gedung Utama lantai 18 zona Tengah mengalami kerusakan, yaitu sensor error yang menyebabkan bunyi pelan, saya telah mencoba melakukan perbaikan namun belum berhasil|Laporan teknisi: Human error menyebabkan sensor error, dilakukan perbaikan dan penggantian sensor|Lemari/Loker|Gedung Utama|Lantai 18|Zona Tengah|Arsitektur|Ringan|Human error|Sensor error|90000
Gedung Parkir lantai 5 zona Selatan, monitor/layar nya gk nyala bgt, tolong dong diperbaiki secepatnya, saya butuh banget!|Ditemukan kerusakan pada monitor/layar di Gedung Gedung Parkir lantai 5 zona Selatan, kemungkinan disebabkan oleh kelembaban tinggi, dilakukan perbaikan dengan mengganti komponen yang rusak, biaya perbaikan sebesar Rp 3610000|Monitor/Layar|Gedung Parkir|Lantai 5|Zona Selatan|Sistem Telekomunikasi Gedung|Berat|Kelembaban tinggi|Tidak berfungsi total|3610000
Mohon bantuan untuk memperbaiki monitor/layar di Gedung Parkir lantai 5 zona Selatan, karena sudah tidak berfungsi sama sekali, saya sangat membutuhkan untuk pekerjaan sehari-hari, terima kasih|Ditemukan kerusakan pada monitor/layar di Gedung Gedung Parkir lantai 5 zona Selatan, kemungkinan disebabkan oleh kelembaban tinggi, dilakukan perbaikan dengan mengganti komponen yang rusak, biaya perbaikan sebesar Rp 3610000|Monitor/Layar|Gedung Parkir|Lantai 5|Zona Selatan|Sistem Telekomunikasi Gedung|Berat|Kelembaban tinggi|Tidak berfungsi total|3610000
Tolong dong AC Split di Gedung B lantai 1 zona Utara rusak bgt, tiba-tiba mati dan ada bau gosong, gk tau apa penyebabnya, tolong bantu dmn bisa diperbaiki?|Tekanan tidak stabil, perlu penggantian komponen yang rusak, biaya perbaikan sebesar Rp 40720000|AC Split|Gedung B|Lantai 1|Zona Utara|Mechanical|Fatal|Aus normal|Tekanan tidak stabil|40720000
Mohon bantuan, AC Split di Gedung B lantai 1 zona Utara mengalami kerusakan fatal, yaitu tekanan tidak stabil dan terjadi kebocoran, sehingga menyebabkan kerusakan pada komponen lainnya|Perlu dilakukan perbaikan dan penggantian komponen yang rusak, dengan biaya perbaikan yang sesuai|AC Split|Gedung B|Lantai 1|Zona Utara|Mechanical|Fatal|Aus normal|Tekanan tidak stabil|40720000
Tolong dong Hydrant Box di Gedung Utama lantai 13 zona Tengah rusak nih, gk nyala sama sekali bgt, tolong dicek dmn masalahnya|Perbaikan dilakukan dengan memperbaiki kerusakan akibat Faktor lingkungan, melakukan pembersihan dan penggantian komponen yang rusak|Hydrant Box|Gedung Utama|Lantai 13|Zona Tengah|Sistem Pemadam Kebakaran|Berat|Faktor lingkungan|Overheat|9450000
Mohon periksa Hydrant Box di Gedung Utama lantai 13 zona Tengah, karena tidak berfungsi dengan baik, mohon dilakukan perbaikan secepatnya|Perbaikan dilakukan dengan memperbaiki kerusakan yang disebabkan oleh Faktor lingkungan, melakukan pemeriksaan dan perbaikan komponen yang rusak, biaya perbaikan sebesar Rp 9450000|Hydrant Box|Gedung Utama|Lantai 13|Zona Tengah|Sistem Pemadam Kebakaran|Berat|Faktor lingkungan|Overheat|9450000
Tolong dong APAR Dry Powder Cartridge di Gedung D lantai 4 zona Selatan rusak nih, gk tahu knp bgt, tp kurang dingin banget yg|Kualitas material yang kurang baik menyebabkan suhu tidak stabil, perlu perbaikan|APAR Dry Powder Cartridge|Gedung D|Lantai 4|Zona Selatan|Sistem Pemadam Kebakaran|Sedang|Kualitas material|Suhu tidak stabil|520000
Mohon periksa APAR Dry Powder Cartridge di Gedung D lantai 4 zona Selatan, karena mengalami kendala suhu yang tidak stabil|Kualitas material yang tidak sesuai standar menyebabkan kerusakan, perlu dilakukan perbaikan segera dengan biaya Rp 520000|APAR Dry Powder Cartridge|Gedung D|Lantai 4|Zona Selatan|Sistem Pemadam Kebakaran|Sedang|Kualitas material|Suhu tidak stabil|520000
Wastafel di Gedung B lantai 1 zona Tengah rusak bgt, yg benerin cepat dmn? gk bisa dipake lagi!|Ditemukan kerusakan pada wastafel di Gedung Gedung B lantai 1 zona Tengah, penyebabnya adalah Kelembaban tinggi, perbaikan telah dilakukan dengan mengganti komponen yang rusak|Wastafel|Gedung B|Lantai 1|Zona Tengah|Plumbing|Berat|Kelembaban tinggi|Suhu tidak stabil|7110000
Mohon perhatian, terdapat kerusakan pada Wastafel di Gedung B lantai 1 zona Tengah, kondisinya sangat memprihatinkan, tolong segera ditangani!|Kerusakan pada wastafel di Gedung Gedung B lantai 1 zona Tengah disebabkan oleh Kelembaban tinggi, tindakan perbaikan telah dilakukan dengan mengganti komponen yang rusak, biaya perbaikan Rp 7110000|Wastafel|Gedung B|Lantai 1|Zona Tengah|Plumbing|Berat|Kelembaban tinggi|Suhu tidak stabil|7110000
Tolong dong Bell Alarm di Gedung D lantai 12 zona Tengah rusak bgt, kedap-kedip terus, gk tahu apa penyebabnya, tolong bantu yg, dmn bisa diperbaiki?|Ditemukan debu/kotoran pada sensor, dilakukan pembersihan dan perawatan, biaya perbaikan Rp 1520000|Bell Alarm|Gedung D|Lantai 12|Zona Tengah|Sistem Proteksi Kebakaran Aktif|Sedang|Debu/kotoran|Sensor error|1520000
Mohon bantuan, Bell Alarm di Gedung D lantai 12 zona Tengah mengalami kerusakan, gejalanya kedap-kedip, mungkin disebabkan debu/kotoran|Dilakukan analisis dan perbaikan pada Bell Alarm, ditemukan debu/kotoran pada sensor, dilakukan pembersihan dan perawatan, biaya perbaikan Rp 1520000|Bell Alarm|Gedung D|Lantai 12|Zona Tengah|Sistem Proteksi Kebakaran Aktif|Sedang|Debu/kotoran|Sensor error|1520000
Tolong dong APAR Dry Powder Stored Pressure di Gedung Utama lantai 18 zona Barat rusak nih, gk nyala sama sekali, bgt mogok, saya mohon bantuan segera!|APAR Dry Powder Stored Pressure mengalami overload, perlu dilakukan perbaikan dengan mengganti komponen yang rusak dan melakukan kalibrasi ulang|APAR Dry Powder Stored Pressure|Gedung Utama|Lantai 18|Zona Barat|Sistem Pemadam Kebakaran|Berat|Overload|Bunyi abnormal|7000000
Mohon perhatian, APAR Dry Powder Stored Pressure di Gedung Utama lantai 18 zona Barat mengalami kerusakan, tidak nyala sama sekali, mohon bantuan teknisi untuk memperbaiki|APAR Dry Powder Stored Pressure mengalami overload, perlu dilakukan perbaikan dengan mengganti komponen yang rusak dan melakukan kalibrasi ulang, biaya perbaikan sebesar Rp 7000000|APAR Dry Powder Stored Pressure|Gedung Utama|Lantai 18|Zona Barat|Sistem Pemadam Kebakaran|Berat|Overload|Bunyi abnormal|7000000
Lampu LED di Gedung B lantai 4 zona Utara mati total bgt, gk tau kenapa, tolong dong cepat perbaiki|Lampu LED mengalami kerusakan akibat Getaran, dilakukan perbaikan dengan mengganti komponen yang rusak|Lampu LED|Gedung B|Lantai 4|Zona Utara|Electrical|Berat|Getaran|Performa menurun|2110000
Mohon perbaikan Lampu LED di Gedung B lantai 4 zona Utara, karena lampu tersebut tidak nyala sama sekali|Lampu LED mengalami kerusakan akibat Getaran, dilakukan perbaikan dengan mengganti komponen yang rusak dan biaya perbaikan sebesar 2110000|Lampu LED|Gedung B|Lantai 4|Zona Utara|Electrical|Berat|Getaran|Performa menurun|2110000
Tolong dong Sprinkler Otomatis di Gedung Parkir lantai 5 zona Tengah rusak nih, bgt terbakar parah gk tau kenapa, yg penting cepat diperbaiki dmn ada teknisi|Perbaikan dilakukan dengan mengganti komponen yang rusak akibat Kelembaban tinggi, biaya perbaikan sebesar Rp 1850000|Sprinkler Otomatis|Gedung Parkir|Lantai 5|Zona Tengah|Sistem Pemadam Kebakaran|Fatal|Kelembaban tinggi|Bunyi abnormal|1850000
Mohon bantuan, saya mengalami masalah dengan Sprinkler Otomatis di Gedung Parkir lantai 5 zona Tengah, terjadi kebocoran air dan bunyi abnormal, tolong dicek secepatnya|Setelah dilakukan peninjauan, ditemukan bahwa kelembaban tinggi menyebabkan kerusakan, perbaikan telah dilakukan dengan biaya Rp 1850000|Sprinkler Otomatis|Gedung Parkir|Lantai 5|Zona Tengah|Sistem Pemadam Kebakaran|Fatal|Kelembaban tinggi|Bunyi abnormal|1850000
Tolong dong PABX di Gedung B lantai 1 zona Barat rusak bgt, gk tau kenapa, tp sepertinya meledak dan bau gosong, tolong bantu yg, dmn kita bisa perbaiki?|PABX mengalami kerusakan akibat human error, perlu dilakukan perbaikan pada sistem telekomunikasi gedung, biaya perbaikan sebesar Rp 21160000|PABX|Gedung B|Lantai 1|Zona Barat|Sistem Telekomunikasi Gedung|Fatal|Human error|Aliran lemah|21160000
Mohon bantuan, PABX di Gedung B lantai 1 zona Barat mengalami kerusakan parah, sepertinya nyetrum dan bau gosong, tolong kami dibantu untuk perbaikan|PABX mengalami kerusakan akibat human error, perlu dilakukan perbaikan pada sistem telekomunikasi gedung, dengan biaya perbaikan yang cukup besar|PABX|Gedung B|Lantai 1|Zona Barat|Sistem Telekomunikasi Gedung|Fatal|Human error|Aliran lemah|21160000
Tolong dong Kursi di Gedung D lantai 5 zona Barat bgt rusak nih, sepertinya meledak gk tau kenapa, tolong bantu yg, dmn saya harus menghubungi?|Kerusakan disebabkan oleh Overload, perlu dilakukan perbaikan segera dengan mengganti komponen yang rusak dan melakukan pengecekan ulang|Kursi|Gedung D|Lantai 5|Zona Barat|Arsitektur|Fatal|Overload|Aliran lemah|24870000
Mohon bantuan untuk memperbaiki Kursi di Gedung D lantai 5 zona Barat yang mengalami kerusakan fatal karena terbakar, perlu dilakukan penanganan segera|Kerusakan disebabkan oleh Overload, perlu dilakukan perbaikan dengan mengganti komponen yang rusak dan melakukan pengecekan ulang, biaya perbaikan sebesar Rp 24870000|Kursi|Gedung D|Lantai 5|Zona Barat|Arsitektur|Fatal|Overload|Aliran lemah|24870000
Tolong dong Kursi di Gedung A lantai 4 zona Timur rusak bgt, gk bisa nyala, yg bener aja dmn ada yg bisa bantu gk?|Laporan teknis: Korosi pada bagian lampu, dilakukan perbaikan dengan mengganti komponen yang rusak dan membersihkan area korosi, biaya perbaikan sebesar Rp 90000|Kursi|Gedung A|Lantai 4|Zona Timur|Arsitektur|Ringan|Korosi|Lampu mati|90000
Kursi di Gedung A lantai 4 zona Timur mengalami kerusakan pada lampu, bunyi pelan terdengar, mohon bantuannya|Tindakan perbaikan: Mengganti komponen yang rusak dan membersihkan area korosi, biaya perbaikan: Rp 90000|Kursi|Gedung A|Lantai 4|Zona Timur|Arsitektur|Ringan|Korosi|Lampu mati|90000
Gedung C lantai 4 zona Selatan PABXnya bermasalah bgt, gk tau dmn letak kerusakannya, tp kedap-kedip trus, tolong dong!|PABX mengalami korosi, perlu dilakukan penggantian komponen dan pembersihan, biaya perbaikan sebesar Rp 610000|PABX|Gedung C|Lantai 4|Zona Selatan|Sistem Telekomunikasi Gedung|Sedang|Korosi|Korsleting|610000
Saya ingin melaporkan bahwa PABX di Gedung C lantai 4 zona Selatan mengalami gangguan, yaitu kedap-kedip terus, mohon bantuannya!|PABX mengalami korosi, perlu dilakukan perbaikan dan penggantian komponen yang rusak, biaya perbaikan Rp 610000|PABX|Gedung C|Lantai 4|Zona Selatan|Sistem Telekomunikasi Gedung|Sedang|Korosi|Korsleting|610000
Gd Gedung Parkir lantai 4 zona Barat, meter PLN-nya mati total bgt, gk tau dmn salahnya, tolong dong bantu perbaiki yg cepat|Kerusakan pada Meter PLN disebabkan oleh kualitas material yang buruk, perlu dilakukan penggantian komponen yang rusak|Meter PLN|Gedung Parkir|Lantai 4|Zona Barat|Pencatatan Meter|Berat|Kualitas material|Tidak berfungsi total|2990000
Mohon bantuan untuk memperbaiki Meter PLN di Gedung Parkir lantai 4 zona Barat yang tidak berfungsi sama sekali|Kerusakan pada Meter PLN disebabkan oleh kualitas material yang tidak memadai, perlu dilakukan penggantian komponen yang rusak dan perbaikan menyeluruh|Meter PLN|Gedung Parkir|Lantai 4|Zona Barat|Pencatatan Meter|Berat|Kualitas material|Tidak berfungsi total|2990000
Gan, tolong dong FCU di Gedung C lantai 4 zona Barat rusak bgt, kurang dingin dan berisik banget, gk bisa dipake, apa yg salah ya?|FCU mengalami tekanan tidak stabil karena kurang perawatan, perlu dilakukan perawatan rutin dan penggantian spare part|FCU|Gedung C|Lantai 4|Zona Barat|Mechanical|Sedang|Kurang perawatan|Tekanan tidak stabil|1300000
Mohon bantuan, FCU di Gedung C lantai 4 zona Barat mengalami gangguan, kurang dingin dan berisik, mohon dicek dan diperbaiki|FCU mengalami tekanan tidak stabil karena kurang perawatan, perlu dilakukan perawatan rutin dan penggantian spare part, biaya perbaikan sebesar Rp 1300000|FCU|Gedung C|Lantai 4|Zona Barat|Mechanical|Sedang|Kurang perawatan|Tekanan tidak stabil|1300000
Tolong dong APAR CO2 di Gedung B lantai 9 zona Selatan rusak bgt, gk tau dmn letak kerusakannya, tp bau gosongnya keras bgt|Laporan teknisi: Perbaikan APAR CO2 dilakukan dengan mengganti komponen yang rusak akibat faktor lingkungan, biaya perbaikan sebesar Rp 32010000|APAR CO2|Gedung B|Lantai 9|Zona Selatan|Sistem Pemadam Kebakaran|Fatal|Faktor lingkungan|Retak/pecah|32010000
Mohon perhatian, APAR CO2 di Gedung B lantai 9 zona Selatan mengalami kerusakan yang sangat parah, terbakar dan bau gosong, mohon segera dikirimkan teknisi untuk memperbaiki|Laporan teknisi: APAR CO2 rusak akibat faktor lingkungan, dilakukan perbaikan dengan mengganti komponen yang rusak, biaya perbaikan Rp 32010000|APAR CO2|Gedung B|Lantai 9|Zona Selatan|Sistem Pemadam Kebakaran|Fatal|Faktor lingkungan|Retak/pecah|32010000
Tolong dong Roof Tank di Gedung B lantai 10 zona Tengah rusak nih, gk tau dmn letak kerusakannya, bgt berisik banget dan netes air terus!|Diperlukan perbaikan karena Usia pakai, tindakan perbaikan yang tepat akan dilakukan untuk mengatasi kerusakan Aus/abrasi|Roof Tank|Gedung B|Lantai 10|Zona Tengah|Distribusi Air|Sedang|Usia pakai|Aus/abrasi|880000
Mohon perhatian, Roof Tank di Gedung B lantai 10 zona Tengah mengalami kerusakan yang cukup mengganggu, yaitu berisik dan netes air, mohon dicek secepatnya|Kerusakan disebabkan oleh Usia pakai yang menyebabkan Aus/abrasi, perbaikan akan dilakukan dengan memperhatikan standar keamanan dan kualitas, biaya perbaikan diperkirakan sebesar Rp 880000|Roof Tank|Gedung B|Lantai 10|Zona Tengah|Distribusi Air|Sedang|Usia pakai|Aus/abrasi|880000
Gue butuh bantuan, Breker Panel di Gedung E lantai 1 zona Timur rusak bgt, netes air terus, gk tau dmn letak kerusakannya, tolong dong!|Breker Panel mengalami kerusakan karena Tegangan tidak stabil, dilakukan perbaikan dengan mengganti komponen yang rusak, biaya perbaikan sebesar Rp 1450000|Breker Panel|Gedung E|Lantai 1|Zona Timur|Electrical|Sedang|Tegangan tidak stabil|Sensor error|1450000
Mohon perhatian, Breker Panel di Gedung E lantai 1 zona Timur mengalami kebocoran air, sehingga menyebabkan kerusakan, mohon dilakukan perbaikan secepatnya|Breker Panel mengalami kerusakan karena Tegangan tidak stabil, dilakukan perbaikan dengan mengganti komponen yang rusak|R|Gedung E|Lantai 1|Zona Timur|Electrical|Sedang|Tegangan tidak stabil|Sensor error|1450000
Tolong dong Pesawat Telepon di Gedung Utama lantai 18 zona Timur rusak nih, bgt kotor dan berdebu gitu, gk tahu dmn letak masalahnya, tp yg jelas bunyi pelan bgt|Debu/kotoran menyebabkan kerusakan, dilakukan pembersihan dan perawatan|Pesawat Telepon|Gedung Utama|Lantai 18|Zona Timur|Sistem Telekomunikasi Gedung|Ringan|Debu/kotoran|Berkarat/korosi|380000
Mohon bantuan untuk memperbaiki Pesawat Telepon di Gedung Utama lantai 18 zona Timur, karena saat ini dalam keadaan rusak, terdapat debu dan kotoran yang menyebabkan kerusakan, serta mengalami gejala berkarat|Debu/kotoran menyebabkan kerusakan, dilakukan pembersihan dan perawatan|Pesawat Telepon|Gedung Utama|Lantai 18|Zona Timur|Sistem Telekomunikasi Gedung|Ringan|Debu/kotoran|Berkarat/korosi|380000
Tolong dong Diesel Fire Pump di Gedung E lantai 6 zona Utara rusak nih, gk tau dmn letak masalahnya, bgt kedap-kedip terus, tolong bantu yaa|Laporan teknis: kerusakan disebabkan oleh overload, dilakukan perbaikan pada sistem kelistrikan, biaya perbaikan sebesar Rp 1630000|Diesel Fire Pump|Gedung E|Lantai 6|Zona Utara|Sistem Pemadam Kebakaran|Sedang|Overload|Lampu mati|1630000
Mohon bantuan untuk perbaikan Diesel Fire Pump di Gedung E lantai 6 zona Utara, karena lampu indikator kedap-kedip terus, mengganggu operasional|Laporan teknis: setelah melakukan analisis, ditemukan bahwa kerusakan disebabkan oleh overload, sehingga dilakukan perbaikan pada sistem kelistrikan, dengan biaya perbaikan sebesar Rp 1630000|Diesel Fire Pump|Gedung E|Lantai 6|Zona Utara|Sistem Pemadam Kebakaran|Sedang|Overload|Lampu mati|1630000
Tolong dong Lantai Karpet di Gedung Servis lantai 1 zona Utara rusak bgt, gk bisa dipakai lagi, mati total, harap segera diperbaiki!|Lantai Karpet mengalami kerusakan berat akibat getaran, perlu dilakukan perbaikan segera dengan mengganti komponen yang rusak untuk mengembalikan performa|Lantai Karpet|Gedung Servis|Lantai 1|Zona Utara|Civil|Berat|Getaran|Performa menurun|5260000
Mohon perhatian, Lantai Karpet di Gedung Servis lantai 1 zona Utara mengalami kerusakan yang cukup parah, sehingga tidak dapat digunakan, harap teknisi segera memeriksa dan memperbaiki|Lantai Karpet mengalami kerusakan berat akibat getaran, perlu dilakukan perbaikan segera untuk mengembalikan fungsinya, biaya perbaikan diperkirakan sebesar Rp 5260000|Lantai Karpet|Gedung Servis|Lantai 1|Zona Utara|Civil|Berat|Getaran|Performa menurun|5260000
Tolong dong Interkom di Gedung B lantai 6 zona Tengah rusak bgt, gk nyala sama sekali, yg bisa bantu?|Laporan teknisi: Tegangan tidak stabil, dilakukan perbaikan dan penggantian komponen, biaya perbaikan sebesar Rp 9110000|Interkom|Gedung B|Lantai 6|Zona Tengah|Sistem Telekomunikasi Gedung|Berat|Tegangan tidak stabil|Lampu mati|9110000
Mohon bantu perbaiki Interkom di Gedung B lantai 6 zona Tengah, kondisinya mati total, tidak nyala sama sekali.|Laporan teknisi: Tegangan tidak stabil, dilakukan perbaikan dan penggantian komponen|Interkom|Gedung B|Lantai 6|Zona Tengah|Sistem Telekomunikasi Gedung|Berat|Tegangan tidak stabil|Lampu mati|9110000
Hai, dmn letak Dinding Tembok/Mansonry di Gedung A lantai 4 zona Barat bgt kotor ya, gk tau kenapa, tp yg jelas perlu dibersihin bgt, tolong dong!|Perbaikan dilakukan dengan memperbaiki kerusakan akibat Overload dan melakukan pembersihan untuk menghilangkan kotoran, biaya perbaikan Rp 210000|Dinding Tembok/Mansonry|Gedung A|Lantai 4|Zona Barat|Civil|Ringan|Overload|Korsleting|210000
Mohon bantuan untuk perbaikan Dinding Tembok/Mansonry yang terletak di Gedung A, lantai 4, zona Barat, karena sudah kusam dan berdebu, mohon segera ditangani|Tindakan perbaikan meliputi pembersihan dan perbaikan kerusakan akibat Overload, biaya perbaikan aktual sebesar Rp 210000|Dinding Tembok/Mansonry|Gedung A|Lantai 4|Zona Barat|Civil|Ringan|Overload|Korsleting|210000
Lampu TL di Gedung E lantai 6 zona Timur rusak nih, gk nyala sama sekali, bgt, tolong dong dicek yg bermasalah dmn|Laporan teknisi: Kerusakan disebabkan oleh Korosi, dilakukan perbaikan dengan mengganti komponen yang rusak, biaya perbaikan sebesar Rp 6720000|Lampu TL|Gedung E|Lantai 6|Zona Timur|Electrical|Berat|Korosi|Overheat|6720000
Mohon perhatian, Lampu TL di Gedung E lantai 6 zona Timur mengalami kerusakan, tidak nyala sama sekali, mohon teknisi segera memeriksa dan memperbaiki|Laporan teknisi: Kerusakan disebabkan oleh Korosi, dilakukan perbaikan dengan mengganti komponen yang rusak|Lampu TL|Gedung E|Lantai 6|Zona Timur|Electrical|Berat|Korosi|Overheat|6720000
Tolong dong Smoke Detector di Gedung A lantai 14 zona Tengah rusak nih, gk tau dmn salahnya, bgt kotor dan berdebu, tolong periksa dan perbaiki yg rusak|Ditemukan kerusakan pada Smoke Detector di Gedung Gedung A lantai 14 zona Tengah, penyebabnya adalah Kelembaban tinggi, dilakukan pembersihan dan penggantian komponen yang rusak|Smoke Detector|Gedung A|Lantai 14|Zona Tengah|Sistem Proteksi Kebakaran Aktif|Ringan|Kelembaban tinggi|Tidak berfungsi total|430000
Saya ingin melaporkan bahwa Smoke Detector di Gedung A lantai 14 zona Tengah mengalami kerusakan, bunyi pelan dan kotor, mohon untuk segera diperiksa dan diperbaiki|Ditemukan kerusakan pada Smoke Detector di Gedung Gedung A lantai 14 zona Tengah, penyebabnya adalah Kelembaban tinggi, dilakukan pembersihan dan penggantian komponen yang rusak dengan biaya perbaikan sebesar 430000|Smoke Detector|Gedung A|Lantai 14|Zona Tengah|Sistem Proteksi Kebakaran Aktif|Ringan|Kelembaban tinggi|Tidak berfungsi total|430000
Lampu Downlight di Gedung D lantai 8 zona Selatan bunyi abnormal bgt, gk tau dmn masalahnya, tolong dong bantu perbaiki yg|Laporan teknisi: human error menyebabkan bunyi abnormal, dilakukan perbaikan dengan mengganti komponen yang rusak, biaya perbaikan Rp 360000|Lampu Downlight|Gedung D|Lantai 8|Zona Selatan|Electrical|Ringan|Human error|Bunyi abnormal|360000
Mohon bantuan untuk perbaikan Lampu Downlight di Gedung D lantai 8 zona Selatan karena mengeluarkan bunyi abnormal|Laporan teknisi: kerusakan disebabkan oleh human error, dilakukan perbaikan dengan mengganti komponen yang rusak, biaya perbaikan sebesar Rp 360000|Lampu Downlight|Gedung D|Lantai 8|Zona Selatan|Electrical|Ringan|Human error|Bunyi abnormal|360000
Tolong dong Plafon di Gedung B lantai 1 zona Tengah rusak bgt, netes air terus, yg bikin gk nyaman bgt|Perbaikan dilakukan dengan mengganti komponen yang aus normal, biaya perbaikan sebesar Rp 410000|Plafon|Gedung B|Lantai 1|Zona Tengah|Arsitektur|Sedang|Aus normal|Performa menurun|410000
Mohon perhatian, Plafon di Gedung B lantai 1 zona Tengah mengalami kerusakan, gejalanya berisik dan netes air|Perbaikan teknis dengan mengganti komponen aus normal, tindakan perbaikan selesai dengan biaya perbaikan Rp 410000|Plafon|Gedung B|Lantai 1|Zona Tengah|Arsitektur|Sedang|Aus normal|Performa menurun|410000
Tolong dong Uninterruptible Power Supply di Gedung C lantai 3 zona Barat rusak bgt, bahkan udah terbakar gk bisa dipake lagi yg dmn bgt|Perbaikan Uninterruptible Power Supply karena Usia pakai yang menyebabkan Aliran lemah, dilakukan penggantian komponen dan pemeriksaan menyeluruh|Uninterruptible Power Supply|Gedung C|Lantai 3|Zona Barat|Electrical|Fatal|Usia pakai|Aliran lemah|11620000
Mohon bantuan, Uninterruptible Power Supply di Gedung C lantai 3 zona Barat mengalami kerusakan fatal karena terbakar, mohon segera ditangani|Perbaikan Uninterruptible Power Supply karena Usia pakai yang menyebabkan Aliran lemah, dilakukan pemeriksaan dan perbaikan menyeluruh|Uninterruptible Power Supply|Gedung C|Lantai 3|Zona Barat|Electrical|Fatal|Usia pakai|Aliran lemah|11620000
Tolong dong Exhaust Fan di Gedung B lantai 4 zona Tengah rusak bgt, gk tahu dmn salahnya, yg jelas berisik banget dan kurang dingin, tolong perbaiki ya!|Perbaikan Exhaust Fan dilakukan dengan mengganti komponen yang rusak akibat kualitas material yang buruk, serta melakukan pembersihan dan pengecekan ulang|Exhaust Fan|Gedung B|Lantai 4|Zona Tengah|Ventilasi Sistem|Sedang|Kualitas material|Tampilan rusak|930000
Exhaust Fan di Gedung B lantai 4 zona Tengah mengalami kerusakan, gejala yang terjadi adalah netes air dan berisik banget, mohon untuk segera diperbaiki|Perbaikan Exhaust Fan dilakukan dengan mengganti komponen yang rusak akibat kualitas material yang buruk dan melakukan pengecekan ulang|Exhaust Fan|Gedung B|Lantai 4|Zona Tengah|Ventilasi Sistem|Sedang|Kualitas material|Tampilan rusak|930000
Tolong dong Heat Detector di Gedung Servis lantai 2 zona Tengah rusak bgt, nyetrum, gk tau dmn letak masalahnya, tp yg jelas ada bau gosong, tolong bantu|Tegangan tidak stabil, dilakukan pengecekan dan perbaikan komponen yang rusak, biaya perbaikan sebesar Rp 6900000|Heat Detector|Gedung Servis|Lantai 2|Zona Tengah|Sistem Proteksi Kebakaran Aktif|Fatal|Tegangan tidak stabil|Getaran berlebihan|6900000
Mohon bantuan, Heat Detector di Gedung Servis lantai 2 zona Tengah mengalami kerusakan, gejala yang terjadi adalah nyetrum dan bau gosong, mohon untuk segera ditangani|Dilakukan analisis dan perbaikan Heat Detector, ditemukan bahwa penyebab kerusakan adalah Tegangan tidak stabil, sehingga dilakukan perbaikan dan penggantian komponen yang rusak, biaya perbaikan Rp 6900000|Heat Detector|Gedung Servis|Lantai 2|Zona Tengah|Sistem Proteksi Kebakaran Aktif|Fatal|Tegangan tidak stabil|Getaran berlebihan|6900000
Tolong dong Jockey Pump di Gedung Utama lantai 19 zona Timur rusak nih, bunyi pelan bgt, gk tau dmn letak masalahnya, tolong bantu ya|Teknisi melakukan pengecekan dan perbaikan, menemukan bahwa kerusakan disebabkan oleh Aus normal, dilakukan penggantian komponen yang rusak|Jockey Pump|Gedung Utama|Lantai 19|Zona Timur|Sistem Pemadam Kebakaran|Ringan|Aus normal|Lampu mati|370000
Jockey Pump di Gedung Utama lantai 19 zona Timur mengalami kerusakan, gejala yang terjadi adalah lampu mati, tolong dicek dan diperbaiki|Teknisi melakukan pengecekan dan perbaikan, menemukan bahwa kerusakan disebabkan oleh Aus normal, dilakukan penggantian komponen yang rusak, biaya perbaikan sebesar 370000|Jockey Pump|Gedung Utama|Lantai 19|Zona Timur|Sistem Pemadam Kebakaran|Ringan|Aus normal|Lampu mati|370000
Tolong dong Smoke Detector di Gedung Utama lantai 16 zona Selatan bgt rusak nih, gk tau kenapa tiba2 meledak gitu, tolong bantu yah yg bisa perbaiki|Ditemukan kerusakan pada komponen internal Smoke Detector karena Aus normal, dilakukan perbaikan dengan mengganti komponen yang rusak dan memastikan sistem proteksi kebakaran aktif berfungsi dengan baik|Rusak Fatal|Gedung Utama|Lantai 16|Zona Selatan|Sistem Proteksi Kebakaran Aktif|Fatal|Aus normal|Tampilan rusak|29250000
Mohon bantuan untuk memperbaiki Smoke Detector yang terletak di Gedung Utama lantai 16 zona Selatan, karena terjadi kerusakan yang menyebabkan tampilan rusak dan tidak berfungsi dengan baik, sehingga menyebabkan keadaan darurat yang fatal|Dilakukan analisis dan perbaikan pada Smoke Detector dengan mengganti komponen yang rusak dan memastikan sistem proteksi kebakaran aktif berfungsi dengan baik, biaya perbaikan sebesar Rp 29250000|Smoke Detector|Gedung Utama|Lantai 16|Zona Selatan|Sistem Proteksi Kebakaran Aktif|Fatal|Aus normal|Tampilan rusak|29250000
Tolong dong Plafon Gypsum / GRC di Gedung A lantai 10 zona Tengah bgt rusak parah bgt, kayaknya terbakar atau apa gitu, gk tau deh, tolong dong dicek yg, dmn ada yg bisa bantu?|Kerusakan plafon gypsum/GRC di Gedung A lantai 10 zona Tengah disebabkan kualitas material yang buruk, perlu dilakukan penggantian dengan bahan yang lebih baik dan tahan lama|Plafon Gypsum / GRC|Gedung A|Lantai 10|Zona Tengah|Arsitektur|Fatal|Kualitas material|Aus/abrasi|42160000
Mohon perhatian, kami telah mendapati kerusakan pada Plafon Gypsum / GRC yang terletak di Gedung A, lantai 10, zona Tengah, kondisinya sangat parah dan terbakar, sehingga memerlukan perhatian segera|Laporan teknis menyatakan bahwa kerusakan plafon gypsum/GRC disebabkan oleh kualitas material yang buruk, sehingga diperlukan penggantian dengan bahan yang lebih tahan lama dan berkualitas, dengan biaya perbaikan sebesar Rp 42160000|Plafon Gypsum / GRC|Gedung A|Lantai 10|Zona Tengah|Arsitektur|Fatal|Kualitas material|Aus/abrasi|42160000
Tolong dong Lampu LED Bulb di Gedung Parkir lantai 5 zona Selatan rusak nih, gk tau dmn letak masalahnya, tp lampunya bunyi pelan bgt, yg penting cepat diperbaiki ya|Lampu LED Bulb mengalami getaran berlebihan karena tegangan tidak stabil, sehingga diperlukan pengecekan dan penyesuaian tegangan untuk menghindari kerusakan lebih lanjut, biaya perbaikan sebesar Rp 400000|Lampu LED Bulb|Gedung Parkir|Lantai 5|Zona Selatan|Electrical|Ringan|Tegangan tidak stabil|Getaran berlebihan|400000
Lampu LED Bulb di Gedung Parkir lantai 5 zona Selatan mengalami gangguan, bunyi pelan dan getaran berlebihan, mohon untuk diperiksa dan diperbaiki secepatnya|Lampu LED Bulb mengalami kerusakan karena tegangan tidak stabil, sehingga diperlukan pengecekan dan penyesuaian tegangan untuk menghindari kerusakan lebih lanjut, biaya perbaikan sebesar Rp 400000|Lampu LED Bulb|Gedung Parkir|Lantai 5|Zona Selatan|Electrical|Ringan|Tegangan tidak stabil|Getaran berlebihan|400000
Tolong dong Dinding Tembok/Mansonry di Gedung Servis lantai 1 zona Timur rusak nih, berisik banget dan netes air bgt, gk tahu dmn letak kerusakannya, tolong bantu perbaiki yg|Perbaikan dilakukan karena Human error, perlu pengecekan ulang dan perbaikan komponen yang rusak|Dinding Tembok/Mansonry|Gedung Servis|Lantai 1|Zona Timur|Civil|Sedang|Human error|Overheat|770000
Mohon periksa Dinding Tembok/Mansonry di Gedung Servis lantai 1 zona Timur, karena mengalami kerusakan yang menyebabkan berisik dan netes air, mohon perbaiki secepatnya|Perbaikan telah dilakukan dengan memperbaiki komponen yang rusak akibat Human error, biaya perbaikan sebesar Rp 770000|Dinding Tembok/Mansonry|Gedung Servis|Lantai 1|Zona Timur|Civil|Sedang|Human error|Overheat|770000
Gue butuh bantuan, Pesawat Telepon di Gedung Servis lantai 1 zona Tengah rusak nih, bunyi pelan bgt, gk tau dmn letak masalahnya, tolong dong dibenerin yg, cepat!|Teknisi melakukan pengecekan dan perbaikan pada Pesawat Telepon yang mengalami tekanan tidak stabil akibat getaran, dilakukan penyetelan ulang dan pembersihan|Pesawat Telepon|Gedung Servis|Lantai 1|Zona Tengah|Sistem Telekomunikasi Gedung|Ringan|Getaran|Tekanan tidak stabil|270000
Mohon perhatian, terdapat kendala pada Pesawat Telepon yang terletak di Gedung Servis lantai 1 zona Tengah, gejala yang timbul adalah suara pelan, mohon dilakukan pengecekan dan perbaikan secepatnya|Teknisi melakukan inspeksi dan perbaikan pada Pesawat Telepon yang mengalami tekanan tidak stabil akibat getaran, dilakukan perbaikan dan penggantian komponen yang diperlukan|Pesawat Telepon|Gedung Servis|Lantai 1|Zona Tengah|Sistem Telekomunikasi Gedung|Ringan|Getaran|Tekanan tidak stabil|270000
Tolong dong Monitor/Layar di Gedung D lantai 3 zona Utara rusak bgt, gk nyala sama sekali, tolong bantu dmn bisa di perbaiki?|Kerusakan disebabkan oleh human error, perlu dilakukan perbaikan sistem untuk mengembalikan performa|Monitor/Layar|Gedung D|Lantai 3|Zona Utara|Sistem Telekomunikasi Gedung|Berat|Human error|Performa menurun|4080000
Mohon bantuan, Monitor/Layar di Gedung D lantai 3 zona Utara mengalami kerusakan berat, tidak nyala sama sekali|Perbaikan dilakukan dengan mengatasi human error yang menyebabkan kerusakan, biaya perbaikan sebesar Rp 4080000|Monitor/Layar|Gedung D|Lantai 3|Zona Utara|Sistem Telekomunikasi Gedung|Berat|Human error|Performa menurun|4080000
Tolong dong AC Cassette di Gedung C lantai 3 zona Selatan rusak bgt, gk nyala sama sekali, yg bisa bantu?|Setelah melakukan inspeksi, ditemukan bahwa penyebab kerusakan adalah Debu/kotoran yang menyumbat sistem, sehingga dilakukan pembersihan dan perawatan untuk menghilangkan debu dan kotoran tersebut|AC Cassette|Gedung C|Lantai 3|Zona Selatan|Mechanical|Berat|Debu/kotoran|Macet/tersumbat|9490000
Mohon bantuan untuk memperbaiki AC Cassette di Gedung C lantai 3 zona Selatan, karena telah mengalami kerusakan yang menyebabkan tidak nyala sama sekali|Penyebab kerusakan adalah Debu/kotoran yang menyumbat sistem, sehingga dilakukan pembersihan dan perawatan untuk menghilangkan debu dan kotoran tersebut, dengan biaya perbaikan sebesar Rp 9490000|AC Cassette|Gedung C|Lantai 3|Zona Selatan|Mechanical|Berat|Debu/kotoran|Macet/tersumbat|9490000
Tolong dong FCU di Gedung E lantai 5 zona Barat rusak bgt, gk nyala sama sekali, tolong bantu yg, dmn ada teknisi?|FCU mengalami aus normal, perlu dilakukan penggantian komponen untuk mengatasi korsleting, biaya perbaikan sebesar Rp 3550000|FCU|Gedung E|Lantai 5|Zona Barat|Mechanical|Berat|Aus normal|Korsleting|3550000
Mohon bantuan untuk perbaikan FCU di Gedung E lantai 5 zona Barat, FCU tersebut telah mati total.|FCU mengalami aus normal, dilakukan penggantian komponen, biaya perbaikan sebesar Rp 3550000|FCU|Gedung E|Lantai 5|Zona Barat|Mechanical|Berat|Aus normal|Korsleting|3550000
Tolong dong Roof Tank di Gedung E lantai 2 zona Utara rusak bgt, gk tau dmn salahnya, tp yg jelas mogok total, bgt butuh bantuan|Diperlukan perbaikan karena usia pakai, dilakukan pembersihan dan penggantian komponen yang rusak|Roof Tank|Gedung E|Lantai 2|Zona Utara|Distribusi Air|Berat|Usia pakai|Macet/tersumbat|6750000
Mohon bantuan, Roof Tank di Gedung E lantai 2 zona Utara mengalami kerusakan berat, tidak nyala sama sekali, perlu dilakukan perbaikan segera|Dilakukan pemeriksaan dan perbaikan karena usia pakai, dengan tindakan perbaikan yang tepat|Roof Tank|Gedung E|Lantai 2|Zona Utara|Distribusi Air|Berat|Usia pakai|Macet/tersumbat|6750000
Gak bgt deh, Control Panel AC di Gedung C lantai 6 zona Utara rusak bgt, dmn yg nyala gk, bahkan ada bau gosong yg menusuk hidung, tolong dong cepat di perbaiki ya, gk tahu knp tiba2 rusak gitu|Faktor lingkungan menyebabkan sensor error, perlu dilakukan penggantian sensor dan pengecekan ulang sistem|Control Panel AC|Gedung C|Lantai 6|Zona Utara|Electrical|Fatal|Faktor lingkungan|Sensor error|55910000
Mohon bantuan, Control Panel AC di Gedung C lantai 6 zona Utara mengalami kerusakan parah, dengan gejala nyetrum dan bau gosong, mohon segera dikirim teknisi untuk memperbaiki|Faktor lingkungan menyebabkan kerusakan, perlu dilakukan perbaikan dan penggantian komponen yang rusak, dengan biaya perbaikan sebesar Rp 55910000|Control Panel AC|Gedung C|Lantai 6|Zona Utara|Electrical|Fatal|Faktor lingkungan|Sensor error|55910000
Gondola di Gedung D lantai 2 zona Timur bunyi abnormal bgt, gk tahu dmn yg bermasalah, tolong dong cepat diatasi|Ditemukan kerusakan pada komponen yang dipengaruhi oleh Faktor lingkungan, dilakukan penggantian komponen dan penyesuaian untuk mengurangi bunyi abnormal, biaya perbaikan sebesar Rp 1550000|Gondola|Gedung D|Lantai 2|Zona Timur|Sistem Transportasi Gedung|Sedang|Faktor lingkungan|Bunyi abnormal|1550000
Mohon perhatian, Gondola di Gedung D lantai 2 zona Timur mengalami kerusakan yang menyebabkan bunyi abnormal, tolong dicek dan diperbaiki secepatnya|Setelah dilakukan inspeksi, ditemukan bahwa kerusakan disebabkan oleh Faktor lingkungan, kemudian dilakukan perbaikan dan penggantian komponen yang rusak, biaya perbaikan Rp 1550000|Gondola|Gedung D|Lantai 2|Zona Timur|Sistem Transportasi Gedung|Sedang|Faktor lingkungan|Bunyi abnormal|1550000
Tolong dong Lampu LED di Gedung C lantai 2 zona Barat meledak bgt, gk tau knp, tolong bantu yg, dmn ada yg bisa perbaiki?!|Lampu LED mengalami kerusakan akibat faktor lingkungan, perlu dilakukan perbaikan segera dengan mengganti komponen yang rusak, biaya perbaikan sebesar Rp 50000|Lampu LED|Gedung C|Lantai 2|Zona Barat|Electrical|Fatal|Faktor lingkungan|Getaran berlebihan|50000
Saya ingin melaporkan bahwa Lampu LED di Gedung C lantai 2 zona Barat mengalami kerusakan yang sangat parah, bahkan meledak, sehingga perlu dilakukan perbaikan segera|Lampu LED mengalami kerusakan akibat faktor lingkungan, perlu dilakukan perbaikan segera dengan mengganti komponen yang rusak|Lampu LED|Gedung C|Lantai 2|Zona Barat|Electrical|Fatal|Faktor lingkungan|Getaran berlebihan|50000
Tolong dong Dinding GRC di Gedung Utama lantai 19 zona Timur bgt rusak nih, gk tahu dmn salahnya, tp yg jelas Dinding GRC nyetrum banget|Dinding GRC mengalami kerusakan fatal akibat kurang perawatan, perlu dilakukan perbaikan segera dengan mengganti komponen yang rusak|Dinding GRC|Gedung Utama|Lantai 19|Zona Timur|Civil|Fatal|Kurang perawatan|Mati mendadak|780000
Mohon bantuan untuk memperbaiki Dinding GRC di Gedung Utama lantai 19 zona Timur, karena Dinding GRC tersebut mengalami kerusakan yang cukup parah dan berpotensi menyebabkan kecelakaan|Dinding GRC mengalami kerusakan fatal akibat kurang perawatan, perlu dilakukan perbaikan segera dengan mengganti komponen yang rusak dan melakukan perawatan rutin|Dinding GRC|Gedung Utama|Lantai 19|Zona Timur|Civil|Fatal|Kurang perawatan|Mati mendadak|780000
Halo, saya mau lapor Lampu Wall sign di Gedung A lantai 8 zona Barat rusak nih, gk tau kenapa, tapi yg jelas bunyi pelan bgt, tolong dong|Ditemukan kerusakan pada Lampu Wall sign di Gedung Gedung A lantai 8 zona Barat, penyebabnya adalah Faktor lingkungan, sehingga dilakukan perbaikan dengan mengganti komponen yang rusak, biaya perbaikan sebesar 240000|Lampu Wall sign|Gedung A|Lantai 8|Zona Barat|Electrical|Ringan|Faktor lingkungan|Korsleting|240000
Saya ingin melaporkan bahwa Lampu Wall sign di Gedung A lantai 8 zona Barat mengalami kerusakan, bunyi pelan dan kurang terang, mohon untuk diperiksa dan diperbaiki, terima kasih|Ditemukan kerusakan pada Lampu Wall sign di Gedung Gedung A lantai 8 zona Barat, penyebabnya adalah Faktor lingkungan, sehingga dilakukan perbaikan dengan mengganti komponen yang rusak, biaya perbaikan sebesar 240000|Lampu Wall sign|Gedung A|Lantai 8|Zona Barat|Electrical|Ringan|Faktor lingkungan|Korsleting|240000
Tolong dong Lampu LED Bulb di Gedung C lantai 3 zona Tengah rusak nih, gk tau knp tiba2 mati total bgt, tolong bantu yg|Lampu LED Bulb mengalami kerusakan karena usia pakai, perlu diganti dengan yang baru|Lampu LED Bulb|Gedung C|Lantai 3|Zona Tengah|Electrical|Berat|Usia pakai|Mati mendadak|3060000
Mohon bantuan untuk memperbaiki Lampu LED Bulb di Gedung C lantai 3 zona Tengah yang tidak nyala sama sekali|Lampu LED Bulb mengalami kerusakan karena usia pakai, perlu dilakukan penggantian dengan biaya sebesar Rp 3060000|Lampu LED Bulb|Gedung C|Lantai 3|Zona Tengah|Electrical|Berat|Usia pakai|Mati mendadak|3060000
Tolong dong Pesawat Telepon di Gedung Utama lantai 4 zona Tengah rusak bgt, gk bisa dipake, tolong bantu, dmn kita harus menghubungi?|Ditemukan kerusakan pada Pesawat Telepon karena Kelembaban tinggi, dilakukan perbaikan dengan mengganti komponen yang rusak dan pengecekan secara menyeluruh|Pesawat Telepon|Gedung Utama|Lantai 4|Zona Tengah|Sistem Telekomunikasi Gedung|Berat|Kelembaban tinggi|Suhu tidak stabil|9080000
Mohon bantuan untuk perbaikan Pesawat Telepon yang terletak di Gedung Utama, lantai 4, zona Tengah, karena mengalami kerusakan yang cukup parah, tidak dapat digunakan sama sekali|Perbaikan dilakukan dengan mengganti komponen yang rusak dan membersihkan area yang terkena Kelembaban tinggi, biaya perbaikan sebesar Rp 9080000|Pesawat Telepon|Gedung Utama|Lantai 4|Zona Tengah|Sistem Telekomunikasi Gedung|Berat|Kelembaban tinggi|Suhu tidak stabil|9080000
Gdg Gedung C lantai 5 zona barat, dinding partisi GRC/Gypsum-nya jebol bgt, gk tau dmn salahnya, tp yg jelas rusak parah, tolong dong cepat perbaiki|Dinding Partisi, GRC/Gypsum mengalami kerusakan akibat Overload, perlu dilakukan perbaikan dengan mengganti komponen yang rusak|Dinding Partisi, GRC / Gypsum|Gedung C|Lantai 5|Zona Barat|Civil|Berat|Overload|Aus/abrasi|6840000
Dengan hormat, saya melaporkan bahwa Dinding Partisi, GRC/Gypsum di Gedung C lantai 5 zona Barat mengalami kerusakan yang cukup parah, yaitu jebol, mohon untuk segera dilakukan perbaikan|Dinding Partisi, GRC/Gypsum mengalami kerusakan akibat Overload, perlu dilakukan perbaikan dengan mengganti komponen yang rusak, biaya perbaikan diperkirakan sebesar Rp 6840000|Dinding Partisi, GRC / Gypsum|Gedung C|Lantai 5|Zona Barat|Civil|Berat|Overload|Aus/abrasi|6840000
Tolong dong Breker Panel di Gedung A lantai 2 zona Timur rusak bgt, gk tau dmn letak kerusakannya, tapi yg jelas Breker Panel itu mati total, bantu saya yg, bgt|Laporan teknisi: Kualitas material Breker Panel tidak memenuhi standar, perlu dilakukan penggantian komponen, biaya perbaikan sebesar Rp 8700000|Breker Panel|Gedung A|Lantai 2|Zona Timur|Electrical|Berat|Kualitas material|Kebocoran|8700000
Mohon bantu perbaiki Breker Panel di Gedung A lantai 2 zona Timur, Breker Panel tersebut sudah tidak berfungsi sama sekali, kami mohon bantuan untuk memperbaiki atau menggantinya, terima kasih|Laporan teknisi: Kualitas material Breker Panel tidak memenuhi standar, perlu dilakukan penggantian komponen, biaya perbaikan sebesar Rp 8700000|Breker Panel|Gedung A|Lantai 2|Zona Timur|Electrical|Berat|Kualitas material|Kebocoran|8700000
Tolong dong Smoke Detector di Gedung A lantai 13 zona Selatan rusak nih, bgt kotor dan berdebu, yg bikin gk nyaman bgt|Perbaikan dilakukan dengan membersihkan komponen yang berkarat akibat getaran, kemudian dilakukan pengecekan ulang untuk memastikan smoke detector berfungsi dengan baik|Rusak|Gedung A|Lantai 13|Zona Selatan|Sistem Proteksi Kebakaran Aktif|Ringan|Getaran|Berkarat/korosi|190000
Saya ingin melaporkan bahwa Smoke Detector di Gedung A lantai 13 zona Selatan mengalami kerusakan, yaitu berkarat dan korosi akibat getaran, sehingga perlu dilakukan perbaikan|Perbaikan dilakukan dengan membersihkan dan mengganti komponen yang rusak, serta pengecekan ulang untuk memastikan smoke detector berfungsi dengan baik, dengan biaya perbaikan Rp 190000|Rusak|Gedung A|Lantai 13|Zona Selatan|Sistem Proteksi Kebakaran Aktif|Ringan|Getaran|Berkarat/korosi|190000
Tolong dong Wiring System (Sistem Instalasi Kabel) di Gedung Parkir lantai 1 zona Tengah rusak bgt, gk tau dmn letak kerusakannya, tp yg jelas listriknya mati total, bantu yah!|Kerusakan disebabkan oleh kualitas material yang buruk, perlu dilakukan penggantian komponen|Wiring System (Sistem Instalasi Kabel)|Gedung Parkir|Lantai 1|Zona Tengah|Electrical|Berat|Kualitas material|Aliran lemah|7390000
Mohon bantuan untuk memperbaiki Wiring System (Sistem Instalasi Kabel) di Gedung Parkir lantai 1 zona Tengah, karena listriknya tidak nyala sama sekali.|Kerusakan disebabkan oleh kualitas material yang buruk, perlu dilakukan penggantian komponen dan perbaikan untuk menghilangkan aliran lemah, biaya perbaikan sebesar 7390000|Wiring System (Sistem Instalasi Kabel)|Gedung Parkir|Lantai 1|Zona Tengah|Electrical|Berat|Kualitas material|Aliran lemah|7390000
Tolong dong Dinding Keramik/Mozaik di Gedung Utama lantai 15 zona Timur rusak nih, yg bgt kotor dan kusam bgt, gk tau dmn masalahnya|Dinding Keramik/Mozaik mengalami kerusakan karena kualitas material yang tidak memadai, perlu dilakukan perbaikan dengan mengganti komponen yang rusak|Dinding Keramik/Mozaik|Gedung Utama|Lantai 15|Zona Timur|Civil|Ringan|Kualitas material|Koneksi terputus|340000
Mohon perhatian, Dinding Keramik/Mozaik di Gedung Utama lantai 15 zona Timur mengalami kerusakan, tampaknya karena koneksi yang terputus, tolong dicek dan diperbaiki|Dinding Keramik/Mozaik mengalami kerusakan karena kualitas material yang tidak memadai, perlu dilakukan perbaikan dengan mengganti komponen yang rusak, biaya perbaikan sebesar Rp 340000|Dinding Keramik/Mozaik|Gedung Utama|Lantai 15|Zona Timur|Civil|Ringan|Kualitas material|Koneksi terputus|340000
Genset Diesel di Gedung Utama lantai 10 zona Barat bgt rusak nih, kayaknya meledak gk tau dmn asalnya|Perbaikan dilakukan dengan mengganti komponen yang aus normal dan membersihkan bagian yang macet, biaya perbaikan sebesar Rp 36900000|Genset Diesel|Gedung Utama|Lantai 10|Zona Barat|Mechanical|Fatal|Aus normal|Macet/tersumbat|36900000
Mohon periksa Genset Diesel di Gedung Utama lantai 10 zona Barat, karena terjadi kejadian fatal berupa meledak|Laporan teknis: Aus normal pada komponen yang menyebabkan kerusakan macet, perlu dilakukan perbaikan segera dengan biaya perbaikan Rp 36900000|Genset Diesel|Gedung Utama|Lantai 10|Zona Barat|Mechanical|Fatal|Aus normal|Macet/tersumbat|36900000
Tolong dong atap spandek di gedung A lantai 11 zona Timur bgt rusak nih, gk tau dmn letak kerusakannya tapi yg jelas lampunya mati total, bau gosong bgt|Laporan teknisi: kerusakan disebabkan kelembaban tinggi, perbaikan dilakukan dengan mengganti komponen yang rusak dan melakukan pengecekan ulang, biaya perbaikan sekitar Rp 7210000|Atap Spandek|Gedung A|Lantai 11|Zona Timur|Civil|Fatal|Kelembaban tinggi|Lampu mati|7210000
Mohon perhatian atas kerusakan atap spandek di gedung A, lantai 11, zona Timur, kondisi sangat parah dengan lampu yang mati total dan bau gosong, mohon segera ditangani|Laporan teknisi: analisis menunjukkan kelembaban tinggi sebagai penyebab, tindakan perbaikan meliputi penggantian komponen yang rusak, biaya perbaikan sebesar Rp 7210000|Atap Spandek|Gedung A|Lantai 11|Zona Timur|Civil|Fatal|Kelembaban tinggi|Lampu mati|7210000
Tolong dong Dinding Keramik/Mozaik di Gedung E lantai 4 zona Utara rusak nih, gk bisa dipake bgt, yg dmn saya hrs lapor?|Dinding Keramik/Mozaik mengalami kerusakan akibat Kelembaban tinggi, perlu dilakukan pembersihan dan perawatan untuk menghindari kerusakan lebih lanjut|Dinding Keramik/Mozaik|Gedung E|Lantai 4|Zona Utara|Civil|Ringan|Kelembaban tinggi|Macet/tersumbat|330000
Mohon bantuan untuk memperbaiki Dinding Keramik/Mozaik di Gedung E lantai 4 zona Utara, karena mengalami kerusakan yang menyebabkan Macet/tersumbat|Dinding Keramik/Mozaik mengalami kerusakan akibat Kelembaban tinggi, perlu dilakukan pembersihan dan perawatan untuk menghindari kerusakan lebih lanjut dengan biaya perbaikan sebesar 330000|Dinding Keramik/Mozaik|Gedung E|Lantai 4|Zona Utara|Civil|Ringan|Kelembaban tinggi|Macet/tersumbat|330000
Lantai Granit di Gedung Parkir lantai 3 zona Selatan bgt rusak bgt, gk tahu dmn awalnya rusak, yg pasti skr lantai granit nya gk berfungsi sm sekali!|Lantai Granit mengalami kerusakan total karena usia pakai, perlu dilakukan perbaikan dengan mengganti komponen yang rusak|Lantai Granit|Gedung Parkir|Lantai 3|Zona Selatan|Civil|Fatal|Usia pakai|Tidak berfungsi total|38510000
Mohon bantu perbaiki Lantai Granit di Gedung Parkir lantai 3 zona Selatan, kondisinya sudah tidak berfungsi total, kemarin pagi masih normal, tapi skr sudah gk berfungsi, tolong dicek dan diperbaiki secepatnya|Lantai Granit mengalami kerusakan parah akibat usia pakai, perlu dilakukan perbaikan dengan mengganti komponen yang rusak, biaya perbaikan diperkirakan sebesar Rp 38510000|Lantai Granit|Gedung Parkir|Lantai 3|Zona Selatan|Civil|Fatal|Usia pakai|Tidak berfungsi total|38510000
Tolong dong Plafon Gypsum / GRC di Gedung Utama lantai 10 zona Tengah bgt rusak nih, nyetrum gk ketulungan, tolong bgt|Perbaikan dilakukan dengan mengganti sensor yang rusak dan mengurangi kelembaban tinggi, biaya perbaikan Rp 21480000|Plafon Gypsum / GRC|Gedung Utama|Lantai 10|Zona Tengah|Arsitektur|Fatal|Kelembaban tinggi|Sensor error|21480000
Mohon perhatian, terjadi kerusakan Plafon Gypsum / GRC di Gedung Utama lantai 10 zona Tengah, kondisi sangat parah, nyetrum, perlu penanganan segera|Tim teknisi melakukan perbaikan dengan mengganti komponen yang rusak dan mengurangi kelembaban tinggi, tindakan perbaikan selesai dengan biaya perbaikan|Plafon Gypsum / GRC|Gedung Utama|Lantai 10|Zona Tengah|Arsitektur|Fatal|Kelembaban tinggi|Sensor error|21480000
Tolong dong Lantai Keramik di Gedung A lantai 2 zona Barat rusak bgt, netes air terus, bikin repot banget, gk tau dmn letak kerusakannya, tolong bantu yaa|Lantai keramik mengalami korosi yang menyebabkan performa menurun, perlu dilakukan perbaikan dengan mengganti komponen yang rusak dan membersihkan area yang terkena korosi|Lantai Keramik|Gedung A|Lantai 2|Zona Barat|Civil|Sedang|Korosi|Performa menurun|1010000
Mohon perhatian, terdapat masalah dengan Lantai Keramik di Gedung A lantai 2 zona Barat, yaitu mengalami kerusakan yang menyebabkan performa menurun, berisik dan netes air, mohon dilakukan perbaikan secepatnya|Lantai keramik mengalami korosi yang menyebabkan performa menurun, perlu dilakukan perbaikan dengan mengganti komponen yang rusak dan membersihkan area yang terkena korosi, biaya perbaikan sebesar Rp 1010000|Lantai Keramik|Gedung A|Lantai 2|Zona Barat|Civil|Sedang|Korosi|Performa menurun|1010000
Gw butuh bantuan dmn APAB Dry Powder di Gedung Parkir lantai 1 zona Tengah rusak bgt, bahkan udah bocor deras gk bisa dipake lagi, tolong dong segera diatasi yg|Korosi pada pipa utama APAB Dry Powder menyebabkan tekanan tidak stabil, perlu dilakukan penggantian pipa dan perawatan rutin|APAB Dry Powder|Gedung Parkir|Lantai 1|Zona Tengah|Sistem Pemadam Kebakaran|Fatal|Korosi|Tekanan tidak stabil|49140000
Mohon perhatian, APAB Dry Powder di Gedung Parkir lantai 1 zona Tengah mengalami kerusakan parah, terbakar dan tidak dapat digunakan, mohon segera dilakukan perbaikan|Kerusakan pada APAB Dry Powder disebabkan oleh korosi, perlu dilakukan perbaikan dan penggantian komponen yang rusak, biaya perbaikan diperkirakan sebesar Rp 49140000|APAB Dry Powder|Gedung Parkir|Lantai 1|Zona Tengah|Sistem Pemadam Kebakaran|Fatal|Korosi|Tekanan tidak stabil|49140000
Tolong dong Dinding Partisi, GRC / Gypsum di Gedung Utama lantai 15 zona Tengah bgt rusak nih, gk tahu dmn salahnya tapi bau gosong bgt|Korosi pada Dinding Partisi, GRC / Gypsum menyebabkan sensor error, perbaikan dilakukan dengan mengganti komponen yang rusak|Dinding Partisi, GRC / Gypsum|Gedung Utama|Lantai 15|Zona Tengah|Civil|Fatal|Korosi|Sensor error|11490000
Mohon bantuan, Dinding Partisi, GRC / Gypsum di Gedung Utama lantai 15 zona Tengah mengalami kerusakan parah, terjadi bau gosong dan nyetrum|Kerusakan pada Dinding Partisi, GRC / Gypsum disebabkan oleh korosi, perlu dilakukan perbaikan segera|Dinding Partisi, GRC / Gypsum|Gedung Utama|Lantai 15|Zona Tengah|Civil|Fatal|Korosi|Sensor error|11490000
Tolong dong PABX di Gedung C lantai 7 zona Timur rusak bgt, gk tahu dmn letak kerusakannya, tp yg jelas PABXnya udah bocor deras banget, tolong cepat bantu|PABX di Gedung Gedung C lantai 7 zona Timur mengalami kerusakan akibat kelembaban tinggi, perlu dilakukan penggantian komponen yang aus dan perbaikan sistem|PABX|Gedung C|Lantai 7|Zona Timur|Sistem Telekomunikasi Gedung|Fatal|Kelembaban tinggi|Aus/abrasi|19410000
Lapor, PABX Gedung C lantai 7 zona Timur terbakar|PABX di Gedung Gedung C lantai 7 zona Timur mengalami kerusakan fatal akibat kelembaban tinggi, perlu dilakukan perbaikan dan penggantian komponen yang aus|PABX|Gedung C|Lantai 7|Zona Timur|Sistem Telekomunikasi Gedung|Fatal|Kelembaban tinggi|Aus/abrasi|19410000
Mohon bantuan, PABX di Gedung C lantai 7 zona Timur mengalami kerusakan yang cukup parah, nyetrum dan bau gosong, tolong dicek dan diperbaiki secepatnya|PABX di Gedung Gedung C lantai 7 zona Timur mengalami kerusakan akibat kelembaban tinggi, perlu dilakukan penggantian komponen yang aus dan perbaikan sistem, dengan biaya perbaikan sebesar Rp 19410000|PABX|Gedung C|Lantai 7|Zona Timur|Sistem Telekomunikasi Gedung|Fatal|Kelembaban tinggi|Aus/abrasi|19410000
Tolong dong Heat Detector di Gedung C lantai 1 zona Timur rusak nih, bunyi abnormal bgt, gk tau apa penyebabnya, tolong bantu perbaiki yg cepat ya|Perbaikan Heat Detector di Gedung Gedung C lantai 1 zona Timur karena usia pakai, dilakukan penggantian komponen yang rusak dan penyesuaian sistem|Heat Detector|Gedung C|Lantai 1|Zona Timur|Sistem Proteksi Kebakaran Aktif|Sedang|Usia pakai|Bunyi abnormal|1380000
Mohon perhatian, terdapat kerusakan pada Heat Detector yang terletak di Gedung C, lantai 1, zona Timur, menimbulkan bunyi abnormal, mohon dilakukan perbaikan secepatnya|Perbaikan Heat Detector di Gedung Gedung C lantai 1 zona Timur karena usia pakai, dilakukan penggantian komponen yang rusak dan penyesuaian sistem|Heat Detector|Gedung C|Lantai 1|Zona Timur|Sistem Proteksi Kebakaran Aktif|Sedang|Usia pakai|Bunyi abnormal|1380000
Tolong dong Pesawat Telepon di Gedung E lantai 3 zona Utara rusak nih, bgt kotor gk bisa dipake, yg dmn bisa bantu?|Ditemukan kerusakan pada Pesawat Telepon akibat Kelembaban tinggi, dilakukan pembersihan dan penggantian komponen yang rusak|Pesawat Telepon|Gedung E|Lantai 3|Zona Utara|Sistem Telekomunikasi Gedung|Ringan|Kelembaban tinggi|Mati mendadak|210000
Mohon bantuan untuk memperbaiki Pesawat Telepon di Gedung E lantai 3 zona Utara, karena sudah tidak bisa digunakan, terima kasih.|Pesawat Telepon mengalami kerusakan karena Kelembaban tinggi, dilakukan perbaikan dengan mengganti komponen yang rusak dan membersihkan perangkat, biaya perbaikan sebesar Rp 210000|Pesawat Telepon|Gedung E|Lantai 3|Zona Utara|Sistem Telekomunikasi Gedung|Ringan|Kelembaban tinggi|Mati mendadak|210000
Gue butuh bantuan, Plafon di Gedung B lantai 7 zona Selatan rusak bgt, yg benerin jg gk tau dmn mulai, tolong dong!|Ditemukan kerusakan pada plafon akibat kualitas material yang buruk, perlu dilakukan perbaikan dengan mengganti material yang rusak|Plafon|Gedung B|Lantai 7|Zona Selatan|Arsitektur|Berat|Kualitas material|Retak/pecah|8050000
Mohon perhatian, terdapat kerusakan pada Plafon di Gedung B lantai 7 zona Selatan, kondisinya sudah tidak bisa digunakan lagi|Kerusakan plafon disebabkan oleh kualitas material yang buruk, perlu dilakukan perbaikan dengan mengganti material yang rusak, biaya perbaikan sebesar Rp 8050000|Plafon|Gedung B|Lantai 7|Zona Selatan|Arsitektur|Berat|Kualitas material|Retak/pecah|8050000
Tolong dong Dinding Tembok/Mansonry di Gedung A lantai 1 zona Utara rusak nih, bgt kotor dan berdebu, gk tau dmn salahnya, yg penting dibenerin ya|Dinding Tembok/Mansonry mengalami getaran berlebihan karena human error, perlu dibersihkan dan diperiksa ulang|Dinding Tembok/Mansonry|Gedung A|Lantai 1|Zona Utara|Civil|Ringan|Human error|Getaran berlebihan|560000
Lapor, Dinding Tembok/Mansonry Gedung A lantai 1 zona Utara|Dinding Tembok/Mansonry mengalami kerusakan ringan karena human error, dilakukan pembersihan dan perawatan|Dinding Tembok/Mansonry|Gedung A|Lantai 1|Zona Utara|Civil|Ringan|Human error|Getaran berlebihan|560000
Mohon bantuan untuk perbaikan Dinding Tembok/Mansonry di Gedung A lantai 1 zona Utara, karena terdapat getaran berlebihan yang mengganggu|Dinding Tembok/Mansonry telah diperiksa dan diperbaiki, penyebabnya adalah human error, biaya perbaikan sebesar Rp 560000|Dinding Tembok/Mansonry|Gedung A|Lantai 1|Zona Utara|Civil|Ringan|Human error|Getaran berlebihan|560000
Tolong dong Jet Pump di Gedung D lantai 4 zona Utara bgt rusak nih, kayaknya meledak gk tau dmn asalnya, tolong dong bantu yg, Jet Pump|Jet Pump mengalami kerusakan karena debu/kotoran yang menyebabkan getaran berlebihan, perlu dibersihkan dan diperiksa ulang, biaya perbaikan sebesar Rp 33620000|Jet Pump|Gedung D|Lantai 4|Zona Utara|Distribusi Air|Fatal|Debu/kotoran|Getaran berlebihan|33620000
Mohon bantuan, Jet Pump di Gedung D lantai 4 zona Utara mengalami kerusakan yang sangat parah, seperti meledak, mohon dicek dan diperbaiki secepatnya|Jet Pump mengalami kerusakan karena debu/kotoran yang menyebabkan getaran berlebihan, perlu dibersihkan dan diperiksa ulang, biaya perbaikan sebesar Rp 33620000|Jet Pump|Gedung D|Lantai 4|Zona Utara|Distribusi Air|Fatal|Debu/kotoran|Getaran berlebihan|33620000
Tolong dong Atap Genteng di Gedung Parkir lantai 4 zona Timur rusak bgt, gk tau dmn awalnya, tp skr mati total, tolong bantu, gk bs dipake lg|Ditemukan kerusakan pada Atap Genteng di Gedung Gedung Parkir lantai 4 zona Timur, penyebabnya adalah Kurang perawatan, perlu dilakukan perbaikan dengan mengganti komponen yang rusak|Atap Genteng|Gedung Parkir|Lantai 4|Zona Timur|Civil|Berat|Kurang perawatan|Aliran lemah|8810000
Mohon bantuan, Atap Genteng di Gedung Parkir lantai 4 zona Timur mengalami kerusakan, tidak dapat digunakan, perlu perbaikan segera|Atap Genteng di Gedung Gedung Parkir lantai 4 zona Timur rusak, disebabkan oleh Kurang perawatan, perlu dilakukan perbaikan dengan biaya sebesar Rp 8810000|Atap Genteng|Gedung Parkir|Lantai 4|Zona Timur|Civil|Berat|Kurang perawatan|Aliran lemah|8810000
Tolong dong Lantai Keramik di Gedung Servis lantai 3 zona Utara rusak nih, bgt, gk tau knp tiba2 mati begitu aja, tolong cepat bantu perbaiki ya|Lantai Keramik mengalami kerusakan fatal akibat Debu/kotoran, perlu dibersihkan dan diperbaiki|Lantai Keramik|Gedung Servis|Lantai 3|Zona Utara|Civil|Fatal|Debu/kotoran|Mati mendadak|31120000
Mohon bantuan untuk memperbaiki Lantai Keramik di Gedung Servis lantai 3 zona Utara, karena telah mengalami kerusakan fatal akibat Debu/kotoran, sehingga menyebabkan mati mendadak|Lantai Keramik mengalami kerusakan fatal akibat Debu/kotoran, perlu dibersihkan dan diperbaiki dengan biaya perbaikan sebesar Rp 31120000|Lantai Keramik|Gedung Servis|Lantai 3|Zona Utara|Civil|Fatal|Debu/kotoran|Mati mendadak|31120000
Mohon bantuan, Lift Executive di Gedung Utama lantai 16 zona Tengah mengalami kerusakan yang sangat parah, lampu mati dan terjadi nyetrum, sehingga sangat membahayakan keselamatan pengguna|Lift Executive di Gedung Utama lantai 16 zona Tengah mengalami kerusakan fatal karena kualitas material yang buruk, sehingga perlu dilakukan perbaikan dengan mengganti komponen yang rusak dan memerlukan biaya sebesar 1490000|Lift Executive|Gedung Utama|Lantai 16|Zona Tengah|Sistem Transportasi Gedung|Fatal|Kualitas material|Lampu mati|1490000
Gedung E lantai 3 zona Timur dinding temboknya bgt rusak ya, netes air terus bgt, tolong dong diperbaiki yg, dmn gk tau sih, tapi mesti segera|Dinding tembok/masonry mengalami kerusakan karena kualitas material yang buruk, perlu diperbaiki dengan menggunakan material yang lebih baik|Dinding Tembok/Mansonry|Gedung E|Lantai 3|Zona Timur|Civil|Sedang|Kualitas material|Aliran lemah|410000
Mohon perbaikan dinding tembok/masonry di Gedung E lantai 3 zona Timur karena mengalami kerusakan, terdapat netes air yang terus menerus, mohon segera diperbaiki|Dinding tembok/masonry mengalami kerusakan akibat kualitas material yang buruk, perlu diperbaiki dengan menggunakan material yang lebih baik, biaya perbaikan sebesar Rp 410000|Dinding Tembok/Mansonry|Gedung E|Lantai 3|Zona Timur|Civil|Sedang|Kualitas material|Aliran lemah|410000
Tolong dong Meter PDAM di Gedung C lantai 2 zona Tengah rusak nih, netes air terus bgt, gk tau dmn letak kerusakannya, tolong bantu perbaiki yg|Debu/kotoran menyebabkan kebocoran, perbaikan dilakukan dengan membersihkan dan mengganti komponen yang rusak|Meter PDAM|Gedung C|Lantai 2|Zona Tengah|Pencatatan Meter|Sedang|Debu/kotoran|Kebocoran|110000
Mohon periksa Meter PDAM di Gedung C, lantai 2, zona Tengah, karena mengalami kebocoran yang cukup mengganggu, perlu penanganan segera|Perbaikan dilakukan dengan membersihkan debu/kotoran dan mengganti komponen yang rusak, biaya perbaikan sebesar Rp 110000|Meter PDAM|Gedung C|Lantai 2|Zona Tengah|Pencatatan Meter|Sedang|Debu/kotoran|Kebocoran|110000
Lampu Wall sign di Gedung A lantai 4 zona Timur rusak bgt, gk nyala sama sekali, yg bingung dmn letak masalahnya|Laporan teknisi: Kerusakan disebabkan oleh Overload, dilakukan perbaikan dan penggantian komponen yang rusak|Lampu Wall sign|Gedung A|Lantai 4|Zona Timur|Electrical|Sedang|Overload|Tidak berfungsi total|680000
Mohon periksa Lampu Wall sign di Gedung A lantai 4 zona Timur, tidak berfungsi dengan baik, kendala teknis yang teridentifikasi adalah Overload|Laporan teknisi: Tindakan perbaikan meliputi pemeriksaan dan penggantian komponen yang rusak, biaya perbaikan sebesar Rp 680000|Lampu Wall sign|Gedung A|Lantai 4|Zona Timur|Electrical|Sedang|Overload|Tidak berfungsi total|680000
Tolong dong Plafon di Gedung Servis lantai 1 zona Selatan rusak bgt, yg bikin gk nyaman banget, tolong cepat diperbaiki ya, gk tahu dmn salahnya!|Perbaikan Plafon karena getaran yang menyebabkan kerusakan berat, dilakukan penggantian komponen yang rusak dan penyetelan ulang untuk menghilangkan getaran, biaya perbaikan sebesar Rp 8230000|Plafon|Gedung Servis|Lantai 1|Zona Selatan|Arsitektur|Berat|Getaran|Tidak berfungsi total|8230000
Mohon perhatian, Plafon di Gedung Servis lantai 1 zona Selatan mengalami kerusakan berat, tidak berfungsi total, mohon dilakukan perbaikan segera|Perbaikan Plafon karena getaran yang menyebabkan kerusakan berat, dilakukan penggantian komponen yang rusak dan penyetelan ulang untuk menghilangkan getaran, biaya perbaikan sebesar Rp 8230000|Plafon|Gedung Servis|Lantai 1|Zona Selatan|Arsitektur|Berat|Getaran|Tidak berfungsi total|8230000
Tolong dong Lantai Beton di Gedung A lantai 7 zona Timur rusak nih, gk tau kenapa tiba2 bunyi pelan bgt, yg pasti perlu diperbaiki dmn cepat|Lantai Beton mengalami kerusakan akibat Getaran, perlu dilakukan perbaikan dengan mengganti komponen yang rusak, biaya perbaikan sebesar Rp 170000|Lantai Beton|Gedung A|Lantai 7|Zona Timur|Civil|Ringan|Getaran|Aus/abrasi|170000
Mohon perbaikan Lantai Beton di Gedung A lantai 7 zona Timur, karena terdapat kerusakan yang menyebabkan bunyi pelan, mohon dicek dan diperbaiki secepatnya|Lantai Beton mengalami kerusakan akibat Getaran, perlu dilakukan perbaikan dengan mengganti komponen yang rusak, biaya perbaikan sebesar Rp 170000|Lantai Beton|Gedung A|Lantai 7|Zona Timur|Civil|Ringan|Getaran|Aus/abrasi|170000
Tolong dong Lampu LED di Gedung A lantai 1 zona Tengah rusak nih, mati total bgt, gk tau penyebabnya, tolong diperbaiki yg cepat dmn masih garansi atau gk?|Lampu LED mengalami kerusakan akibat Aus normal, sehingga tidak dapat menyala, perlu dilakukan penggantian komponen yang rusak, biaya perbaikan sebesar 2320000|Lampu LED|Gedung A|Lantai 1|Zona Tengah|Electrical|Berat|Aus normal|Mati mendadak|2320000
Mohon perhatian, Lampu LED di Gedung A lantai 1 zona Tengah mengalami kerusakan, yaitu mati total, sehingga perlu dilakukan perbaikan segera.|Lampu LED mengalami kerusakan akibat Aus normal, sehingga tidak dapat menyala, perlu dilakukan penggantian komponen yang rusak, biaya perbaikan sebesar 2320000|Lampu LED|Gedung A|Lantai 1|Zona Tengah|Electrical|Berat|Aus normal|Mati mendadak|2320000
Tolong dong Plafon Gypsum / GRC di Gedung Utama lantai 4 zona Barat rusak bgt, netes air terus, gk tau dmn masalahnya, tolong bantu yg, bgt|Lakukan pengecekan getaran pada struktur plafon, kemudian lakukan perbaikan dengan mengganti komponen yang rusak|Plafon Gypsum / GRC|Gedung Utama|Lantai 4|Zona Barat|Arsitektur|Sedang|Getaran|Tidak berfungsi total|980000
Mohon bantu perbaiki Plafon Gypsum / GRC di Gedung Utama lantai 4 zona Barat, karena mengalami kerusakan yang menyebabkan netes air, sehingga sangat mengganggu|Perbaikan akan dilakukan dengan mengidentifikasi sumber getaran, kemudian mengganti komponen yang rusak, dengan biaya perbaikan yang sudah dianggarkan sebesar Rp 980000|Plafon Gypsum / GRC|Gedung Utama|Lantai 4|Zona Barat|Arsitektur|Sedang|Getaran|Tidak berfungsi total|980000
Tolong dong Plafon Gypsum / GRC di Gedung B lantai 10 zona Barat mati total bgt, gk tau dmn salahnya, tolong bantu|Perbaikan dilakukan dengan memperbaiki korsleting yang disebabkan oleh human error, biaya perbaikan sebesar Rp 3060000|Plafon Gypsum / GRC|Gedung B|Lantai 10|Zona Barat|Arsitektur|Berat|Human error|Korsleting|3060000
Mohon bantuan untuk memperbaiki Plafon Gypsum / GRC di Gedung B lantai 10 zona Barat yang mengalami kerusakan mati total|Perbaikan dilakukan dengan mengganti komponen yang rusak dan memperbaiki korsleting, biaya perbaikan sebesar Rp 3060000|Plafon Gypsum / GRC|Gedung B|Lantai 10|Zona Barat|Arsitektur|Berat|Human error|Korsleting|3060000
Tolong dong APAR Dry Powder Stored Pressure di Gedung Parkir lantai 3 zona Selatan rusak nih, gk tau knp, bgt, yg penting dibenerin dmn|Perbaikan akibat Overload dengan mengganti komponen yang rusak dan melakukan pengecekan ulang|APAR Dry Powder Stored Pressure|Gedung Parkir|Lantai 3|Zona Selatan|Sistem Pemadam Kebakaran|Ringan|Overload|Lampu mati|350000
Mohon bantuan untuk memperbaiki APAR Dry Powder Stored Pressure di Gedung Parkir lantai 3 zona Selatan karena lampu indikatornya mati|Perbaikan dilakukan dengan mengganti komponen yang rusak dan melakukan pengecekan ulang karena Overload, biaya perbaikan sebesar Rp 350000|APAR Dry Powder Stored Pressure|Gedung Parkir|Lantai 3|Zona Selatan|Sistem Pemadam Kebakaran|Ringan|Overload|Lampu mati|350000
Tolong dong Access Control di Gedung Utama lantai 2 zona Utara rusak nih, gk tau knp tiba2 lampu mati, bgt, yg bikin pusing|Setelah kami lakukan inspeksi, ditemukan bahwa kerusakan disebabkan oleh getaran yang mempengaruhi sistem, sehingga kami melakukan perbaikan dengan mengganti komponen yang rusak dan memastikan sistem berfungsi normal kembali, biaya perbaikan sebesar Rp 500000|Access Control|Gedung Utama|Lantai 2|Zona Utara|Security Sistem|Ringan|Getaran|Lampu mati|500000
Mohon bantuan untuk memperbaiki Access Control di Gedung Utama lantai 2 zona Utara, karena lampu mati dan tidak berfungsi, saya sangat menghargai bantuan Anda|Kerusakan pada Access Control disebabkan oleh getaran, kami melakukan perbaikan dengan mengganti komponen yang rusak, biaya perbaikan sebesar Rp 500000|Access Control|Gedung Utama|Lantai 2|Zona Utara|Security Sistem|Ringan|Getaran|Lampu mati|500000
Tolong dong Lift Penumpang di Gedung A lantai 15 zona Selatan rusak nih, bunyi pelan banget, gk tau dmn letak kerusakannya, tp yg jelas Lift Penumpang Mitsubishi ini perlu diperbaiki secepatnya, bgt|Lift Penumpang Mitsubishi mengalami getaran yang menyebabkan overheat, perlu dilakukan pembersihan dan pengecekan sistem pendingin|Lift Penumpang|Mitsubishi|Lantai 15|Zona Selatan|Sistem Transportasi Gedung|Ringan|Getaran|Overheat|110000
Mohon perhatian, Lift Penumpang di Gedung A lantai 15 zona Selatan mengalami kerusakan, gejalanya adalah bunyi pelan dan getaran, mohon dilakukan perbaikan secepatnya|Lift Penumpang Mitsubishi mengalami getaran yang menyebabkan overheat, perlu dilakukan pembersihan dan pengecekan sistem pendingin, biaya perbaikan sebesar Rp 110000|Lift Penumpang|Mitsubishi|Lantai 15|Zona Selatan|Sistem Transportasi Gedung|Ringan|Getaran|Overheat|110000
AC Split di Gedung D Lantai 3 Zona Barat retak parah karena kelembaban tinggi sehingga tidak bisa digunakan|Telah dilakukan perbaikan pada AC Split di Gedung D Lantai 3 Zona Barat dengan biaya total Rp 18771000 karena kerusakan retak parah akibat kelembaban tinggi|AC Split|Gedung D|Lantai 3|Zona Barat|Mechanical|Fatal|Kelembaban tinggi|Retak/pecah|18771000
AC Split di Gedung D Lantai 3 Zona Barat pecah berat dan bocor karena kelembaban tinggi sehingga mengganggu operasional|Telah dilakukan perbaikan pada AC Split di Gedung D Lantai 3 Zona Barat dengan biaya total Rp 18771000 karena kerusakan pecah berat akibat kelembaban tinggi|AC Split|Gedung D|Lantai 3|Zona Barat|Mechanical|Fatal|Kelembaban tinggi|Retak/pecah|18771000
AC Split di Gedung D Lantai 3 Zona Barat mengalami kerusakan retak parah dan kebocoran karena kelembaban tinggi sehingga tidak bisa beroperasi|Telah dilakukan perbaikan pada AC Split di Gedung D Lantai 3 Zona Barat dengan biaya total Rp 18771000 karena kerusakan retak parah akibat kelembaban tinggi|AC Split|Gedung D|Lantai 3|Zona Barat|Mechanical|Fatal|Kelembaban tinggi|Retak/pecah|18771000
Access control di gedung parkir lantai 3 zona tengah mengalami masalah karena overheat dan kesalahan penggunaan, perlu diperbaiki segera|Teknisi telah memperbaiki masalah overheat pada access control dengan total biaya perbaikan Rp 356000|Access Control|Gedung Parkir|Lantai 3|Zona Tengah|Security Sistem|Ringan|Human error|Overheat|356000
Lampu Neon Sign di Gedung D, Lantai 6, Zona Tengah tidak mau menyala karena remote kontrolnya bermasalah mungkin karena overload|Teknisi telah memperbaiki remote kontrol Lampu Neon Sign yang tidak berfungsi di Gedung D, Lantai 6, Zona Tengah dengan total biaya perbaikan Rp 1610000|Lampu Neon Sign|Gedung D|Lantai 6|Zona Tengah|Electrical|Sedang|Overload|Remote tidak berfungsi|1610000
Lampu Neon Sign di Gedung D, Lantai 6, Zona Tengah sering mati karena overload dan remote kontrolnya tidak berfungsi|Teknisi telah memperbaiki masalah remote kontrol Lampu Neon Sign yang tidak berfungsi di Gedung D, Lantai 6, Zona Tengah dengan total biaya perbaikan Rp 1610000|Lampu Neon Sign|Gedung D|Lantai 6|Zona Tengah|Electrical|Sedang|Overload|Remote tidak berfungsi|1610000
Lampu Neon Sign di Gedung D, Lantai 6, Zona Tengah mengalami gangguan karena remote kontrolnya tidak berfungsi mungkin disebabkan oleh overload|Teknisi telah memperbaiki remote kontrol Lampu Neon Sign yang tidak berfungsi di Gedung D, Lantai 6, Zona Tengah dengan total biaya perbaikan Rp 1610000|Lampu Neon Sign|Gedung D|Lantai 6|Zona Tengah|Electrical|Sedang|Overload|Remote tidak berfungsi|1610000
AC Split di zona selatan lantai 5 gedung parkir sering netes sedikit dan berisik karena kurang perawatan sehingga overheat|Telah diperbaiki masalah overheat pada AC Split di Gedung Parkir lantai 5 zona selatan dengan biaya perbaikan Rp 122000|AC Split|Gedung Parkir|Lantai 5|Zona Selatan|Mechanical|Ringan|Kurang perawatan|Overheat|122000
AC Split di lantai 5 zona selatan gedung parkir kotor dan macet kadang-kadang karena kurang perawatan sehingga overheat|Telah diperbaiki masalah overheat pada AC Split di Gedung Parkir lantai 5 zona selatan dengan biaya perbaikan Rp 122000|AC Split|Gedung Parkir|Lantai 5|Zona Selatan|Mechanical|Ringan|Kurang perawatan|Overheat|122000
Lemari di lantai 8 zona timur gedung C agak bergetar saat dibuka|Teknisi telah memperbaiki masalah getaran berlebihan pada lemari dengan biaya total Rp 1876000|Lemari/Loker|Gedung C|Lantai 8|Zona Timur|Arsitektur|Sedang|Faktor lingkungan|Getaran berlebihan|1876000
Lemari di zona timur lantai 8 gedung C terkadang bergetar|Teknisi telah memperbaiki masalah getaran berlebihan pada lemari dengan biaya total Rp 1876000|Lemari/Loker|Gedung C|Lantai 8|Zona Timur|Arsitektur|Sedang|Faktor lingkungan|Getaran berlebihan|1876000
Lemari di lantai 8 zona timur gedung C mengalami getaran yang mengganggu rutinitas|Teknisi telah memperbaiki masalah getaran berlebihan pada lemari dengan biaya total Rp 1876000|Lemari/Loker|Gedung C|Lantai 8|Zona Timur|Arsitektur|Sedang|Faktor lingkungan|Getaran berlebihan|1876000
AC Split di Gedung Utama, Lantai 20, Zona Selatan, mengalami gangguan karena remote tidak berfungsi akibat kelembaban tinggi, sehingga perlu perbaikan segera|Teknisi telah memperbaiki remote AC Split dengan total biaya perbaikan Rp 1228000|AC Split|Gedung Utama|Lantai 20|Zona Selatan|Mechanical|Sedang|Kelembaban tinggi|Remote tidak berfungsi|1228000
Monitor CCTV di Gedung E, Lantai 3, Zona Utara rusak parah karena aus dan kotor, sehingga tidak bisa digunakan|Teknisi telah memperbaiki Monitor CCTV yang rusak parah di Gedung E, Lantai 3, Zona Utara dengan biaya perbaikan total Rp 3796000|Monitor CCTV|Gedung E|Lantai 3|Zona Utara|Security Sistem|Berat|Debu/kotoran|Aus/abrasi|3796000
Monitor CCTV di Gedung E, Lantai 3, Zona Utara mengalami kerusakan berat karena abrasi dan debu, sehingga tidak bisa berfungsi dengan baik|Teknisi telah melakukan perbaikan pada Monitor CCTV yang rusak berat di Gedung E, Lantai 3, Zona Utara dengan total biaya perbaikan Rp 3796000|Monitor CCTV|Gedung E|Lantai 3|Zona Utara|Security Sistem|Berat|Debu/kotoran|Aus/abrasi|3796000
Monitor CCTV di Gedung E, Lantai 3, Zona Utara rusak total karena aus dan kotoran yang menumpuk, sehingga perlu perbaikan segera|Teknisi telah memperbaiki Monitor CCTV yang rusak total di Gedung E, Lantai 3, Zona Utara dengan biaya perbaikan total Rp 3796000|Monitor CCTV|Gedung E|Lantai 3|Zona Utara|Security Sistem|Berat|Debu/kotoran|Aus/abrasi|3796000
DVR CCTV di Gedung B lantai 2 Zona Utara netes sedikit karena kelembaban tinggi|Teknisi telah memperbaiki DVR CCTV yang retak karena kelembaban tinggi dengan biaya perbaikan total Rp 708000|DVR CCTV|Gedung B|Lantai 2|Zona Utara|Security Sistem|Sedang|Kelembaban tinggi|Retak/pecah|708000
DVR CCTV di Gedung B lantai 2 Zona Utara agak berisik dan retak|Teknisi telah memperbaiki DVR CCTV yang retak karena kelembaban tinggi dengan biaya perbaikan total Rp 708000|DVR CCTV|Gedung B|Lantai 2|Zona Utara|Security Sistem|Sedang|Kelembaban tinggi|Retak/pecah|708000
DVR CCTV di Gedung B lantai 2 Zona Utara kotor dan pecah karena kelembaban tinggi|Teknisi telah memperbaiki DVR CCTV yang retak karena kelembaban tinggi dengan biaya perbaikan total Rp 708000|DVR CCTV|Gedung B|Lantai 2|Zona Utara|Security Sistem|Sedang|Kelembaban tinggi|Retak/pecah|708000
Lampu LED di lantai 2 gedung parkir zona selatan netes sedikit karena overload dan korsleting|Laporan teknisi: telah dilakukan perbaikan pada lampu LED di lantai 2 gedung parkir zona selatan dengan biaya perbaikan Rp 416000|Lampu LED|Gedung Parkir|Lantai 2|Zona Selatan|Electrical|Ringan|Overload|Korsleting|416000
Lampu LED di gedung parkir lantai 2 zona selatan agak berisik dan korsleting karena overload|Laporan teknisi: telah dilakukan perbaikan pada lampu LED di gedung parkir lantai 2 zona selatan dengan biaya perbaikan Rp 416000|Lampu LED|Gedung Parkir|Lantai 2|Zona Selatan|Electrical|Ringan|Overload|Korsleting|416000
Lampu LED di lantai 2 zona selatan gedung parkir macet kadang-kadang karena korsleting dan overload|Laporan teknisi: telah dilakukan perbaikan pada lampu LED di lantai 2 zona selatan gedung parkir dengan biaya perbaikan Rp 416000|Lampu LED|Gedung Parkir|Lantai 2|Zona Selatan|Electrical|Ringan|Overload|Korsleting|416000
Lantai karpet Gedung Servis mengalami kebocoran hebat akibat usia pakai yang sudah lama|Perbaikan telah dilakukan dengan mengganti komponen yang rusak dan memperbaiki kebocoran, total biaya perbaikan Rp 6283000|Lantai Karpet|Gedung Servis|Lantai 3|Zona Utara|Civil|Berat|Usia pakai|Kebocoran|6283000
Lantai karpet di Gedung Servis, Lantai 3, Zona Utara bocor sangat parah karena usia pakai yang sudah tidak layak|Telah dilakukan perbaikan kebocoran dengan mengganti komponen yang rusak dan memperbaiki kerusakan, biaya perbaikan total Rp 6283000|Lantai Karpet|Gedung Servis|Lantai 3|Zona Utara|Civil|Berat|Usia pakai|Kebocoran|6283000
Lampu LED di Gedung A, Lantai 3, Zona Barat retak dan mengganggu|Lampu LED di Gedung A, Lantai 3, Zona Barat telah diperbaiki dengan biaya Rp 1830000|Lampu LED|Gedung A|Lantai 3|Zona Barat|Electrical|Sedang|Kualitas material|Retak/pecah|1830000
Lampu LED di Gedung A, Lantai 3, Zona Barat pecah dan perlu diganti|Lampu LED di Gedung A, Lantai 3, Zona Barat telah diperbaiki dengan biaya Rp 1830000|Lampu LED|Gedung A|Lantai 3|Zona Barat|Electrical|Sedang|Kualitas material|Retak/pecah|1830000
Lampu LED di Gedung A, Lantai 3, Zona Barat mengalami kerusakan retak dan memerlukan perbaikan|Lampu LED di Gedung A, Lantai 3, Zona Barat telah diperbaiki dengan biaya Rp 1830000|Lampu LED|Gedung A|Lantai 3|Zona Barat|Electrical|Sedang|Kualitas material|Retak/pecah|1830000
Lemari di gedung D lantai 7 zona selatan tidak berfungsi karena sensor error yang disebabkan oleh debu/kotoran, ini sangat mengganggu dan berbahaya|Teknisi telah memperbaiki sensor error pada lemari di gedung D lantai 7 zona selatan dengan total biaya perbaikan Rp 2569000|Lemari/Loker|Gedung D|Lantai 7|Zona Selatan|Arsitektur|Berat|Debu/kotoran|Sensor error|2569000
Lemari di lantai 7 gedung D zona selatan mengalami kerusakan parah karena debu/kotoran yang menyebabkan sensor error, perlu perbaikan segera|Teknisi telah melakukan perbaikan pada lemari di lantai 7 gedung D zona selatan dengan biaya Rp 2569000 untuk mengatasi sensor error yang disebabkan oleh debu/kotoran|Lemari/Loker|Gedung D|Lantai 7|Zona Selatan|Arsitektur|Berat|Debu/kotoran|Sensor error|2569000
Lemari di zona selatan gedung D lantai 7 rusak berat karena sensor error yang disebabkan oleh debu/kotoran, ini sangat berbahaya dan memerlukan perbaikan darurat|Teknisi telah melakukan perbaikan pada lemari di zona selatan gedung D lantai 7 dengan total biaya Rp 2569000 untuk mengatasi sensor error yang disebabkan oleh debu/kotoran|Lemari/Loker|Gedung D|Lantai 7|Zona Selatan|Arsitektur|Berat|Debu/kotoran|Sensor error|2569000
Pintu Besi di Gedung C, Lantai 2, Zona Timur tiba-tiba mati mendadak karena human error|Teknisi telah memperbaiki pintu besi yang mati mendadak di Gedung C, Lantai 2, Zona Timur dengan total biaya perbaikan Rp 389000|Pintu Besi|Gedung C|Lantai 2|Zona Timur|Arsitektur|Ringan|Human error|Mati mendadak|389000
Pintu besi di Gedung C, Lantai 2, Zona Timur mengalami mati mendadak karena kesalahan manusia|Teknisi telah memperbaiki pintu besi yang mengalami mati mendadak di Gedung C, Lantai 2, Zona Timur dengan total biaya perbaikan Rp 389000|Pintu Besi|Gedung C|Lantai 2|Zona Timur|Arsitektur|Ringan|Human error|Mati mendadak|389000
Pintu besi di Gedung C, Lantai 2, Zona Timur tidak berfungsi karena mati mendadak akibat human error|Teknisi telah memperbaiki pintu besi yang tidak berfungsi di Gedung C, Lantai 2, Zona Timur dengan total biaya perbaikan Rp 389000|Pintu Besi|Gedung C|Lantai 2|Zona Timur|Arsitektur|Ringan|Human error|Mati mendadak|389000
Lampu LED di Gedung B, Lantai 10, Zona Utara tiba-tiba bergetar sangat kencang dan mengeluarkan suara berisik karena faktor lingkungan yang tidak mendukung|Teknisi telah memperbaiki masalah getaran berlebihan pada Lampu LED di Gedung B, Lantai 10, Zona Utara dengan total biaya perbaikan Rp 3729000|Lampu LED|Gedung B|Lantai 10|Zona Utara|Electrical|Berat|Faktor lingkungan|Getaran berlebihan|3729000
Lampu LED di Gedung B, Lantai 10, Zona Utara mengalami getaran yang sangat parah sehingga menyebabkan kerusakan pada komponen internal karena faktor lingkungan yang ekstrem|Teknisi telah memperbaiki masalah getaran berlebihan pada Lampu LED di Gedung B, Lantai 10, Zona Utara dengan total biaya perbaikan Rp 3729000|Lampu LED|Gedung B|Lantai 10|Zona Utara|Electrical|Berat|Faktor lingkungan|Getaran berlebihan|3729000
Lampu LED di Gedung B, Lantai 10, Zona Utara bergetar sangat kencang dan mengeluarkan suara yang tidak normal karena faktor lingkungan yang tidak stabil, sehingga memerlukan perbaikan segera|Teknisi telah memperbaiki masalah getaran berlebihan pada Lampu LED di Gedung B, Lantai 10, Zona Utara dengan total biaya perbaikan Rp 3729000|Lampu LED|Gedung B|Lantai 10|Zona Utara|Electrical|Berat|Faktor lingkungan|Getaran berlebihan|3729000
Lampu LED Downlight di Gedung Parkir, Lantai 5, Zona Selatan, mati total karena kualitas material yang buruk|Telah dilakukan perbaikan terhadap Lampu LED Downlight yang mengalami kerusakan total dengan biaya perbaikan sebesar Rp 6573000|Lampu LED Downlight|Gedung Parkir|Lantai 5|Zona Selatan|Electrical|Berat|Kualitas material|Tidak berfungsi total|6573000
Lampu LED Downlight di Gedung Parkir, Lantai 5, Zona Selatan, rusak parah dan tidak bisa dinyalakan karena kualitas material yang rendah|Telah dilakukan perbaikan terhadap Lampu LED Downlight yang mengalami kerusakan parah dengan biaya perbaikan sebesar Rp 6573000|Lampu LED Downlight|Gedung Parkir|Lantai 5|Zona Selatan|Electrical|Berat|Kualitas material|Tidak berfungsi total|6573000
Lampu LED Downlight di Gedung Parkir, Lantai 5, Zona Selatan, mengalami kerusakan total dan tidak bisa digunakan karena kualitas material yang tidak memadai|Telah dilakukan perbaikan terhadap Lampu LED Downlight yang mengalami kerusakan total dengan biaya perbaikan sebesar Rp 6573000|Lampu LED Downlight|Gedung Parkir|Lantai 5|Zona Selatan|Electrical|Berat|Kualitas material|Tidak berfungsi total|6573000
DVR CCTV di Gedung E lantai 5 zona selatan mengalami kerusakan berkarat parah karena kurang perawatan sehingga tidak bisa digunakan|Teknisi telah memperbaiki DVR CCTV yang mengalami kerusakan berkarat parah karena kurang perawatan dengan total biaya perbaikan Rp 13766000|DVR CCTV|Gedung E|Lantai 5|Zona Selatan|Security Sistem|Fatal|Kurang perawatan|Berkarat/korosi|13766000
DVR CCTV di zona selatan lantai 5 Gedung E rusak total karena korosi dan kurang perawatan sehingga menyebabkan kepanikan|Teknisi telah memperbaiki DVR CCTV yang mengalami kerusakan berkarat parah karena kurang perawatan dengan total biaya perbaikan Rp 13766000|DVR CCTV|Gedung E|Lantai 5|Zona Selatan|Security Sistem|Fatal|Kurang perawatan|Berkarat/korosi|13766000
Kerusakan korosi pada DVR CCTV di Gedung E lantai 5 zona selatan sangat parah sehingga memerlukan perbaikan segera karena kurang perawatan|Teknisi telah memperbaiki DVR CCTV yang mengalami kerusakan berkarat parah karena kurang perawatan dengan total biaya perbaikan Rp 13766000|DVR CCTV|Gedung E|Lantai 5|Zona Selatan|Security Sistem|Fatal|Kurang perawatan|Berkarat/korosi|13766000
Mikrofon di gedung kami mengalami gangguan aliran suara lemah karena debu|Teknisi telah memperbaiki masalah aliran lemah pada mikrofon dengan total biaya perbaikan Rp 504000|Mikrofon|Gedung Utama|Lantai 16|Zona Utara|Sistem Telekomunikasi Gedung|Sedang|Debu/kotoran|Aliran lemah|504000
Lampu Downlight di Gedung C, Lantai 5, Zona Tengah macet total karena overload, membuat seluruh ruangan gelap dan berbahaya|Telah dilakukan perbaikan pada Lampu Downlight di Gedung C, Lantai 5, Zona Tengah dengan biaya total Rp 46941000 karena kerusakan fatal akibat overload dan macet|Lampu Downlight|Gedung C|Lantai 5|Zona Tengah|Electrical|Fatal|Overload|Macet/tersumbat|46941000
Lampu Downlight di Gedung C, Lantai 5, Zona Tengah mengalami kerusakan parah karena overload, sehingga mengganggu operasional|Telah dilakukan perbaikan pada Lampu Downlight di Gedung C, Lantai 5, Zona Tengah dengan biaya total Rp 46941000 karena kerusakan fatal akibat overload dan macet|Lampu Downlight|Gedung C|Lantai 5|Zona Tengah|Electrical|Fatal|Overload|Macet/tersumbat|46941000
Lampu Downlight di Gedung C, Lantai 5, Zona Tengah jebol dan macet karena overload, membuat situasi darurat dan memerlukan perbaikan segera|Telah dilakukan perbaikan pada Lampu Downlight di Gedung C, Lantai 5, Zona Tengah dengan biaya total Rp 46941000 karena kerusakan fatal akibat overload dan macet|Lampu Downlight|Gedung C|Lantai 5|Zona Tengah|Electrical|Fatal|Overload|Macet/tersumbat|46941000
Lampu Wall sign di Gedung B, Lantai 4, Zona Selatan, mengalami kerusakan berat karena berkarat/korosi akibat human error|Teknisi telah memperbaiki masalah kerusakan berkarat/korosi pada Lampu Wall sign di Gedung B, Lantai 4, Zona Selatan, dengan total biaya perbaikan Rp 8949000|Lampu Wall sign|Gedung B|Lantai 4|Zona Selatan|Electrical|Berat|Human error|Berkarat/korosi|8949000
Lampu Wall sign di Gedung B, Lantai 4, Zona Selatan, rusak parah karena korosi berlebihan akibat kesalahan manusia|Teknisi telah memperbaiki kerusakan korosi pada Lampu Wall sign di Gedung B, Lantai 4, Zona Selatan, dengan biaya perbaikan total Rp 8949000|Lampu Wall sign|Gedung B|Lantai 4|Zona Selatan|Electrical|Berat|Human error|Berkarat/korosi|8949000
Lampu Wall sign di Gedung B, Lantai 4, Zona Selatan, mengalami kegagalan total karena berkarat/korosi yang disebabkan oleh human error|Teknisi telah memperbaiki masalah kegagalan total pada Lampu Wall sign di Gedung B, Lantai 4, Zona Selatan, dengan total biaya perbaikan Rp 8949000|Lampu Wall sign|Gedung B|Lantai 4|Zona Selatan|Electrical|Berat|Human error|Berkarat/korosi|8949000
APAB Dry Powder di Gedung B, Lantai 3, Zona Utara mengalami tampilan rusak karena aus normal, membuatnya kurang efektif|Teknisi telah memperbaiki masalah tampilan rusak pada APAB Dry Powder dengan total biaya perbaikan Rp 1924000|APAB Dry Powder|Gedung B|Lantai 3|Zona Utara|Sistem Pemadam Kebakaran|Sedang|Aus normal|Tampilan rusak|1924000
Tampilan APAB Dry Powder di Lantai 3, Zona Utara, Gedung B rusak karena aus normal, perlu diperbaiki agar tidak mengganggu kegiatan|Teknisi telah memperbaiki masalah tampilan rusak pada APAB Dry Powder dengan total biaya perbaikan Rp 1924000|APAB Dry Powder|Gedung B|Lantai 3|Zona Utara|Sistem Pemadam Kebakaran|Sedang|Aus normal|Tampilan rusak|1924000
Tampilan LAN di Gedung A Lantai 3 Zona Selatan sedikit rusak dan suka aus sendiri|Telah dilakukan perbaikan terhadap kerusakan tampilan LAN di Gedung A Lantai 3 Zona Selatan dengan total biaya perbaikan Rp 574000|LAN|Gedung A|Lantai 3|Zona Selatan|Sistem Telekomunikasi Gedung|Sedang|Aus normal|Tampilan rusak|574000
Tampilan LAN di Gedung A Lantai 3 Zona Selatan mengalami kerusakan dan sering aus|Telah dilakukan perbaikan terhadap kerusakan tampilan LAN di Gedung A Lantai 3 Zona Selatan dengan total biaya perbaikan Rp 574000|LAN|Gedung A|Lantai 3|Zona Selatan|Sistem Telekomunikasi Gedung|Sedang|Aus normal|Tampilan rusak|574000
Tampilan LAN di Gedung A Lantai 3 Zona Selatan rusak dan aus normal sehingga mengganggu rutinitas|Telah dilakukan perbaikan terhadap kerusakan tampilan LAN di Gedung A Lantai 3 Zona Selatan dengan total biaya perbaikan Rp 574000|LAN|Gedung A|Lantai 3|Zona Selatan|Sistem Telekomunikasi Gedung|Sedang|Aus normal|Tampilan rusak|574000
Lampu LED Downlight di Gedung C, Lantai 5, zona Timur bocor sedikit|Teknisi telah memperbaiki kebocoran pada Lampu LED Downlight dengan total biaya perbaikan Rp 394000|Lampu LED Downlight|Gedung C|Lantai 5|Zona Timur|Electrical|Ringan|Aus normal|Kebocoran|394000
Lampu LED Downlight di Gedung C, Lantai 5, zona Timur mengalami kebocoran kecil|Teknisi telah memperbaiki kebocoran pada Lampu LED Downlight dengan total biaya perbaikan Rp 394000|Lampu LED Downlight|Gedung C|Lantai 5|Zona Timur|Electrical|Ringan|Aus normal|Kebocoran|394000
Lampu LED Downlight di Gedung C, Lantai 5, zona Timur ada kebocoran air karena aus|Teknisi telah memperbaiki kebocoran pada Lampu LED Downlight dengan total biaya perbaikan Rp 394000|Lampu LED Downlight|Gedung C|Lantai 5|Zona Timur|Electrical|Ringan|Aus normal|Kebocoran|394000
Lampu Downlight di Gedung D, Lantai 1, Zona Selatan netes sedikit karena berkarat|Teknisi telah memperbaiki masalah berkarat pada Lampu Downlight di Gedung D, Lantai 1, Zona Selatan dengan total biaya perbaikan Rp 322000|Lampu Downlight|Gedung D|Lantai 1|Zona Selatan|Electrical|Ringan|Aus normal|Berkarat/korosi|322000
Lampu Downlight di Gedung D, Lantai 1, Zona Selatan agak berisik karena aus normal dan berkarat|Teknisi telah memperbaiki masalah aus normal dan berkarat pada Lampu Downlight di Gedung D, Lantai 1, Zona Selatan dengan total biaya perbaikan Rp 322000|Lampu Downlight|Gedung D|Lantai 1|Zona Selatan|Electrical|Ringan|Aus normal|Berkarat/korosi|322000
Lampu Downlight di Gedung D, Lantai 1, Zona Selatan kotor dan berkarat sehingga perlu perbaikan|Teknisi telah memperbaiki masalah berkarat dan kotor pada Lampu Downlight di Gedung D, Lantai 1, Zona Selatan dengan total biaya perbaikan Rp 322000|Lampu Downlight|Gedung D|Lantai 1|Zona Selatan|Electrical|Ringan|Aus normal|Berkarat/korosi|322000
Lampu TL di Gedung A lantai 14 zona selatan sedikit aus dan berisik|Teknisi telah memperbaiki masalah aus pada Lampu TL dengan total biaya perbaikan Rp 52000|Lampu TL|Gedung A|Lantai 14|Zona Selatan|Electrical|Ringan|Usia pakai|Aus/abrasi|52000
Lampu TL di Gedung A lantai 14 zona selatan mengalami abrasi dan aus sehingga kurang terang|Teknisi telah memperbaiki masalah aus pada Lampu TL dengan total biaya perbaikan Rp 52000|Lampu TL|Gedung A|Lantai 14|Zona Selatan|Electrical|Ringan|Usia pakai|Aus/abrasi|52000
Lampu TL di Gedung A lantai 14 zona selatan agak kotor dan aus sehingga perlu diperbaiki|Teknisi telah memperbaiki masalah aus pada Lampu TL dengan total biaya perbaikan Rp 52000|Lampu TL|Gedung A|Lantai 14|Zona Selatan|Electrical|Ringan|Usia pakai|Aus/abrasi|52000
Korsleting ringan terjadi pada Exhaust Fan di Gedung C|Teknisi telah memperbaiki masalah korsleting pada Exhaust Fan dengan biaya perbaikan Rp 927000|Exhaust Fan|Gedung C|Lantai 5|Zona Tengah|Ventilasi Sistem|Sedang|Human error|Korsleting|927000
Korsleting kecil terjadi pada Exhaust Fan di Gedung C karena kesalahan operasional|Teknisi telah memperbaiki masalah korsleting pada Exhaust Fan dengan biaya perbaikan Rp 927000|Exhaust Fan|Gedung C|Lantai 5|Zona Tengah|Ventilasi Sistem|Sedang|Human error|Korsleting|927000
Kran air di gedung kami bocor dan aliran airnya lemah sehingga mengalami overload|Telah dilakukan perbaikan pada kran air yang mengalami aliran lemah dan overload, dengan total biaya perbaikan sebesar Rp 1885000|Kran Air|Gedung E|Lantai 6|Zona Utara|Plumbing|Sedang|Overload|Aliran lemah|1885000
Kran air di lantai 6 gedung E mengalami aliran lemah dan sering overload, perlu perbaikan segera|Telah dilakukan perbaikan pada kran air yang mengalami aliran lemah dan overload, dengan total biaya perbaikan sebesar Rp 1885000|Kran Air|Gedung E|Lantai 6|Zona Utara|Plumbing|Sedang|Overload|Aliran lemah|1885000
Monitor CCTV di Gedung Servis Lantai 3 Zona Timur macet kadang-kadang karena faktor lingkungan|Teknisi telah memperbaiki masalah macet pada Monitor CCTV dengan total biaya perbaikan Rp 567000|Monitor CCTV|Gedung Servis|Lantai 3|Zona Timur|Security Sistem|Sedang|Faktor lingkungan|Macet/tersumbat|567000
Monitor CCTV di Gedung Servis Lantai 3 Zona Timur mengalami gangguan karena kotor dan macet|Teknisi telah memperbaiki masalah macet pada Monitor CCTV dengan total biaya perbaikan Rp 567000|Monitor CCTV|Gedung Servis|Lantai 3|Zona Timur|Security Sistem|Sedang|Faktor lingkungan|Macet/tersumbat|567000
Monitor CCTV di Gedung Servis Lantai 3 Zona Timur macet dan berisik karena faktor lingkungan|Teknisi telah memperbaiki masalah macet pada Monitor CCTV dengan total biaya perbaikan Rp 567000|Monitor CCTV|Gedung Servis|Lantai 3|Zona Timur|Security Sistem|Sedang|Faktor lingkungan|Macet/tersumbat|567000
Lampu LED di Gedung Utama rusak karena kesalahan manusia|Telah dilakukan perbaikan pada Lampu LED dengan biaya Rp 488000|Lampu LED|Gedung Utama|Lantai 13|Zona Tengah|Electrical|Sedang|Human error|Tampilan rusak|488000
Lampu LED di lantai 13 Gedung Utama tampilan rusak karena human error|Telah dilakukan perbaikan pada Lampu LED dengan biaya Rp 488000|Lampu LED|Gedung Utama|Lantai 13|Zona Tengah|Electrical|Sedang|Human error|Tampilan rusak|488000
Lampu LED di zona tengah lantai 13 Gedung Utama mengalami kerusakan tampilan karena kesalahan manusia|Telah dilakukan perbaikan pada Lampu LED dengan biaya Rp 488000|Lampu LED|Gedung Utama|Lantai 13|Zona Tengah|Electrical|Sedang|Human error|Tampilan rusak|488000
Pintu HPL di gedung kantor sudah mengalami abrasi parah sehingga perlu perbaikan segera karena usia pakai yang sudah lama|Teknisi telah memperbaiki pintu HPL yang rusak parah dengan total biaya perbaikan Rp 8737000|Pintu Kayu/HPL|Gedung B|Lantai 3|Zona Timur|Arsitektur|Berat|Usia pakai|Aus/abrasi|8737000
Pintu kayu di lantai 3 gedung B sudah tidak bisa digunakan karena aus dan rusak parah akibat usia pakai yang sudah lama, sehingga perlu perbaikan darurat|Teknisi telah memperbaiki pintu kayu yang rusak parah dengan total biaya perbaikan Rp 8737000|Pintu Kayu/HPL|Gedung B|Lantai 3|Zona Timur|Arsitektur|Berat|Usia pakai|Aus/abrasi|8737000
Kursi di lantai 5 Gedung Parkir mengalami gangguan lampu akibat kelembaban tinggi|Laporan perbaikan: lampu telah diganti dan sistem pendingin diperiksa, total biaya perbaikan Rp 1240000|Kursi|Gedung Parkir|Lantai 5|Zona Utara|Arsitektur|Sedang|Kelembaban tinggi|Lampu mati|1240000
Remote rolling door di Gedung B tidak berfungsi karena aus, membuat operasional terhambat parah|Teknisi telah memperbaiki remote rolling door dengan biaya perbaikan sebesar Rp 8980000|Rolling Door|Gedung B|Lantai 2|Zona Timur|Arsitektur|Berat|Aus normal|Remote tidak berfungsi|8980000
Rolling door di Lantai 2 Gedung B rusak parah, remote tidak berfungsi sehingga harus diperbaiki segera|Teknisi telah melakukan perbaikan rolling door dengan mengganti remote yang aus, total biaya perbaikan Rp 8980000|Rolling Door|Gedung B|Lantai 2|Zona Timur|Arsitektur|Berat|Aus normal|Remote tidak berfungsi|8980000
Kerusakan remote rolling door di Zona Timur Gedung B sangat berat, aus parah sehingga tidak bisa digunakan|Teknisi telah melakukan perbaikan dan penggantian remote rolling door yang aus, dengan total biaya perbaikan sebesar Rp 8980000|Rolling Door|Gedung B|Lantai 2|Zona Timur|Arsitektur|Berat|Aus normal|Remote tidak berfungsi|8980000
Kursi di Gedung C Lantai 5 Zona Utara mengeluarkan bunyi aneh dan bergetar keras karena korosi parah|Teknisi telah memperbaiki masalah korosi pada Kursi di Gedung C Lantai 5 Zona Utara dengan biaya perbaikan sebesar Rp 5808000|Kursi|Gedung C|Lantai 5|Zona Utara|Arsitektur|Berat|Korosi|Bunyi abnormal|Rp 5808000
Kursi di Gedung C Lantai 5 Zona Utara rusak berat dan mengeluarkan suara yang tidak biasa karena korosi|Teknisi telah memperbaiki masalah korosi pada Kursi di Gedung C Lantai 5 Zona Utara dengan biaya perbaikan sebesar Rp 5808000|Kursi|Gedung C|Lantai 5|Zona Utara|Arsitektur|Berat|Korosi|Bunyi abnormal|Rp 5808000
Kursi di Gedung C Lantai 5 Zona Utara mengalami kerusakan parah dengan bunyi abnormal yang disebabkan oleh korosi|Teknisi telah memperbaiki masalah korosi pada Kursi di Gedung C Lantai 5 Zona Utara dengan biaya perbaikan sebesar Rp 5808000|Kursi|Gedung C|Lantai 5|Zona Utara|Arsitektur|Berat|Korosi|Bunyi abnormal|Rp 5808000
Lampu pylon sign di gedung E lantai 5 zona tengah mengeluarkan bunyi aneh karena aus normal|Telah dilakukan perbaikan pada lampu pylon sign di gedung E lantai 5 zona tengah dengan biaya perbaikan sebesar Rp 1263000|Lampu Pylon Sign|Gedung E|Lantai 5|Zona Tengah|Electrical|Sedang|Aus normal|Bunyi abnormal|1263000
Lampu pylon sign di zona tengah gedung E lantai 5 mengalami kerusakan yang menyebabkan bunyi abnormal karena aus normal|Perbaikan telah dilakukan pada lampu pylon sign di zona tengah gedung E lantai 5 dengan biaya sebesar Rp 1263000|Lampu Pylon Sign|Gedung E|Lantai 5|Zona Tengah|Electrical|Sedang|Aus normal|Bunyi abnormal|1263000
Lampu pylon sign di lantai 5 gedung E zona tengah mengeluarkan suara berisik yang mengganggu karena aus normal|Telah dilakukan perbaikan pada lampu pylon sign di lantai 5 gedung E zona tengah dengan total biaya perbaikan sebesar Rp 1263000|Lampu Pylon Sign|Gedung E|Lantai 5|Zona Tengah|Electrical|Sedang|Aus normal|Bunyi abnormal|1263000
Lampu AC Split di Gedung Servis, Lantai 2, Zona Barat mati total karena kualitas material yang buruk|Teknisi telah memperbaiki masalah lampu AC Split yang mati total dengan total biaya perbaikan Rp 1903000|AC Split|Gedung Servis|Lantai 2|Zona Barat|Mechanical|Sedang|Kualitas material|Lampu mati|1903000
Lampu AC di Lantai 2, Zona Barat, Gedung Servis tidak menyala karena kualitas material yang jelek|Teknisi telah memperbaiki masalah lampu AC yang tidak menyala dengan total biaya perbaikan Rp 1903000|AC Split|Gedung Servis|Lantai 2|Zona Barat|Mechanical|Sedang|Kualitas material|Lampu mati|1903000
Lampu AC Split di Gedung Servis, Lantai 2, Zona Barat mati karena kualitas material yang rendah|Teknisi telah memperbaiki masalah lampu AC Split yang mati dengan total biaya perbaikan Rp 1903000|AC Split|Gedung Servis|Lantai 2|Zona Barat|Mechanical|Sedang|Kualitas material|Lampu mati|1903000
Pintu kaca hidrolik di lantai 8 Gedung D zona timur sering macet dan tidak bisa dibuka dengan mudah, sepertinya karena kurang perawatan|Telah dilakukan perbaikan pada pintu kaca hidrolik di lantai 8 Gedung D zona timur dengan biaya perbaikan sebesar Rp 1358000, masalah performa menurun telah ditangani|Pintu Kaca Hidrolik|Gedung D|Lantai 8|Zona Timur|Arsitektur|Sedang|Kurang perawatan|Performa menurun|1358000
Pintu kaca hidrolik di Gedung D lantai 8 zona timur sering berisik dan tidak stabil, mungkin karena kurang perawatan|Pintu kaca hidrolik di Gedung D lantai 8 zona timur telah diperbaiki dengan biaya Rp 1358000, masalah performa menurun telah diatasi|Pintu Kaca Hidrolik|Gedung D|Lantai 8|Zona Timur|Arsitektur|Sedang|Kurang perawatan|Performa menurun|1358000
Pintu kaca hidrolik di lantai 8 Gedung D zona timur sering netes sedikit dan tidak bisa ditutup dengan rapat, kemungkinan karena kurang perawatan|Perbaikan pintu kaca hidrolik di lantai 8 Gedung D zona timur telah selesai dengan biaya Rp 1358000, masalah performa menurun telah ditangani|Pintu Kaca Hidrolik|Gedung D|Lantai 8|Zona Timur|Arsitektur|Sedang|Kurang perawatan|Performa menurun|1358000
Lampu Pylon Sign di Gedung A, Lantai 9, Zona Tengah tiba-tiba mati karena faktor lingkungan|Telah dilakukan perbaikan terhadap Lampu Pylon Sign yang mati mendadak di Gedung A, Lantai 9, Zona Tengah, dengan biaya perbaikan sebesar Rp 1969000|Lampu Pylon Sign|Gedung A|Lantai 9|Zona Tengah|Electrical|Sedang|Faktor lingkungan|Mati mendadak|1969000
Lampu Pylon Sign di Gedung A, Lantai 9, Zona Tengah mengalami gangguan karena faktor lingkungan yang menyebabkan mati mendadak|Telah dilakukan perbaikan terhadap Lampu Pylon Sign yang mengalami gangguan karena faktor lingkungan, dengan biaya perbaikan sebesar Rp 1969000|Lampu Pylon Sign|Gedung A|Lantai 9|Zona Tengah|Electrical|Sedang|Faktor lingkungan|Mati mendadak|1969000
Lampu Pylon Sign di Gedung A, Lantai 9, Zona Tengah tidak menyala karena terkena faktor lingkungan yang menyebabkan mati mendadak|Telah dilakukan perbaikan terhadap Lampu Pylon Sign yang tidak menyala karena faktor lingkungan, dengan biaya perbaikan sebesar Rp 1969000|Lampu Pylon Sign|Gedung A|Lantai 9|Zona Tengah|Electrical|Sedang|Faktor lingkungan|Mati mendadak|1969000
Lampu wall sign di gedung servis lantai 2 zona tengah tampilan rusak karena faktor lingkungan|Teknisi telah memperbaiki lampu wall sign dengan biaya total Rp 233000|Lampu Wall sign|Gedung Servis|Lantai 2|Zona Tengah|Electrical|Ringan|Faktor lingkungan|Tampilan rusak|233000
Lampu di dinding gedung servis lantai 2 zona tengah rusak dan tidak menarik karena kerusakan tampilan yang disebabkan oleh faktor lingkungan|Teknisi telah memperbaiki lampu dengan total biaya perbaikan Rp 233000|Lampu Wall sign|Gedung Servis|Lantai 2|Zona Tengah|Electrical|Ringan|Faktor lingkungan|Tampilan rusak|233000
Lampu wall sign di gedung servis lantai 2 zona tengah mengalami kerusakan tampilan yang mengganggu karena faktor lingkungan|Teknisi telah memperbaiki kerusakan lampu wall sign dengan total biaya Rp 233000|Lampu Wall sign|Gedung Servis|Lantai 2|Zona Tengah|Electrical|Ringan|Faktor lingkungan|Tampilan rusak|233000
Sistem instalasi kabel di Gedung Utama mengalami suhu tidak stabil karena debu/kotoran, sehingga operasional terganggu parah|Teknisi telah memperbaiki sistem instalasi kabel dengan total biaya perbaikan Rp 2377000|Wiring System|Gedung Utama|Lantai 15|Zona Barat|Electrical|Berat|Debu/kotoran|Suhu tidak stabil|2377000
Suhu tidak stabil pada sistem instalasi kabel di Lantai 15 Gedung Utama menyebabkan korslet dan kebakaran, sangat berbahaya|Teknisi telah memperbaiki sistem instalasi kabel dengan total biaya perbaikan Rp 2377000|Wiring System|Gedung Utama|Lantai 15|Zona Barat|Electrical|Berat|Debu/kotoran|Suhu tidak stabil|2377000
Debu/kotoran pada sistem instalasi kabel di Zona Barat Gedung Utama menyebabkan suhu tidak stabil dan mengancam keamanan operasional, perlu perbaikan segera|Teknisi telah memperbaiki sistem instalasi kabel dengan total biaya perbaikan Rp 2377000|Wiring System|Gedung Utama|Lantai 15|Zona Barat|Electrical|Berat|Debu/kotoran|Suhu tidak stabil|2377000
Pintu kayu/HPL di lantai 10 Gedung B mengalami kebocoran yang sangat berat karena kualitas material yang buruk|Teknisi telah memperbaiki pintu kayu/HPL yang bocor parah dengan total biaya perbaikan sebesar Rp 2705000|Pintu Kayu/HPL|Gedung B|Lantai 10|Zona Timur|Arsitektur|Berat|Kualitas material|Kebocoran|2705000
AC VRV di Gedung B Lantai 2 Zona Timur tiba-tiba mati total karena kelembaban tinggi|Telah dilakukan perbaikan atas kerusakan AC VRV di Gedung B Lantai 2 Zona Timur dengan biaya total Rp 27810000|AC VRV|Gedung B|Lantai 2|Zona Timur|Mechanical|Fatal|Kelembaban tinggi|Mati mendadak|27810000
AC VRV di Gedung B Lantai 2 Zona Timur mengalami kerusakan parah karena kelembaban tinggi sehingga mati total|Telah dilakukan perbaikan atas kerusakan AC VRV di Gedung B Lantai 2 Zona Timur dengan biaya total Rp 27810000|AC VRV|Gedung B|Lantai 2|Zona Timur|Mechanical|Fatal|Kelembaban tinggi|Mati mendadak|27810000
AC VRV di Gedung B Lantai 2 Zona Timur rusak berat dan mati total karena kelembaban tinggi, perlu perbaikan segera|Telah dilakukan perbaikan atas kerusakan AC VRV di Gedung B Lantai 2 Zona Timur dengan biaya total Rp 27810000|AC VRV|Gedung B|Lantai 2|Zona Timur|Mechanical|Fatal|Kelembaban tinggi|Mati mendadak|27810000
Lampu speaker di gedung B lantai 7 zona timur sudah tidak menyala, mungkin karena umur pakai yang sudah lama|Telah dilakukan perbaikan speaker dengan biaya total Rp 115000 dan berhasil memperbaiki masalah lampu mati|Speaker|Gedung B|Lantai 7|Zona Timur|Sistem Telekomunikasi Gedung|Ringan|Usia pakai|Lampu mati|115000
Lampu di speaker gedung B lantai 7 zona timur tidak berfungsi, kemungkinan karena sudah tua|Perbaikan speaker telah dilakukan dengan biaya Rp 115000 dan berhasil mengatasi masalah lampu mati|Speaker|Gedung B|Lantai 7|Zona Timur|Sistem Telekomunikasi Gedung|Ringan|Usia pakai|Lampu mati|115000
Speaker di gedung B lantai 7 zona timur mengalami masalah lampu yang tidak menyala, mungkin karena faktor usia|Telah dilakukan perbaikan pada speaker dengan biaya total Rp 115000 dan berhasil memperbaiki masalah lampu|Speaker|Gedung B|Lantai 7|Zona Timur|Sistem Telekomunikasi Gedung|Ringan|Usia pakai|Lampu mati|115000
DVR CCTV di Gedung Parkir Lantai 4 Zona Barat mengalami kerusakan parah karena tekanan listrik tidak stabil dan kotoran yang menumpuk|Teknisi telah melakukan perbaikan pada DVR CCTV dengan mengganti komponen yang rusak dan membersihkan kotoran, total biaya perbaikan Rp 3560000|DVR CCTV|Gedung Parkir|Lantai 4|Zona Barat|Security Sistem|Berat|Debu/kotoran|Tekanan tidak stabil|3560000
DVR CCTV di Lantai 4 Zona Barat Gedung Parkir tidak berfungsi dengan baik karena tekanan listrik tidak stabil dan banyak debu yang menumpuk|Teknisi telah memperbaiki DVR CCTV dengan mengganti komponen yang rusak dan membersihkan debu, total biaya perbaikan Rp 3560000|DVR CCTV|Gedung Parkir|Lantai 4|Zona Barat|Security Sistem|Berat|Debu/kotoran|Tekanan tidak stabil|3560000
Kran air di Gedung B, Lantai 4, Zona Selatan mengalami sensor error karena getaran, sehingga netes sedikit|Teknisi telah memperbaiki sensor error pada kran air di Gedung B, Lantai 4, Zona Selatan dengan total biaya perbaikan Rp 344000|Kran Air|Gedung B|Lantai 4|Zona Selatan|Plumbing|Ringan|Getaran|Sensor error|344000
Kran air di Gedung B, Lantai 4, Zona Selatan agak berisik saat digunakan karena getaran yang menyebabkan sensor error|Teknisi telah memperbaiki sensor error pada kran air di Gedung B, Lantai 4, Zona Selatan dengan total biaya perbaikan Rp 344000|Kran Air|Gedung B|Lantai 4|Zona Selatan|Plumbing|Ringan|Getaran|Sensor error|344000
Kran air di Gedung B, Lantai 4, Zona Selatan mengalami masalah sensor error karena getaran, sehingga kadang-kadang tidak berfungsi dengan baik|Teknisi telah memperbaiki sensor error pada kran air di Gedung B, Lantai 4, Zona Selatan dengan total biaya perbaikan Rp 344000|Kran Air|Gedung B|Lantai 4|Zona Selatan|Plumbing|Ringan|Getaran|Sensor error|344000
Wastafel di Gedung B Lantai 7 Zona Tengah mengalami getaran berlebihan saat digunakan|Teknisi telah memperbaiki wastafel dengan biaya perbaikan sebesar Rp 886000 karena overload yang menyebabkan getaran berlebihan|Wastafel|Gedung B|Lantai 7|Zona Tengah|Plumbing|Sedang|Overload|Getaran berlebihan|886000
Wastafel Toto di Gedung B Lantai 7 Zona Tengah sering mengalami getaran keras dan overload|Teknisi telah memperbaiki wastafel Toto dengan biaya perbaikan sebesar Rp 886000 karena overload yang menyebabkan getaran berlebihan|Wastafel|Gedung B|Lantai 7|Zona Tengah|Plumbing|Sedang|Overload|Getaran berlebihan|886000
Wastafel Toto di Gedung B Lantai 7 Zona Tengah mengalami getaran berlebihan dan suara berisik karena overload|Teknisi telah memperbaiki wastafel Toto dengan biaya perbaikan sebesar Rp 886000 karena overload yang menyebabkan getaran berlebihan|Wastafel|Gedung B|Lantai 7|Zona Tengah|Plumbing|Sedang|Overload|Getaran berlebihan|886000
Kursi di lantai 1 zona timur gedung utama mengalami kebocoran karena usia pakai|Perbaikan telah dilakukan dengan total biaya Rp 491000 untuk memperbaiki kebocoran pada kursi|Kursi|Gedung Utama|Lantai 1|Zona Timur|Arsitektur|Ringan|Usia pakai|Kebocoran|491000
Kursi di zona timur lantai 1 gedung utama mengalami kebocoran kecil karena usia pakai|Teknisi telah memperbaiki kebocoran pada kursi dengan biaya Rp 491000 untuk mengembalikan fungsi kursi|Kursi|Gedung Utama|Lantai 1|Zona Timur|Arsitektur|Ringan|Usia pakai|Kebocoran|491000
AC Standing di Gedung A Lantai 2 Zona Utara berisik karena debu|Teknisi telah memperbaiki AC Standing yang berisik di Gedung A Lantai 2 Zona Utara dengan total biaya perbaikan Rp 123000|AC Standing|Gedung A|Lantai 2|Zona Utara|Mechanical|Ringan|Debu/kotoran|Bunyi abnormal|123000
AC Standing di Gedung A Lantai 2 Zona Utara mengeluarkan suara aneh karena kotor|Teknisi telah memperbaiki AC Standing yang mengeluarkan suara aneh di Gedung A Lantai 2 Zona Utara dengan total biaya perbaikan Rp 123000|AC Standing|Gedung A|Lantai 2|Zona Utara|Mechanical|Ringan|Debu/kotoran|Bunyi abnormal|123000
AC Standing di Gedung A Lantai 2 Zona Utara mengalami gangguan suara karena debu yang menumpuk|Teknisi telah memperbaiki AC Standing yang mengalami gangguan suara di Gedung A Lantai 2 Zona Utara dengan total biaya perbaikan Rp 123000|AC Standing|Gedung A|Lantai 2|Zona Utara|Mechanical|Ringan|Debu/kotoran|Bunyi abnormal|123000
AC VRV di Gedung C, Lantai 2, Zona Utara macet kadang-kadang karena debu|Teknisi telah memperbaiki masalah performa menurun pada AC VRV di Gedung C, Lantai 2, Zona Utara dengan total biaya perbaikan Rp 376000|AC VRV|Gedung C|Lantai 2|Zona Utara|Mechanical|Ringan|Debu/kotoran|Performa menurun|376000
AC VRV di Gedung C, Lantai 2, Zona Utara mengalami penurunan performa karena kotoran|Teknisi telah memperbaiki masalah performa menurun pada AC VRV di Gedung C, Lantai 2, Zona Utara dengan total biaya perbaikan Rp 376000|AC VRV|Gedung C|Lantai 2|Zona Utara|Mechanical|Ringan|Debu/kotoran|Performa menurun|376000
AC VRV di Gedung C, Lantai 2, Zona Utara berjalan tidak stabil karena debu yang menumpuk|Teknisi telah memperbaiki masalah performa menurun pada AC VRV di Gedung C, Lantai 2, Zona Utara dengan total biaya perbaikan Rp 376000|AC VRV|Gedung C|Lantai 2|Zona Utara|Mechanical|Ringan|Debu/kotoran|Performa menurun|376000
Tolong dong APAR CO2 di Gedung Utama lantai 10 zona Tengah rusak nih, gk nyala sama sekali bgt!|APAR CO2 mengalami aus normal, perlu dilakukan perbaikan dan penggantian komponen yang rusak|APAR CO2|Gedung Utama|Lantai 10|Zona Tengah|Sistem Pemadam Kebakaran|Berat|Aus normal|Aus/abrasi|2770000.0
Mohon bantuan untuk memperbaiki APAR CO2 di Gedung Utama lantai 10 zona Tengah, karena sudah tidak nyala sama sekali.|APAR CO2 mengalami aus normal, perlu dilakukan perbaikan dan penggantian komponen yang rusak dengan biaya perbaikan sebesar Rp 2770000|APAR CO2|Gedung Utama|Lantai 10|Zona Tengah|Sistem Pemadam Kebakaran|Berat|Aus normal|Aus/abrasi|2770000.0
Tolong dong Urinal di Gedung E lantai 6 zona Barat rusak nih, netes air terus, gk tau dmn letak kerusakannya, bgt repot!|Kerusakan disebabkan kurang perawatan, perlu dilakukan perbaikan dan pembersihan secara menyeluruh|Urinal|Gedung E|Lantai 6|Zona Barat|Plumbing|Sedang|Kurang perawatan|Kebocoran|1930000.0
Mohon perhatian, Urinal yang terletak di Gedung E, lantai 6, zona Barat mengalami kerusakan, yaitu netes air, mohon dilakukan perbaikan secepatnya|Kerusakan disebabkan kurang perawatan, perlu dilakukan perbaikan dan pembersihan, biaya perbaikan sebesar Rp 1930000|Urinal|Gedung E|Lantai 6|Zona Barat|Plumbing|Sedang|Kurang perawatan|Kebocoran|1930000.0
Tolong dong APAR Dry Powder Stored Pressure di Gedung B lantai 10 zona Barat rusak nih, gk tau dmn salahnya, tapi yg jelas bunyi pelan bgt|Kualitas material yang rendah menyebabkan korsleting, perlu dilakukan penggantian komponen untuk memperbaiki APAR Dry Powder Stored Pressure|APAR Dry Powder Stored Pressure|Gedung B|Lantai 10|Zona Barat|Sistem Pemadam Kebakaran|Ringan|Kualitas material|Korsleting|420000.0
Mohon perhatian, APAR Dry Powder Stored Pressure di Gedung B lantai 10 zona Barat mengalami kerusakan ringan, bunyi pelan dan kotor, mohon dilakukan perbaikan secepatnya|Kualitas material yang tidak memadai menyebabkan korsleting, perlu dilakukan penggantian komponen dan pembersihan untuk memperbaiki APAR Dry Powder Stored Pressure|APAR Dry Powder Stored Pressure|Gedung B|Lantai 10|Zona Barat|Sistem Pemadam Kebakaran|Ringan|Kualitas material|Korsleting|420000.0
Tolong dong Electric Fire Pump di Gedung E lantai 1 zona Tengah rusak nih, bunyi abnormal bgt, gk tau dmn letak masalahnya, tolong bantu yg|Laporan teknisi: Electric Fire Pump di Gedung E lantai 1 zona Tengah mengalami gangguan karena Tegangan tidak stabil, tindakan perbaikan: pengecekan dan penggantian komponen yang rusak, biaya perbaikan Rp 200000|Electric Fire Pump|Gedung E|Lantai 1|Zona Tengah|Sistem Pemadam Kebakaran|Ringan|Tegangan tidak stabil|Bunyi abnormal|200000.0
Mohon bantuan untuk Electric Fire Pump di Gedung E lantai 1 zona Tengah yang mengalami bunyi abnormal, saya khawatir akan mengganggu operasional|Laporan teknisi: Electric Fire Pump di Gedung E lantai 1 zona Tengah mengalami gangguan karena Tegangan tidak stabil, tindakan perbaikan: pengecekan dan penggantian komponen yang rusak, biaya perbaikan Rp 200000|Electric Fire Pump|Gedung E|Lantai 1|Zona Tengah|Sistem Pemadam Kebakaran|Ringan|Tegangan tidak stabil|Bunyi abnormal|200000.0
Tolong dong Dinding Keramik/Mozaik di Gedung D lantai 5 zona Tengah rusak nih, gk tahu penyebabnya, tp yg jelas bunyi pelan banget!|Laporan teknisi: dinding keramik/mozaik mengalami korosi, dilakukan perbaikan dengan mengganti komponen yang rusak, biaya perbaikan Rp 200000|Dinding Keramik/Mozaik|Gedung D|Lantai 5|Zona Tengah|Civil|Ringan|Korosi|Korsleting|200000.0
Mohon bantu perbaiki Dinding Keramik/Mozaik di Gedung D lantai 5 zona Tengah, kondisinya kusam dan bunyi pelan, terima kasih|Laporan teknisi: dinding keramik/mozaik mengalami korosi, dilakukan perbaikan dengan mengganti komponen yang rusak|Dinding Keramik/Mozaik|Gedung D|Lantai 5|Zona Tengah|Civil|Ringan|Korosi|Korsleting|200000.0
Gak bisa pakai Smoke Detector di Gedung Servis lantai 2 zona Tengah, kedap-kedip bgt, tolong dong diperbaiki yg, dmn ada waktu?|Perbaikan dilakukan dengan mengganti komponen yang rusak akibat getaran, biaya perbaikan sebesar Rp 1690000|Smoke Detector|Gedung Servis|Lantai 2|Zona Tengah|Sistem Proteksi Kebakaran Aktif|Sedang|Getaran|Tampilan rusak|1690000.0
Mohon bantuan untuk memperbaiki Smoke Detector di Gedung Servis lantai 2 zona Tengah, karena tampilannya rusak dan kedap-kedip, mohon diperiksa dan diperbaiki secepatnya|Perbaikan dilakukan dengan mengganti komponen yang rusak akibat getaran, biaya perbaikan akan dihitung setelah perbaikan selesai, perkiraan biaya perbaikan Rp 1690000|Smoke Detector|Gedung Servis|Lantai 2|Zona Tengah|Sistem Proteksi Kebakaran Aktif|Sedang|Getaran|Tampilan rusak|1690000.0
Tolong dong Siamese Connection di Gedung A lantai 15 zona Selatan rusak nih, gk tau dmn salahnya, bgt mogok, yg penting cepat diperbaiki!|Laporan teknisi: Siamese Connection mengalami kerusakan berat akibat aus normal, dilakukan perbaikan dengan mengganti komponen yang rusak, biaya perbaikan sebesar 3680000|Siamese Connection|Gedung A|Lantai 15|Zona Selatan|Sistem Pemadam Kebakaran|Berat|Aus normal|Retak/pecah|3680000.0
Mohon periksa Siamese Connection di Gedung A lantai 15 zona Selatan, karena telah mengalami kerusakan berat dan tidak dapat berfungsi dengan baik.|Laporan teknisi: Siamese Connection mengalami kerusakan berat akibat aus normal, dilakukan perbaikan dengan mengganti komponen yang rusak, untuk memulihkan fungsinya, biaya perbaikan sebesar 3680000|Siamese Connection|Gedung A|Lantai 15|Zona Selatan|Sistem Pemadam Kebakaran|Berat|Aus normal|Retak/pecah|3680000.0
Wastafel di Gedung Utama lantai 18 zona Barat bgt rusak nih, airnya bocor deras bgt, tolong dong cepat dicek yg, gk tau dmn letak kerusakannya!|Teknisi melakukan pengecekan dan perbaikan, ditemukan Aus normal pada koneksi, sehingga dilakukan penggantian koneksi|Wastafel|Gedung Utama|Lantai 18|Zona Barat|Plumbing|Fatal|Aus normal|Koneksi terputus|19680000.0
Mohon perhatian, Wastafel di Gedung Utama lantai 18 zona Barat mengalami kerusakan parah, air bocor deras dan menyebabkan banjir, mohon segera dikirim teknisi untuk pengecekan dan perbaikan|Teknisi melakukan pengecekan menyeluruh dan menemukan Aus normal, melakukan perbaikan koneksi dan mengganti komponen yang rusak, biaya perbaikan sebesar Rp 19680000|Wastafel|Gedung Utama|Lantai 18|Zona Barat|Plumbing|Fatal|Aus normal|Koneksi terputus|19680000.0
Halo, Lampu LED Strip di Gedung Parkir lantai 4 zona Timur rusak nih, gk nyala bgt, tolong dong diperbaiki yg cepat, klo gk bisa diperbaiki bisa ganti yg baru, dmn saya harus menghubungi sih?|Lampu LED Strip mengalami Overheat karena Getaran, perlu dilakukan pembersihan dan pengecekan komponen, biaya perbaikan sebesar Rp 130000|Lampu LED Strip|Gedung Parkir|Lantai 4|Zona Timur|Electrical|Ringan|Getaran|Overheat|130000.0
Mohon perhatian, terdapat kerusakan pada Lampu LED Strip yang terletak di Gedung Parkir lantai 4 zona Timur, kondisinya tidak berfungsi dengan baik, mohon untuk segera diperbaiki|Lampu LED Strip mengalami Overheat karena Getaran, dilakukan pembersihan dan perbaikan, biaya perbaikan sebesar Rp 130000|Lampu LED Strip|Gedung Parkir|Lantai 4|Zona Timur|Electrical|Ringan|Getaran|Overheat|130000.0
Tolong dong Pintu Biasa Berdaun Tunggal di Gedung B lantai 9 zona Barat rusak bgt, nyetrum gk ya?|Pintu Biasa Berdaun Tunggal mengalami korsleting akibat kualitas material yang buruk, perlu dilakukan penggantian komponen|Pintu Biasa Berdaun Tunggal|Gedung B|Lantai 9|Zona Barat|Arsitektur|Fatal|Kualitas material|Korsleting|29560000.0
Mohon periksa Pintu Biasa Berdaun Tunggal di Gedung B lantai 9 zona Barat, karena terjadi korsleting yang menyebabkan nyetrum|Pintu Biasa Berdaun Tunggal mengalami kerusakan akibat kualitas material yang buruk, perlu dilakukan penggantian komponen dan perbaikan segera dengan biaya Rp 29560000|Pintu Biasa Berdaun Tunggal|Gedung B|Lantai 9|Zona Barat|Arsitektur|Fatal|Kualitas material|Korsleting|29560000.0
Tolong dong Plafon Gypsum / GRC di Gedung B lantai 2 zona Utara rusak bgt, gk tahu dmn salahnya, tp yg jelas plafonnya ambruk banget|Overload pada plafon GRC menyebabkan kerusakan fatal, perlu peninjauan ulang desain struktur dan pemasangan|Plafon Gypsum / GRC|Gedung B|Lantai 2|Zona Utara|Arsitektur|Fatal|Overload|Performa menurun|12220000.0
Mohon bantuan, Plafon Gypsum / GRC di Gedung B lantai 2 zona Utara mengalami kerusakan yang sangat parah, nyetrum listrik dan bau gosong|Kerusakan plafon GRC disebabkan oleh overload, perlu dilakukan perbaikan dan penggantian komponen yang rusak segera, dengan biaya perbaikan sebesar|Plafon Gypsum / GRC|Gedung B|Lantai 2|Zona Utara|Arsitektur|Fatal|Overload|Performa menurun|12220000.0
Lampu LED Strip di Gedung Utama lantai 6 zona Utara nyetrum bgt, tolong dong cepat dicek yg bermasalah dmn|Laporan teknisi: Perbaikan dilakukan dengan mengganti komponen yang rusak akibat Tegangan tidak stabil, kemudian dilakukan pengetesan ulang untuk memastikan kinerja yang stabil|Lampu LED Strip|Gedung Utama|Lantai 6|Zona Utara|Electrical|Fatal|Tegangan tidak stabil|Korsleting|36110000.0
Mohon bantuannya untuk memperbaiki Lampu LED Strip di Gedung Utama lantai 6 zona Utara, karena terjadi kejadian nyetrum yang sangat membahayakan|Laporan teknisi: Perbaikan dilakukan dengan mengganti komponen yang rusak akibat Tegangan tidak stabil, dengan biaya perbaikan sebesar Rp 36110000|Lampu LED Strip|Gedung Utama|Lantai 6|Zona Utara|Electrical|Fatal|Tegangan tidak stabil|Korsleting|36110000.0
Tolong dong Panel LSA Telepon di Gedung B lantai 10 zona Selatan rusak nih, bgt berisik banget dan remote gk berfungsi yg bikin kita gk bisa nelpon|Ditemukan kerusakan pada Panel LSA Telepon di Gedung B lantai 10 zona Selatan, kemungkinan disebabkan oleh Getaran, perlu dilakukan perbaikan untuk mengganti remote yang tidak berfungsi dengan biaya perbaikan sebesar Rp 1030000|Panel LSA Telepon|Gedung B|Lantai 10|Zona Selatan|Sistem Telekomunikasi Gedung|Sedang|Getaran|Remote tidak berfungsi|1030000.0
Mohon perhatian, Panel LSA Telepon di Gedung B lantai 10 zona Selatan mengalami kerusakan pada remote yang tidak berfungsi, sehingga menyebabkan gangguan pada sistem telekomunikasi|Ditemukan kerusakan pada Panel LSA Telepon di Gedung B lantai 10 zona Selatan, kemungkinan disebabkan oleh Getaran, perlu dilakukan perbaikan untuk mengganti remote yang tidak berfungsi dengan biaya perbaikan sebesar Rp 1030000|Panel LSA Telepon|Gedung B|Lantai 10|Zona Selatan|Sistem Telekomunikasi Gedung|Sedang|Getaran|Remote tidak berfungsi|1030000.0
Tolong dong Smoke Detector di Gedung D lantai 11 zona Selatan rusak nih, bgt kotor dan berdebu, gk tau dmn letak masalahnya tapi yg jelas bunyi pelan bgt!|Debu/kotoran menyebabkan tekanan tidak stabil, perbaikan dilakukan dengan membersihkan komponen dan mengganti filter|Smoke Detector|Gedung D|Lantai 11|Zona Selatan|Sistem Proteksi Kebakaran Aktif|Ringan|Debu/kotoran|Tekanan tidak stabil|290000.0
Saya ingin melaporkan bahwa Smoke Detector di Gedung D lantai 11 zona Selatan mengalami kerusakan ringan, yaitu kotor dan berdebu, sehingga menyebabkan tekanan tidak stabil|Debu/kotoran menyebabkan tekanan tidak stabil, perbaikan dilakukan dengan membersihkan komponen dan mengganti filter, biaya perbaikan sebesar Rp 290000|Smoke Detector|Gedung D|Lantai 11|Zona Selatan|Sistem Proteksi Kebakaran Aktif|Ringan|Debu/kotoran|Tekanan tidak stabil|290000.0
Tolong dong LAN (Local Area Network) di Gedung B lantai 8 zona Tengah rusak nih, gk tau kenapa, bgt mogok, dmn hrus lapor?|Ditemukan kerusakan pada LAN (Local Area Network) di Gedung B lantai 8 zona Tengah, disebabkan oleh Debu/kotoran, sehingga menyebabkan Performa menurun, dilakukan pembersihan dan perawatan untuk mengembalikan kondisi normal|LAN (Local Area Network)|Gedung B|Lantai 8|Zona Tengah|Sistem Telekomunikasi Gedung|Berat|Debu/kotoran|Performa menurun|7640000.0
Mohon bantuan untuk memperbaiki LAN (Local Area Network) di Gedung B lantai 8 zona Tengah, karena LAN tersebut mogok dan tidak berfungsi dengan baik.|Dilakukan analisis dan perbaikan pada LAN (Local Area Network) di Gedung B lantai 8 zona Tengah, ditemukan kerusakan akibat Debu/kotoran, sehingga menyebabkan Performa menurun, biaya perbaikan sebesar Rp 7640000|LAN (Local Area Network)|Gedung B|Lantai 8|Zona Tengah|Sistem Telekomunikasi Gedung|Berat|Debu/kotoran|Performa menurun|7640000.0
Genset Diesel di Gedung Parkir lantai 4 zona Barat rusak nih, bunyi berisik banget bgt, gk tau dmn letak kerusakannya, tolong dong cepat dicek|Kerusakan disebabkan oleh Human error, perlu dilakukan pengecekan dan perbaikan pada sistem pendingin untuk mengurangi getaran berlebihan|Genset Diesel|Gedung Parkir|Lantai 4|Zona Barat|Mechanical|Sedang|Human error|Getaran berlebihan|1460000.0
Mohon bantuan untuk memperbaiki Genset Diesel yang berada di Gedung Parkir lantai 4 zona Barat, karena mengalami getaran berlebihan yang menyebabkan bunyi berisik|Perbaikan dilakukan dengan memperbaiki sistem pendingin yang rusak akibat Human error, biaya perbaikan sebesar Rp 1460000|Genset Diesel|Gedung Parkir|Lantai 4|Zona Barat|Mechanical|Sedang|Human error|Getaran berlebihan|1460000.0
Tolong dong Pemipaan Air Kotor di Gedung E lantai 1 zona Utara rusak bgt, gk tahu dmn salahnya, tp yg jelas patah dan mogok, bantu yaa!|Tegangan tidak stabil menyebabkan korsleting, dilakukan perbaikan dan penggantian komponen|Pemipaan Air Kotor|Gedung E|Lantai 1|Zona Utara|Plumbing|Berat|Tegangan tidak stabil|Korsleting|3170000.0
Pemipaan Air Kotor di Gedung E lantai 1 zona Utara mengalami kerusakan berat, yaitu mati total dan patah, mohon bantuan untuk perbaikan|Tegangan tidak stabil menyebabkan korsleting, perlu dilakukan penggantian komponen dan perbaikan, biaya perbaikan sebesar Rp 3170000|Pemipaan Air Kotor|Gedung E|Lantai 1|Zona Utara|Plumbing|Berat|Tegangan tidak stabil|Korsleting|3170000.0
Gue butuh bantuan, APAR Dry Powder Cartridge di Gedung D lantai 6 zona Utara mati total gk bisa dipake lagi, tolong dong!|APAR Dry Powder Cartridge mengalami kerusakan berat karena human error, perlu dilakukan perbaikan dengan mengganti komponen yang rusak|APAR Dry Powder Cartridge|Gedung D|Lantai 6|Zona Utara|Sistem Pemadam Kebakaran|Berat|Human error|Retak/pecah|1640000.0
Mohon perhatian, APAR Dry Powder Cartridge di Gedung D lantai 6 zona Utara tidak berfungsi dengan baik, sehingga perlu dilakukan perbaikan secepatnya|APAR Dry Powder Cartridge mengalami kerusakan berat karena human error, perlu dilakukan tindakan perbaikan dengan mengganti komponen yang rusak, biaya perbaikan sebesar Rp 1640000|APAR Dry Powder Cartridge|Gedung D|Lantai 6|Zona Utara|Sistem Pemadam Kebakaran|Berat|Human error|Retak/pecah|1640000.0
Tolong dong APAR CO2 di Gedung E lantai 2 zona Barat rusak bgt, patah, gk bisa nyala sama sekali, tolong cepat bgt, yg bisa bantu?|Ditemukan kerusakan pada APAR CO2 di Gedung E lantai 2 zona Barat akibat korosi, dilakukan perbaikan dengan mengganti komponen yang rusak|APAR CO2|Gedung E|Lantai 2|Zona Barat|Sistem Pemadam Kebakaran|Berat|Korosi|Suhu tidak stabil|2970000.0
Mohon bantuan untuk perbaikan APAR CO2 yang terletak di Gedung E lantai 2 zona Barat, karena APAR CO2 tersebut已经 tidak berfungsi dengan baik, yaitu mati total|Dilakukan inspeksi dan perbaikan pada APAR CO2 di Gedung E lantai 2 zona Barat, ditemukan kerusakan akibat korosi, biaya perbaikan sebesar Rp 2970000|APAR CO2|Gedung E|Lantai 2|Zona Barat|Sistem Pemadam Kebakaran|Berat|Korosi|Suhu tidak stabil|2970000.0
Tolong dong Rolling Door di Gedung Parkir lantai 2 zona Selatan rusak nih, gk tau knp tiba2 mati gitu, bgt berisik juga, tolong bantu yah|Rolling Door mengalami kerusakan karena kurang perawatan, perlu dilakukan pengecekan dan perbaikan untuk mengembalikan fungsi normal|Rolling Door|Gedung Parkir|Lantai 2|Zona Selatan|Arsitektur|Sedang|Kurang perawatan|Mati mendadak|1620000.0
Rolling Door di Gedung Parkir lantai 2 zona Selatan mengalami kerusakan, saya mohon bantuan untuk memperbaiki, karena Rolling Door tersebut sangat penting untuk keamanan dan kenyamanan|Rolling Door mengalami kerusakan karena kurang perawatan, perlu dilakukan pengecekan dan perbaikan untuk mengembalikan fungsi normal dengan biaya perbaikan sebesar Rp 1620000|Rolling Door|Gedung Parkir|Lantai 2|Zona Selatan|Arsitektur|Sedang|Kurang perawatan|Mati mendadak|1620000.0
Tolong dong Plafon Gypsum / GRC di Gedung B lantai 8 zona Barat rusak nih, bgt kotor dan kusam, gk tau dmn masalahnya|Perbaikan dilakukan dengan mengganti material yang berkualitas rendah, biaya perbaikan sebesar Rp 260000|Plafon Gypsum / GRC|Gedung B|Lantai 8|Zona Barat|Arsitektur|Ringan|Kualitas material|Retak/pecah|260000.0
Mohon perhatian, terdapat kerusakan pada Plafon Gypsum / GRC di Gedung B, lantai 8, zona Barat, kondisinya kusam dan berdebu|Perbaikan akan dilakukan dengan memperhatikan kualitas material dan melakukan tindakan yang tepat, biaya perbaikan akan ditentukan setelah peninjauan|Plafon Gypsum / GRC|Gedung B|Lantai 8|Zona Barat|Arsitektur|Ringan|Kualitas material|Retak/pecah|260000.0
Tolong dong Lampu LED Bulb di Gedung E lantai 6 zona Utara rusak bgt, gk nyala sama sekali, bau gosong, tolong bantu kita dmn bisa komplain?|Laporan teknisi: Lampu LED Bulb di Gedung E lantai 6 zona Utara rusak karena Debu/kotoran, dilakukan pembersihan dan penggantian komponen yang rusak|Lampu LED Bulb|Gedung E|Lantai 6|Zona Utara|Electrical|Fatal|Debu/kotoran|Lampu mati|27190000.0
Mohon bantuan, Lampu LED Bulb di Gedung E lantai 6 zona Utara tidak nyala, terdapat bau gosong, kemungkinan karena Debu/kotoran, tolong dilakukan pengecekan dan perbaikan|Laporan teknisi: Dilakukan pembersihan dan penggantian komponen yang rusak pada Lampu LED Bulb di Gedung E lantai 6 zona Utara, biaya perbaikan sebesar Rp 27190000|Lampu LED Bulb|Gedung E|Lantai 6|Zona Utara|Electrical|Fatal|Debu/kotoran|Lampu mati|27190000.0
Tolong dong Smoke Detector di Gedung Utama lantai 20 zona Timur rusak nih, bunyi pelan bgt, gk tau dmn salahnya|Perbaikan dilakukan dengan mengganti komponen yang rusak akibat Human error, biaya perbaikan sebesar Rp 530000|Smoke Detector|Gedung Utama|Lantai 20|Zona Timur|Sistem Proteksi Kebakaran Aktif|Ringan|Human error|Suhu tidak stabil|530000.0
Smoke Detector di Gedung Utama lantai 20 zona Timur mengalami gangguan, suhu tidak stabil sehingga bunyi pelan|Perbaikan telah dilakukan dengan mengganti komponen yang rusak, kemungkinan disebabkan oleh Human error, biaya perbaikan Rp 530000|Smoke Detector|Gedung Utama|Lantai 20|Zona Timur|Sistem Proteksi Kebakaran Aktif|Ringan|Human error|Suhu tidak stabil|530000.0
Proyektor di Gedung B lantai 3 zona Tengah rusak bgt nih, gk tau dmn salahnya, tp kedap-kedip terus!|Laporan teknisi: Overload pada sistem proyektor, perlu dilakukan perbaikan dan penggantian komponen yang rusak|Proyektor|Gedung B|Lantai 3|Zona Tengah|Sistem Telekomunikasi Gedung|Sedang|Overload|Tampilan rusak|2240000.0
Mohon bantuan, Proyektor di Gedung B lantai 3 zona Tengah mengalami kerusakan pada tampilan, sehingga tidak dapat digunakan dengan baik, mohon dicek dan diperbaiki secepatnya|Laporan teknisi: Overload pada sistem proyektor, perlu dilakukan perbaikan dan penggantian komponen yang rusak, dengan biaya perbaikan sebesar Rp 2240000|Proyektor|Gedung B|Lantai 3|Zona Tengah|Sistem Telekomunikasi Gedung|Sedang|Overload|Tampilan rusak|2240000.0
Tolong dong AC Split di Gedung A lantai 15 zona Timur rusak bgt, gk bisa nyala sama sekali, tolong bantu yg dmn|AC Split rusak karena debu/kotoran, perlu dibersihkan dan diperiksa|AC Split|Gedung A|Lantai 15|Zona Timur|Mechanical|Berat|Debu/kotoran|Overheat|8630000.0
Mohon bantuan, AC Split di Gedung A lantai 15 zona Timur mengalami kerusakan, tidak bisa nyala sama sekali|AC Split rusak karena debu/kotoran, dilakukan pembersihan dan perawatan, biaya perbaikan sebesar Rp 8630000|AC Split|Gedung A|Lantai 15|Zona Timur|Mechanical|Berat|Debu/kotoran|Overheat|8630000.0
Tolong dong Pesawat Telepon di Gedung Servis lantai 1 zona Barat rusak bgt, gk bisa dipake, berisik banget, kedap-kedip terus!|Teknisi menemukan Tegangan tidak stabil, dilakukan perbaikan dengan mengganti komponen yang rusak dan penyetelan ulang sistem|Pesawat Telepon|Gedung Servis|Lantai 1|Zona Barat|Sistem Telekomunikasi Gedung|Sedang|Tegangan tidak stabil|Koneksi terputus|1020000.0
Mohon bantuan untuk perbaikan Pesawat Telepon di Gedung Servis lantai 1 zona Barat, karena mengalami gangguan berupa koneksi terputus dan kedap-kedip|Teknisi melakukan pengecekan dan perbaikan sistem, dengan menemukan penyebab akar masalah adalah Tegangan tidak stabil, dan melakukan tindakan perbaikan yang sesuai|Pesawat Telepon|Gedung Servis|Lantai 1|Zona Barat|Sistem Telekomunikasi Gedung|Sedang|Tegangan tidak stabil|Koneksi terputus|1020000.0
Tolong dong APAR Dry Powder Stored Pressure di Gedung D lantai 4 zona Barat rusak bgt, gk bisa dipakai, meledak gitu!|APAR Dry Powder Stored Pressure mengalami kerusakan karena kelembaban tinggi, perlu dilakukan penggantian komponen yang rusak dan pengecekan rutin|APAR Dry Powder Stored Pressure|Gedung D|Lantai 4|Zona Barat|Sistem Pemadam Kebakaran|Fatal|Kelembaban tinggi|Macet/tersumbat|34880000.0
Mohon bantuan, APAR Dry Powder Stored Pressure di Gedung D lantai 4 zona Barat mengalami kerusakan parah, terbakar dan tidak dapat digunakan, mohon dilakukan perbaikan segera|APAR Dry Powder Stored Pressure mengalami kerusakan karena kelembaban tinggi, perlu dilakukan penggantian komponen yang rusak dan pengecekan rutin, biaya perbaikan diperkirakan sebesar 34880000|APAR Dry Powder Stored Pressure|Gedung D|Lantai 4|Zona Barat|Sistem Pemadam Kebakaran|Fatal|Kelembaban tinggi|Macet/tersumbat|34880000.0
Tolong dong Monitor/Layar di Gedung A lantai 12 zona Timur rusak bgt, gk bisa nyala sama sekali, tolong bantu yg, dmn ada teknisi?|Teknisi menemukan kerusakan pada Monitor/Layar karena Debu/kotoran, dilakukan pembersihan dan penggantian komponen yang rusak|Monitor/Layar|Gedung A|Lantai 12|Zona Timur|Sistem Telekomunikasi Gedung|Berat|Debu/kotoran|Tidak berfungsi total|3070000.0
Mohon bantuan untuk perbaikan Monitor/Layar di Gedung A lantai 12 zona Timur, karena tidak berfungsi total, mungkin karena Debu/kotoran|Teknisi telah melakukan perbaikan pada Monitor/Layar dengan membersihkan dan mengganti komponen yang rusak karena Debu/kotoran, biaya perbaikan Rp 3070000|Monitor/Layar|Gedung A|Lantai 12|Zona Timur|Sistem Telekomunikasi Gedung|Berat|Debu/kotoran|Tidak berfungsi total|3070000.0
Tolong dong AC Split di Gedung C lantai 1 zona Barat rusak nih, gk tau knp tiba2 mati gitu, bgt rusak bgt|Perbaikan dilakukan dengan mengganti komponen aus, kemudian dilakukan pengetesan untuk memastikan AC Split berfungsi normal kembali, biaya perbaikan sebesar Rp 180000|AC Split|Gedung C|Lantai 1|Zona Barat|Mechanical|Ringan|Aus normal|Mati mendadak|180000.0
Mohon perhatian, AC Split di Gedung C lantai 1 zona Barat mengalami kerusakan, sehingga perlu dilakukan perbaikan segera|Perbaikan telah dilakukan dengan mengganti komponen aus normal, dan telah dilakukan pengetesan untuk memastikan AC Split berfungsi normal kembali, biaya perbaikan sebesar Rp 180000|AC Split|Gedung C|Lantai 1|Zona Barat|Mechanical|Ringan|Aus normal|Mati mendadak|180000.0
Tolong dong Dinding Tembok/Mansonry di Gedung B lantai 2 zona Barat rusak nih, gk tau penyebabnya tapi bunyi pelan gitu, tolong bantu yg|Dinding Tembok/Mansonry mengalami kerusakan karena Faktor lingkungan, perlu dilakukan perbaikan dengan membersihkan dan mengganti komponen yang rusak, biaya perbaikan sebesar Rp 280000|Dinding Tembok/Mansonry|Gedung B|Lantai 2|Zona Barat|Civil|Ringan|Faktor lingkungan|Macet/tersumbat|280000.0
Dengan hormat, saya melaporkan bahwa Dinding Tembok/Mansonry di Gedung B lantai 2 zona Barat mengalami kerusakan ringan, yaitu bunyi pelan dan kotor, mohon bantuannya|Dinding Tembok/Mansonry mengalami kerusakan karena Faktor lingkungan, perlu dilakukan perbaikan dengan membersihkan dan mengganti komponen yang rusak, biaya perbaikan sebesar Rp 280000|Dinding Tembok/Mansonry|Gedung B|Lantai 2|Zona Barat|Civil|Ringan|Faktor lingkungan|Macet/tersumbat|280000.0
Tolong dong Kran Air di Gedung Servis lantai 1 zona Selatan rusak nih, bunyi pelan bgt, gk tau dmn letak kerusakannya, tolong bantu perbaiki ya|Kran Air mengalami kerusakan karena Overload, perlu dilakukan perbaikan segera dengan mengganti komponen yang rusak|Kran Air|Gedung Servis|Lantai 1|Zona Selatan|Plumbing|Ringan|Overload|Mati mendadak|380000.0
Mohon periksa Kran Air di Gedung Servis lantai 1 zona Selatan karena mengalami kerusakan, bunyi pelan dan tidak berfungsi dengan baik|Kran Air mengalami kerusakan karena Overload, perlu dilakukan perbaikan segera dengan mengganti komponen yang rusak, biaya perbaikan sebesar Rp 380000|Kran Air|Gedung Servis|Lantai 1|Zona Selatan|Plumbing|Ringan|Overload|Mati mendadak|380000.0
Tolong dong Dinding Partisi, GRC / Gypsum di Gedung C lantai 4 zona Timur rusak bgt, kedap-kedip terus, gk tau dmn letak kerusakannya, tolong bantu yaa|Dinding Partisi, GRC / Gypsum mengalami kerusakan karena Human error, perlu dilakukan pengecekan dan perbaikan tekanan|Dinding Partisi, GRC / Gypsum|Gedung C|Lantai 4|Zona Timur|Civil|Sedang|Human error|Tekanan tidak stabil|1640000.0
Mohon perhatian, Dinding Partisi, GRC / Gypsum di Gedung C lantai 4 zona Timur mengalami masalah tekanan tidak stabil, sehingga menyebabkan kerusakan, mohon dilakukan pengecekan dan perbaikan|Dinding Partisi, GRC / Gypsum mengalami kerusakan karena Human error, perlu dilakukan pengecekan dan perbaikan tekanan, dengan biaya perbaikan sebesar 1640000|Dinding Partisi, GRC / Gypsum|Gedung C|Lantai 4|Zona Timur|Civil|Sedang|Human error|Tekanan tidak stabil|1640000.0
Tolong dong Lantai Granit di Gedung Utama lantai 4 zona Utara rusak bgt, gk bisa dipake lagi, yg bingung dmn salahnya!|Lantai Granit mengalami kerusakan akibat aus normal, perlu dilakukan perbaikan dengan mengganti komponen yang rusak|Lantai Granit|Gedung Utama|Lantai 4|Zona Utara|Civil|Sedang|Aus normal|Tidak berfungsi total|1140000.0
Mohon perhatian, Lantai Granit di Gedung Utama lantai 4 zona Utara mengalami kerusakan, sehingga tidak dapat berfungsi dengan baik|Lantai Granit mengalami kerusakan akibat aus normal, perlu dilakukan perbaikan dengan biaya Rp 1140000|Lantai Granit|Gedung Utama|Lantai 4|Zona Utara|Civil|Sedang|Aus normal|Tidak berfungsi total|1140000.0
Tolong dong Kursi di Gedung A lantai 5 zona Selatan rusak nih, gk tau dmn letak kerusakannya, tp yg jelas bunyi pelan bgt|Kerusakan pada Kursi di Gedung A lantai 5 zona Selatan disebabkan oleh Kualitas material yang buruk, perlu dilakukan perbaikan dengan mengganti komponen yang rusak|Kursi|Gedung A|Lantai 5|Zona Selatan|Arsitektur|Ringan|Kualitas material|Retak/pecah|210000.0
Mohon perhatian, Kursi di Gedung A lantai 5 zona Selatan mengalami kerusakan, terdapat bunyi pelan yang mengganggu, mohon dilakukan perbaikan secepatnya|Kerusakan pada Kursi disebabkan oleh Kualitas material yang buruk, perlu dilakukan perbaikan dengan mengganti komponen yang rusak, biaya perbaikan diperkirakan sebesar 210000|Kursi|Gedung A|Lantai 5|Zona Selatan|Arsitektur|Ringan|Kualitas material|Retak/pecah|210000.0
Tolong dong Latihan Balakar di Gedung Parkir lantai 3 zona Selatan rusak bgt, yg bermasalah ada getaran dan kedap-kedip terus, gk tau kenapa, tolong dicek dan diperbaiki|Getaran menyebabkan korsleting, perlu pengecekan dan penggantian komponen yang rusak|Latihan Balakar|Gedung Parkir|Lantai 3|Zona Selatan|Latihan Balakar|Sedang|Getaran|Korsleting|910000.0
Mohon bantuan untuk memperbaiki Latihan Balakar di Gedung Parkir lantai 3 zona Selatan, karena mengalami masalah getaran yang menyebabkan korsleting, sehingga perlu diperiksa dan diperbaiki secara teknis|Diperlukan pengecekan dan penggantian komponen yang rusak karena getaran, serta perbaikan untuk mengatasi korsleting, biaya perbaikan sebesar 910000|Latihan Balakar|Gedung Parkir|Lantai 3|Zona Selatan|Latihan Balakar|Sedang|Getaran|Korsleting|910000.0
Gw butuh bantuan, Wiring System (Sistem Instalasi Kabel) di Gedung D lantai 10 zona Utara bgt berisik banget gk tau dmn asalnya, tolong dong!|Laporan teknisi: Wiring System (Sistem Instalasi Kabel) mengalami kerusakan karena kurang perawatan, perlu dilakukan pembersihan dan penggantian komponen yang rusak|Wiring System (Sistem Instalasi Kabel)|Gedung D|Lantai 10|Zona Utara|Electrical|Sedang|Kurang perawatan|Retak/pecah|1320000.0
Mohon bantuan, terdapat masalah pada Wiring System (Sistem Instalasi Kabel) di Gedung D lantai 10 zona Utara, yaitu mengalami kerusakan berupa retak/pecah yang menyebabkan kurang dingin, mohon dilakukan perbaikan segera|Laporan teknisi: Wiring System (Sistem Instalasi Kabel) mengalami kerusakan retak/pecah karena kurang perawatan, telah dilakukan perbaikan dengan biaya sebesar Rp 1320000|Wiring System (Sistem Instalasi Kabel)|Gedung D|Lantai 10|Zona Utara|Electrical|Sedang|Kurang perawatan|Retak/pecah|1320000.0
Tolong dong APAR CO2 di Gedung Parkir lantai 4 zona Timur rusak nih, gk tahu dmn letak salahnya, tp yg jelas kedap-kedip terus bgt|Perbaikan APAR CO2 dengan mengganti komponen yang rusak akibat kelembaban tinggi, serta melakukan kalibrasi ulang untuk memastikan performa optimal|APAR CO2|Gedung Parkir|Lantai 4|Zona Timur|Sistem Pemadam Kebakaran|Sedang|Kelembaban tinggi|Performa menurun|910000.0
Mohon periksa APAR CO2 di Gedung Parkir lantai 4 zona Timur, karena mengalami kedap-kedip terus, kemungkinan akibat kelembaban tinggi|Perbaikan APAR CO2 dengan memperbaiki komponen yang rusak dan mengoptimalkan performa, biaya perbaikan sebesar Rp 910000|APAR CO2|Gedung Parkir|Lantai 4|Zona Timur|Sistem Pemadam Kebakaran|Sedang|Kelembaban tinggi|Performa menurun|910000.0
Tolong dong Dinding Tembok/Mansonry di Gedung B lantai 6 zona Selatan rusak nih, gk tau kenapa bgt, tolong dicek yg|Korosi pada Dinding Tembok/Mansonry menyebabkan kerusakan, perlu dilakukan perawatan dan penggantian komponen yang rusak|Dinding Tembok/Mansonry|Gedung B|Lantai 6|Zona Selatan|Civil|Ringan|Korosi|Overheat|50000.0
Mohon bantuan, Dinding Tembok/Mansonry di Gedung B lantai 6 zona Selatan mengalami kerusakan, mohon dicek dan diperbaiki|Dinding Tembok/Mansonry mengalami korosi yang menyebabkan overheat, dilakukan perawatan dan penggantian komponen yang rusak dengan biaya perbaikan sebesar Rp 50000|Dinding Tembok/Mansonry|Gedung B|Lantai 6|Zona Selatan|Civil|Ringan|Korosi|Overheat|50000.0
Tolong dong Panel UPS di Gedung B lantai 4 zona Tengah kurang dingin bgt, gk tau knp, tolong bantu ya!|Usia pakai menyebabkan performa menurun, dilakukan perbaikan dan penggantian komponen|Panel UPS|Gedung B|Lantai 4|Zona Tengah|Electrical|Sedang|Usia pakai|Performa menurun|770000.0
Mohon perhatian, Panel UPS di Gedung B lantai 4 zona Tengah mengalami gangguan, yaitu performa yang menurun|Diperlukan perbaikan karena usia pakai yang sudah lama, sehingga menyebabkan performa menurun, biaya perbaikan sebesar Rp 770000|Panel UPS|Gedung B|Lantai 4|Zona Tengah|Electrical|Sedang|Usia pakai|Performa menurun|770000.0
Tolong dong Lantai Parket / Parquet di Gedung E lantai 6 zona Utara rusak bgt, gk tau dmn letak kerusakannya, tp yg jelas berisik banget|Laporan teknisi: Korosi menyebabkan getaran berlebihan, perlu dilakukan perbaikan dengan mengganti komponen yang rusak|Lantai Parket / Parquet|Gedung E|Lantai 6|Zona Utara|Civil|Sedang|Korosi|Getaran berlebihan|700000.0
Mohon perhatian, terdapat kerusakan pada Lantai Parket / Parquet di Gedung E lantai 6 zona Utara, gejala yang terjadi adalah getaran berlebihan|Tindakan perbaikan: penggantian komponen yang rusak akibat korosi, biaya perbaikan sebesar Rp 700000|Lantai Parket / Parquet|Gedung E|Lantai 6|Zona Utara|Civil|Sedang|Korosi|Getaran berlebihan|700000.0
Tolong dong Lampu LED Strip di Gedung Utama lantai 8 zona Utara rusak nih, gk tau dmn letak masalahnya, tp yg jelas bunyi pelan bgt|Laporan teknisi: Human error menyebabkan sensor error, dilakukan perbaikan dengan mengganti komponen yang rusak|Lampu LED Strip|Gedung Utama|Lantai 8|Zona Utara|Electrical|Ringan|Human error|Sensor error|330000.0
Mohon bantuan untuk memperbaiki Lampu LED Strip di Gedung Utama lantai 8 zona Utara, karena lampu tersebut mengalami kerusakan ringan dengan gejala bunyi pelan|Laporan teknisi: Human error menyebabkan sensor error, perbaikan dilakukan dengan mengganti komponen yang rusak, biaya perbaikan sebesar Rp 330000|Lampu LED Strip|Gedung Utama|Lantai 8|Zona Utara|Electrical|Ringan|Human error|Sensor error|330000.0
Hai, kamera CCTV di Gedung A lantai 13 zona Barat rusak nih, bgt berisik banget dan kedap-kedip terus, tolong dong cepat diperbaiki ya|Kamera CCTV mengalami kerusakan suhu tidak stabil akibat aus normal, dilakukan penggantian komponen yang rusak dan pengecekan sistem|Kamera CCTV|Gedung A|Lantai 13|Zona Barat|Security Sistem|Sedang|Aus normal|Suhu tidak stabil|1360000.0
Mohon perhatian, kamera CCTV di Gedung A lantai 13 zona Barat mengalami gangguan teknis, yaitu suhu tidak stabil dan berisik, mohon dilakukan perbaikan secepatnya|Kamera CCTV mengalami kerusakan suhu tidak stabil karena aus normal, dilakukan perbaikan dan penggantian komponen yang rusak, biaya perbaikan sebesar Rp 1360000|Kamera CCTV|Gedung A|Lantai 13|Zona Barat|Security Sistem|Sedang|Aus normal|Suhu tidak stabil|1360000.0
Tolong dong AC Split di Gedung Utama lantai 12 zona Tengah rusak nih, gk nyala sama sekali, bau gosong bgt, tolong cepat bantu perbaikin yg rusak dmn|Ditemukan kerusakan pada AC Split akibat usia pakai, dilakukan perbaikan dengan mengganti komponen yang rusak|AC Split|Gedung Utama|Lantai 12|Zona Tengah|Mechanical|Fatal|Usia pakai|Korsleting|25340000.0
Mohon bantuan untuk memperbaiki AC Split di Gedung Utama lantai 12 zona Tengah, karena telah terjadi kebakaran dan tidak dapat digunakan, mohon segera ditangani oleh tim teknisi|Ditemukan kerusakan pada AC Split akibat usia pakai, dilakukan perbaikan dengan mengganti komponen yang rusak, biaya perbaikan sebesar Rp 25340000|AC Split|Gedung Utama|Lantai 12|Zona Tengah|Mechanical|Fatal|Usia pakai|Korsleting|25340000.0
Tolong dong DVR CCTV di Gedung Servis lantai 2 zona Tengah rusak bgt, remote gk nyala sama sekali, dmn bisa diperbaiki ya?|DVR CCTV mengalami kerusakan pada remote karena kualitas material yang kurang baik, perlu dilakukan perbaikan dan penggantian komponen|DVR CCTV|Gedung Servis|Lantai 2|Zona Tengah|Security Sistem|Sedang|Kualitas material|Remote tidak berfungsi|1070000.0
Tolong dong Plafon Gypsum / GRC di Gedung A lantai 13 zona Barat rusak nih, bgt kotor dan berdebu, gk tau dmn salahnya, yg penting dibenerin aja|Debu/kotoran menyebabkan kerusakan, perbaikan dengan membersihkan dan mengganti komponen yang rusak|Rangka Plafon Gypsum / GRC|Gedung A|Lantai 13|Zona Barat|Arsitektur|Ringan|Debu/kotoran|Retak/pecah|280000.0
Mohon bantuan untuk memperbaiki Plafon Gypsum / GRC di Gedung A, lantai 13, zona Barat, karena terdapat kerusakan ringan berupa retak dan pecah, yang disebabkan oleh debu dan kotoran|Debu/kotoran menyebabkan kerusakan, perlu dibersihkan dan diperbaiki dengan mengganti komponen yang rusak, biaya perbaikan sebesar Rp 280000|Plafon Gypsum / GRC|Gedung A|Lantai 13|Zona Barat|Arsitektur|Ringan|Debu/kotoran|Retak/pecah|280000.0
Halo, saya mau lapor, AC Split di Gedung A lantai 7 zona Utara rusak bgt, yg benerin cepet dmn?|Diperlukan pembersihan Debu/kotoran dan perbaikan komponen, biaya perbaikan sebesar Rp 350000|AC Split|Gedung A|Lantai 7|Zona Utara|Mechanical|Ringan|Debu/kotoran|Lampu mati|350000.0
Saya ingin melaporkan bahwa AC Split di Gedung A, lantai 7, zona Utara mengalami kerusakan, kira-kira ada debu/kotoran, tolong dicek dan diperbaiki|Diperlukan tindakan pembersihan dan perbaikan Debu/kotoran, biaya perbaikan sebesar Rp 350000|AC Split|Gedung A|Lantai 7|Zona Utara|Mechanical|Ringan|Debu/kotoran|Lampu mati|350000.0
Tolong dong Jet Shower di Gedung C lantai 1 zona Barat rusak nih, gk bisa dipake bgt, tolong dicek yg, dmn permasalahannya|Jet Shower mengalami kebocoran karena usia pakai, perlu dilakukan perbaikan dengan mengganti spare part yang rusak, biaya perbaikan sebesar Rp 5180000|Jet Shower|Gedung C|Lantai 1|Zona Barat|Plumbing|Berat|Usia pakai|Kebocoran|5180000.0
Jet Shower di Gedung C lantai 1 zona Barat mengalami kebocoran, tolong dilakukan perbaikan secepatnya|Jet Shower mengalami kebocoran karena usia pakai, perlu dilakukan perbaikan dengan mengganti spare part yang rusak, biaya perbaikan sebesar Rp 5180000|Jet Shower|Gedung C|Lantai 1|Zona Barat|Plumbing|Berat|Usia pakai|Kebocoran|5180000.0
Dinding Tembok/Mansonry di Gedung Servis lantai 1 zona Barat rusak nih, bgt, yg bikin lampu mati, tolong dong!|Laporan teknisi: Getaran menyebabkan kerusakan, perbaikan dilakukan dengan memperkuat struktur dan mengganti komponen yang rusak, biaya perbaikan sebesar Rp 220000|Dinding Tembok/Mansonry|Gedung Servis|Lantai 1|Zona Barat|Civil|Ringan|Getaran|Lampu mati|220000.0
Mohon periksa Dinding Tembok/Mansonry di Gedung Servis, lantai 1, zona Barat, karena terdapat kerusakan yang menyebabkan lampu mati, mohon segera diperbaiki|Laporan teknisi: Kerusakan disebabkan oleh Getaran, perbaikan telah dilakukan dengan mengganti komponen yang rusak, biaya perbaikan Rp 220000|Dinding Tembok/Mansonry|Gedung Servis|Lantai 1|Zona Barat|Civil|Ringan|Getaran|Lampu mati|220000.0
Tolong dong Genset Bensin di Gedung E lantai 1 zona Timur rusak nih, bgt berisik banget dan netes air, gk tau apa penyebabnya, yg penting dibenerin dmn|Laporan teknisi: kerusakan disebabkan kurang perawatan, dilakukan pembersihan dan penggantian komponen yang rusak|Genset Bensin|Gedung E|Lantai 1|Zona Timur|Mechanical|Sedang|Kurang perawatan|Berkarat/korosi|1040000.0
Mohon periksa Genset Bensin di Gedung E lantai 1 zona Timur, karena mengalami kerusakan yang menyebabkan netes air dan berisik, sehingga memerlukan perbaikan segera|Laporan teknisi: kerusakan disebabkan kurang perawatan, dilakukan pembersihan dan penggantian komponen yang rusak, dengan biaya perbaikan|Genset Bensin|Gedung E|Lantai 1|Zona Timur|Mechanical|Sedang|Kurang perawatan|Berkarat/korosi|1040000.0
Halo, MDP di Gedung E lantai 2 zona Selatan rusak bgt, dmn ada suara berisik banget, yg bikin gk nyaman, tolong dong diperbaiki secepatnya!|Teknisi menemukan debu/kotoran yang menyebabkan kerusakan, dilakukan pembersihan dan perbaikan, biaya perbaikan Rp 1380000|MDP|Gedung E|Lantai 2|Zona Selatan|Electrical|Sedang|Debu/kotoran|Tampilan rusak|1380000.0
Mohon perbaikan MDP di Gedung E lantai 2 zona Selatan, karena terdapat kerusakan pada tampilan yang disebabkan oleh debu/kotoran, teknisi akan melakukan perbaikan dan pembersihan|Teknisi akan melakukan perbaikan dan pembersihan untuk menghilangkan debu/kotoran, biaya perbaikan akan ditentukan setelah perbaikan selesai|MDP|Gedung E|Lantai 2|Zona Selatan|Electrical|Sedang|Debu/kotoran|Tampilan rusak|1380000.0
Tolong dong Pesawat Telepon di Gedung Utama lantai 10 zona Utara rusak nih, bunyi pelan bgt, gk tau knp, tolong dicek yg, dmn permasalahannya|Perbaikan dilakukan dengan memperbarui sistem pendingin dan membersihkan komponen yang kotor akibat faktor lingkungan, biaya perbaikan sebesar Rp 310000|Pesawat Telepon|Gedung Utama|Lantai 10|Zona Utara|Sistem Telekomunikasi Gedung|Ringan|Faktor lingkungan|Overheat|310000.0
Mohon bantuan, Pesawat Telepon di Gedung Utama lantai 10 zona Utara mengalami kerusakan, tombol agak keras dan bunyi pelan, mohon dicek dan diperbaiki|Perbaikan dilakukan dengan memeriksa dan mengganti komponen yang rusak, serta membersihkan sistem yang kotor akibat faktor lingkungan, biaya perbaikan Rp 310000|Pesawat Telepon|Gedung Utama|Lantai 10|Zona Utara|Sistem Telekomunikasi Gedung|Ringan|Faktor lingkungan|Overheat|310000.0
Tolong dong Jockey Pump di Gedung Utama lantai 17 zona Utara rusak nih, bgt kotor dan berdebu, gk tau kenapa, yg penting dibenerin dmn cepat!|Ditemukan kerusakan pada Jockey Pump di Gedung Utama lantai 17 zona Utara, penyebabnya adalah Debu/kotoran yang menyebabkan korsleting, dilakukan pembersihan dan perbaikan, biaya perbaikan sebesar Rp 50000|Jockey Pump|Gedung Utama|Lantai 17|Zona Utara|Sistem Pemadam Kebakaran|Ringan|Debu/kotoran|Korsleting|50000.0
Tolong dong Automatic Transfer Switch (ATS Panel) di Gedung Utama lantai 4 zona Timur rusak nih,gk bisa jalan bgt,perlu diperbaiki segera|Perbaikan ATS Panel karena kualitas material yang buruk,perlu dilakukan penggantian komponen yang rusak|Automatic Transfer Switch (ATS Panel)|Gedung Utama|Lantai 4|Zona Timur|Electrical|Sedang|Kualitas material|Macet/tersumbat|810000.0
Mohon periksa Automatic Transfer Switch (ATS Panel) di Gedung Utama lantai 4 zona Timur,karena mengalami kerusakan yang mengganggu operasional|Perbaikan ATS Panel karena kualitas material yang buruk,perlu dilakukan penggantian komponen yang rusak dengan biaya Rp 810000|Automatic Transfer Switch (ATS Panel)|Gedung Utama|Lantai 4|Zona Timur|Electrical|Sedang|Kualitas material|Macet/tersumbat|810000.0
Hai, saya mau lapor, Pesawat Telepon di Gedung B lantai 8 zona Utara rusak nih, tombolnya agak keras gitu, bgt rusak ya?|Perbaikan dilakukan dengan mengganti komponen yang rusak, penanganan berkualitas rendah, perlu peningkatan material|Pesawat Telepon|Gedung B|Lantai 8|Zona Utara|Sistem Telekomunikasi Gedung|Ringan|Kualitas material|Remote tidak berfungsi|170000.0
Saya ingin melaporkan ada kerusakan pada Pesawat Telepon di Gedung B, lantai 8, zona Utara, kondisinya agak kusam dan_remote tidak berfungsi dengan baik|Diperlukan perbaikan segera dengan peningkatan kualitas material yang tepat|Pesawat Telepon|Gedung B|Lantai 8|Zona Utara|Sistem Telekomunikasi Gedung|Ringan|Kualitas material|Remote tidak berfungsi|170000.0
Tolong dong Pintu Kayu/HPL di Gedung D lantai 8 zona Tengah rusak bgt, gk bisa dibuka dmn yg bener, bgt berisik banget!|Debu/kotoran menyebabkan aus/abrasi, perlu dibersihkan dan diolesi|Pintu Kayu/HPL|Gedung D|Lantai 8|Zona Tengah|Arsitektur|Sedang|Debu/kotoran|Aus/abrasi|780000.0
Mohon perhatian, Pintu Kayu/HPL di Gedung D lantai 8 zona Tengah mengalami kerusakan, menimbulkan suara berisik|Kerusakan disebabkan oleh debu/kotoran, perlu dilakukan pembersihan dan perawatan, biaya perbaikan sebesar Rp 780000|Pintu Kayu/HPL|Gedung D|Lantai 8|Zona Tengah|Arsitektur|Sedang|Debu/kotoran|Aus/abrasi|780000.0
Tolong dong PABX di Gedung Utama lantai 6 zona Barat rusak bgt, gk tau dmn yg salah, tp remote gk berfungsi, bau gosong keluar, nyetrum|Kerusakan akibat kurang perawatan, perlu dilakukan pembersihan dan pengecekan ulang, biaya perbaikan sebesar Rp 28070000|PABX|Gedung Utama|Lantai 6|Zona Barat|Sistem Telekomunikasi Gedung|Fatal|Kurang perawatan|Remote tidak berfungsi|28070000.0
Mohon perhatian, PABX di Gedung Utama lantai 6 zona Barat mengalami kerusakan, remote tidak berfungsi, terdapat bau gosong, perlu penanganan segera|Kerusakan disebabkan kurang perawatan, perlu dilakukan perawatan rutin, biaya perbaikan sebesar Rp 28070000|PABX|Gedung Utama|Lantai 6|Zona Barat|Sistem Telekomunikasi Gedung|Fatal|Kurang perawatan|Remote tidak berfungsi|28070000.0
Tolong dong Lampu Downlight di Gedung A lantai 13 zona Utara rusak nih, remote gk berfungsi bgt, tolong dmn yg bisa bantu?|Lampu Downlight mengalami kerusakan remote karena kelembaban tinggi, dilakukan perbaikan dengan mengganti remote baru|Lampu Downlight|Gedung A|Lantai 13|Zona Utara|Electrical|Ringan|Kelembaban tinggi|Remote tidak berfungsi|470000.0
Saya ingin melaporkan bahwa Lampu Downlight di Gedung A lantai 13 zona Utara mengalami kerusakan, remote tidak berfungsi|Lampu Downlight mengalami kerusakan remote karena kelembaban tinggi, dilakukan perbaikan dengan mengganti remote baru|Lampu Downlight|Gedung A|Lantai 13|Zona Utara|Electrical|Ringan|Kelembaban tinggi|Remote tidak berfungsi|470000.0
Tolong dong APAR CO2 di Gedung C lantai 7 zona Tengah rusak bgt, dmn yg benerin ya?|Laporan teknisi: APAR CO2 mengalami kerusakan pada remote karena faktor lingkungan, perlu dilakukan perbaikan dengan mengganti komponen yang rusak|APAR CO2|Gedung C|Lantai 7|Zona Tengah|Sistem Pemadam Kebakaran|Fatal|Faktor lingkungan|Remote tidak berfungsi|11770000.0
APAR CO2 di Gedung C lantai 7 zona Tengah mengalami kerusakan yang sangat parah, saya mohon bantuan untuk segera memperbaiki|Laporan teknisi: APAR CO2 mengalami kerusakan pada sistem remote karena faktor lingkungan, perlu dilakukan perbaikan dengan segera|APAR CO2|Gedung C|Lantai 7|Zona Tengah|Sistem Pemadam Kebakaran|Fatal|Faktor lingkungan|Remote tidak berfungsi|11770000.0
Tolong dong APAR CO2 di Gedung A lantai 9 zona Selatan rusak bgt, gk tau dmn letak kerusakannya, tapi kedap-kedip terus, bgt yg, tolong dicek|Teknisi menemukan bahwa kerusakan disebabkan oleh human error, melakukan perbaikan dengan mengganti komponen yang rusak dan melakukan kalibrasi ulang, biaya perbaikan sebesar Rp 1400000|APAR CO2|Gedung A|Lantai 9|Zona Selatan|Sistem Pemadam Kebakaran|Sedang|Human error|Suhu tidak stabil|1400000.0
Mohon bantuan untuk memperbaiki APAR CO2 di Gedung A lantai 9 zona Selatan, karena APAR CO2 tersebut kurang dingin dan kedap-kedip, sehingga menyebabkan gangguan|Teknisi menemukan bahwa kerusakan disebabkan oleh human error, melakukan perbaikan dengan mengganti komponen yang rusak dan melakukan kalibrasi ulang, biaya perbaikan sebesar Rp 1400000|APAR CO2|Gedung A|Lantai 9|Zona Selatan|Sistem Pemadam Kebakaran|Sedang|Human error|Suhu tidak stabil|1400000.0
Tolong dong Dinding Tembok/Mansonry di Gedung B lantai 10 zona Tengah rusak nih, gk tahu dmn letak kerusakannya, bgt|Kerusakan disebabkan oleh Korosi, perlu dilakukan perbaikan dengan mengganti komponen yang rusak|Dinding Tembok/Mansonry|Gedung B|Lantai 10|Zona Tengah|Civil|Ringan|Korosi|Aus/abrasi|340000.0
Dengan hormat, saya melaporkan bahwa Dinding Tembok/Mansonry di Gedung B lantai 10 zona Tengah mengalami kerusakan, yaitu aus/abrasi|Kerusakan disebabkan oleh Korosi, dilakukan perbaikan dengan mengganti komponen yang rusak, biaya perbaikan sebesar Rp 340000|Dinding Tembok/Mansonry|Gedung B|Lantai 10|Zona Tengah|Civil|Ringan|Korosi|Aus/abrasi|340000.0
Tolong dong Pemipaan Air Bersih di Gedung B lantai 5 zona Timur rusak bgt, gk nyala sama sekali, bgt butuh bantuan yg cepat dmn bisa diatasi secepatnya|Ditemukan kerusakan pada Pemipaan Air Bersih di Gedung B lantai 5 zona Timur karena Getaran, dilakukan perbaikan dengan mengganti komponen yang rusak|Pemipaan Air Bersih|Gedung B|Lantai 5|Zona Timur|Plumbing|Berat|Getaran|Lampu mati|8590000.0
Mohon bantuan untuk perbaikan Pemipaan Air Bersih di Gedung B lantai 5 zona Timur, karena lampunya mati total dan sangat dibutuhkan|Diperlukan tindakan perbaikan Pemipaan Air Bersih di Gedung B lantai 5 zona Timur akibat Getaran, dengan biaya perbaikan sebesar Rp 8590000|Pemipaan Air Bersih|Gedung B|Lantai 5|Zona Timur|Plumbing|Berat|Getaran|Lampu mati|8590000.0
Tolong dong Kamera CCTV di Gedung Utama lantai 17 zona Timur rusak bgt, gk nyala sama sekali, jebol, tolong bantu dmn cari teknisinya yg bisa perbaiki|Kamera CCTV mengalami overload sehingga mengakibatkan retak/pecah, perbaikan dilakukan dengan mengganti komponen yang rusak dan memastikan sistem bekerja dengan baik, biaya perbaikan sebesar Rp 7890000|Kamera CCTV|Gedung Utama|Lantai 17|Zona Timur|Security Sistem|Berat|Overload|Retak/pecah|7890000.0
Mohon bantuan, Kamera CCTV di Gedung Utama lantai 17 zona Timur tidak berfungsi dengan baik, saya mohon teknisi segera memeriksa dan memperbaiki|Kamera CCTV mengalami overload yang menyebabkan retak/pecah, perbaikan dilakukan dengan mengganti komponen yang rusak, memastikan sistem bekerja dengan baik, biaya perbaikan sebesar Rp 7890000|Kamera CCTV|Gedung Utama|Lantai 17|Zona Timur|Security Sistem|Berat|Overload|Retak/pecah|7890000.0
Tolong dong Dinding GRC di Gedung A lantai 15 zona Selatan rusak nih, gk tau dmn letak kerusakannya, tp yg jelas bunyi pelan bgt|Dinding GRC mengalami tekanan tidak stabil karena human error, perlu dilakukan penyesuaian ulang untuk menghindari kerusakan lebih lanjut, biaya perbaikan sebesar Rp 250000|Dinding GRC|Gedung A|Lantai 15|Zona Selatan|Civil|Ringan|Human error|Tekanan tidak stabil|250000.0
Dengan hormat, saya melaporkan bahwa Dinding GRC di Gedung A lantai 15 zona Selatan mengalami kerusakan, yaitu tekanan tidak stabil, dan perlu dilakukan perbaikan segera|Dinding GRC mengalami tekanan tidak stabil karena human error, perlu dilakukan penyesuaian ulang untuk menghindari kerusakan lebih lanjut|Dinding GRC|Gedung A|Lantai 15|Zona Selatan|Civil|Ringan|Human error|Tekanan tidak stabil|250000.0
Tolong dong Kamera CCTV di Gedung D lantai 9 zona Timur rusak bgt, gk tau dmn masalahnya, tp yg jelas mati total, bgt butuh bantuan yg, dmn bisa kontak?|Kamera CCTV mengalami kerusakan berat karena usia pakai, sehingga perlu dilakukan perbaikan dengan mengganti komponen yang rusak, dengan biaya perbaikan sebesar Rp 5270000|Kamera CCTV|Gedung D|Lantai 9|Zona Timur|Security Sistem|Berat|Usia pakai|Berkarat/korosi|5270000.0
Mohon bantu perbaiki Kamera CCTV di Gedung D lantai 9 zona Timur, karena sudah mati total, sehingga perlu dilakukan pengecekan dan perbaikan segera|Kamera CCTV mengalami kerusakan berat karena usia pakai, sehingga perlu dilakukan perbaikan dengan mengganti komponen yang rusak, dengan biaya perbaikan sebesar Rp 5270000|Kamera CCTV|Gedung D|Lantai 9|Zona Timur|Security Sistem|Berat|Usia pakai|Berkarat/korosi|5270000.0
Tolong dong Dinding Tembok/Mansonry di Gedung E lantai 1 zona Barat rusak bgt, gk tau dmn salahnya, tp yg jelas mati total, bantu yah!|Dinding Tembok/Mansonry mengalami mati total karena kelembaban tinggi, perlu dilakukan perbaikan dengan mengganti komponen yang rusak|Dinding Tembok/Mansonry|Gedung E|Lantai 1|Zona Barat|Civil|Berat|Kelembaban tinggi|Mati mendadak|2790000.0
Mohon bantuan, Dinding Tembok/Mansonry di Gedung E lantai 1 zona Barat mengalami kerusakan, tidak berfungsi sama sekali, mohon dicek dan diperbaiki secepatnya|Dinding Tembok/Mansonry mengalami mati total karena kelembaban tinggi, perlu dilakukan perbaikan dengan mengganti komponen yang rusak, biaya perbaikan sebesar Rp 2790000|Dinding Tembok/Mansonry|Gedung E|Lantai 1|Zona Barat|Civil|Berat|Kelembaban tinggi|Mati mendadak|2790000.0
Tolong dong Kloset di Gedung C lantai 6 zona Barat rusak bgt, netes air terus, gk tahu dmn salahnya, tolong bantu yaa|Kerusakan Kloset di Gedung C lantai 6 zona Barat disebabkan oleh Kurang perawatan, perlu dilakukan pembersihan dan penggantian komponen yang rusak|Kloset|Gedung C|Lantai 6|Zona Barat|Plumbing|Sedang|Kurang perawatan|Retak/pecah|570000.0
Mohon bantu perbaiki Kloset di Gedung C lantai 6 zona Barat, saat ini dalam keadaan rusak dan mengalami kerusakan Retak/pecah, sehingga menyebabkan kebocoran air|Kerusakan Kloset di Gedung C lantai 6 zona Barat disebabkan oleh Kurang perawatan, perlu dilakukan pembersihan dan penggantian komponen yang rusak dengan biaya perbaikan sebesar 570000|Kloset|Gedung C|Lantai 6|Zona Barat|Plumbing|Sedang|Kurang perawatan|Retak/pecah|570000.0
Tolong dong Wiring System (Sistem Instalasi Kabel) di Gedung A lantai 12 zona Barat rusak nih, bgt kotor dan kusam, gk tau dmn letak masalahnya, yg penting dibenerin aja|Perbaikan dilakukan dengan membersihkan debu dan kotoran, serta memeriksa kondisi sistem instalasi kabel|Wiring System (Sistem Instalasi Kabel)|Gedung A|Lantai 12|Zona Barat|Electrical|Ringan|Debu/kotoran|Tampilan rusak|440000.0
Mohon bantuan untuk memperbaiki Wiring System (Sistem Instalasi Kabel) di Gedung A lantai 12 zona Barat, karena tampilan rusak dan kotor, mohon dilakukan perbaikan secepatnya|Perbaikan dilakukan dengan membersihkan debu dan kotoran, serta memeriksa kondisi sistem instalasi kabel, biaya perbaikan Rp 440000|Wiring System (Sistem Instalasi Kabel)|Gedung A|Lantai 12|Zona Barat|Electrical|Ringan|Debu/kotoran|Tampilan rusak|440000.0
Tolong dong Lampu Neon Sign di Gedung Utama lantai 10 zona Utara rusak bgt, gk nyala sama sekali, tolong bantu dmn bisa diperbaiki?|Lampu Neon Sign mengalami kerusakan akibat kualitas material, perlu dilakukan penggantian komponen untuk memperbaiki|Lampu Neon Sign|Gedung Utama|Lantai 10|Zona Utara|Electrical|Berat|Kualitas material|Aus/abrasi|6160000.0
Mohon bantuan untuk memperbaiki Lampu Neon Sign di Gedung Utama lantai 10 zona Utara, lampu tersebut tidak nyala sama sekali|Lampu Neon Sign mengalami kerusakan akibat kualitas material, perlu dilakukan penggantian komponen untuk memperbaiki dengan biaya Rp 6160000|Lampu Neon Sign|Gedung Utama|Lantai 10|Zona Utara|Electrical|Berat|Kualitas material|Aus/abrasi|6160000.0
Tolong dong AC Sentral di Gedung E lantai 3 zona Selatan mati total bgt, gk tau dmn masalahnya, tp yg jelas gk nyala sama sekali!|Laporan teknisi: AC Sentral mengalami kebocoran karena usia pakai, perlu dilakukan perbaikan dan penggantian komponen|AC Sentral|Gedung E|Lantai 3|Zona Selatan|Mechanical|Berat|Usia pakai|Kebocoran|2130000.0
Mohon perhatian, AC Sentral di Gedung E lantai 3 zona Selatan tidak berfungsi dengan baik, karena mati total, mohon dicek oleh teknisi|Laporan teknisi: AC Sentral mengalami kebocoran karena usia pakai, perlu dilakukan perbaikan dan penggantian komponen, biaya perbaikan sebesar Rp 2130000|AC Sentral|Gedung E|Lantai 3|Zona Selatan|Mechanical|Berat|Usia pakai|Kebocoran|2130000.0
Tolong dong Kran Air di Gedung Parkir lantai 3 zona Timur rusak nih, bgt berisik banget, gk tau dmn letak kerusakannya|Kran Air di Gedung Parkir lantai 3 zona Timur diperbaiki karena debu/kotoran, dilakukan pembersihan dan penggantian seal|Kran Air|Gedung Parkir|Lantai 3|Zona Timur|Plumbing|Sedang|Debu/kotoran|Kebocoran|850000.0
Mohon perbaikan Kran Air yang terletak di Gedung Parkir lantai 3 zona Timur karena mengalami kebocoran, netes air terus, berisik banget|Kran Air di Gedung Parkir lantai 3 zona Timur diperbaiki karena debu/kotoran, dilakukan pembersihan dan penggantian seal, biaya perbaikan sebesar Rp 850000|Kran Air|Gedung Parkir|Lantai 3|Zona Timur|Plumbing|Sedang|Debu/kotoran|Kebocoran|850000.0
Tolong dong Pemipaan Air Bersih di Gedung A lantai 8 zona Barat rusak nih, gk Tau apa penyebabnya, bgt|Perbaikan dilakukan dengan mengganti komponen yang aus, tindakan perbaikan sudah selesai dengan biaya Rp 250000|Pemipaan Air Bersih|Gedung A|Lantai 8|Zona Barat|Plumbing|Ringan|Aus normal|Macet/tersumbat|250000.0
Mohon bantuan untuk perbaikan Pemipaan Air Bersih di Gedung A lantai 8 zona Barat, kondisinya kusam dan berdebu|Perbaikan dilakukan dengan membersihkan dan mengganti komponen yang aus normal, tindakan perbaikan sudah selesai dengan biaya Rp 250000|Pemipaan Air Bersih|Gedung A|Lantai 8|Zona Barat|Plumbing|Ringan|Aus normal|Macet/tersumbat|250000.0
dg, pemipaan air bersih di Gedung parkir lantai 5 zona timur mati total bgt, gk tau dmn salahnya, tolong bantu, ya!|Pemipaan Air Bersih mengalami kerusakan akibat usia pakai, sehingga menyebabkan sensor error, perlu dilakukan perbaikan atau penggantian komponen|Pemipaan Air Bersih|Gedung Parkir|Lantai 5|Zona Timur|Plumbing|Berat|Usia pakai|Sensor error|7030000.0
Mohon perhatian, Pemipaan Air Bersih di Gedung parkir lantai 5 zona timur mengalami kerusakan berat, yaitu mati total, mohon dilakukan perbaikan secepatnya|Pemipaan Air Bersih mengalami kerusakan akibat usia pakai, sehingga menyebabkan sensor error, perlu dilakukan perbaikan atau penggantian komponen dengan biaya perbaikan sebesar|Pemipaan Air Bersih|Gedung Parkir|Lantai 5|Zona Timur|Plumbing|Berat|Usia pakai|Sensor error|7030000.0
Tolong dong Meter PDAM di Gedung A lantai 15 zona Barat bocor deras bgt, gk tau dmn letak kerusakannya, yg penting cepat diperbaiki ya|Teknisi menemukan bahwa kerusakan disebabkan oleh kurang perawatan, sehingga perlu dilakukan perbaikan dengan mengganti komponen yang rusak|Meter PDAM|Gedung A|Lantai 15|Zona Barat|Pencatatan Meter|Fatal|Kurang perawatan|Bunyi abnormal|34720000.0
Mohon bantuan untuk memperbaiki Meter PDAM di Gedung A lantai 15 zona Barat yang mengalami kerusakan fatal dengan gejala bunyi abnormal, perlu dilakukan perbaikan dengan segera|Kerusakan disebabkan oleh kurang perawatan, teknisi akan melakukan perbaikan dengan mengganti komponen yang rusak, serta melakukan perawatan rutin untuk mencegah kerusakan serupa di masa depan, biaya perbaikan Rp 34720000|Meter PDAM|Gedung A|Lantai 15|Zona Barat|Pencatatan Meter|Fatal|Kurang perawatan|Bunyi abnormal|34720000.0
Halo, saya mau lapor, AC Split di Gedung A lantai 12 zona Timur rusak bgt, yg bener gk nyala sama sekali, dmn saya harus hubungi sih?|Tegangan tidak stabil, dilakukan perbaikan penggantian komponen|AC Split|Gedung A|Lantai 12|Zona Timur|Mechanical|Berat|Tegangan tidak stabil|Retak/pecah|5880000.0
Mohon periksa AC Split di Gedung A lantai 12 zona Timur, karena telah mengalami kerusakan berat dan tidak dapat beroperasi, terima kasih.|Dilakukan analisis kerusakan dan ditemukan bahwa tegangan tidak stabil menyebabkan kerusakan, biaya perbaikan sebesar Rp 5880000|AC Split|Gedung A|Lantai 12|Zona Timur|Mechanical|Berat|Tegangan tidak stabil|Retak/pecah|5880000.0
Lampu LED di Gedung A lantai 6 zona Timur bgt rusak nih, kayaknya udah gk bisa diperbaiki lagi, dmn hari gini masih pake lampu yg kayak gini, bgt rusak bgt!|Perbaikan dilakukan dengan mengganti komponen yang sudah aus karena usia pakai, biaya perbaikan sebesar Rp 23570000|Lampu LED|Gedung A|Lantai 6|Zona Timur|Electrical|Fatal|Usia pakai|Aus/abrasi|23570000.0
Mohon perhatian, terdapat kerusakan pada Lampu LED di Gedung A lantai 6 zona Timur, kondisinya sangat parah, nyetrum, dan berbau gosong|Laporan teknis: kerusakan fatal akibat usia pakai, dilakukan perbaikan dengan mengganti komponen yang rusak, biaya perbaikan Rp 23570000|Lampu LED|Gedung A|Lantai 6|Zona Timur|Electrical|Fatal|Usia pakai|Aus/abrasi|23570000.0
Tolong dong LAN (Local Area Network) di Gedung D lantai 5 zona Timur rusak bgt, mogok total, gk ada sinyal, dmna bisa diperbaiki?|Ditemukan kerusakan pada LAN (Local Area Network) di Gedung D lantai 5 zona Timur karena Debu/kotoran, dilakukan pembersihan dan perbaikan|LAN (Local Area Network)|Gedung D|Lantai 5|Zona Timur|Sistem Telekomunikasi Gedung|Berat|Debu/kotoran|Getaran berlebihan|8640000.0
Mohon periksa LAN (Local Area Network) di Gedung D lantai 5 zona Timur, karena mengalami kerusakan berat, tidak nyala sama sekali.|Setelah dilakukan inspeksi, ditemukan bahwa kerusakan pada LAN (Local Area Network) disebabkan oleh Debu/kotoran, kemudian dilakukan perbaikan dengan membersihkan dan mengganti komponen yang rusak, biaya perbaikan sebesar 8640000|LAN (Local Area Network)|Gedung D|Lantai 5|Zona Timur|Sistem Telekomunikasi Gedung|Berat|Debu/kotoran|Getaran berlebihan|8640000.0
Tolong dong Lampu TL di Gedung D lantai 5 zona Utara rusak bgt, gk nyala sama sekali, dmn saya harus lapor?|Laporan teknisi: Kerusakan pada Lampu TL disebabkan oleh Faktor lingkungan, perlu dilakukan perbaikan dengan mengganti komponen yang rusak, biaya perbaikan sebesar Rp 6090000|Lampu TL|Gedung D|Lantai 5|Zona Utara|Electrical|Berat|Faktor lingkungan|Mati mendadak|6090000.0
Mohon perhatian, terdapat kerusakan pada Lampu TL di Gedung D lantai 5 zona Utara, lampu tersebut tidak nyala sama sekali, sehingga perlu dilakukan perbaikan secepatnya|Laporan teknisi: Kerusakan pada Lampu TL disebabkan oleh Faktor lingkungan, perlu dilakukan perbaikan dengan mengganti komponen yang rusak dan melakukan pengecekan ulang, biaya perbaikan yang diperlukan sebesar Rp 6090000|Lampu TL|Gedung D|Lantai 5|Zona Utara|Electrical|Berat|Faktor lingkungan|Mati mendadak|6090000.0
Tolong dong Push Button di Gedung Parkir lantai 1 zona Timur rusak bgt, yg bermasalah adalah remote nya gk berfungsi, dmn kita harus lapor ke siapa ya?|Getaran menyebabkan kerusakan pada remote, perbaikan dilakukan dengan mengganti komponen yang rusak dan melakukan penyesuaian ulang|Push Button|Gedung Parkir|Lantai 1|Zona Timur|Security Sistem|Sedang|Getaran|Remote tidak berfungsi|2400000.0
Mohon perhatian, Push Button di Gedung Parkir lantai 1 zona Timur mengalami kerusakan pada remotenya, sehingga tidak dapat berfungsi dengan baik|Perbaikan dilakukan dengan mengidentifikasi sumber getaran dan mengganti komponen yang rusak, biaya perbaikan sebesar Rp 2400000|Push Button|Gedung Parkir|Lantai 1|Zona Timur|Security Sistem|Sedang|Getaran|Remote tidak berfungsi|2400000.0
Tolong dong APAR CO2 di Gedung C lantai 6 zona Barat rusak nih, bgt kotor dan berdebu, gk bisa dipakai lagi, dmn saya harus lapor?|Korosi pada komponen internal APAR CO2 menyebabkan aliran lemah, perbaikan dilakukan dengan mengganti komponen yang rusak dan membersihkan sistem|APAR CO2|Gedung C|Lantai 6|Zona Barat|Sistem Pemadam Kebakaran|Ringan|Korosi|Aliran lemah|130000.0
Mohon periksa APAR CO2 di Gedung C lantai 6 zona Barat, karena sudah tidak berfungsi dengan baik, bunyi pelan dan tombol agak keras, mungkin perlu perawatan|Korosi pada komponen internal APAR CO2 menyebabkan aliran lemah, perbaikan dilakukan dengan mengganti komponen yang rusak dan membersihkan sistem, biaya perbaikan sebesar Rp 130000|APAR CO2|Gedung C|Lantai 6|Zona Barat|Sistem Pemadam Kebakaran|Ringan|Korosi|Aliran lemah|130000.0
Wiring System (Sistem Instalasi Kabel) di Gedung Parkir lantai 2 zona Utara rusak nih, gk tau dmn letak kerusakannya, tp bunyi pelan bgt, tolong dong!|Getaran menyebabkan koneksi terputus, perlu diperbaiki dengan mengencangkan koneksi dan membersihkan area sekitar|Wiring System (Sistem Instalasi Kabel)|Gedung Parkir|Lantai 2|Zona Utara|Electrical|Ringan|Getaran|Koneksi terputus|210000.0
Mohon bantuan untuk memperbaiki Wiring System (Sistem Instalasi Kabel) di Gedung Parkir lantai 2 zona Utara, karena mengalami kerusakan berupa koneksi terputus yang disebabkan oleh getaran, sehingga menimbulkan bunyi pelan|Diperlukan perbaikan segera dengan mengencangkan koneksi dan membersihkan area sekitar, biaya perbaikan sebesar Rp 210000|Wiring System (Sistem Instalasi Kabel)|Gedung Parkir|Lantai 2|Zona Utara|Electrical|Ringan|Getaran|Koneksi terputus|210000.0
Lift Table di Gedung Parkir lantai 2 zona Utara rusak nih, bunyi abnormal bgt, gk tau dmn letak kerusakannya, tolong dong|Lift Table mengalami kerusakan akibat Debu/kotoran, perlu dibersihkan dan diperiksa|Lift Table|Gedung Parkir|Lantai 2|Zona Utara|Sistem Transportasi Gedung|Fatal|Debu/kotoran|Bunyi abnormal|3950000.0
Mohon bantuan, Lift Table di Gedung Parkir lantai 2 zona Utara mengalami kerusakan, menimbulkan bunyi abnormal|Lift Table mengalami kerusakan akibat Debu/kotoran, perlu dibersihkan dan diperiksa dengan biaya perbaikan sebesar Rp 3950000|Lift Table|Gedung Parkir|Lantai 2|Zona Utara|Sistem Transportasi Gedung|Fatal|Debu/kotoran|Bunyi abnormal|3950000.0
Tolong dong Pintu Biasa Berdaun Tunggal di Gedung Servis lantai 3 zona Utara rusak bgt, gk bisa buka sama sekali, tolong bantu yg, dmn kita bisa perbaiki?|Kerusakan disebabkan oleh Overload, perlu dilakukan perbaikan untuk mengganti komponen yang rusak dan mengoptimalkan kinerja pintu, biaya perbaikan sebesar Rp 10220000|Pintu Biasa Berdaun Tunggal|Gedung Servis|Lantai 3|Zona Utara|Arsitektur|Berat|Overload|Performa menurun|10220000.0
Pintu Biasa Berdaun Tunggal di Gedung Servis lantai 3 zona Utara mengalami kerusakan berat, tidak dapat dibuka, mohon bantuan untuk perbaikan secepatnya|Kerusakan pada pintu disebabkan oleh Overload, perlu dilakukan perbaikan untuk mengganti komponen yang rusak dan mengoptimalkan kinerja pintu, dengan biaya perbaikan yang diperlukan|Pintu Biasa Berdaun Tunggal|Gedung Servis|Lantai 3|Zona Utara|Arsitektur|Berat|Overload|Performa menurun|10220000.0
Tolong dong APAB Dry Powder di Gedung Parkir lantai 1 zona Utara rusak nih, gk tahu dmn letak kerusakannya, tp yg jelas bunyi pelan bgt|Perbaikan dilakukan dengan mengganti komponen yang rusak akibat Kelembaban tinggi, dilakukan pengecekan ulang untuk memastikan sistem berfungsi dengan baik|APAB Dry Powder|Gedung Parkir|Lantai 1|Zona Utara|Sistem Pemadam Kebakaran|Ringan|Kelembaban tinggi|Kebocoran|340000.0
Mohon bantuan untuk perbaikan APAB Dry Powder yang terletak di Gedung Parkir lantai 1 zona Utara, karena mengalami kebocoran yang disebabkan oleh Kelembaban tinggi|Perbaikan APAB Dry Powder dilakukan dengan mengganti komponen yang rusak dan melakukan pengecekan ulang, biaya perbaikan Rp 340000|APAB Dry Powder|Gedung Parkir|Lantai 1|Zona Utara|Sistem Pemadam Kebakaran|Ringan|Kelembaban tinggi|Kebocoran|340000.0
Wastafel di Gedung Utama lantai 8 zona Barat tiba2 meledak dan bocor deras bgt, gk tahu dmn asalnya, tolong dong cepat!|Laporan teknisi: Human error menyebabkan korsleting, perbaikan dilakukan dengan mengganti komponen yang rusak, biaya perbaikan sebesar Rp 6890000|Wastafel|Gedung Utama|Lantai 8|Zona Barat|Plumbing|Fatal|Human error|Korsleting|6890000.0
Mohon perhatian atas kerusakan Wastafel di Gedung Utama lantai 8 zona Barat yang mengalami kebocoran dan korsleting, sangat mengganggu aktivitas sehari-hari, mohon segera diperbaiki|Tindakan perbaikan telah dilakukan dengan mengganti komponen yang rusak karena Human error, biaya perbaikan sebesar Rp 6890000|Wastafel|Gedung Utama|Lantai 8|Zona Barat|Plumbing|Fatal|Human error|Korsleting|6890000.0
Tolong dong Dinding Tembok/Mansonry di Gedung B lantai 3 zona Tengah rusak bgt, gk tau dmn salahnya, tapi yg jelas mogok total, tolong bantu|Dinding Tembok/Mansonry mengalami korosi, perlu dilakukan perbaikan dengan mengganti komponen yang rusak|Dinding Tembok/Mansonry|Gedung B|Lantai 3|Zona Tengah|Civil|Berat|Korosi|Suhu tidak stabil|9380000.0
Mohon perhatian, Dinding Tembok/Mansonry di Gedung B lantai 3 zona Tengah mengalami kerusakan yang cukup parah, sehingga memerlukan perbaikan segera|Dinding Tembok/Mansonry mengalami korosi, perlu dilakukan penggantian komponen yang rusak dan perbaikan untuk menghindari kerusakan lebih lanjut, biaya perbaikan sebesar 9380000|Dinding Tembok/Mansonry|Gedung B|Lantai 3|Zona Tengah|Civil|Berat|Korosi|Suhu tidak stabil|9380000.0
Tolong dong Meter PDAM di Gedung A lantai 3 zona Utara rusak bgt, gk nyala sama sekali, yg benerin dmn sih?|Diperlukan perbaikan karena faktor lingkungan yang menyebabkan aliran lemah, sehingga perlu dilakukan penggantian komponen yang rusak|Meter PDAM|Gedung A|Lantai 3|Zona Utara|Pencatatan Meter|Berat|Faktor lingkungan|Aliran lemah|4320000.0
Mohon bantuan untuk memperbaiki Meter PDAM di Gedung A lantai 3 zona Utara karena mengalami kerusakan berat, yaitu mati total, sehingga perlu dilakukan perbaikan segera|Perbaikan dilakukan dengan mengganti komponen yang rusak dan memperbaiki sistem, biaya perbaikan sebesar Rp 4320000|Meter PDAM|Gedung A|Lantai 3|Zona Utara|Pencatatan Meter|Berat|Faktor lingkungan|Aliran lemah|4320000.0
Gue butuh bantuan, Lampu LED Bulb di Gedung A lantai 11 zona Tengah itu mati total bgt, gk tau dmn letak masalahnya, tolong dong cepat|Lampu LED Bulb mengalami koneksi terputus akibat kelembaban tinggi, perlu dilakukan penggantian komponen dan perawatan|Lampu LED Bulb|Gedung A|Lantai 11|Zona Tengah|Electrical|Berat|Kelembaban tinggi|Koneksi terputus|5370000.0
Mohon periksa Lampu LED Bulb di Gedung A lantai 11 zona Tengah, karena sudah tidak nyala sama sekali|Lampu LED Bulb mengalami kerusakan akibat kelembaban tinggi, sehingga koneksi terputus, biaya perbaikan sebesar 5370000|Lampu LED Bulb|Gedung A|Lantai 11|Zona Tengah|Electrical|Berat|Kelembaban tinggi|Koneksi terputus|5370000.0
Tolong dong APAR Dry Powder Stored Pressure di Gedung Utama lantai 18 zona Tengah bocor deras bgt, gk bisa dipake, yg dmn ada yg bisa bantu?|Perlu perawatan rutin, perlu pengecekan tekanan dan penggantian komponen yang rusak|APAR Dry Powder Stored Pressure|Gedung Utama|Lantai 18|Zona Tengah|Sistem Pemadam Kebakaran|Fatal|Kurang perawatan|Aliran lemah|33640000.0
Mohon bantuan, APAR Dry Powder Stored Pressure di Gedung Utama lantai 18 zona Tengah terbakar, tolong segera kirim teknisi|Perlu perawatan dan perbaikan, kurang perawatan menyebabkan kerusakan, biaya perbaikan sekitar|APAR Dry Powder Stored Pressure|Gedung Utama|Lantai 18|Zona Tengah|Sistem Pemadam Kebakaran|Fatal|Kurang perawatan|Aliran lemah|33640000.0
Tolong dong Lantai Granit di Gedung B lantai 9 zona Barat rusak bgt, gk bisa dipakai lagi, apa yg perlu saya lakukan?|Lantai Granit mengalami kerusakan akibat Usia pakai, perlu dilakukan perbaikan teknis untuk mengganti komponen yang rusak|Lantai Granit|Gedung B|Lantai 9|Zona Barat|Civil|Berat|Usia pakai|Tekanan tidak stabil|4630000.0
Mohon bantuannya, Lantai Granit di Gedung B lantai 9 zona Barat mengalami kerusakan, tidak bisa digunakan dengan baik|Lantai Granit rusak akibat Usia pakai, perlu dilakukan perbaikan dengan mengganti komponen yang rusak, biaya perbaikan sebesar Rp 4630000|Lantai Granit|Gedung B|Lantai 9|Zona Barat|Civil|Berat|Usia pakai|Tekanan tidak stabil|4630000.0
Tolong dong Pintu Kayu/HPL di Gedung C lantai 8 zona Utara rusak nih, bgt kotor dan berdebu, yg benerinnya dmn sih?|Kerusakan pada Pintu Kayu/HPL disebabkan oleh Kualitas material yang buruk, sehingga remote tidak berfungsi, perlu dilakukan perbaikan dengan mengganti komponen yang rusak|Pintu Kayu/HPL|Gedung C|Lantai 8|Zona Utara|Arsitektur|Ringan|Kualitas material|Remote tidak berfungsi|220000.0
Pintu Kayu/HPL di Gedung C lantai 8 zona Utara mengalami kerusakan, remote tidak berfungsi, tolong bantu perbaiki|Kerusakan pada Pintu Kayu/HPL disebabkan oleh Kualitas material yang buruk, sehingga remote tidak berfungsi, perlu dilakukan perbaikan dengan mengganti komponen yang rusak, biaya perbaikan sebesar Rp 220000|Pintu Kayu/HPL|Gedung C|Lantai 8|Zona Utara|Arsitektur|Ringan|Kualitas material|Remote tidak berfungsi|220000.0
Tolong dong Panel UPS di Gedung C lantai 4 zona Utara rusak nih, bgt berisik banget dan suhunya juga tidak stabil, gk tau dmn letak masalahnya|Laporan: Kurang perawatan menyebabkan suhu tidak stabil, perbaikan dilakukan dengan membersihkan dan mengganti komponen yang rusak|Panel UPS|Gedung C|Lantai 4|Zona Utara|Electrical|Sedang|Kurang perawatan|Suhu tidak stabil|1370000.0
Mohon bantuan untuk memperbaiki Panel UPS yang terletak di Gedung C lantai 4 zona Utara, karena mengalami gangguan suhu yang tidak stabil|Laporan: Setelah dilakukan analisis, ditemukan bahwa penyebab masalah adalah kurang perawatan, sehingga dilakukan perbaikan dengan mengganti komponen yang rusak dan membersihkan sistem, biaya perbaikan sebesar Rp 1370000|Panel UPS|Gedung C|Lantai 4|Zona Utara|Electrical|Sedang|Kurang perawatan|Suhu tidak stabil|1370000.0
Gedung C lantai 4 zona Timur MCFA rusak bgt dmn gk tau penyebabnya, tolong dong cepat|Tegangan tidak stabil, dilakukan perbaikan dengan penggantian komponen yang rusak dan pengecekan sistem|MCFA|Gedung C|Lantai 4|Zona Timur|Sistem Proteksi Kebakaran Aktif|Sedang|Tegangan tidak stabil|Kebocoran|700000.0
Mohon bantuan, terdapat kerusakan pada MCFA di Gedung C lantai 4 zona Timur yang menyebabkan kebocoran, mohon dilakukan perbaikan secepatnya|Kerusakan disebabkan oleh tegangan tidak stabil, perbaikan dilakukan dengan mengganti komponen yang rusak dan memastikan sistem proteksi kebakaran aktif berfungsi dengan baik, biaya perbaikan sebesar Rp 700000|MCFA|Gedung C|Lantai 4|Zona Timur|Sistem Proteksi Kebakaran Aktif|Sedang|Tegangan tidak stabil|Kebocoran|700000.0
Lantai Keramik di Gedung B lantai 3 zona Timur mati total bgt, gk tau dmn letak kerusakannya, tolong dong cepat|Lantai Keramik mengalami getaran yang menyebabkan overheat, perlu dilakukan perbaikan segera dengan mengganti komponen yang rusak|Rusak Lantai Keramik|Gedung B|Lantai 3|Zona Timur|Civil|Berat|Getaran|Overheat|7450000.0
Mohon perhatian, Lantai Keramik di Gedung B lantai 3 zona Timur mengalami kerusakan berat, tidak dapat berfungsi dengan baik, mohon dilakukan perbaikan segera|Lantai Keramik mengalami getaran yang menyebabkan overheat, perlu dilakukan perbaikan segera dengan mengganti komponen yang rusak, biaya perbaikan sebesar Rp 7450000|Lantai Keramik|Gedung B|Lantai 3|Zona Timur|Civil|Berat|Getaran|Overheat|7450000.0
Tolong dong Automatic Transfer Switch (ATS Panel) di Gedung Servis lantai 3 zona Barat rusak bgt, gk tau dmn salahnya, tapi kedap-kedip terus, tolong bantu yah|Diperlukan perbaikan pada sensor yang mengalami aus normal, dilakukan penggantian sensor dan pengecekan sistem|Automatic Transfer Switch (ATS Panel)|Gedung Servis|Lantai 3|Zona Barat|Electrical|Sedang|Aus normal|Sensor error|530000.0
Mohon bantuan untuk perbaikan Automatic Transfer Switch (ATS Panel) yang terletak di Gedung Servis, lantai 3, zona Barat, karena mengalami gangguan berupa sensor error yang menyebabkan kedap-kedip, perlu dilakukan perbaikan dengan mengganti sensor yang aus normal|Dilakukan analisis dan perbaikan pada sistem, termasuk penggantian sensor yang aus, dengan biaya perbaikan sebesar Rp 530000|Automatic Transfer Switch (ATS Panel)|Gedung Servis|Lantai 3|Zona Barat|Electrical|Sedang|Aus normal|Sensor error|530000.0
Lampu LED Strip di Gedung E lantai 1 zona Barat bunyi abnormal bgt, gk tahu dmn salahnya, yg penting dibetulin aja|Laporan teknisi: Human error menyebabkan kerusakan, perbaikan dilakukan dengan mengganti komponen yang rusak, biaya perbaikan sebesar Rp 1220000|Lampu LED Strip|Gedung E|Lantai 1|Zona Barat|Electrical|Sedang|Human error|Bunyi abnormal|1220000.0
Mohon perbaikan Lampu LED Strip di Gedung E lantai 1 zona Barat karena mengeluarkan bunyi abnormal|Laporan teknisi: Human error menyebabkan kerusakan, tindakan perbaikan dengan mengganti komponen yang rusak, biaya sebesar Rp 1220000|Lampu LED Strip|Gedung E|Lantai 1|Zona Barat|Electrical|Sedang|Human error|Bunyi abnormal|1220000.0
Tolong dong Jockey Pump di Gedung Parkir lantai 4 zona Selatan rusak nih, bgt kotor dan berdebu, yg bikin suhu tidak stabil, dmn bisa diperbaiki?|Diperbaiki dengan membersihkan debu dan kotoran, kemudian dilakukan pengecekan ulang|Jockey Pump|Gedung Parkir|Lantai 4|Zona Selatan|Sistem Pemadam Kebakaran|Ringan|Debu/kotoran|Suhu tidak stabil|50000.0
Mohon perbaikan Jockey Pump di Gedung Parkir lantai 4 zona Selatan, karena terdapat debu dan kotoran yang menyebabkan suhu tidak stabil|Diperbaiki dengan membersihkan debu dan kotoran, serta pengecekan ulang sistem, biaya perbaikan sebesar Rp 50000|Jockey Pump|Gedung Parkir|Lantai 4|Zona Selatan|Sistem Pemadam Kebakaran|Ringan|Debu/kotoran|Suhu tidak stabil|50000.0
Gedung C lantai 6 zona Tengah APAB Dry Powder-nya rusak bgt,yg bikin tampilan kusam dan berdebu, tolong dong diperbaiki dmn ada tombol yg agak keras|Getaran menyebabkan tampilan rusak, perbaikan dilakukan dengan mengganti komponen yang rusak dan membersihkan bagian luar|APAB Dry Powder|Gedung C|Lantai 6|Zona Tengah|Sistem Pemadam Kebakaran|Ringan|Getaran|Tampilan rusak|100000.0
Mohon bantuan untuk perbaikan APAB Dry Powder yang terletak di Gedung C lantai 6 zona Tengah, karena tampilan sudah rusak dan berdebu, tombol juga agak keras|Perbaikan dilakukan dengan mengatasi Getaran yang menyebabkan kerusakan, serta membersihkan dan mengganti komponen yang rusak, dengan biaya perbaikan sebesar Rp 100000|APAB Dry Powder|Gedung C|Lantai 6|Zona Tengah|Sistem Pemadam Kebakaran|Ringan|Getaran|Tampilan rusak|100000.0
Tolong dong AHU di Gedung B lantai 1 zona Timur rusak bgt, netes air terus, gk bisa buat dingin, bgt repotnya!|Kualitas material yang buruk menyebabkan kebocoran, perlu dilakukan perbaikan dengan mengganti komponen yang rusak|AHU|Gedung B|Lantai 1|Zona Timur|Mechanical|Sedang|Kualitas material|Kebocoran|780000.0
Mohon perhatian, AHU di Gedung B lantai 1 zona Timur mengalami kebocoran dan tidak berfungsi dengan baik, mohon dilakukan perbaikan secepatnya|Kualitas material yang buruk menyebabkan kebocoran, perlu dilakukan perbaikan dengan mengganti komponen yang rusak, biaya perbaikan diperkirakan sebesar Rp 780000|AHU|Gedung B|Lantai 1|Zona Timur|Mechanical|Sedang|Kualitas material|Kebocoran|780000.0
Tolong dong Wastafel di Gedung C lantai 4 zona Barat rusak bgt, gk bisa dipakai, mogok total!|Kerusakan disebabkan oleh faktor lingkungan, perlu dilakukan perbaikan dan penggantian komponen yang rusak|Wastafel|Gedung C|Lantai 4|Zona Barat|Plumbing|Berat|Faktor lingkungan|Aliran lemah|8680000.0
Mohon perhatian, Wastafel di Gedung C lantai 4 zona Barat mengalami kerusakan yang cukup parah, yaitu mati total|Faktor lingkungan menjadi penyebab utama, perlu dilakukan perbaikan dan penggantian komponen yang rusak dengan biaya perbaikan sebesar Rp 8680000|Wastafel|Gedung C|Lantai 4|Zona Barat|Plumbing|Berat|Faktor lingkungan|Aliran lemah|8680000.0
Tolong dong Dinding Partisi, GRC / Gypsum di Gedung D lantai 12 zona Selatan rusak nih, berisik banget dan netes air, gk tahu kenapa, bgt!|Dinding Partisi, GRC / Gypsum mengalami kerusakan jenis Retak/pecah akibat Aus normal, perlu dilakukan perbaikan dengan mengganti komponen yang rusak|Dinding Partisi, GRC / Gypsum|Gedung D|Lantai 12|Zona Selatan|Civil|Sedang|Aus normal|Retak/pecah|1500000.0
Mohon perhatian, terdapat kerusakan pada Dinding Partisi, GRC / Gypsum di Gedung D lantai 12 zona Selatan, kondisinya kurang baik, berisik dan netes air, mohon untuk dilakukan perbaikan|Dinding Partisi, GRC / Gypsum mengalami kerusakan Retak/pecah, perlu dilakukan perbaikan dengan mengganti komponen yang rusak, biaya perbaikan sebesar Rp 1500000|Dinding Partisi, GRC / Gypsum|Gedung D|Lantai 12|Zona Selatan|Civil|Sedang|Aus normal|Retak/pecah|1500000.0
Halo, saya mau lapor, AC Cassette di Gedung C lantai 8 zona Tengah rusak nih, bgt berisik banget dan kurang dingin, yg bikin gk nyaman, tolong dong segera diperbaiki|Overload pada sistem pendingin, dilakukan perbaikan dan penggantian komponen yang rusak, biaya perbaikan sebesar Rp 1460000|AC Cassette|Gedung C|Lantai 8|Zona Tengah|Mechanical|Sedang|Overload|Korsleting|1460000.0
Mohon perhatian, terdapat kerusakan pada AC Cassette yang terletak di Gedung C, lantai 8, zona Tengah, dengan gejala netes air dan kurang dingin, sehingga memerlukan perbaikan segera|Overload pada sistem pendingin, dilakukan perbaikan dan penggantian komponen yang rusak, biaya perbaikan sebesar Rp 1460000|AC Cassette|Gedung C|Lantai 8|Zona Tengah|Mechanical|Sedang|Overload|Korsleting|1460000.0
Tolong dong Lampu Downlight di Gedung B lantai 3 zona Timur rusak nih, bgt kedap-kedip dan berisik banget, gk tahu knp|Lampu Downlight mengalami korsleting akibat kelembaban tinggi, dilakukan perbaikan dengan mengganti komponen yang rusak|Lampu Downlight|Gedung B|Lantai 3|Zona Timur|Electrical|Sedang|Kelembaban tinggi|Korsleting|390000.0
Lampu Downlight di Gedung B lantai 3 zona Timur mengalami gangguan, menimbulkan kedap-kedip dan suara berisik, mohon segera ditangani|Lampu Downlight mengalami korsleting akibat kelembaban tinggi, dilakukan perbaikan dengan mengganti komponen yang rusak, biaya perbaikan sebesar Rp 390000|Lampu Downlight|Gedung B|Lantai 3|Zona Timur|Electrical|Sedang|Kelembaban tinggi|Korsleting|390000.0
Tolong dong APAR Wet Chemical di Gedung Servis lantai 3 zona Utara rusak bgt nih,yg bau gosong banget,gk tau knp|Perlu dilakukan pembersihan dan penggantian komponen yang rusak akibat debu/kotoran|APAR Wet Chemical|Gedung Servis|Lantai 3|Zona Utara|Sistem Pemadam Kebakaran|Fatal|Debu/kotoran|Suhu tidak stabil|18210000.0
Mohon bantuan, APAR Wet Chemical di Gedung Servis lantai 3 zona Utara mengalami kerusakan parah karena suhu tidak stabil dan bau gosong|Perlu dilakukan analisis dan perbaikan yang terkait dengan debu/kotoran serta penggantian komponen yang rusak|APAR Wet Chemical|Gedung Servis|Lantai 3|Zona Utara|Sistem Pemadam Kebakaran|Fatal|Debu/kotoran|Suhu tidak stabil|18210000.0
Tolong dong Automatic Transfer Switch (ATS Panel) di Gedung A lantai 9 zona Barat rusak nih, gk tau knp mati total bgt, tolong bantu yg, dmn bisa diperbaiki?|Perbaikan dilakukan dengan mengganti komponen yang aus normal, sehingga aliran listrik dapat kembali normal|Automatic Transfer Switch (ATS Panel)|Gedung A|Lantai 9|Zona Barat|Electrical|Berat|Aus normal|Aliran lemah|7530000.0
Mohon bantuan perbaikan Automatic Transfer Switch (ATS Panel) di Gedung A lantai 9 zona Barat, karena mengalami kerusakan berat dan mati total|Teknisi telah melakukan perbaikan dengan mengganti komponen yang aus normal, sehingga aliran listrik dapat kembali normal, dengan biaya perbaikan Rp 7530000|Automatic Transfer Switch (ATS Panel)|Gedung A|Lantai 9|Zona Barat|Electrical|Berat|Aus normal|Aliran lemah|7530000.0
Tolong dong Control Panel Penerangan di Gedung Servis lantai 1 zona Selatan rusak bgt, gk tau dmn salahnya, tp kedap-kedip terus, bgt|Remote tidak berfungsi karena Faktor lingkungan, perlu perbaikan|Control Panel Penerangan|Gedung Servis|Lantai 1|Zona Selatan|Electrical|Sedang|Faktor lingkungan|Remote tidak berfungsi|880000.0
Mohon bantu perbaiki Control Panel Penerangan di Gedung Servis lantai 1 zona Selatan, karena sudah tidak berfungsi dengan baik, hanya kedap-kedip saja|Ditemukan kerusakan pada Remote Control Panel Penerangan, kemungkinan disebabkan oleh Faktor lingkungan, perbaikan selesai dengan biaya|Control Panel Penerangan|Gedung Servis|Lantai 1|Zona Selatan|Electrical|Sedang|Faktor lingkungan|Remote tidak berfungsi|880000.0
Tolong dong Lampu Wall sign di Gedung A lantai 7 zona Tengah rusak nih, gk nyala sama sekali bgt, tolong cepat diperbaiki ya!|Lampu Wall sign mengalami kerusakan karena getaran, sehingga menyebabkan macet/tersumbat, dan telah diperbaiki dengan biaya Rp 2980000|Lampu Wall sign|Gedung A|Lantai 7|Zona Tengah|Electrical|Berat|Getaran|Macet/tersumbat|2980000.0
Mohon bantuan untuk memperbaiki Lampu Wall sign di Gedung A lantai 7 zona Tengah, karena lampu tersebut tidak nyala sama sekali dan sangat mengganggu.|Lampu Wall sign mengalami kerusakan karena getaran, sehingga menyebabkan macet/tersumbat, dan telah diperbaiki dengan biaya Rp 2980000|Lampu Wall sign|Gedung A|Lantai 7|Zona Tengah|Electrical|Berat|Getaran|Macet/tersumbat|2980000.0
Tolong dong APAR Dry Powder Cartridge di Gedung A lantai 14 zona Barat rusak nih, bunyi abnormal bgt, gk tahu knp, tolong perbaiki yg|Overload pada sistem APAR Dry Powder Cartridge menyebabkan bunyi abnormal, perlu dilakukan pembersihan dan pengecekan ulang|APAR Dry Powder Cartridge|Gedung A|Lantai 14|Zona Barat|Sistem Pemadam Kebakaran|Sedang|Overload|Bunyi abnormal|1120000.0
Mohon perhatian, APAR Dry Powder Cartridge di Gedung A lantai 14 zona Barat mengalami kendala teknis berupa bunyi abnormal|Overload pada sistem APAR Dry Powder Cartridge, perlu dilakukan pengecekan dan perbaikan untuk menghindari kerusakan lebih lanjut, biaya perbaikan diperkirakan sebesar Rp 1120000|APAR Dry Powder Cartridge|Gedung A|Lantai 14|Zona Barat|Sistem Pemadam Kebakaran|Sedang|Overload|Bunyi abnormal|1120000.0
Tolong dong DVR CCTV di Gedung D lantai 6 zona Selatan rusak nih, bgt kusam dan berdebu, gk tau dmn letak masalahnya, yg jelas harus segera diperbaiki|DVR CCTV mengalami korosi yang menyebabkan korsleting, perlu dilakukan pembersihan dan penggantian komponen yang rusak|DVR CCTV|Gedung D|Lantai 6|Zona Selatan|Security Sistem|Ringan|Korosi|Korsleting|340000.0
Dengan hormat, saya melaporkan bahwa DVR CCTV yang terletak di Gedung D lantai 6 zona Selatan mengalami kerusakan yang menyebabkan korsleting, kemungkinan disebabkan oleh korosi, mohon segera ditangani|DVR CCTV mengalami korosi yang menyebabkan korsleting, perlu dilakukan perbaikan segera dengan biaya sebesar Rp 340000|DVR CCTV|Gedung D|Lantai 6|Zona Selatan|Security Sistem|Ringan|Korosi|Korsleting|340000.0
Tolong dong Lampu LED Downlight di Gedung Servis lantai 1 zona Barat rusak bgt, gk nyala sama sekali, yg benerin cepat ya!|Lampu LED Downlight di Gedung Servis lantai 1 zona Barat mengalami kerusakan remote tidak berfungsi karena kualitas material yang buruk, perlu dilakukan perbaikan dengan mengganti remote baru|Lampu LED Downlight|Gedung Servis|Lantai 1|Zona Barat|Electrical|Berat|Kualitas material|Remote tidak berfungsi|1020000.0
Mohon bantu perbaiki Lampu LED Downlight di Gedung Servis lantai 1 zona Barat, tidak nyala sama sekali, Remote tidak berfungsi|Lampu LED Downlight di Gedung Servis lantai 1 zona Barat mengalami kerusakan remote tidak berfungsi karena kualitas material yang buruk, perlu dilakukan perbaikan dengan mengganti remote baru, perkiraan biaya perbaikan sebesar Rp 1020000|Lampu LED Downlight|Gedung Servis|Lantai 1|Zona Barat|Electrical|Berat|Kualitas material|Remote tidak berfungsi|1020000.0
Dinding Partisi, GRC / Gypsum di Gedung Utama lantai 9 zona Timur rusak bgt, mati total, gk bisa dipake, tolong dong, dmn ada yg bisa bantu?|Kualitas material yang buruk menyebabkan tekanan tidak stabil, perlu diganti dengan material yang lebih baik|Dinding Partisi, GRC / Gypsum|Gedung Utama|Lantai 9|Zona Timur|Civil|Berat|Kualitas material|Tekanan tidak stabil|6260000.0
Mohon bantuan untuk perbaikan Dinding Partisi, GRC / Gypsum di Gedung Utama lantai 9 zona Timur, karena sudah mati total dan tidak bisa digunakan, terima kasih|Perbaikan Dinding Partisi, GRC / Gypsum memerlukan penggantian material dengan kualitas yang lebih baik, biaya perbaikan sebesar Rp 6260000|Dinding Partisi, GRC / Gypsum|Gedung Utama|Lantai 9|Zona Timur|Civil|Berat|Kualitas material|Tekanan tidak stabil|6260000.0
Tolong dong Terminal Box Alarm di Gedung E lantai 5 zona Timur mati total bgt, gk tau knp, yg penting dibenerin dmn|Terminal Box Alarm mengalami kerusakan berat karena getaran, perlu dilakukan perbaikan dan penggantian komponen yang rusak|Terminal Box Alarm|Gedung E|Lantai 5|Zona Timur|Sistem Proteksi Kebakaran Aktif|Berat|Getaran|Performa menurun|6520000.0
Mohon periksa Terminal Box Alarm di Gedung E lantai 5 zona Timur, karena mengalami masalah performa menurun dan mati total|Terminal Box Alarm mengalami kerusakan berat karena getaran, perlu dilakukan perbaikan dan penggantian komponen yang rusak dengan biaya perbaikan sebesar Rp 6520000|Terminal Box Alarm|Gedung E|Lantai 5|Zona Timur|Sistem Proteksi Kebakaran Aktif|Berat|Getaran|Performa menurun|6520000.0
Tolong dong Jockey Pump di Gedung E lantai 4 zona Timur rusak bgt, gk bisa nyala, terbakar, tolong cepat!|Jockey Pump mengalami kerusakan akibat aus normal, perlu dilakukan perbaikan untuk mengganti komponen yang rusak|Jockey Pump|Gedung E|Lantai 4|Zona Timur|Sistem Pemadam Kebakaran|Fatal|Aus normal|Tampilan rusak|22790000.0
Mohon bantuan, Jockey Pump di Gedung E lantai 4 zona Timur mengalami masalah, tampilan rusak, terbakar, mohon segera ditangani|Jockey Pump mengalami kerusakan akibat aus normal, perlu dilakukan perbaikan untuk mengganti komponen yang rusak, biaya perbaikan sebesar Rp 22790000|Jockey Pump|Gedung E|Lantai 4|Zona Timur|Sistem Pemadam Kebakaran|Fatal|Aus normal|Tampilan rusak|22790000.0
Tolong dong Ground Water Tank di Gedung Utama lantai 1 zona Selatan rusak bgt, netes air terus, gk tau dmn masalahnya, tolong bantu ygyg|Laporan teknisi: ditemukan korosi pada tank, dilakukan perbaikan dengan mengganti komponen yang rusak dan pengecatan ulang, biaya perbaikan sebesar Rp 1140000|Ground Water Tank|Gedung Utama|Lantai 1|Zona Selatan|Distribusi Air|Sedang|Korosi|Berkarat/korosi|1140000.0
Mohon bantuan, Ground Water Tank di Gedung Utama lantai 1 zona Selatan mengalami kerusakan, yaitu berkarat dan korosi, sehingga menimbulkan kebocoran air|Laporan teknisi: setelah dilakukan inspeksi, ditemukan korosi pada tank, sehingga dilakukan perbaikan dengan mengganti komponen yang rusak dan pengecatan ulang, dengan biaya perbaikan sebesar Rp 1140000|Ground Water Tank|Gedung Utama|Lantai 1|Zona Selatan|Distribusi Air|Sedang|Korosi|Berkarat/korosi|1140000.0
Tolong dong Meter PLN di Gedung D lantai 9 zona Timur bunyi pelan bgt, gk tau knp, tolong dmn yg bisa bantu|Ditemukan bahwa meter PLN mengalami getaran yang menyebabkan tekanan tidak stabil, perbaikan dilakukan dengan mengganti komponen yang rusak|Meter PLN|Gedung D|Lantai 9|Zona Timur|Pencatatan Meter|Ringan|Getaran|Tekanan tidak stabil|120000.0
Mohon periksa Meter PLN di Gedung D lantai 9 zona Timur, karena terdapat bunyi pelan yang tidak normal|Setelah dilakukan pemeriksaan, ditemukan bahwa meter PLN mengalami getaran yang menyebabkan tekanan tidak stabil, perbaikan telah dilakukan dengan biaya sebesar Rp 120000|Meter PLN|Gedung D|Lantai 9|Zona Timur|Pencatatan Meter|Ringan|Getaran|Tekanan tidak stabil|120000.0
Tolong dong Paving Block di Gedung D lantai 2 zona Selatan rusak bgt, netes air terus, gk tau dmn salahnya, tolong bantu yg, bgt!|Paving Block di Gedung D lantai 2 zona Selatan mengalami kerusakan suhu tidak stabil akibat tegangan tidak stabil, perlu dilakukan pengecekan dan perbaikan|Paving Block|Gedung D|Lantai 2|Zona Selatan|Civil|Sedang|Tegangan tidak stabil|Suhu tidak stabil|1070000.0
Mohon perhatian, Paving Block di Gedung D lantai 2 zona Selatan mengalami masalah, suhu tidak stabil dan netes air, tolong dicek dan diperbaiki sesuai prosedur|Paving Block di Gedung D lantai 2 zona Selatan mengalami kerusakan suhu tidak stabil akibat tegangan tidak stabil, perlu dilakukan pengecekan dan perbaikan dengan biaya Rp 1070000|Paving Block|Gedung D|Lantai 2|Zona Selatan|Civil|Sedang|Tegangan tidak stabil|Suhu tidak stabil|1070000.0
Tolong dong WI-FI di Gedung D lantai 4 zona Tengah rusak bgt, gk tau dmn letak kerusakannya, tp yg jelas wifi gk nyala sama sekali, bau gosong keluar dr perangkatnya|Kerusakan WI-FI disebabkan oleh Usia pakai yang telah mencapai batas maksimal, sehingga mengalami Getaran berlebihan, perlu dilakukan perbaikan dan penggantian komponen yang rusak|Rt/Rw|Gedung D|Lantai 4|Zona Tengah|Sistem Telekomunikasi Gedung|Fatal|Usia pakai|Getaran berlebihan|23460000.0
Mohon perhatian, WI-FI di Gedung D lantai 4 zona Tengah mengalami kerusakan yang sangat parah, sehingga menyebabkan gangguan yang signifikan, perlu dilakukan perbaikan segera|Kerusakan WI-FI disebabkan oleh Usia pakai yang telah mencapai batas maksimal, sehingga mengalami Getaran berlebihan, perlu dilakukan perbaikan dan penggantian komponen yang rusak|Rt/Rw|Gedung D|Lantai 4|Zona Tengah|Sistem Telekomunikasi Gedung|Fatal|Usia pakai|Getaran berlebihan|23460000.0
Tolong dong Control Panel Hydrant Diesel Pump di Gedung A lantai 9 zona Utara rusak nih, gk tau penyebabnya, tp yg jelas mogok bgt!|Teknisi telah melakukan pengecekan dan perbaikan dengan menemukan bahwa kerusakan disebabkan oleh Aus normal, sehingga dilakukan penggantian komponen yang rusak dan penyesuaian sistem untuk mengatasi suhu tidak stabil|Control Panel Hydrant Diesel Pump|Gedung A|Lantai 9|Zona Utara|Electrical|Berat|Aus normal|Suhu tidak stabil|5770000.0
Mohon perhatian, Control Panel Hydrant Diesel Pump di Gedung A lantai 9 zona Utara mengalami kerusakan berat, yaitu mati total, sehingga memerlukan perbaikan segera|Teknisi telah melakukan analisis dan menemukan bahwa kerusakan disebabkan oleh Aus normal, kemudian dilakukan tindakan perbaikan dengan mengganti komponen yang rusak dan penyesuaian sistem|Control Panel Hydrant Diesel Pump|Gedung A|Lantai 9|Zona Utara|Electrical|Berat|Aus normal|Suhu tidak stabil|5770000.0
Tolong dong Fingerprint di Gedung D lantai 2 zona Barat nyetrum bgt, gk tau dmn letak masalahnya, tolong bantu ya|Fingerprint mengalami kerusakan karena Tegangan tidak stabil, perlu dilakukan perbaikan dengan mengganti komponen yang rusak|Fingerprint|Gedung D|Lantai 2|Zona Barat|Security Sistem|Fatal|Tegangan tidak stabil|Retak/pecah|30340000.0
Mohon bantuan untuk perbaikan Fingerprint di Gedung D lantai 2 zona Barat karena terjadi kerusakan yang menyebabkan Fingerprint tersebut terbakar|Fingerprint mengalami kerusakan karena Tegangan tidak stabil, perlu dilakukan perbaikan dengan mengganti komponen yang rusak dan melakukan pengecekan ulang|Fingerprint|Gedung D|Lantai 2|Zona Barat|Security Sistem|Fatal|Tegangan tidak stabil|Retak/pecah|30340000.0
Tolong dong AC Cassette di Gedung Utama lantai 15 zona Tengah rusak nih, bunyi pelan bgt, gk tau dmn letak masalahnya, tolong bantu yg, gk bisa kerja kalo gini!|Perbaikan AC Cassette di Gedung Utama lantai 15 zona Tengah dilakukan dengan membersihkan komponen yang kotor dan tersumbat, karena kurang perawatan, sehingga mengakibatkan kerusakan macet/tersumbat, biaya perbaikan sebesar Rp 310000|AC Cassette|Gedung Utama|Lantai 15|Zona Tengah|Mechanical|Ringan|Kurang perawatan|Macet/tersumbat|310000.0
Mohon bantuan untuk perbaikan AC Cassette yang terletak di Gedung Utama lantai 15 zona Tengah, karena mengalami kerusakan yang menyebabkan bunyi pelan dan tidak berfungsi dengan baik, sehingga memerlukan perawatan dan perbaikan segera|Perbaikan AC Cassette di Gedung Utama lantai 15 zona Tengah dilakukan dengan membersihkan komponen yang kotor dan tersumbat, karena kurang perawatan, sehingga mengakibatkan kerusakan macet/tersumbat, biaya perbaikan sebesar Rp 310000|AC Cassette|Gedung Utama|Lantai 15|Zona Tengah|Mechanical|Ringan|Kurang perawatan|Macet/tersumbat|310000.0
Tolong dong Smoke Detector di Gedung A lantai 13 zona Selatan rusak nih, bunyi pelan bgt, gk tau dmn letak masalahnya, tolong bantu yg|Smoke Detector di Gedung A lantai 13 zona Selatan mengalami kerusakan karena Tegangan tidak stabil, dilakukan perbaikan dengan membersihkan dan mengganti komponen yang rusak, biaya perbaikan sebesar Rp 390000|Smoke Detector|Gedung A|Lantai 13|Zona Selatan|Sistem Proteksi Kebakaran Aktif|Ringan|Tegangan tidak stabil|Macet/tersumbat|390000.0
Mohon bantuan untuk memperbaiki Smoke Detector di Gedung A lantai 13 zona Selatan, karena mengalami kerusakan yang menyebabkan bunyi pelan, mohon dilakukan pengecekan dan perbaikan sesuai dengan prosedur|Smoke Detector di Gedung A lantai 13 zona Selatan mengalami kerusakan karena Tegangan tidak stabil, dilakukan perbaikan dengan membersihkan dan mengganti komponen yang rusak, biaya perbaikan sebesar Rp 390000|Smoke Detector|Gedung A|Lantai 13|Zona Selatan|Sistem Proteksi Kebakaran Aktif|Ringan|Tegangan tidak stabil|Macet/tersumbat|390000.0
Genset Diesel di Gedung Servis lantai 2 zona Utara meledak nih, gk tau dmn salahnya, tolong bgt|Human error menyebabkan kerusakan, dilakukan perbaikan dengan mengganti komponen yang rusak|Genset Diesel|Gedung Servis|Lantai 2|Zona Utara|Mechanical|Fatal|Human error|Overheat|25660000.0
Mohon periksa Genset Diesel di Gedung Servis lantai 2 zona Utara, karena terjadi kejadian fatal berupa kebakaran|Kerusakan disebabkan oleh human error, dilakukan perbaikan dengan mengganti komponen yang rusak, biaya perbaikan sebesar Rp 25660000|Genset Diesel|Gedung Servis|Lantai 2|Zona Utara|Mechanical|Fatal|Human error|Overheat|25660000.0
Tolong dong Meter PLN di Gedung B lantai 9 zona Utara rusak bgt, netes air terus, berisik banget, gk tau dmn letak kerusakannya, tolong bantu yaa|Getaran menyebabkan aus, perbaikan dilakukan dengan mengganti komponen yang rusak|Meter PLN|Gedung B|Lantai 9|Zona Utara|Pencatatan Meter|Sedang|Getaran|Aus/abrasi|1170000.0
Mohon bantuan untuk perbaikan Meter PLN yang terletak di Gedung B, lantai 9, zona Utara, karena mengalami kerusakan yang menyebabkan netes air dan berisik|Perbaikan dilakukan dengan menganalisis penyebab getaran dan mengganti komponen yang rusak, biaya perbaikan sebesar Rp 1170000|Meter PLN|Gedung B|Lantai 9|Zona Utara|Pencatatan Meter|Sedang|Getaran|Aus/abrasi|1170000.0
Tolong dong Floor Drain di Gedung E lantai 4 zona Barat rusak nih, bgt berisik banget dan netes air terus, gk tahu dmn letak kerusakannya yg bener!|Ditemukan kerusakan pada Floor Drain di Gedung E lantai 4 zona Barat akibat Debu/kotoran, dilakukan pembersihan dan perawatan|Floor Drain|Gedung E|Lantai 4|Zona Barat|Plumbing|Sedang|Debu/kotoran|Overheat|400000.0
Mohon bantuan untuk memperbaiki Floor Drain yang terletak di Gedung E lantai 4 zona Barat, karena mengalami kerusakan yang menyebabkan kurang dingin dan berisik|Ditemukan kerusakan pada komponen Floor Drain akibat Debu/kotoran, kemudian dilakukan pembersihan dan penggantian komponen yang rusak, dengan biaya perbaikan sebesar Rp 400000|Floor Drain|Gedung E|Lantai 4|Zona Barat|Plumbing|Sedang|Debu/kotoran|Overheat|400000.0
Tolong dong Kamera CCTV di Gedung Servis lantai 1 zona Timur rusak bgt, gk tau dmn letak kerusakannya, tapi yg jelas bunyi abnormal terus, bgt dmn bisa di perbaiki ya?|Kamera CCTV mengalami kerusakan karena Human error, sehingga mengakibatkan bunyi abnormal, perbaikan dilakukan dengan mengganti komponen yang rusak dan melakukan pengecekan ulang, biaya perbaikan sebesar Rp 8180000|Kamera CCTV|Gedung Servis|Lantai 1|Zona Timur|Security Sistem|Berat|Human error|Bunyi abnormal|8180000.0
Mohon periksa Kamera CCTV di Gedung Servis lantai 1 zona Timur, karena mengalami kerusakan yang menyebabkan bunyi abnormal, kami mohon bantuan untuk memperbaiki kerusakan tersebut|Kamera CCTV mengalami kerusakan karena Human error, sehingga mengakibatkan bunyi abnormal, perbaikan dilakukan dengan mengganti komponen yang rusak dan melakukan pengecekan ulang, biaya perbaikan sebesar Rp 8180000|Kamera CCTV|Gedung Servis|Lantai 1|Zona Timur|Security Sistem|Berat|Human error|Bunyi abnormal|8180000.0
Tolong dong Lantai Karpet di Gedung E lantai 3 zona Barat rusak bgt, mati total, gk bisa dipake lagi, yg dmn salahnya sih?|Lantai Karpet mengalami kerusakan karena getaran, perlu dilakukan perbaikan koneksi terputus dan pengecekan ulang|Lantai Karpet|Gedung E|Lantai 3|Zona Barat|Civil|Berat|Getaran|Koneksi terputus|2540000.0
Mohon bantuan, Lantai Karpet di Gedung E lantai 3 zona Barat mengalami kerusakan berat, tidak dapat digunakan, perlu dilakukan pengecekan dan perbaikan segera.|Dilakukan pengecekan dan perbaikan Lantai Karpet di Gedung E lantai 3 zona Barat, kerusakan disebabkan oleh getaran, biaya perbaikan Rp 2540000|Lantai Karpet|Gedung E|Lantai 3|Zona Barat|Civil|Berat|Getaran|Koneksi terputus|2540000.0
Tolong dong Roof Tank di Gedung E lantai 4 zona Barat rusak nih,yg bgt kotor dan berdebu,bgt gk enak dmn ada bunyi pelan gitu|Overload menyebabkan kerusakan,perlu perbaikan segera dengan mengganti komponen yang rusak|Roof Tank|Gedung E|Lantai 4|Zona Barat|Distribusi Air|Ringan|Overload|Retak/pecah|420000.0
Saya ingin melaporkan bahwa Roof Tank di Gedung E lantai 4 zona Barat mengalami kerusakan ringan,yaitu kotor dan berdebu|Kerusakan disebabkan oleh Overload,perlu dilakukan perbaikan dengan mengganti komponen yang rusak,dengan biaya perbaikan sebesar Rp 420000|Roof Tank|Gedung E|Lantai 4|Zona Barat|Distribusi Air|Ringan|Overload|Retak/pecah|420000.0
Lampu LED Bulb di Gedung C lantai 7 zona Utara bgt rusak nih, bahkan meledak yg membuat kami panik bgt dmn harus lapor?|Laporan teknisi: Overload menyebabkan kerusakan pada Lampu LED Bulb, dilakukan perbaikan dengan mengganti komponen yang rusak dan memperbaiki sistem kelistrikan, biaya perbaikan sebesar Rp 38280000|Lampu LED Bulb|Gedung C|Lantai 7|Zona Utara|Electrical|Fatal|Overload|Tampilan rusak|38280000.0
Mohon bantuan, Lampu LED Bulb di Gedung C lantai 7 zona Utara mengalami kerusakan parah, nyetrum dan terbakar, tolong segera ditangani|Laporan teknisi: Overload menyebabkan kerusakan pada komponen listrik, dilakukan perbaikan dan penggantian komponen yang rusak|Lampu LED Bulb|Gedung C|Lantai 7|Zona Utara|Electrical|Fatal|Overload|Tampilan rusak|38280000.0
Gmn bg, APAR Dry Powder Stored Pressure di Gedung A lantai 14 zona Selatan rusak bgt, kedap-kedip terus, gk tau dmn salahnya, tolong dong|Tegangan tidak stabil, dilakukan pengecekan dan perbaikan sistem|APAR Dry Powder Stored Pressure|Gedung A|Lantai 14|Zona Selatan|Sistem Pemadam Kebakaran|Sedang|Tegangan tidak stabil|Tampilan rusak|1200000.0
Mohon bantuan, APAR Dry Powder Stored Pressure di Gedung A lantai 14 zona Selatan mengalami gangguan, yaitu kedap-kedip dan kurang berfungsi dengan baik|Kerusakan disebabkan oleh tegangan tidak stabil, dilakukan perbaikan dan pengecekan ulang untuk memastikan sistem berfungsi dengan normal|APAR Dry Powder Stored Pressure|Gedung A|Lantai 14|Zona Selatan|Sistem Pemadam Kebakaran|Sedang|Tegangan tidak stabil|Tampilan rusak|1200000.0
Tolong dong Speaker di Gedung D lantai 1 zona Selatan rusak nih, bgt kotor dan kusam, gk tau dmn masalahnya, yg jelas bunyi pelan bgt|Perbaikan dilakukan dengan membersihkan korosi dan mengganti komponen yang rusak, biaya perbaikan sebesar Rp 350000|Speaker|Gedung D|Lantai 1|Zona Selatan|Sistem Telekomunikasi Gedung|Ringan|Korosi|Tampilan rusak|350000.0
Mohon periksa Speaker di Gedung D lantai 1 zona Selatan, karena terdapat kerusakan pada tampilan yang kusam dan bunyi pelan|Perbaikan dilakukan dengan membersihkan korosi dan mengganti komponen yang rusak, dengan biaya perbaikan sebesar Rp 350000|Speaker|Gedung D|Lantai 1|Zona Selatan|Sistem Telekomunikasi Gedung|Ringan|Korosi|Tampilan rusak|350000.0
Tolong dong AC Split di Gedung E lantai 6 zona Barat rusak bgt, kotor dan berdebu, gk bisa nyala sama sekali, tolong bantu yah, dmn bisa kontak teknisi?|Perbaikan dilakukan dengan membersihkan dan mengganti komponen yang rusak akibat Faktor lingkungan, biaya perbaikan sebesar Rp 370000|AC Split|Gedung E|Lantai 6|Zona Barat|Mechanical|Ringan|Faktor lingkungan|Tidak berfungsi total|370000.0
Mohon periksa AC Split di Gedung E lantai 6 zona Barat, karena sudah tidak berfungsi dengan baik, bunyi pelan dan kotor, mohon segera ditangani oleh teknisi|Perbaikan dilakukan dengan membersihkan dan mengganti komponen yang rusak akibat Faktor lingkungan, biaya perbaikan sebesar Rp 370000|AC Split|Gedung E|Lantai 6|Zona Barat|Mechanical|Ringan|Faktor lingkungan|Tidak berfungsi total|370000.0
Tolong dong SDP di Gedung Utama lantai 2 zona Utara rusak bgt, nyetrum gk tau dmn letaknya, tolong bantu yg, bgt darurat!|SDP mengalami kerusakan akibat Overload, dilakukan perbaikan dengan mengganti komponen yang rusak dan pengecekan ulang sistem|SDP|Gedung Utama|Lantai 2|Zona Utara|Electrical|Fatal|Overload|Getaran berlebihan|18460000.0
Mohon bantuan, SDP di Gedung Utama lantai 2 zona Utara mengalami kerusakan yang sangat parah, terjadi getaran berlebihan dan nyetrum, mohon segera ditangani oleh teknisi|SDP mengalami kerusakan akibat Overload, dilakukan perbaikan dengan mengganti komponen yang rusak dan pengecekan ulang sistem, biaya perbaikan sebesar Rp 18460000|SDP|Gedung Gedong Utama|Lantai 2|Zona Utara|Electrical|Fatal|Overload|Getaran berlebihan|18460000.0
Gmn ya Control Panel Penerangan di Gedung Servis lantai 1 zona Barat mati total bgt, gk tau dmn salahnya, tolong dong bantu perbaiki yg cepet|Perbaikan Control Panel Penerangan akibat Human error yang menyebabkan Aus/abrasi, dilakukan penggantian komponen yang rusak dan pengecekan ulang sistem|Control Panel Penerangan|Gedung Servis|Lantai 1|Zona Barat|Electrical|Berat|Human error|Aus/abrasi|10800000.0
Mohon bantuan untuk perbaikan Control Panel Penerangan di Gedung Servis lantai 1 zona Barat yang tidak nyala sama sekali, saya khawatir ada kerusakan serius|Laporan teknis: Control Panel Penerangan mengalami kerusakan berat karena Human error yang menyebabkan Aus/abrasi, perbaikan dilakukan dengan mengganti komponen yang rusak dan memeriksa sistem secara menyeluruh, biaya perbaikan sebesar Rp 10800000|Control Panel Penerangan|Gedung Servis|Lantai 1|Zona Barat|Electrical|Berat|Human error|Aus/abrasi|10800000.0
Tolong dong Smoke Detector di Gedung D lantai 10 zona Timur rusak bgt, gk nyala sama sekali, dmnt yg bsa bantu?|Laporan teknisi: Smoke Detector mengalami kerusakan akibat kelembaban tinggi, dilakukan perbaikan koneksi dan penggantian komponen yang rusak, biaya perbaikan sebesar Rp 4610000|Smoke Detector|Gedung D|Lantai 10|Zona Timur|Sistem Proteksi Kebakaran Aktif|Berat|Kelembaban tinggi|Koneksi terputus|4610000.0
Smoke Detector di Gedung D, lantai 10, zona Timur tidak berfungsi dengan baik, mohon periksa dan perbaiki secepatnya.|Laporan teknisi: Smoke Detector mengalami kerusakan koneksi akibat kelembaban tinggi, dilakukan perbaikan koneksi dan penggantian komponen yang rusak|Smoke Detector|Gedung D|Lantai 10|Zona Timur|Sistem Proteksi Kebakaran Aktif|Berat|Kelembaban tinggi|Koneksi terputus|4610000.0
Tolong dong Lampu LED Bulb di Gedung Parkir lantai 5 zona Timur rusak nih,yg bgt kotor bgt gk bisa nyala dmn saya harus lapor?|Lampu LED Bulb di Gedung Parkir lantai 5 zona Timur diperbaiki karena debu/kotoran yang menyebabkan kebocoran,perbaikan dilakukan dengan membersihkan debu/kotoran dan mengganti komponen yang rusak|Lampu LED Bulb|Gedung Parkir|Lantai 5|Zona Timur|Electrical|Ringan|Debu/kotoran|Kebocoran|190000.0
Mohon bantuan untuk memperbaiki Lampu LED Bulb di Gedung Parkir lantai 5 zona Timur karena lampu tersebut rusak dan tidak dapat digunakan|Lampu LED Bulb di Gedung Parkir lantai 5 zona Timur diperbaiki karena debu/kotoran yang menyebabkan kebocoran,biaya perbaikan sebesar Rp 190000|Lampu LED Bulb|Gedung Parkir|Lantai 5|Zona Timur|Electrical|Ringan|Debu/kotoran|Kebocoran|190000.0
Tolong dong Kamera CCTV di Gedung D lantai 4 zona Barat rusak nih, yg bgt gk nyala sama sekali, dmn kita harus lapor ke siapa nih?|Getaran menyebabkan kerusakan pada lampu, perlu dilakukan perbaikan dan penggantian komponen|Kamera CCTV|Gedung D|Lantai 4|Zona Barat|Security Sistem|Berat|Getaran|Lampu mati|4590000.0
Mohon perhatian, Kamera CCTV di Gedung D lantai 4 zona Barat mengalami kerusakan, tidak nyala sama sekali, mohon dilakukan perbaikan secepatnya|Kerusakan disebabkan oleh getaran, perlu dilakukan perbaikan dan penggantian komponen yang rusak, biaya perbaikan diperkirakan sebesar Rp 4590000|Kamera CCTV|Gedung D|Lantai 4|Zona Barat|Security Sistem|Berat|Getaran|Lampu mati|4590000.0
Tolong dong Lampu LED Bulb di Gedung Utama lantai 17 zona Barat rusak nih, kedap-kedip terus bgt, gk tau penyebabnya, tolong bantu perbaiki yg, dmn bisa kontak teknisi?|Perbaikan dilakukan dengan mengganti komponen yang overload, kemudian dilakukan pengetesan untuk memastikan suhu stabil|Lampu LED Bulb|Gedung Utama|Lantai 17|Zona Barat|Electrical|Sedang|Overload|Suhu tidak stabil|1010000.0
Mohon perhatian, terdapat kerusakan pada Lampu LED Bulb yang terletak di Gedung Utama lantai 17 zona Barat, gejala yang teramati adalah kedap-kedip, mohon untuk dilakukan perbaikan|Perbaikan telah dilakukan dengan mengatasi masalah overload, biaya perbaikan sebesar Rp 1010000|Lampu LED Bulb|Gedung Utama|Lantai 17|Zona Barat|Electrical|Sedang|Overload|Suhu tidak stabil|1010000.0
Tolong dong Speaker di Gedung A lantai 11 zona Utara mati total bgt, gk tau dmn salahnya, tolong bantu ya!|Speaker di Gedung A lantai 11 zona Utara mengalami kerusakan pada tampilan karena tegangan tidak stabil, perlu dilakukan perbaikan dengan mengganti komponen yang rusak|Speaker|Gedung A|Lantai 11|Zona Utara|Sistem Telekomunikasi Gedung|Berat|Tegangan tidak stabil|Tampilan rusak|9750000.0
Mohon bantuan untuk memperbaiki Speaker di Gedung A lantai 11 zona Utara yang tidak nyala sama sekali, saya sangat membutuhkan bantuan Anda|Kerusakan pada Speaker di Gedung A lantai 11 zona Utara disebabkan oleh tegangan tidak stabil, perlu dilakukan perbaikan segera dengan biaya perbaikan sebesar Rp 9750000|Speaker|Gedung A|Lantai 11|Zona Utara|Sistem Telekomunikasi Gedung|Berat|Tegangan tidak stabil|Tampilan rusak|9750000.0
Tolong dong AC Split di Gedung Utama lantai 18 zona Selatan rusak bgt, gk nyala sama sekali, apa yg harus saya lakukan?|Ditemukan korosi pada bagian evaporator, dilakukan perbaikan dengan mengganti komponen yang rusak dan membersihkan bagian yang korosif|AC Split|Gedung Utama|Lantai 18|Zona Selatan|Mechanical|Berat|Korosi|Kebocoran|6340000.0
Mohon bantuan untuk memperbaiki AC Split di Gedung Utama lantai 18 zona Selatan, karena sudah tidak nyala sama sekali|Setelah dilakukan analisis, ditemukan bahwa penyebab kerusakan adalah korosi pada bagian tertentu, sehingga perlu dilakukan perbaikan dengan biaya sebesar Rp 6340000|AC Split|Gedung Utama|Lantai 18|Zona Selatan|Mechanical|Berat|Korosi|Kebocoran|6340000.0
Tolong dong Lantai Keramik di Gedung C lantai 2 zona Utara rusak bgt, gk tahu dmn salahnya, tp kedap-kedip terus, tolong bantu yaa|Laporan teknisi: Kerusakan disebabkan oleh Korosi, perlu dilakukan perbaikan koneksi|Lantai Keramik|Gedung C|Lantai 2|Zona Utara|Civil|Sedang|Korosi|Koneksi terputus|1240000.0
Mohon perhatian, terdapat kerusakan pada Lantai Keramik di Gedung C lantai 2 zona Utara, gejalanya adalah netes air dan berisik, mohon segera ditangani|Laporan teknisi: Kerusakan disebabkan oleh Korosi, dilakukan perbaikan koneksi dan penggantian komponen yang rusak, biaya perbaikan sebesar Rp 1240000|Lantai Keramik|Gedung C|Lantai 2|Zona Utara|Civil|Sedang|Korosi|Koneksi terputus|1240000.0
Lampu Downlight di Gedung Utama lantai 11 zona Timur rusak bgt, yg benerin gk tau dmn, tolong dong!|Human error, perlu pengecekan remote control dan penggantian jika rusak|Lampu Downlight|Gedung Utama|Lantai 11|Zona Timur|Electrical|Ringan|Human error|Remote tidak berfungsi|160000.0
Mohon periksa Lampu Downlight di Gedung Utama lantai 11 zona Timur, karena lampu tidak dapat dioperasikan|Human error terdeteksi, dilakukan pengecekan dan perbaikan remote control, biaya perbaikan sebesar Rp 160000|Lampu Downlight|Gedung Utama|Lantai 11|Zona Timur|Electrical|Ringan|Human error|Remote tidak berfungsi|160000.0
Tolong dong Monitor/Layar di Gedung Parkir lantai 4 zona Timur rusak bgt, gk bisa dipake, kedap-kedip terus, bingung dmn salahnya, tolong bantu ya|Laporan teknisi: Human error menyebabkan kerusakan pada remote, dilakukan perbaikan penggantian remote|Monitor/Layar|Gedung Parkir|Lantai 4|Zona Timur|Sistem Telekomunikasi Gedung|Sedang|Human error|Remote tidak berfungsi|1370000.0
Mohon bantuan untuk perbaikan Monitor/Layar di Gedung Parkir lantai 4 zona Timur yang mengalami kerusakan pada remote, sehingga tidak dapat berfungsi dengan baik|Laporan teknisi: Dilakukan analisis kerusakan dan ditemukan bahwa Human error menyebabkan kerusakan pada remote, kemudian dilakukan perbaikan penggantian remote|Monitor/Layar|Gedung Parkir|Lantai 4|Zona Timur|Sistem Telekomunikasi Gedung|Sedang|Human error|Remote tidak berfungsi|1370000.0
Tolong dong MCFA di Gedung D lantai 11 zona Tengah rusak bgt, gk tahu dmn letak masalahnya, tp kedap-kedip terus, tolong bantu yg, cepat!|MCFA mengalami overload, dilakukan perbaikan dan penggantian komponen yang rusak|MCFA|Gedung D|Lantai 11|Zona Tengah|Sistem Proteksi Kebakaran Aktif|Sedang|Overload|Tampilan rusak|520000.0
Mohon bantuan untuk perbaikan MCFA di Gedung D lantai 11 zona Tengah, karena mengalami kerusakan pada tampilan yang kedap-kedip, sehingga mengganggu operasional|MCFA mengalami overload, dilakukan perbaikan dan penggantian komponen yang rusak, dengan biaya perbaikan sebesar Rp 520000|MCFA|Gedung D|Lantai 11|Zona Tengah|Sistem Proteksi Kebakaran Aktif|Sedang|Overload|Tampilan rusak|520000.0
Tolong dong Dinding Tembok/Mansonry di Gedung Parkir lantai 3 zona Timur rusak nih, yg bgt kotor dan kusam, gk tahu dmn letak kerusakannya, tolong dicek dan diperbaiki ya|Dinding Tembok/Mansonry mengalami kebocoran akibat kualitas material yang kurang baik, perlu dilakukan perbaikan dengan mengganti material yang rusak|Dinding Tembok/Mansonry|Gedung Parkir|Lantai 3|Zona Timur|Civil|Ringan|Kualitas material|Kebocoran|200000.0
Mohon periksa Dinding Tembok/Mansonry di Gedung Parkir lantai 3 zona Timur, karena mengalami kebocoran|Dinding Tembok/Mansonry mengalami kebocoran akibat kualitas material yang kurang baik, perlu dilakukan perbaikan dengan mengganti material yang rusak, biaya perbaikan sebesar Rp 200000|Dinding Tembok/Mansonry|Gedung Parkir|Lantai 3|Zona Timur|Civil|Ringan|Kualitas material|Kebocoran|200000.0
Tolong dong Lampu LED Downlight di Gedung B lantai 9 zona Timur rusak bgt, kedap-kedip terus, gk tau dmn letak masalahnya, tolong bantu ya|Laporan teknisi: Perbaikan dilakukan dengan mengganti komponen yang rusak, penyebab utama adalah Tegangan tidak stabil, biaya perbaikan Rp 1110000|Lampu LED Downlight|Gedung B|Lantai 9|Zona Timur|Electrical|Sedang|Tegangan tidak stabil|Aliran lemah|1110000.0
Mohon bantuan untuk perbaikan Lampu LED Downlight di Gedung B lantai 9 zona Timur, karena mengalami gangguan, yaitu kedap-kedip dan kurang terang|Laporan teknisi: Setelah dilakukan analisis, ditemukan bahwa penyebab utama adalah Tegangan tidak stabil, sehingga perlu dilakukan perbaikan dengan mengganti komponen yang rusak, biaya perbaikan Rp 1110000|Lampu LED Downlight|Gedung B|Lantai 9|Zona Timur|Electrical|Sedang|Tegangan tidak stabil|Aliran lemah|1110000.0
Tolong dong Dinding Tembok/Mansonry di Gedung A lantai 10 zona Timur rusak bgt, gk tau dmn salahnya, tp yg jelas dindingnya jebol parah!|Kualitas material yang tidak memenuhi standar menyebabkan koneksi terputus, perlu dilakukan perbaikan dengan mengganti material yang lebih baik|Dinding Tembok/Mansonry|Gedung A|Lantai 10|Zona Timur|Civil|Berat|Kualitas material|Koneksi terputus|5630000.0
Mohon periksa Dinding Tembok/Mansonry di Gedung A lantai 10 zona Timur, karena mengalami kerusakan parah dan tidak dapat digunakan, perlu dilakukan perbaikan dengan segera|Kualitas material yang tidak memenuhi standar menyebabkan koneksi terputus, perlu dilakukan perbaikan dengan mengganti material yang lebih baik, biaya perbaikan diperkirakan sebesar Rp 5630000|Dinding Tembok/Mansonry|Gedung A|Lantai 10|Zona Timur|Civil|Berat|Kualitas material|Koneksi terputus|5630000.0
Tolong dong Ground Water Tank di Gedung Parkir lantai 5 zona Utara rusak nih, kedap-kedip terus bgt, gk tau dmn letak kerusakannya, tolong bantu yg|Laporan teknisi: Setelah dilakukan inspeksi, ditemukan bahwaGround Water Tank mengalami getaran berlebihan akibat tegangan tidak stabil, maka dilakukan perbaikan dengan mengganti komponen yang rusak dan penyesuaian tegangan, biaya perbaikan sebesar Rp 2020000|Ground Water Tank|Gedung Parkir|Lantai 5|Zona Utara|Distribusi Air|Sedang|Tegangan tidak stabil|Getaran berlebihan|2020000.0
Mohon perhatian, kami mengalami masalah dengan Ground Water Tank di Gedung Parkir lantai 5 zona Utara, karena terjadi getaran berlebihan, sehingga kami butuh bantuan teknisi untuk memperbaiki|Laporan teknisi: Setelah dilakukan inspeksi, ditemukan bahwa kerusakan disebabkan oleh tegangan tidak stabil, maka dilakukan perbaikan dengan mengganti komponen yang rusak dan penyesuaian tegangan|Ground Water Tank|Gedung Parkir|Lantai 5|Zona Utara|Distribusi Air|Sedang|Tegangan tidak stabil|Getaran berlebihan|2020000.0
Tolong dong Pemipaan Air Bersih di Gedung Parkir lantai 4 zona Selatan rusak nih, gk tau dmn letak kerusakannya, tp yg jelas airnya gk keluar bgt, tolong bantu|Pemipaan Air Bersih mengalami kerusakan berat karena aus normal, dilakukan perbaikan dengan mengganti komponen yang rusak|Pemipaan Air Bersih|Gedung Parkir|Lantai 4|Zona Selatan|Plumbing|Berat|Aus normal|Korsleting|3660000.0
Mohon bantuan untuk memperbaiki Pemipaan Air Bersih di Gedung Parkir lantai 4 zona Selatan, karena sudah tidak berfungsi, terima kasih|Pemipaan Air Bersih mengalami kerusakan berat karena aus normal, dilakukan perbaikan dengan mengganti komponen yang rusak, biaya perbaikan sebesar Rp 3660000|Pemipaan Air Bersih|Gedung Parkir|Lantai 4|Zona Selatan|Plumbing|Berat|Aus normal|Korsleting|3660000.0
Tolong dong Meja kerja di Gedung Utama lantai 10 zona Selatan rusak bgt, gk bisa dipake lagi, tolong bantu dmn caranya biar bisa jalan lagi yg!|Kerusakan disebabkan oleh Human error, perlu dilakukan perbaikan dengan mengganti komponen yang rusak dan pengecekan ulang untuk memastikan tidak ada kerusakan lainnya, biaya perbaikan sebesar Rp 5200000|Meja kerja|Gedung Utama|Lantai 10|Zona Selatan|Arsitektur|Berat|Human error|Getaran berlebihan|5200000.0
Mohon bantuan untuk memperbaiki Meja kerja yang terletak di Gedung Utama lantai 10 zona Selatan, karena mengalami kerusakan berat dan tidak bisa digunakan, tolong beritahu saya apa yang harus dilakukan|Perbaikan telah dilakukan dengan mengganti komponen yang rusak dan melakukan pengecekan ulang, kerusakan disebabkan oleh Human error, biaya perbaikan sebesar Rp 5200000|Meja kerja|Gedung Utama|Lantai 10|Zona Selatan|Arsitektur|Berat|Human error|Getaran berlebihan|5200000.0
Tolong dong LVMDP di Gedung Parkir lantai 2 zona Tengah rusak bgt, gk tau dmn letak masalahnya, tapi yg jelas LVMDPnya mati total dan tidak nyala sama sekali!|LVMDP mengalami overload yang menyebabkan aliran lemah, perlu dilakukan perbaikan dan penggantian komponen yang rusak|LVMDP|Gedung Parkir|Lantai 2|Zona Tengah|Electrical|Berat|Overload|Aliran lemah|5300000.0
Mohon perhatian bahwa LVMDP di Gedung Parkir lantai 2 zona Tengah telah mengalami kerusakan berat, yaitu mati total dan tidak nyala sama sekali, sehingga memerlukan perbaikan segera|LVMDP mengalami overload yang menyebabkan aliran lemah, perlu dilakukan perbaikan dan penggantian komponen yang rusak dengan biaya perbaikan sebesar Rp 5300000|LVMDP|Gedung Parkir|Lantai 2|Zona Tengah|Electrical|Berat|Overload|Aliran lemah|5300000.0
Tolong dong AC Split di Gedung A lantai 8 zona Selatan bgt rusak nih, gk bisa nyala sama sekali, bahkan ada bau gosong yg bikin khawatir bgt, dmn ada teknisi yg bisa bantu perbaiki ini?|Laporan teknisi: Kerusakan pada AC Split di Gedung A lantai 8 zona Selatan disebabkan oleh Usia pakai, sehingga diperlukan perbaikan pada Koneksi terputus|AC Split|Gedung A|Lantai 8|Zona Selatan|Mechanical|Fatal|Usia pakai|Koneksi terputus|35630000.0
Mohon bantu perbaiki AC Split di Gedung A lantai 8 zona Selatan, karena telah terjadi kejadian darurat, yaitu AC Split telah terbakar dan mengeluarkan bau gosong, sehingga sangat memerlukan perhatian segera|Laporan teknisi: Setelah melakukan inspeksi, ditemukan bahwa kerusakan pada AC Split disebabkan oleh Usia pakai, sehingga perlu dilakukan perbaikan pada Koneksi terputus untuk menghindari kejadian serupa, dengan biaya perbaikan sebesar Rp 35630000|AC Split|Gedung A|Lantai 8|Zona Selatan|Mechanical|Fatal|Usia pakai|Koneksi terputus|35630000.0
Tolong dong APAR Dry Powder Stored Pressure di Gedung C lantai 4 zona Utara rusak bgt, gk bisa dipake, yg bisa bantu dmn?|APAR Dry Powder Stored Pressure mengalami kerusakan karena kualitas material yang kurang baik, sehingga perlu dilakukan perbaikan dengan mengganti komponen yang rusak|APAR Dry Powder Stored Pressure|Gedung C|Lantai 4|Zona Utara|Sistem Pemadam Kebakaran|Sedang|Kualitas material|Macet/tersumbat|1150000.0
Mohon bantuan untuk memperbaiki APAR Dry Powder Stored Pressure di Gedung C lantai 4 zona Utara karena mengalami kerusakan|APAR Dry Powder Stored Pressure mengalami kerusakan karena kualitas material yang kurang baik, sehingga perlu dilakukan perbaikan dengan mengganti komponen yang rusak dan biaya perbaikan sebesar Rp 1150000|APAR Dry Powder Stored Pressure|Gedung C|Lantai 4|Zona Utara|Sistem Pemadam Kebakaran|Sedang|Kualitas material|Macet/tersumbat|1150000.0
Lampu Esensial di Gedung A lantai 7 zona Utara rusak bgt, yg benerin gk cepat-cepat, dmn benerinnya, bau gosong terus, tolong dong cepat benerin|Laporan teknis: Lampu Esensial mengalami kerusakan akibat Tegangan tidak stabil, sehingga menyebabkan bunyi abnormal, tindakan perbaikan: mengganti komponen yang rusak dan memeriksa kembali sistem kelistrikan|Lampu Esensial|Gedung A|Lantai 7|Zona Utara|Electrical|Fatal|Tegangan tidak stabil|Bunyi abnormal|31990000.0
Mohon bantuan, Lampu Esensial di Gedung A lantai 7 zona Utara mengalami kerusakan yang sangat parah, terbakar dan bau gosong, mohon segera dikirimkan teknisi untuk memperbaiki|Laporan teknis: Lampu Esensial mengalami kerusakan akibat Tegangan tidak stabil, sehingga menyebabkan kerusakan parah, tindakan perbaikan: mengganti komponen yang rusak dan memeriksa kembali sistem kelistrikan, biaya perbaikan Rp 31990000|Lampu Esensial|Gedung A|Lantai 7|Zona Utara|Electrical|Fatal|Tegangan tidak stabil|Bunyi abnormal|31990000.0
Tolong dong Meter PDAM di Gedung Utama lantai 17 zona Tengah mati total bgt, gk tau dmn masalahnya, yg jelas remote gk berfungsi, tolong bantu!|Debu/kotoran menyebabkan kerusakan pada remote, dilakukan pembersihan dan penggantian komponen yang rusak|Meter PDAM|Gedung Utama|Lantai 17|Zona Tengah|Pencatatan Meter|Berat|Debu/kotoran|Remote tidak berfungsi|9910000.0
Mohon bantuan untuk memperbaiki Meter PDAM di Gedung Utama lantai 17 zona Tengah, remote tidak berfungsi, kami sangat membutuhkan bantuan Anda|Debu/kotoran menyebabkan kerusakan pada remote, dilakukan pembersihan dan penggantian komponen yang rusak dengan biaya perbaikan sebesar Rp 9910000|Meter PDAM|Gedung Utama|Lantai 17|Zona Tengah|Pencatatan Meter|Berat|Debu/kotoran|Remote tidak berfungsi|9910000.0
Tolong dong Dinding Kayu di Gedung A lantai 2 zona Tengah rusak nih, netes air terus bgt, gk tau dmn letak kerusakannya|Dinding Kayu mengalami kebocoran karena kurang perawatan, perlu dilakukan perbaikan dengan mengganti komponen yang rusak|Dinding Kayu|Gedung A|Lantai 2|Zona Tengah|Civil|Sedang|Kurang perawatan|Kebocoran|460000.0
Dengan hormat, saya laporkan bahwa Dinding Kayu di Gedung A lantai 2 zona Tengah mengalami kebocoran, sehingga perlu dilakukan perbaikan segera|Dinding Kayu mengalami kebocoran karena kurang perawatan, perlu dilakukan perbaikan dengan mengganti komponen yang rusak, biaya perbaikan sebesar Rp 460000|Dinding Kayu|Gedung A|Lantai 2|Zona Tengah|Civil|Sedang|Kurang perawatan|Kebocoran|460000.0
Halo, saya mau lapor, Lampu Downlight di Gedung A lantai 10 zona Tengah rusak bgt, yg benerin dmn ya?|Laporan teknisi: Perbaikan dilakukan dengan mengganti remote yang tidak berfungsi karena kualitas material, biaya perbaikan sebesar Rp 210000|Lampu Downlight|Gedung A|Lantai 10|Zona Tengah|Electrical|Ringan|Kualitas material|Remote tidak berfungsi|210000.0
Mohon bantuan, saya ingin melaporkan bahwa Lampu Downlight di Gedung A lantai 10 zona Tengah mengalami kerusakan pada remotenya, sehingga tidak dapat digunakan, mohon segera ditangani|Laporan teknisi: Perbaikan dilakukan dengan mengganti remote yang tidak berfungsi karena kualitas material yang tidak memadai, biaya perbaikan sebesar Rp 210000|Lampu Downlight|Gedung A|Lantai 10|Zona Tengah|Electrical|Ringan|Kualitas material|Remote tidak berfungsi|210000.0
Tolong dong Lampu TL di Gedung E lantai 6 zona Utara rusak nih, bgt, gk bisa nyala, yg bikin rusak ya dmn, tolong dong dibenerin|Perbaikan dilakukan dengan mengganti remote yang rusak akibat getaran, biaya perbaikan sebesar Rp 260000|Lampu TL|Gedung E|Lantai 6|Zona Utara|Electrical|Ringan|Getaran|Remote tidak berfungsi|260000.0
Mohon perhatian, Lampu TL di Gedung E lantai 6 zona Utara mengalami kerusakan, remote tidak berfungsi, tolong dibantu perbaikannya|Perbaikan dilakukan dengan mengganti remote yang rusak akibat getaran dan melakukan pengecekan ulang|Lampu TL|Gedung E|Lantai 6|Zona Utara|Electrical|Ringan|Getaran|Remote tidak berfungsi|260000.0
Tolong dong Plafon Gypsum / GRC di Gedung A lantai 2 zona Barat rusak bgt nih, gk tahu dmn letak kerusakannya, tp yg jelas ada bau gosong yg sangat mengganggu, tolong segera diperbaiki|Laporan teknisi: kerusakan disebabkan oleh Faktor lingkungan, perlu dilakukan perbaikan segera dengan mengganti komponen yang rusak, biaya perbaikan Rp 11260000|Plafon Gypsum / GRC|Gedung A|Lantai 2|Zona Barat|Arsitektur|Fatal|Faktor lingkungan|Aus/abrasi|11260000.0
Mohon perhatian, terdapat kerusakan pada Plafon Gypsum / GRC di Gedung A, lantai 2, zona Barat, yang disebabkan oleh Faktor lingkungan, sehingga menyebabkan kerusakan yang fatal, tolong segera dilakukan perbaikan|Laporan teknisi: perlu dilakukan perbaikan dengan mengganti komponen yang rusak, biaya perbaikan Rp 11260000|Plafon Gypsum / GRC|Gedung A|Lantai 2|Zona Barat|Arsitektur|Fatal|Faktor lingkungan|Aus/abrasi|11260000.0
Lantai Keramik di Gedung B lantai 1 zona Timur bgt rusak nih, gk tau apa penyebabnya, tolong dong diperbaiki yg cepat|Perbaikan dilakukan dengan mengganti material yang berkualitas rendah, biaya perbaikan sebesar Rp 610000|Lantai Keramik|Gedung B|Lantai 1|Zona Timur|Civil|Sedang|Kualitas material|Retak/pecah|610000.0
Mohon perhatian, terdapat kerusakan pada Lantai Keramik di Gedung B lantai 1 zona Timur|Tindakan perbaikan meliputi penggantian material yang tidak memenuhi standar, dengan biaya perbaikan yang wajar|Lantai Keramik|Gedung B|Lantai 1|Zona Timur|Civil|Sedang|Kualitas material|Retak/pecah|610000.0
Tolong dong Lampu LED di Gedung Servis lantai 2 zona Timur rusak nih, mati total bgt, gk tau dmn salahnya, tolong bantu yaa|Lampu LED mengalami overload, perlu dilakukan perbaikan pada sistem daya untuk menghindari kerusakan lebih lanjut, biaya perbaikan sebesar Rp 3730000|Lampu LED|Gedung Servis|Lantai 2|Zona Timur|Electrical|Berat|Overload|Remote tidak berfungsi|3730000.0
Mohon perhatian, Lampu LED di Gedung Servis lantai 2 zona Timur mengalami kerusakan berat, yaitu mati total, mohon dilakukan perbaikan segera|Lampu LED mengalami overload, perlu dilakukan perbaikan pada sistem daya untuk menghindari kerusakan lebih lanjut, biaya perbaikan sebesar Rp 3730000|Lampu LED|Gedung Servis|Lantai 2|Zona Timur|Electrical|Berat|Overload|Remote tidak berfungsi|3730000.0
Tolong dong Selang Hidrant di Gedung Utama lantai 9 zona Barat rusak nih, bgt kotor dan berdebu, gk bisa dipakai dmn lagi, yg penting cepat diperbaiki|Laporan teknisi: Selang Hidrant mengalami korosi, perlu dilakukan pembersihan dan perawatan untuk menghindari kerusakan lebih lanjut, biaya perbaikan sebesar Rp 290000|Selang Hidrant|Gedung Utama|Lantai 9|Zona Barat|Sistem Pemadam Kebakaran|Ringan|Korosi|Korsleting|290000.0
Lampu UV di Gedung A lantai 9 zona Utara rusak bgt, netes air terus, gk tau dmn letak kerusakannya, tolong dong diperbaiki yg, bgt!|Laporan teknisi: Perbaikan dilakukan dengan mengganti komponen yang rusak karena kualitas material, biaya perbaikan sebesar Rp 490000|Lampu UV|Gedung A|Lantai 9|Zona Utara|Electrical|Sedang|Kualitas material|Tampilan rusak|490000.0
Mohon perbaikan atas kerusakan Lampu UV di Gedung A lantai 9 zona Utara, terdapat gejala netes air, mohon diperiksa dan diperbaiki dengan segera|Laporan teknisi: Perbaikan dilakukan dengan mengganti komponen yang rusak karena kualitas material, dengan biaya perbaikan Rp 490000|Lampu UV|Gedung A|Lantai 9|Zona Utara|Electrical|Sedang|Kualitas material|Tampilan rusak|490000.0
Tolong dong LAN (Local Area Network) di Gedung B lantai 10 zona Timur rusak bgt, gk tau dmn yg salah, tolong bantu yah|Laporan teknisi: Kerusakan LAN (Local Area Network) di Gedung B lantai 10 zona Timur disebabkan oleh Getaran, dilakukan perbaikan dengan mengganti komponen yang rusak|LAN (Local Area Network)|Gedung B|Lantai 10|Zona Timur|Sistem Telekomunikasi Gedung|Berat|Getaran|Mati mendadak|4770000.0
Mohon bantu untuk memperbaiki LAN (Local Area Network) di Gedung B lantai 10 zona Timur yang mengalami kerusakan, tidak nyala sama sekali, tolong segera|Laporan teknisi: Kerusakan LAN (Local Area Network) di Gedung B lantai 10 zona Timur disebabkan oleh Getaran, dilakukan perbaikan dengan mengganti komponen yang rusak|LAN (Local Area Network)|Gedung B|Lantai 10|Zona Timur|Sistem Telekomunikasi Gedung|Berat|Getaran|Mati mendadak|4770000.0
Tolong dong Dinding Kaca Non Tempered di Gedung Servis lantai 3 zona Utara rusak nih, gk bisa dibuka bgt, tolong cepat ya yg bisa bantu!|Dinding Kaca Non Tempered mengalami kerusakan karena kualitas material yang tidak memadai, perlu dilakukan perbaikan dengan mengganti komponen yang rusak|Dinding Kaca Non Tempered|Gedung Servis|Lantai 3|Zona Utara|Civil|Ringan|Kualitas material|Macet/tersumbat|180000.0
Mohon bantu perbaiki Dinding Kaca Non Tempered di Gedung Servis lantai 3 zona Utara, kondisinya kusam dan macet, perlu dilakukan perawatan segera|Dinding Kaca Non Tempered mengalami kerusakan karena kualitas material yang tidak memadai, perlu dilakukan perbaikan dengan mengganti komponen yang rusak dan membersihkan area yang kotor|Dinding Kaca Non Tempered|Gedung Servis|Lantai 3|Zona Utara|Civil|Ringan|Kualitas material|Macet/tersumbat|180000.0
Tolong dong LVMDP di Gedung C lantai 7 zona Barat rusak bgt, mogok total, gk nyala sama sekali, bantu ygn dmn|Ditemukan kelembaban tinggi, dilakukan perbaikan dengan mengganti komponen yang rusak, biaya perbaikan sebesar Rp 8120000|LVMDP|Gedung C|Lantai 7|Zona Barat|Electrical|Berat|Kelembaban tinggi|Suhu tidak stabil|8120000.0
Mohon bantu perbaiki LVMDP di Gedung C lantai 7 zona Barat, kondisinya mati total, tidak nyala sama sekali|Dilakukan analisis dan perbaikan akibat kelembaban tinggi, ditemukan kerusakan pada komponen yang mempengaruhi suhu, biaya perbaikan Rp 8120000|LVMDP|Gedung C|Lantai 7|Zona Barat|Electrical|Berat|Kelembaban tinggi|Suhu tidak stabil|8120000.0
Tolong dong Lampu Downlight di Gedung A lantai 5 zona Tengah rusak nih, kedap-kedip bgt, gk tau knp, tolong bantu|Lampu Downlight mengalami korsleting akibat faktor lingkungan, perlu dilakukan perbaikan dan penggantian komponen|Lampu Downlight|Gedung A|Lantai 5|Zona Tengah|Electrical|Sedang|Faktor lingkungan|Korsleting|1310000.0
Mohon bantu perbaiki Lampu Downlight di Gedung A lantai 5 zona Tengah, kondisinya kedap-kedip, mohon dicek dan diperbaiki|Lampu Downlight mengalami kerusakan akibat faktor lingkungan, perlu dilakukan perbaikan dan penggantian komponen, biaya perbaikan sebesar Rp 1310000|Lampu Downlight|Gedung A|Lantai 5|Zona Tengah|Electrical|Sedang|Faktor lingkungan|Korsleting|1310000.0
Tolong dong Kloset di Gedung Utama lantai 2 zona Barat bgt rusak nih, nyetrum bgt, gk tahu dmn salahnya, tolong bantu yaa|Perbaikan dilakukan dengan memperbaiki tegangan tidak stabil dan mengganti komponen yang rusak, biaya perbaikan sebesar Rp 22430000|Kloset|Gedung Utama|Lantai 2|Zona Barat|Plumbing|Fatal|Tegangan tidak stabil|Getaran berlebihan|22430000.0
Kloset di Gedung Utama lantai 2 zona Barat mengalami kerusakan parah, terbakar, dan nyetrum, tolong bantu perbaikannya|Perbaikan dilakukan dengan memperbaiki tegangan tidak stabil, mengganti komponen yang rusak, dan melakukan pembersihan, biaya perbaikan sebesar Rp 22430000|Kloset|Gedung Utama|Lantai 2|Zona Barat|Plumbing|Fatal|Tegangan tidak stabil|Getaran berlebihan|22430000.0
Tolong dong Lemari/Loker di Gedung Servis lantai 2 zona Tengah rusak nih, gk tau dmn salahnya, bgt rusak bgt, yg penting dibenerin|Lemari/Loker mengalami kerusakan total akibat Human error, perlu dilakukan perbaikan ulang dan penggantian komponen yang rusak|Lemari/Loker|Gedung Servis|Lantai 2|Zona Tengah|Arsitektur|Berat|Human error|Tidak berfungsi total|5340000.0
Mohon perhatian, Lemari/Loker di Gedung Servis lantai 2 zona Tengah tidak berfungsi dengan baik, perlu dilakukan perbaikan segera|Lemari/Loker mengalami kerusakan total akibat Human error, perlu dilakukan perbaikan ulang dan penggantian komponen yang rusak, dengan biaya perbaikan yang telah ditentukan|Lemari/Loker|Gedung Servis|Lantai 2|Zona Tengah|Arsitektur|Berat|Human error|Tidak berfungsi total|5340000.0
Tolong dong Plafon di Gedung B lantai 10 zona Timur rusak bgt, gk bisa dipake, kayaknya meledak nih!|Kerusakan disebabkan kurang perawatan, perlu dilakukan pembersihan dan perbaikan|Plafon|Gedung B|Lantai 10|Zona Timur|Arsitektur|Fatal|Kurang perawatan|Macet/tersumbat|23490000.0
Mohon perhatian, Plafon di Gedung B lantai 10 zona Timur mengalami kerusakan fatal, terbakar, perlu segera diperbaiki|Kerusakan disebabkan kurang perawatan, perlu dilakukan perbaikan dan pembersihan, biaya perbaikan sebesar Rp 23490000|Plafon|Gedung B|Lantai 10|Zona Timur|Arsitektur|Fatal|Kurang perawatan|Macet/tersumbat|23490000.0
Hai, Smoke Detector di Gedung E lantai 5 zona Selatan bgt rusak nih, nyetrum gk tau dmn asalnya, tolong dong cepat|Laporan teknis: kerusakan disebabkan kualitas material yang buruk, perlu diganti dengan komponen yang baru dan melakukan pengetesan ulang untuk memastikan keamanan|Smoke Detector|Gedung E|Lantai 5|Zona Selatan|Sistem Proteksi Kebakaran Aktif|Fatal|Kualitas material|Korsleting|23370000.0
Mohon bantuan, Smoke Detector di Gedung E lantai 5 zona Selatan mengalami kerusakan yang sangat parah, terbakar dan nyetrum, mohon segera ditangani|Laporan teknis: kerusakan disebabkan oleh kualitas material yang buruk, perlu dilakukan penggantian komponen dan pengetesan ulang untuk memastikan keamanan, biaya perbaikan diperkirakan sebesar|Smoke Detector|Gedung E|Lantai 5|Zona Selatan|Sistem Proteksi Kebakaran Aktif|Fatal|Kualitas material|Korsleting|23370000.0
Lampu Neon Sign di Gedung C lantai 8 zona Utara mati total bgt, gk nyala sama sekali, tolong dong|Lampu Neon Sign mengalami kerusakan karena kurang perawatan, perlu dilakukan perbaikan dan penggantian komponen|Lampu Neon Sign|Gedung C|Lantai 8|Zona Utara|Electrical|Berat|Kurang perawatan|Bunyi abnormal|3860000.0
Mohon perhatian, Lampu Neon Sign di Gedung C lantai 8 zona Utara mengalami kerusakan, tidak nyala sama sekali|Lampu Neon Sign mengalami kerusakan karena kurang perawatan, perlu dilakukan perbaikan dan penggantian komponen dengan biaya Rp 3860000|Lampu Neon Sign|Gedung C|Lantai 8|Zona Utara|Electrical|Berat|Kurang perawatan|Bunyi abnormal|3860000.0
Tolong dong Kamera CCTV di Gedung Parkir lantai 5 zona Timur rusak bgt, gk tau dmn letak kerusakannya, tp yg jelas kamera itu meledak dan bau gosong bgt, tolong cepat bgt, gk enak kalo gk ada kamera|Laporan teknisi: Kamera CCTV mengalami kerusakan parah akibat Tegangan tidak stabil, dilakukan perbaikan dengan mengganti komponen yang rusak dan memperbaiki sistem kelistrikan, biaya perbaikan sebesar Rp 22490000|Kamera CCTV|Gedung Parkir|Lantai 5|Zona Timur|Security Sistem|Fatal|Tegangan tidak stabil|Retak/pecah|22490000.0
Kamera CCTV di Gedung Parkir lantai 5 zona Timur mengalami kerusakan fatal, yaitu meledak dan terbakar, sehingga tidak dapat berfungsi dengan baik, mohon dilakukan perbaikan secepatnya|Laporan teknisi: Kamera CCTV mengalami kerusakan parah akibat Tegangan tidak stabil, dilakukan perbaikan dengan mengganti komponen yang rusak dan memperbaiki sistem kelistrikan|Kamera CCTV|Gedung Parkir|Lantai 5|Zona Timur|Security Sistem|Fatal|Tegangan tidak stabil|Retak/pecah|22490000.0
Tolong dong Monitor/Layar di Gedung B lantai 6 zona Timur rusak nih, bunyi pelan bgt, gk tau dmn letak kerusakannya, tp yg jelas kotor banget|Perbaikan dilakukan dengan membersihkan dan mengganti komponen yang terkena Korosi, serta pengecekan ulang untuk memastikan tidak ada getaran berlebihan|Monitor/Layar|Gedung B|Lantai 6|Zona Timur|Sistem Telekomunikasi Gedung|Ringan|Korosi|Getaran berlebihan|470000.0
Mohon bantuan untuk perbaikan Monitor/Layar di Gedung B lantai 6 zona Timur, karena mengalami getaran berlebihan dan bunyi pelan, mungkin disebabkan oleh Korosi|Perbaikan dilakukan dengan mengganti komponen yang rusak dan membersihkan area yang terkena Korosi, biaya perbaikan sebesar Rp 470000|Monitor/Layar|Gedung B|Lantai 6|Zona Timur|Sistem Telekomunikasi Gedung|Ringan|Korosi|Getaran berlebihan|470000.0
Gw butuh bantuan, LAN (Local Area Network) di Gedung D lantai 10 zona Timur rusak bgt, bunyi abnormal terus, gk tau dmn letak kerusakannya, tolong dong dibenerin yg cepet|Teknisi melakukan pengecekan dan perbaikan, menemukan bahwa tegangan tidak stabil sehingga menyebabkan bunyi abnormal, dilakukan penyetelan ulang dan penggantian komponen yang rusak|LAN (Local Area Network)|Gedung D|Lantai 10|Zona Timur|Sistem Telekomunikasi Gedung|Sedang|Tegangan tidak stabil|Bunyi abnormal|1070000.0
Mohon perhatian, kami mengalami kendala dengan LAN (Local Area Network) di Gedung D lantai 10 zona Timur, karena adanya bunyi abnormal yang mengganggu, mohon dibantu untuk perbaikan|Teknisi melakukan pengecekan dan perbaikan, menemukan bahwa tegangan tidak stabil menyebabkan bunyi abnormal, dilakukan penyetelan ulang dan penggantian komponen yang rusak dengan biaya perbaikan sebesar Rp 1070000|LAN (Local Area Network)|Gedung D|Lantai 10|Zona Timur|Sistem Telekomunikasi Gedung|Sedang|Tegangan tidak stabil|Bunyi abnormal|1070000.0
Tolong dong Lift Penumpang di Gedung D lantai 8 zona Timur rusak nih, gk bisa jalan sama sekali, bgt mogok, harap segera diperbaiki|Human error menyebabkan kerusakan, perlu dilakukan pengecekan dan perbaikan sistem|Lift Penumpang|Gedung D|Lantai 8|Zona Timur|Sistem Transportasi Gedung|Berat|Human error|Suhu tidak stabil|750000.0
Mohon periksa Lift Penumpang di Gedung D, lantai 8, zona Timur, karena mengalami kerusakan berat, tidak dapat beroperasi|Kerusakan disebabkan human error, dilakukan perbaikan sistem dan pengecekan untuk menghindari kerusakan berulang|Lift Penumpang|Gedung D|Lantai 8|Zona Timur|Sistem Transportasi Gedung|Berat|Human error|Suhu tidak stabil|750000.0
Tolong dong Automatic Transfer Switch (ATS Panel) di Gedung B lantai 10 zona Tengah rusak nih, bgt kotor dan kusam, gk tau penyebabnya, tolong diperbaiki yg cepat ya|Korosi pada komponen ATS Panel menyebabkan tampilan rusak, perlu dilakukan pembersihan dan penggantian komponen yang rusak|Automatic Transfer Switch (ATS Panel)|Gedung B|Lantai 10|Zona Tengah|Electrical|Ringan|Korosi|Tampilan rusak|240000.0
Mohon bantuan untuk memperbaiki Automatic Transfer Switch (ATS Panel) di Gedung B lantai 10 zona Tengah, karena terdapat kerusakan pada tampilan yang disebabkan oleh korosi, sehingga perlu dilakukan perbaikan untuk mengembalikan fungsinya|Korosi pada komponen ATS Panel menyebabkan tampilan rusak, perlu dilakukan pembersihan dan penggantian komponen yang rusak dengan biaya perbaikan sebesar|Automatic Transfer Switch (ATS Panel)|Gedung B|Lantai 10|Zona Tengah|Electrical|Ringan|Korosi|Tampilan rusak|240000.0
Tolong dong Hydrant Box di Gedung Servis lantai 3 zona Barat rusak nih, gk tau dmn salahnya, bgt berisik banget, netes air terus|Ditemukan kerusakan pada Hydrant Box akibat aus normal, dilakukan perbaikan dengan mengganti komponen yang rusak|Hydrant Box|Gedung Servis|Lantai 3|Zona Barat|Sistem Pemadam Kebakaran|Sedang|Aus normal|Aus/abrasi|770000.0
Mohon periksa Hydrant Box di Gedung Servis lantai 3 zona Barat, karena mengalami kerusakan, yaitu netes air dan berisik banget|Diperlukan perbaikan pada Hydrant Box akibat aus normal, dengan mengganti komponen yang rusak, biaya perbaikan sebesar Rp 770000|Hydrant Box|Gedung Servis|Lantai 3|Zona Barat|Sistem Pemadam Kebakaran|Sedang|Aus normal|Aus/abrasi|770000.0
Tolong dong Plafon Gypsum / GRC di Gedung E lantai 5 zona Timur rusak nih, gk tau knp tiba2 mati gitu bgt, yg penting dibenerin dmn|Perbaikan dilakukan dengan membersihkan debu/kotoran yang menyumbat, kemudian dilakukan pengecekan ulang untuk memastikan kerusakan tidak terjadi lagi|Plafon Gypsum / GRC|Gedung E|Lantai 5|Zona Timur|Arsitektur|Sedang|Debu/kotoran|Mati mendadak|1070000.0
Mohon bantuan untuk memperbaiki Plafon Gypsum / GRC di Gedung E lantai 5 zona Timur, karena mengalami kerusakan mati mendadak|Tindakan perbaikan meliputi pembersihan debu/kotoran dan pengecekan ulang untuk memastikan kerusakan tidak terjadi lagi, biaya perbaikan sebesar Rp 1070000|Plafon Gypsum / GRC|Gedung E|Lantai 5|Zona Timur|Arsitektur|Sedang|Debu/kotoran|Mati mendadak|1070000.0
Tolong dong AC Split di Gedung Utama lantai 16 zona Selatan rusak bgt, netes air terus, gk tau dmn letak kerusakannya, tolong bantu yg, dmn ada teknisi nya?|Getaran pada komponen AC Split menyebabkan korsleting, perbaikan dilakukan dengan mengganti komponen yang rusak dan menjalankan tes untuk memastikan AC Split berfungsi dengan baik, biaya perbaikan sebesar Rp 1040000|AC Split|Gedung Utama|Lantai 16|Zona Selatan|Mechanical|Sedang|Getaran|Korsleting|1040000.0
Mohon bantuan untuk memperbaiki AC Split di Gedung Utama lantai 16 zona Selatan, karena mengalami kerusakan berupa netes air terus, sehingga mengganggu aktifitas, terima kasih|Getaran pada komponen AC Split menyebabkan korsleting, perbaikan dilakukan dengan mengganti komponen yang rusak dan menjalankan tes untuk memastikan AC Split berfungsi dengan baik|AC Split|Gedung Utama|Lantai 16|Zona Selatan|Mechanical|Sedang|Getaran|Korsleting|1040000.0
Gue butuh bantuan dmn, Lantai Keramik di Gedung Parkir lantai 3 zona Selatan bgt rusak parah bgt, kayaknya terbakar atau apa gitu, gk tau deh, tolong dong segera|Lantai Keramik mengalami kerusakan parah akibat Faktor lingkungan, perlu dilakukan perbaikan segera dengan mengganti komponen yang rusak|Lantai Keramik|Gedung Parkir|Lantai 3|Zona Selatan|Civil|Fatal|Faktor lingkungan|Aus/abrasi|29140000.0
Mohon bantuan, Lantai Keramik di Gedung Parkir lantai 3 zona Selatan mengalami kerusakan yang sangat parah, seperti terbakar, mohon segera ditangani oleh tim teknisi|Laporan teknisi: Kerusakan Lantai Keramik disebabkan oleh Faktor lingkungan, perlu dilakukan perbaikan dengan mengganti komponen yang rusak, biaya perbaikan diperkirakan sebesar Rp 29140000|Lantai Keramik|Gedung Parkir|Lantai 3|Zona Selatan|Civil|Fatal|Faktor lingkungan|Aus/abrasi|29140000.0
Tolong dong Monitor/Layar di Gedung D lantai 3 zona Selatan nyetrum bgt, gk tau dmn letak masalahnya, tp yg jelas rusak parah banget!|Laporan teknisi: Human error menyebabkan tekanan tidak stabil, dilakukan perbaikan dengan mengganti komponen yang rusak|Monitor/Layar|Gedung D|Lantai 3|Zona Selatan|Sistem Telekomunikasi Gedung|Fatal|Human error|Tekanan tidak stabil|48160000.0
Mohon bantuan, Monitor/Layar di Gedung D lantai 3 zona Selatan mengalami kerusakan fatal akibat human error, sehingga menyebabkan tekanan tidak stabil dan tidak dapat digunakan|Laporan teknisi: Human error menyebabkan tekanan tidak stabil, dilakukan perbaikan dengan mengganti komponen yang rusak dan pengecekan rutin, biaya perbaikan sebesar Rp 48160000|Monitor/Layar|Gedung D|Lantai 3|Zona Selatan|Sistem Telekomunikasi Gedung|Fatal|Human error|Tekanan tidak stabil|48160000.0
Tolong dong Amplifier di Gedung Utama lantai 16 zona Barat rusak nih, bunyi pelan bgt, gk tau dmn letak masalahnya, tolong bantu ya|Kerusakan akibat kurang perawatan, dilakukan pembersihan dan pengecekan komponen, biaya perbaikan sebesar Rp 50000|Amplifier|Gedung Utama|Lantai 16|Zona Barat|Sistem Telekomunikasi Gedung|Ringan|Kurang perawatan|Overheat|50000.0
Amplifier di Gedung Utama lantai 16 zona Barat mengalami kerusakan, gejalanya adalah bunyi pelan, mohon untuk segera diperbaiki|Kerusakan akibat kurang perawatan, dilakukan pembersihan dan pengecekan komponen, biaya perbaikan sebesar Rp 50000|Amplifier|Gedung Utama|Lantai 16|Zona Barat|Sistem Telekomunikasi Gedung|Ringan|Kurang perawatan|Overheat|50000.0
Tolong dong Plafon di Gedung Utama lantai 13 zona Timur rusak nih, bgt berisik banget dan netes air, gk tahu dmn letak kerusakannya, tolong bantu perbaiki|Kerusakan pada Plafon disebabkan oleh Kurang perawatan, perlu dilakukan pembersihan dan penggantian komponen yang rusak|Plafon|Gedung Utama|Lantai 13|Zona Timur|Arsitektur|Sedang|Kurang perawatan|Tekanan tidak stabil|860000.0
Tolong dong Pintu Kaca Hidrolik di Gedung A lantai 11 zona Timur rusak bgt, terdengar bunyi abnormal yg gk biasa dmn biasanya normal, tolong bantu segera!|Pintu Kaca Hidrolik mengalami kerusakan akibat Overload, perlu dilakukan perbaikan dengan mengganti komponen yang rusak|Pintu Kaca Hidrolik|Gedung A|Lantai 11|Zona Timur|Arsitektur|Fatal|Overload|Bunyi abnormal|29260000.0
Mohon bantuan untuk perbaikan Pintu Kaca Hidrolik di Gedung A lantai 11 zona Timur, karena terdengar bunyi abnormal dan tidak berfungsi dengan normal, kami khawatir akan terjadi kecelakaan|Pintu Kaca Hidrolik mengalami kerusakan akibat Overload, perlu dilakukan perbaikan dengan mengganti komponen yang rusak dan melakukan pengecekan rutin|Pintu Kaca Hidrolik|Gedung A|Lantai 11|Zona Timur|Arsitektur|Fatal|Overload|Bunyi abnormal|29260000.0
Tolong dong Jet Shower di Gedung A lantai 11 zona Timur rusak nih, mungkin yg bgt kotor atau berdebu gk tau dmn letak masalahnya|Overload pada sistem plumbing menyebabkan koneksi terputus, perlu dilakukan pembersihan dan pengecekan ulang|Jet Shower|Gedung A|Lantai 11|Zona Timur|Plumbing|Ringan|Overload|Koneksi terputus|350000.0
Jet Shower di Gedung A, lantai 11, zona Timur, mengalami kerusakan, mungkin disebabkan oleh kotoran atau debu, tolong ditangani|Kerusakan disebabkan oleh overload, dilakukan perbaikan dengan mengganti komponen yang rusak dan membersihkan sistem, dengan biaya perbaikan Rp 350000|Jet Shower|Gedung A|Lantai 11|Zona Timur|Plumbing|Ringan|Overload|Koneksi terputus|350000.0
Lift Table di Gedung D lantai 8 zona Selatan rusak nih, bunyi pelan bgt, gk tau dmn salahnya, tolong dong dibenerin yg, Lift Table Generic|Perbaikan dilakukan dengan memeriksa dan mengganti komponen yang rusak akibat faktor lingkungan, kemudian dilakukan kalibrasi ulang untuk memastikan tekanan stabil|Lift Table|Gedung D|Lantai 8|Zona Selatan|Sistem Transportasi Gedung|Ringan|Faktor lingkungan|Tekanan tidak stabil|4600000.0
Mohon bantuan untuk perbaikan Lift Table di Gedung D lantai 8 zona Selatan, karena mengalami tekanan tidak stabil dan bunyi pelan, mohon dilakukan perbaikan secepatnya|Perbaikan dilakukan dengan memeriksa dan mengganti komponen yang rusak akibat faktor lingkungan, kemudian dilakukan kalibrasi ulang untuk memastikan tekanan stabil dengan biaya perbaikan Rp 4600000|Lift Table|Gedung D|Lantai 8|Zona Selatan|Sistem Transportasi Gedung|Ringan|Faktor lingkungan|Tekanan tidak stabil|4600000.0
Tolong dong AC Split di Gedung D lantai 4 zona Barat rusak bgt, bahkan meledak gk tau dmn asalnya, tolong bantu yg, bgt|Laporan teknis: Overload pada sistem pendingin, dilakukan perbaikan dan penggantian komponen yang rusak|AC Split|Gedung D|Lantai 4|Zona Barat|Mechanical|Fatal|Overload|Bunyi abnormal|6140000.0
Mohon bantuan untuk memperbaiki AC Split di Gedung D lantai 4 zona Barat, karena terjadi kebocoran yang menyebabkan bunyi abnormal dan berakhir dengan meledak, mohon segera ditangani|Laporan teknis: Overload pada sistem pendingin, dilakukan perbaikan dan penggantian komponen yang rusak dengan biaya perbaikan sebesar Rp 6140000|AC Split|Gedung D|Lantai 4|Zona Barat|Mechanical|Fatal|Overload|Bunyi abnormal|6140000.0
Tolong dong Lampu LED Downlight di Gedung D lantai 5 zona Timur rusak bgt, gk nyala sama sekali, yg bisa bantu?|Lampu LED Downlight mengalami kerusakan akibat kelembaban tinggi, sehingga menyebabkan retak/pecah, perlu dilakukan penggantian komponen|Lampu LED Downlight|Gedung D|Lantai 5|Zona Timur|Electrical|Berat|Kelembaban tinggi|Retak/pecah|2640000.0
Lampu LED Downlight di Gedung D lantai 5 zona Timur tidak berfungsi dengan baik, kemungkinan disebabkan oleh kelembaban tinggi, sehingga perlu dilakukan perbaikan|Lampu LED Downlight mengalami kerusakan akibat kelembaban tinggi, sehingga menyebabkan retak/pecah, perlu dilakukan penggantian komponen dengan biaya Rp 2640000|Lampu LED Downlight|Gedung D|Lantai 5|Zona Timur|Electrical|Berat|Kelembaban tinggi|Retak/pecah|2640000.0
Tolong dong PABX di Gedung A lantai 4 zona Barat rusak nih, bgt, kedap-kedip terus, gk tau dmn letak kerusakannya, tolong bantu yaaa|Teknisi menemukan kerusakan pada PABX di Gedung A lantai 4 zona Barat, penyebabnya adalah Aus normal, sehingga perlu dilakukan perbaikan pada komponen yang rusak|PABX|Gedung A|Lantai 4|Zona Barat|Sistem Telekomunikasi Gedung|Sedang|Aus normal|Lampu mati|2190000.0
Mohon bantuan untuk memperbaiki PABX yang terletak di Gedung A lantai 4 zona Barat, karena PABX tersebut mengalami kerusakan berupa lampu yang mati, sehingga tidak dapat digunakan|Teknisi melakukan analisis dan menemukan bahwa kerusakan pada PABX disebabkan oleh Aus normal, sehingga dilakukan perbaikan pada komponen yang rusak dengan biaya perbaikan sebesar 2190000|PABX|Gedung A|Lantai 4|Zona Barat|Sistem Telekomunikasi Gedung|Sedang|Aus normal|Lampu mati|2190000.0
Tolong dong Lampu LED Bulb di Gedung E lantai 2 zona Barat tiba-tiba meledak bgt, gk tau knp, yg penting diperbaiki secepatnya|Laporan teknisi: Kerusakan disebabkan oleh Kualitas material yang buruk, perlu dilakukan penggantian komponen dan pengecekan ulang, biaya perbaikan sebesar Rp 25990000|Lampu LED Bulb|Gedung E|Lantai 2|Zona Barat|Electrical|Fatal|Kualitas material|Tekanan tidak stabil|25990000.0
Mohon perbaikan Lampu LED Bulb di Gedung E lantai 2 zona Barat, karena tiba-tiba terbakar dan tidak dapat digunakan, mohon dicek segera|Laporan teknisi: Kerusakan disebabkan oleh Kualitas material yang buruk, perlu dilakukan penggantian komponen dan pengecekan ulang|Lampu LED Bulb|Gedung E|Lantai 2|Zona Barat|Electrical|Fatal|Kualitas material|Tekanan tidak stabil|25990000.0
Tolong dong AC Cassette di Gedung D lantai 10 zona Timur rusak nih, bunyi pelan bgt, gk tau dmn letak masalahnya, yg jelas kusam banget, tolong bantu perbaiki ya|Laporan teknisi: AC Cassette mengalami penurunan performa karena faktor lingkungan, perlu dibersihkan dan diperiksa secara menyeluruh, biaya perbaikan sebesar Rp 260000|AC Cassette|Gedung D|Lantai 10|Zona Timur|Mechanical|Ringan|Faktor lingkungan|Performa menurun|260000.0
Mohon bantuan untuk memperbaiki AC Cassette yang terletak di Gedung D, lantai 10, zona Timur, karena mengalami penurunan performa dan bunyi pelan, saya tidak mengetahui penyebab pastinya|Laporan teknisi: AC Cassette mengalami penurunan performa karena faktor lingkungan, perlu dibersihkan dan diperiksa secara menyeluruh, biaya perbaikan sebesar Rp 260000|AC Cassette|Gedung D|Lantai 10|Zona Timur|Mechanical|Ringan|Faktor lingkungan|Performa menurun|260000.0
Tolong dong AC Split di Gedung Parkir lantai 2 zona Barat rusak bgt, berisik banget, yg bikin gk nyaman dmn kita kerja!|AC Split mengalami overload, dilakukan perbaikan dengan mengganti komponen yang rusak dan pengecekan ulang sistem|AC Split|Gedung Parkir|Lantai 2|Zona Barat|Mechanical|Sedang|Overload|Bunyi abnormal|1510000.0
Mohon perhatian, terdapat kendala pada AC Split yang terletak di Gedung Parkir lantai 2 zona Barat, menimbulkan bunyi abnormal yang mengganggu|Dilakukan analisis dan perbaikan pada AC Split yang mengalami overload, biaya perbaikan sebesar Rp 1510000|AC Split|Gedung Parkir|Lantai 2|Zona Barat|Mechanical|Sedang|Overload|Bunyi abnormal|1510000.0
Gedung Servis lantai 3 zona Utara AHU-nya mati total bgt, gk tau dmn letak masalahnya, tolong dong bantu perbaiki ya!|Ditemukan masalah tekanan tidak stabil pada AHU di Gedung Servis lantai 3 zona Utara, kemungkinan disebabkan oleh Debu/kotoran, dilakukan pembersihan dan perawatan untuk mengembalikan tekanan stabil, biaya perbaikan sebesar 4710000|AHU|Gedung Servis|Lantai 3|Zona Utara|Mechanical|Berat|Debu/kotoran|Tekanan tidak stabil|4710000.0
Mohon bantuan untuk memperbaiki AHU di Gedung Servis lantai 3 zona Utara, karena AHU tersebut mengalami mogok dan tidak berfungsi dengan baik, terima kasih.|Setelah dilakukan pemeriksaan, ditemukan bahwa kerusakan pada AHU disebabkan oleh Debu/kotoran yang menyumbat sistem, sehingga menyebabkan tekanan tidak stabil, dilakukan perawatan dan pembersihan untuk mengembalikan fungsi AHU, dengan biaya perbaikan sebesar 4710000|AHU|Gedung Servis|Lantai 3|Zona Utara|Mechanical|Berat|Debu/kotoran|Tekanan tidak stabil|4710000.0
Tolong dong Dinding Partisi, GRC / Gypsum di Gedung Servis lantai 1 zona Utara rusak nih, netes air terus bgt, gk tau dmn letak kerusakannya, tolong bantu perbaiki ya|Dinding Partisi, GRC / Gypsum mengalami kerusakan akibat Aus normal, dilakukan perbaikan dengan mengganti komponen yang rusak|Dinding Partisi, GRC / Gypsum|Gedung Servis|Lantai 1|Zona Utara|Civil|Sedang|Aus normal|Overheat|850000.0
Mohon perhatian, Dinding Partisi, GRC / Gypsum di Gedung Servis lantai 1 zona Utara mengalami kerusakan yang menyebabkan netes air, mohon dilakukan perbaikan secepatnya|Dinding Partisi, GRC / Gypsum mengalami kerusakan akibat Aus normal, dilakukan perbaikan dengan mengganti komponen yang rusak, biaya perbaikan sebesar Rp 850000|Dinding Partisi, GRC / Gypsum|Gedung Servis|Lantai 1|Zona Utara|Civil|Sedang|Aus normal|Overheat|850000.0
Lampu Downlight di Gedung B lantai 10 zona Barat rusak nih, bgt berisik banget, yg bikin gk nyaman, tolong dong diperbaiki secepatnya!|Lampu Downlight mengalami korsleting akibat getaran, perlu dilakukan perbaikan dengan mengganti komponen yang rusak|Lampu Downlight|Gedung B|Lantai 10|Zona Barat|Electrical|Sedang|Getaran|Korsleting|450000.0
Mohon perbaikan atas Lampu Downlight di Gedung B lantai 10 zona Barat, karena mengalami gangguan berisik yang mengganggu aktivitas, terima kasih|Lampu Downlight mengalami korsleting akibat getaran, perlu dilakukan perbaikan dengan mengganti komponen yang rusak dan memastikan keamanan|Lampu Downlight|Gedung B|Lantai 10|Zona Barat|Electrical|Sedang|Getaran|Korsleting|450000.0
Tolong dong LVMDP di Gedung Parkir lantai 3 zona Tengah rusak nih, kedap-kedip terus bgt, gk tahu dmn masalahnya, tolong bantu ya!|Tegangan tidak stabil menyebabkan kerusakan, perbaikan dilakukan dengan mengganti komponen yang rusak dan menstabilkan tegangan|LVMDP|Gedung Parkir|Lantai 3|Zona Tengah|Electrical|Sedang|Tegangan tidak stabil|Retak/pecah|550000.0
Mohon bantuan untuk LVMDP di Gedung Parkir lantai 3 zona Tengah yang mengalami kerusakan, gejalanya adalah kedap-kedip dan berisik, tolong dicek dan diperbaiki secepatnya|Tegangan tidak stabil menyebabkan kerusakan, perbaikan dilakukan dengan mengganti komponen yang rusak dan menstabilkan tegangan, biaya perbaikan sebesar Rp 550000|LVMDP|Gedung Parkir|Lantai 3|Zona Tengah|Electrical|Sedang|Tegangan tidak stabil|Retak/pecah|550000.0
Tolong dong Lampu TL LED di Gedung A lantai 9 zona Timur rusak nih, bgt kotor dan kusam, gk tahu dmn masalahnya, yg penting dibenerin|Lampu TL LED mengalami tekanan tidak stabil karena kurang perawatan, perlu dilakukan pembersihan dan pengecekan komponen, biaya perbaikan sebesar Rp 290000|Lampu TL LED|Gedung A|Lantai 9|Zona Timur|Electrical|Ringan|Kurang perawatan|Tekanan tidak stabil|290000.0
Mohon perhatian, terdapat kerusakan pada Lampu TL LED di Gedung A lantai 9 zona Timur, kondisinya kusam dan berdebu, mohon segera dilakukan perbaikan|Lampu TL LED mengalami tekanan tidak stabil karena kurang perawatan, perlu dilakukan pembersihan dan pengecekan komponen, biaya perbaikan sebesar Rp 290000|Lampu TL LED|Gedung A|Lantai 9|Zona Timur|Electrical|Ringan|Kurang perawatan|Tekanan tidak stabil|290000.0
Tolong dong Jockey Pump di Gedung Utama lantai 18 zona Utara rusak nih, gk tau dmn letak masalahnya, bgt, yg jelas bunyi pelan banget|Diperlukan perbaikan karena getaran berlebihan, dilakukan penyetelan ulang dan pembersihan|Jockey Pump|Gedung Utama|Lantai 18|Zona Utara|Sistem Pemadam Kebakaran|Ringan|Getaran|Getaran berlebihan|50000.0
Mohon periksa Jockey Pump di Gedung Utama lantai 18 zona Utara, karena mengalami getaran yang berlebihan menyebabkan bunyi pelan|Diperlukan perbaikan karena getaran berlebihan, dilakukan penyetelan ulang dan pembersihan dengan biaya perbaikan sebesar Rp 50000|Jockey Pump|Gedung Utama|Lantai 18|Zona Utara|Sistem Pemadam Kebakaran|Ringan|Getaran|Getaran berlebihan|50000.0
Gedung D lantai 3 zona Utara, Dinding Tembok/Mansonry-nya bocor deras bgt, tolong dong, gk tahu dmn masalahnya|Dinding Tembok/Mansonry mengalami kerusakan akibat Aus normal, perlu dilakukan perbaikan dengan mengganti komponen yang rusak|Dinding Tembok/Mansonry|Gedung D|Lantai 3|Zona Utara|Civil|Fatal|Aus normal|Bunyi abnormal|4290000.0
Dengan hormat, saya melaporkan kerusakan Dinding Tembok/Mansonry di Gedung D lantai 3 zona Utara, kondisinya sangat parah, terdengar bunyi ledakan, mohon segera ditangani|Dinding Tembok/Mansonry mengalami kerusakan akibat Aus normal, perlu dilakukan perbaikan segera dengan mengganti komponen yang rusak, biaya perbaikan diperkirakan Rp 4290000|Dinding Tembok/Mansonry|Gedung D|Lantai 3|Zona Utara|Civil|Fatal|Aus normal|Bunyi abnormal|4290000.0
Tolong dong Pompa Boster di Gedung Utama lantai 16 zona Selatan meledak bgt, gk tau dmn masalahnya, tp bocor deras bgt, tolong cepat bgt|Pompa Boster Grundfos mengalami overload, perlu pengecekan dan perbaikan segera untuk menghindari kerusakan lebih lanjut|Pompa Boster|Gedung Utama|Lantai 16|Zona Selatan|Mechanical|Fatal|Overload|Tekanan tidak stabil|50000.0
Mohon bantuan, Pompa Boster di Gedung Utama lantai 16 zona Selatan mengalami kerusakan fatal, nyetrum dan bau gosong, mohon segera ditangani|Pompa Boster Grundfos mengalami overload, perlu dilakukan perbaikan dan penggantian komponen yang rusak, biaya perbaikan sebesar Rp 50000|Pompa Boster|Gedung Utama|Lantai 16|Zona Selatan|Mechanical|Fatal|Overload|Tekanan tidak stabil|50000.0
Gedung C lantai 4 zona Timur NVR IP Dahua rusak bgt, yg bikin gk bisa kerja dmn ada solusinya?|Overload pada sistem, dilakukan perbaikan dan penggantian komponen yang rusak serta pengecekan ulang untuk memastikan sistem berfungsi dengan baik, biaya perbaikan sebesar Rp 430000|NVR IP|Gedung C|Lantai 4|Zona Timur|Security Sistem|Sedang|Overload|Mati mendadak|430000.0
Mohon bantu perbaiki NVR IP di Gedung C lantai 4 zona Timur, karena terjadi kerusakan yang mengakibatkan mati mendadak, mohon segera ditangani.|Overload pada sistem, dilakukan perbaikan dan penggantian komponen yang rusak serta pengecekan ulang untuk memastikan sistem berfungsi dengan baik, biaya perbaikan sebesar Rp 430000|NVR IP|Gedung C|Lantai 4|Zona Timur|Security Sistem|Sedang|Overload|Mati mendadak|430000.0
Gue butuh bantuan, kamera CCTV di Gedung C lantai 5 zona Tengah rusak bgt, gk tahu dmn letak masalahnya, tp yg jelas kamera itu meledak pas kemarin, bgt|Getaran menyebabkan kerusakan, perlu dilakukan pembersihan dan penggantian komponen yang rusak|Kamera CCTV|Gedung C|Lantai 5|Zona Tengah|Security Sistem|Fatal|Getaran|Aliran lemah|41950000.0
Mohon bantuan untuk memperbaiki kamera CCTV yang terletak di Gedung C lantai 5 zona Tengah, karena kamera tersebut mengalami kerusakan yang cukup parah, yaitu meledak, sehingga memerlukan perhatian segera|Getaran menyebabkan kerusakan, perlu dilakukan pembersihan dan penggantian komponen yang rusak, dengan biaya perbaikan sebesar|Kamera CCTV|Gedung C|Lantai 5|Zona Tengah|Security Sistem|Fatal|Getaran|Aliran lemah|41950000.0
Tolong dong Jet Pump di Gedung E lantai 5 zona Tengah rusak nih, bgt, gk tau dmn salahnya, tapi yg jelas Jet Pumpnya mogok total!|Debu/kotoran menyebabkan kerusakan, dilakukan pembersihan dan penggantian komponen yang rusak|Jet Pump|Gedung E|Lantai 5|Zona Tengah|Distribusi Air|Berat|Debu/kotoran|Aus/abrasi|4870000.0
Mohon bantuan untuk memperbaiki Jet Pump di Gedung E lantai 5 zona Tengah, karena sudah tidak berfungsi dengan baik|Perbaikan dilakukan dengan membersihkan Debu/kotoran dan mengganti komponen yang rusak, biaya perbaikan sebesar Rp 4870000|Jet Pump|Gedung E|Lantai 5|Zona Tengah|Distribusi Air|Berat|Debu/kotoran|Aus/abrasi|4870000.0
Tolong dong Kamera CCTV di Gedung Utama lantai 3 zona Barat rusak bgt, gk tau dmn letak masalahnya, tp yg jelas kamera ini mati total, bgt|Diperlukan perbaikan karena Faktor lingkungan yang menyebabkan aus/abrasi, perlu dilakukan penggantian komponen|Kamera CCTV|Gedung Utama|Lantai 3|Zona Barat|Security Sistem|Berat|Faktor lingkungan|Aus/abrasi|8260000.0
Mohon bantuan untuk memperbaiki Kamera CCTV yang terletak di Gedung Utama lantai 3 zona Barat, karena kamera tersebut tidak nyala sama sekali, kemungkinan disebabkan oleh Faktor lingkungan|Diperlukan tindakan perbaikan untuk mengatasi masalah aus/abrasi yang disebabkan oleh Faktor lingkungan, dengan biaya perbaikan sebesar Rp 8260000|Kamera CCTV|Gedung Utama|Lantai 3|Zona Barat|Security Sistem|Berat|Faktor lingkungan|Aus/abrasi|8260000.0
Tolong dong AC Split di Gedung A lantai 8 zona Selatan bgt rusak parah bgt, udah gk bisa nyala lagi, kayaknya meledak gitu!|_human error, perlu penggantian komponen|AC Split|Gedung A|Lantai 8|Zona Selatan|Mechanical|Fatal|Human error|Performa menurun|15140000.0
Mohon bantuannya, saya ingin melaporkan bahwa AC Split di Gedung A lantai 8 zona Selatan mengalami kerusakan fatal, yaitu terbakar, sehingga perlu dilakukan perbaikan segera|Human error, perlu perbaikan dan penggantian komponen|AC Split|Gedung A|Lantai 8|Zona Selatan|Mechanical|Fatal|Human error|Performa menurun|15140000.0
Tolong dong FCU di Gedung C lantai 6 zona Selatan rusak bgt, yg benerin gk ada dmn-mnm, tolong cepat bgt!|FCU mengalami overload, dilakukan perbaikan dan penggantian komponen yang rusak|FCU|Gedung C|Lantai 6|Zona Selatan|Mechanical|Berat|Overload|Suhu tidak stabil|2390000.0
Mohon bantuan untuk memperbaiki FCU di Gedung C lantai 6 zona Selatan, karena FCU tersebut telah mati total.|FCU mengalami overload, sehingga menyebabkan suhu tidak stabil, dilakukan perbaikan dan penggantian komponen yang rusak dengan biaya Rp 2390000|FCU|Gedung C|Lantai 6|Zona Selatan|Mechanical|Berat|Overload|Suhu tidak stabil|2390000.0
Tolong dong Monitor/Layar di Gedung E lantai 4 zona Selatan bgt rusak nih, kayaknya meledak gk Tau dmn awalnya|Kerusakan ini disebabkan oleh Overload, tindakan perbaikan meliputi penggantian komponen yang rusak dan pengecekan sistem secara menyeluruh, biaya perbaikan sebesar Rp 46770000|Monitor/Layar|Gedung E|Lantai 4|Zona Selatan|Sistem Telekomunikasi Gedung|Fatal|Overload|Korsleting|46770000.0
Mohon perhatian, Monitor/Layar di Gedung E lantai 4 zona Selatan mengalami kerusakan parah, nyetrum, mohon segera ditangani|Kerusakan ini disebabkan oleh Overload, tindakan perbaikan meliputi penggantian komponen yang rusak dan pengecekan sistem secara menyeluruh|Monitor/Layar|Gedung E|Lantai 4|Zona Selatan|Sistem Telekomunikasi Gedung|Fatal|Overload|Korsleting|46770000.0
Tolong dong Sprinkler Otomatis di Gedung Parkir lantai 1 zona Selatan rusak nih, bgt berisik banget dan netes air terus, gk tahu dmn letak kerusakannya, tolong bantu ya!|Ditemukan kerusakan pada sistem sprinkler otomatis, penyebabnya adalah aus normal, dilakukan perbaikan dan penggantian komponen yang rusak|Sprinkler Otomatis|Gedung Parkir|Lantai 1|Zona Selatan|Sistem Pemadam Kebakaran|Sedang|Aus normal|Aus/abrasi|900000.0
Mohon bantuan untuk memperbaiki Sprinkler Otomatis yang terletak di Gedung Parkir lantai 1 zona Selatan, karena mengalami kerusakan yang menyebabkan kebocoran air dan bunyi berisik|Setelah dilakukan analisis, ditemukan bahwa kerusakan disebabkan oleh aus normal, sehingga dilakukan perbaikan dan penggantian komponen yang rusak untuk mengembalikan fungsi sprinkler|Sprinkler Otomatis|Gedung Parkir|Lantai 1|Zona Selatan|Sistem Pemadam Kebakaran|Sedang|Aus normal|Aus/abrasi|900000.0
Tolong dong Uninterruptible Power Supply di Gedung C lantai 7 zona Barat rusak bgt, meledak gitu, gk tahu dmn masalahnya, tp yg jelas listriknya sering nyetrum, bgt!|Laporan teknisi: Kualitas material yang buruk menyebabkan kerusakan, perlu diganti dengan komponen yang lebih baik, dengan biaya perbaikan sebesar Rp 35950000|Uninterruptible Power Supply|Gedung C|Lantai 7|Zona Barat|Electrical|Fatal|Kualitas material|Aliran lemah|35950000.0
Uninterruptible Power Supply di Gedung C lantai 7 zona Barat mengalami masalah yang sangat serius, yaitu meledak dan terbakar, sehingga memerlukan perhatian segera|Laporan teknisi: Kualitas material yang buruk menyebabkan kerusakan, perlu diganti dengan komponen yang lebih baik, dengan biaya perbaikan yang cukup besar|Uninterruptible Power Supply|Gedung C|Lantai 7|Zona Barat|Electrical|Fatal|Kualitas material|Aliran lemah|35950000.0
Gedung Utama lantai 19 zona Tengah APAR Dry Powder Cartridge-nya mati total bgt, gk bisa digunakan lagi, tolong dong diperbaiki secepatnya!|Getaran yang terjadi pada APAR Dry Powder Cartridge menyebabkan tampilan rusak, perlu dilakukan pembersihan dan penggantian komponen yang rusak|APAR Dry Powder Cartridge|Gedung Utama|Lantai 19|Zona Tengah|Sistem Pemadam Kebakaran|Berat|Getaran|Tampilan rusak|5100000.0
Tolong dong LVMDP di Gedung Parkir lantai 1 zona Timur rusak nih, bgt, yg bikin kusam gitu, dmn salahnya sih, gk tau deh|Perbaikan dilakukan dengan mengatasi Overload pada koneksi, sehingga koneksi dapat berfungsi kembali|LVMDP|Gedung Parkir|Lantai 1|Zona Timur|Electrical|Ringan|Overload|Koneksi terputus|270000.0
Mohon bantuan untuk memperbaiki LVMDP yang terletak di Gedung Parkir lantai 1 zona Timur, karena LVMDP tersebut mengalami kerusakan pada koneksi|Perbaikan LVMDP dilakukan dengan mengatasi kerusakan koneksi yang disebabkan oleh Overload, sehingga LVMDP dapat berfungsi dengan normal kembali, dengan biaya perbaikan|LVMDP|Gedung Parkir|Lantai 1|Zona Timur|Electrical|Ringan|Overload|Koneksi terputus|270000.0
Tolong dong Lampu LED Downlight di Gedung D lantai 11 zona Selatan rusak nih, gk tau dmn letak kerusakannya, tpi lampunya kusam bgt, yg penting dicek secepatnya|Laporan teknisi: Korosi pada bagian lampu, perlu dilakukan pembersihan dan penggantian komponen yang rusak, biaya perbaikan sebesar Rp 570000|Lampu LED Downlight|Gedung D|Lantai 11|Zona Selatan|Electrical|Ringan|Korosi|Aus/abrasi|570000.0
Mohon bantuan untuk memperbaiki Lampu LED Downlight yang terletak di Gedung D lantai 11 zona Selatan, karena lampu tersebut telah mengalami kerusakan ringan berupa kusam dan bunyi pelan|Laporan teknisi: Setelah melakukan inspeksi, ditemukan bahwa kerusakan disebabkan oleh korosi, kemudian dilakukan pembersihan dan penggantian komponen yang rusak, dengan biaya perbaikan Rp 570000|Lampu LED Downlight|Gedung D|Lantai 11|Zona Selatan|Electrical|Ringan|Korosi|Aus/abrasi|570000.0
Tolong dong Smoke Detector di Gedung Servis lantai 1 zona Utara rusak bgt, gk nyala sama sekali, tolong bantu, dmn bisa kontak|Tegangan tidak stabil, perlu pengecekan dan penggantian komponen, biaya perbaikan sebesar 4070000|Smoke Detector|Gedung Servis|Lantai 1|Zona Utara|Sistem Proteksi Kebakaran Aktif|Berat|Tegangan tidak stabil|Tampilan rusak|4070000.0
Saya ingin melaporkan bahwa Smoke Detector di Gedung Servis lantai 1 zona Utara mengalami kerusakan, yaitu tampilan yang rusak dan tidak nyala sama sekali|Perlu dilakukan pengecekan dan perbaikan Tegangan tidak stabil, serta penggantian komponen yang rusak, dengan biaya perbaikan sebesar 4070000|Smoke Detector|Gedung Servis|Lantai 1|Zona Utara|Sistem Proteksi Kebakaran Aktif|Berat|Tegangan tidak stabil|Tampilan rusak|4070000.0
Tolong dong, Lampu Pylon Sign di Gedung Parkir lantai 1 zona Utara rusak nih, bunyi abnormal bgt, gk tau kenapa, tolong bantu perbaiki yg, dmn bisa kontak?|Lampu Pylon Sign mengalami bunyi abnormal karena kurang perawatan, dilakukan perbaikan dan penggantian komponen yang rusak|Lampu Pylon Sign|Gedung Parkir|Lantai 1|Zona Utara|Electrical|Sedang|Kurang perawatan|Bunyi abnormal|690000.0
Mohon bantuan untuk perbaikan Lampu Pylon Sign di Gedung Parkir lantai 1 zona Utara, karena mengeluarkan bunyi abnormal, terima kasih|Lampu Pylon Sign mengalami kerusakan karena kurang perawatan, dilakukan perbaikan dan penggantian komponen yang rusak dengan biaya perbaikan sebesar Rp 690000|Lampu Pylon Sign|Gedung Parkir|Lantai 1|Zona Utara|Electrical|Sedang|Kurang perawatan|Bunyi abnormal|690000.0
Tolong dong APAR Dry Powder Cartridge di Gedung D lantai 4 zona Barat rusak bgt, gk bisa dipake, nyetrum pas dites, tolong bantu yaa|APAR Dry Powder Cartridge mengalami kerusakan karena Tegangan tidak stabil, perlu dilakukan pengecekan dan penggantian komponen yang rusak|APAR Dry Powder Cartridge|Gedung D|Lantai 4|Zona Barat|Sistem Pemadam Kebakaran|Fatal|Tegangan tidak stabil|Tekanan tidak stabil|21620000.0
Mohon bantuan, APAR Dry Powder Cartridge di Gedung D lantai 4 zona Barat mengalami kerusakan, tidak bisa digunakan, dan terindikasi ada masalah dengan Tegangan tidak stabil, sehingga perlu dilakukan perbaikan dan penggantian komponen yang rusak|APAR Dry Powder Cartridge mengalami kerusakan karena Tegangan tidak stabil, perlu dilakukan pengecekan dan penggantian komponen yang rusak, dengan biaya perbaikan sebesar Rp 21620000|APAR Dry Powder Cartridge|Gedung D|Lantai 4|Zona Barat|Sistem Pemadam Kebakaran|Fatal|Tegangan tidak stabil|Tekanan tidak stabil|21620000.0
Tolong dong Pemipaan Air Bersih di Gedung Servis lantai 2 zona Utara bocor deras bgt, gk tau dmn asalnya, tolong bantu yg, gk bisa nunggu lama!|Getaran yang terjadi di pipa air bersih menyebabkan kerusakan, perlu dilakukan perbaikan dengan mengganti pipa yang rusak|Pemipaan Air Bersih|Gedung Servis|Lantai 2|Zona Utara|Plumbing|Fatal|Getaran|Berkarat/korosi|30990000.0
Mohon bantuan untuk perbaikan Pemipaan Air Bersih di Gedung Servis lantai 2 zona Utara, kondisinya sangat parah, sudah bocor dan berkarat|Kerusakan pada pemipaan air bersih disebabkan oleh getaran yang menyebabkan korosi, perlu dilakukan perbaikan segera dengan biaya Rp 30990000|Pemipaan Air Bersih|Gedung Servis|Lantai 2|Zona Utara|Plumbing|Fatal|Getaran|Berkarat/korosi|30990000.0
Tolong dong Pintu Biasa Berdaun Tunggal di Gedung A lantai 7 zona Tengah rusak bgt, gk tau dmn letak masalahnya, tp bunyi abnormalnya berasa nyetrum banget, tolong bantu yg, cepat!|Laporan teknisi: Getaran pada pintu menyebabkan bunyi abnormal, dilakukan perbaikan dengan mengganti komponen yang rusak dan penyesuaian ulang|Pintu Biasa Berdaun Tunggal|Gedung A|Lantai 7|Zona Tengah|Arsitektur|Fatal|Getaran|Bunyi abnormal|19370000.0
Mohon bantuan untuk perbaikan Pintu Biasa Berdaun Tunggal di Gedung A lantai 7 zona Tengah, karena terdapat bunyi abnormal yang sangat mengganggu dan berpotensi menyebabkan kecelakaan, dengan kemungkinan disebabkan oleh getaran yang terlalu kuat|Teknisi melakukan analisis dan perbaikan dengan mengganti komponen yang rusak, serta mengoptimalkan kinerja pintu, biaya perbaikan sebesar Rp 19370000|Pintu Biasa Berdaun Tunggal|Gedung A|Lantai 7|Zona Tengah|Arsitektur|Fatal|Getaran|Bunyi abnormal|19370000.0
Tolong dong AC Split di Gedung A lantai 12 zona Timur rusak nih, bunyi pelan bgt, gk tau dmn letak kerusakannya, tolong bantu yg|Perbaikan AC Split dilakukan dengan mengganti komponen yang rusak, kemungkinan karena Kelembaban tinggi, tindakan perbaikan meliputi pembersihan dan penggantian komponen|AC Split|Gedung A|Lantai 12|Zona Timur|Mechanical|Ringan|Kelembaban tinggi|Retak/pecah|210000.0
Mohon bantuan untuk memperbaiki AC Split di Gedung A lantai 12 zona Timur, karena mengalami kerusakan yang menyebabkan bunyi pelan, mohon dilakukan pengecekan dan perbaikan|Perbaikan AC Split dilakukan dengan mengganti komponen yang rusak, kemungkinan karena Kelembaban tinggi, tindakan perbaikan meliputi pembersihan dan penggantian komponen|AC Split|Gedung A|Lantai 12|Zona Timur|Mechanical|Ringan|Kelembaban tinggi|Retak/pecah|210000.0
Tolong dong AC Cassette di Gedung Utama lantai 15 zona Barat rusak bgt, netes air terus, dmn perbaikannya ya?|Perbaikan dilakukan dengan mengganti komponen yang rusak akibat kualitas material, biaya perbaikan sebesar Rp 1740000|AC Cassette|Gedung Utama|Lantai 15|Zona Barat|Mechanical|Sedang|Kualitas material|Retak/pecah|1740000.0
Tolong dong Breker Panel di Gedung Servis lantai 3 zona Barat bgt rusak nih, breker panelnya meledak gk tau knp dmn salahnya, tolong bantu yg, cepat!|Ditemukan kerusakan akibat Korosi, perlu dilakukan penggantian komponen dan perawatan rutin|Breker Panel|Gedung Servis|Lantai 3|Zona Barat|Electrical|Fatal|Korosi|Aus/abrasi|20290000.0
Mohon bantu perbaiki Breker Panel di Gedung Servis lantai 3 zona Barat, karena Breker Panel tersebut mengalami kerusakan yang cukup parah dan terjadi kebocoran arus listrik yang menyebabkan nyetrum|Dilakukan analisis teknis dan ditemukan kerusakan akibat Korosi, kemudian dilakukan perbaikan dan penggantian komponen yang rusak|Breker Panel|Gedung Servis|Lantai 3|Zona Barat|Electrical|Fatal|Korosi|Aus/abrasi|20290000.0
Gue butuh bantuan, Pompa Transfer di Gedung C lantai 4 zona Timur rusak bgt, gk nyala sama sekali, tolong dong!|Pompa Transfer mengalami overload, perlu dilakukan perbaikan dan penggantian komponen yang rusak, biaya perbaikan sebesar Rp 5650000|Pompa Transfer|Gedung C|Lantai 4|Zona Timur|Mechanical|Berat|Overload|Performa menurun|5650000.0
Pompa Transfer di Gedung C, lantai 4, zona Timur, mengalami gangguan, tidak berfungsi dengan baik, mohon segera ditangani.|Pompa Transfer mengalami overload, perlu dilakukan perbaikan dan penggantian komponen yang rusak, biaya perbaikan sebesar Rp 5650000|Pompa Transfer|Gedung C|Lantai 4|Zona Timur|Mechanical|Berat|Overload|Performa menurun|5650000.0
Tolong dong Kamera CCTV di Gedung E lantai 6 zona Tengah rusak bgt, gk nyala sama sekali, bingung dmn salahnya, tolong bantu yg|Kamera CCTV mengalami korosi yang menyebabkan aus/abrasi, perlu dilakukan penggantian komponen untuk memperbaiki kerusakan, biaya perbaikan sebesar Rp 6420000|Kamera CCTV|Gedung E|Lantai 6|Zona Tengah|Security Sistem|Berat|Korosi|Aus/abrasi|6420000.0
Mohon bantu perbaiki Kamera CCTV di Gedung E lantai 6 zona Tengah, kondisinya mati total, tidak nyala sama sekali, mohon diperiksa dan diperbaiki segera|Kamera CCTV mengalami korosi yang menyebabkan aus/abrasi, perlu dilakukan penggantian komponen untuk memperbaiki kerusakan, biaya perbaikan sebesar Rp 6420000|Kamera CCTV|Gedung E|Lantai 6|Zona Tengah|Security Sistem|Berat|Korosi|Aus/abrasi|6420000.0
Tolong dong Kick Bar di Gedung Utama lantai 1 zona Timur rusak nih, gk tau kenapa tiba-tiba ada getaran berlebihan bgt, yg bisa bantu?|Ditemukan kerusakan pada Kick Bar karena usia pakai, dilakukan perbaikan dengan mengganti komponen yang rusak|Kick Bar|Gedung Utama|Lantai 1|Zona Timur|Security Sistem|Ringan|Usia pakai|Getaran berlebihan|330000.0
Mohon bantuan untuk memperbaiki Kick Bar yang terletak di Gedung Utama lantai 1 zona Timur, karena mengalami getaran berlebihan|Perbaikan dilakukan dengan mengganti komponen yang rusak karena usia pakai, dengan biaya perbaikan sebesar Rp 330000|Kick Bar|Gedung Utama|Lantai 1|Zona Timur|Security Sistem|Ringan|Usia pakai|Getaran berlebihan|330000.0
Tolong dong Electric Fire Pump di Gedung B lantai 4 zona Barat rusak bgt, dmn kita bisa perbaiki yg gk bikin mahal bgt?|Perlu dilakukan perbaikan karena usia pakai, sehingga performa menurun, dan biaya perbaikan diperkirakan sekitar 1780000|Electric Fire Pump|Gedung B|Lantai 4|Zona Barat|Sistem Pemadam Kebakaran|Sedang|Usia pakai|Performa menurun|1780000.0
Mohon bantuan untuk memperbaiki Electric Fire Pump di Gedung B lantai 4 zona Barat, karena terjadi penurunan performa, dan berisik banget|Perlu dilakukan perbaikan karena usia pakai, sehingga performa menurun, dan biaya perbaikan diperkirakan sekitar 1780000|Electric Fire Pump|Gedung B|Lantai 4|Zona Barat|Sistem Pemadam Kebakaran|Sedang|Usia pakai|Performa menurun|1780000.0
Lampu Downlight di Gedung C lantai 6 zona Barat mati total bgt, gk tau dmn letak saklar yg bener, tolong dong cepat|Lampu Downlight mengalami kerusakan akibat korosi, perlu dilakukan perbaikan dengan mengganti komponen yang rusak|Lampu Downlight|Gedung C|Lantai 6|Zona Barat|Electrical|Berat|Korosi|Macet/tersumbat|3860000.0
Mohon bantuan untuk memperbaiki Lampu Downlight di Gedung C lantai 6 zona Barat yang tidak nyala sama sekali|Laporan teknis: kerusakan akibat korosi, perlu penggantian komponen, biaya perbaikan Rp 3860000|Lampu Downlight|Gedung C|Lantai 6|Zona Barat|Electrical|Berat|Korosi|Macet/tersumbat|3860000.0
Tolong dong Exhaust Fan di Gedung A lantai 11 zona Timur rusak bgt, gk tahu dmn letak kerusakannya, tp yg jelas berisik banget!|Kerusakan Exhaust Fan disebabkan oleh kualitas material yang rendah, sehingga mengalami korosi, perbaikan dilakukan dengan mengganti komponen yang rusak dan membersihkan area yang korosif|Exhaust Fan|Gedung A|Lantai 11|Zona Timur|Ventilasi Sistem|Sedang|Kualitas material|Berkarat/korosi|1540000.0
Saya ingin melaporkan bahwa Exhaust Fan di Gedung A, lantai 11, zona Timur, mengalami gangguan, yaitu berisik dan netes air, mungkin disebabkan oleh kualitas material yang tidak baik|Exhaust Fan mengalami kerusakan karena kualitas material yang rendah, perlu dilakukan penggantian komponen yang rusak dan pembersihan area korosif, biaya perbaikan sebesar Rp 1540000|Exhaust Fan|Gedung A|Lantai 11|Zona Timur|Ventilasi Sistem|Sedang|Kualitas material|Berkarat/korosi|1540000.0
Tolong dong Lantai Keramik di Gedung Utama lantai 18 zona Selatan rusak bgt, dmn airnya gk keluar, bau gosong banget, nyetrum, harus dibenerin yg cepet bgt!|Laporan teknisi: Kerusakan disebabkan oleh human error, perlu dilakukan perbaikan pada sistem aliran untuk mengatasi masalah aliran lemah, dengan biaya perbaikan sebesar 30970000|Lantai Keramik|Gedung Utama|Lantai 18|Zona Selatan|Civil|Fatal|Human error|Aliran lemah|30970000.0
Mohon bantuan, Lantai Keramik di Gedung Utama lantai 18 zona Selatan mengalami kerusakan parah, air tidak keluar, terjadi kebocoran yang cukup parah, sehingga perlu dilakukan perbaikan segera|Laporan teknisi: Kerusakan disebabkan oleh human error, dilakukan perbaikan pada sistem aliran, biaya perbaikan 30970000|Lantai Keramik|Gedung Utama|Lantai 18|Zona Selatan|Civil|Fatal|Human error|Aliran lemah|30970000.0
Tolong dong Lampu TL di Gedung E lantai 4 zona Timur rusak bgt, gk nyala sama sekali, yg bikin repot bgt dmn kita kerja!|Lampu TL mengalami kerusakan akibat Overload, perlu dilakukan penggantian komponen yang rusak dan pengecekan sistem secara menyeluruh|Lampu TL|Gedung E|Lantai 4|Zona Timur|Electrical|Berat|Overload|Sensor error|8230000.0
Saya ingin melaporkan bahwa Lampu TL di Gedung E lantai 4 zona Timur tidak nyala sama sekali, saya mohon bantuan untuk memperbaikinya secepatnya|Lampu TL mengalami kerusakan karena Overload, perlu dilakukan perbaikan dengan mengganti komponen yang rusak dan memeriksa sistem secara menyeluruh, biaya perbaikan sebesar Rp 8230000|Lampu TL|Gedung E|Lantai 4|Zona Timur|Electrical|Berat|Overload|Sensor error|8230000.0
Wastafel di Gedung E lantai 6 zona Barat rusak bgt, yg benerin gk ada, tolong dong segera diperbaiki|Wastafel mengalami kerusakan pada tampilan akibat kualitas material yang rendah, perlu dilakukan penggantian komponen yang rusak|Wastafel|Gedung E|Lantai 6|Zona Barat|Plumbing|Berat|Kualitas material|Tampilan rusak|1280000.0
Mohon perhatian, kami mengalami masalah dengan Wastafel di Gedung E lantai 6 zona Barat, kondisinya sangat memprihatinkan karena tampilan yang rusak parah|Kerusakan tersebut disebabkan oleh kualitas material yang tidak memadai, sehingga perlu dilakukan tindakan perbaikan secara menyeluruh|Wastafel|Gedung E|Lantai 6|Zona Barat|Plumbing|Berat|Kualitas material|Tampilan rusak|1280000.0
Tolong dong Kloset di Gedung D lantai 6 zona Selatan rusak bgt, gk tau dmn salahnya, tp yg jelas Klosetnya mati total dan bising banget, tolong bantu saya yg gk paham masalah tekhnis!|Kloset mengalami kerusakan berat karena aus normal, diperlukan perbaikan segera dengan mengganti komponen yang rusak dan melakukan penyesuaian untuk mengurangi getaran berlebihan|Kloset|Gedung D|Lantai 6|Zona Selatan|Plumbing|Berat|Aus normal|Getaran berlebihan|8670000.0
Kloset di Gedung D, lantai 6, zona Selatan mengalami kerusakan yang cukup parah, yaitu mati total dan mengeluarkan getaran berlebihan, tolong untuk segera memperbaiki masalah ini|Kerusakan pada Kloset disebabkan oleh aus normal, diperlukan perbaikan segera dengan mengganti komponen yang rusak dan melakukan penyesuaian untuk mengurangi getaran berlebihan|Kloset|Gedung D|Lantai 6|Zona Selatan|Plumbing|Berat|Aus normal|Getaran berlebihan|8670000.0
Tolong dong Pintu Kayu/HPL di Gedung Utama lantai 5 zona Timur bgt rusak nih, kayaknya bocor deras bgt, gk tau dmn salahnya, tp yg jelas pintu nya gk bsa dibuka|Perbaikan Pintu Kayu/HPL dengan mengganti komponen yang aus normal dan membersihkan bagian yang tersumbat, biaya perbaikan sebesar Rp 42850000|Pintu Kayu/HPL|Gedung Utama|Lantai 5|Zona Timur|Arsitektur|Fatal|Aus normal|Macet/tersumbat|42850000.0
Pintu Kayu/HPL di Gedung Utama lantai 5 zona Timur mengalami kerusakan fatal, tidak dapat dibuka, kemungkinan karena aus normal, perlu dilakukan perbaikan segera|Perbaikan Pintu Kayu/HPL dengan mengganti komponen yang aus normal dan membersihkan bagian yang tersumbat, biaya perbaikan sebesar Rp 42850000|Pintu Kayu/HPL|Gedung Utama|Lantai 5|Zona Timur|Arsitektur|Fatal|Aus normal|Macet/tersumbat|42850000.0
Genset Diesel di Gedung B lantai 9 zona Selatan rusak nih, lampu mati bgt, gk tahu dmn letak kerusakannya, tolong dong cepat ditangani!|Laporan teknis: kerusakan disebabkan oleh faktor lingkungan, dilakukan perbaikan pada sistem kelistrikan dan penggantian lampu, biaya perbaikan sebesar Rp 1490000|Genset Diesel|Gedung B|Lantai 9|Zona Selatan|Mechanical|Sedang|Faktor lingkungan|Lampu mati|1490000.0
Mohon bantuan, Genset Diesel di Gedung B lantai 9 zona Selatan mengalami kerusakan, lampu tidak menyala, tolong dicek dan diperbaiki secepatnya|Laporan teknis: kerusakan disebabkan oleh faktor lingkungan, dilakukan perbaikan pada sistem kelistrikan dan penggantian komponen yang rusak, biaya perbaikan Rp 1490000|Genset Diesel|Gedung B|Lantai 9|Zona Selatan|Mechanical|Sedang|Faktor lingkungan|Lampu mati|1490000.0
Tolong dong Plafon di Gedung D lantai 11 zona Selatan bgt berisik banget dan netes air terus, gk tahu dmn letak kerusakannya, tolong bantu perbaiki ya!|Ditemukan kerusakan pada Plafon karena Korosi, dilakukan perbaikan dengan mengganti komponen yang rusak dan membersihkan area yang terkena Korosi|Plafon|Gedung D|Lantai 11|Zona Selatan|Arsitektur|Sedang|Korosi|Macet/tersumbat|1390000.0
Mohon bantuan untuk memperbaiki Plafon di Gedung D lantai 11 zona Selatan, karena mengalami kerusakan berupa netes air dan berisik, telah dilaporkan sebelumnya|Kerusakan pada Plafon telah diperbaiki dengan mengganti komponen yang rusak dan membersihkan area yang terkena Korosi, biaya perbaikan Rp 1390000|Plafon|Gedung D|Lantai 11|Zona Selatan|Arsitektur|Sedang|Korosi|Macet/tersumbat|1390000.0
Tolong dong Lantai Granit di Gedung E lantai 3 zona Selatan rusak nih, bgt kotor dan kusam, gk tahu dmn letak masalahnya, tapi yg jelas perlu dibersihin dan diperbaiki secepatnya!|Laporan teknisi: Korosi pada lantai granit menyebabkan aliran air menjadi lemah, perlu dilakukan pembersihan dan perawatan untuk menghilangkan korosi dan mengembalikan fungsi lantai|Lantai Granit|Gedung E|Lantai 3|Zona Selatan|Civil|Ringan|Korosi|Aliran lemah|430000.0
Mohon perhatian, Lantai Granit di Gedung E lantai 3 zona Selatan mengalami kerusakan, gejala yang terlihat adalah aliran air yang lemah dan lantai yang kusam, mohon dilakukan pengecekan dan perbaikan secepatnya|Laporan teknisi: Kerusakan pada lantai granit disebabkan oleh korosi, perlu dilakukan pembersihan dan perawatan untuk menghilangkan korosi dan mengembalikan fungsi lantai, biaya perbaikan sebesar Rp 430000|Lantai Granit|Gedung E|Lantai 3|Zona Selatan|Civil|Ringan|Korosi|Aliran lemah|430000.0
Tolong dong Lantai Keramik di Gedung D lantai 8 zona Timur rusak bgt, gk tau knp, tp yg jelas jebol dan perlu diperbaiki secepatnya|Lantai Keramik mengalami getaran berlebihan akibat kurang perawatan, perlu dilakukan pembersihan dan penggantian komponen yang rusak|Lantai Keramik|Gedung D|Lantai 8|Zona Timur|Civil|Berat|Kurang perawatan|Getaran berlebihan|3310000.0
Mohon perhatian, Lantai Keramik di Gedung D lantai 8 zona Timur mengalami kerusakan yang cukup parah, yaitu getaran berlebihan, dan memerlukan perbaikan secepatnya|Lantai Keramik memerlukan perbaikan akibat kurang perawatan, dengan biaya perbaikan sebesar Rp 3310000|Lantai Keramik|Gedung D|Lantai 8|Zona Timur|Civil|Berat|Kurang perawatan|Getaran berlebihan|3310000.0
Tolong dong Latihan Balakar di Gedung B lantai 2 zona Timur rusak nih, bunyi abnormal bgt, gk tau dmn salahnya, yg penting cepat diperbaiki ya|Overload menyebabkan kerusakan, dilakukan pembersihan dan pengecekan sistem|Latihan Balakar|Gedung B|Lantai 2|Zona Timur|Latihan Balakar|Ringan|Overload|Bunyi abnormal|210000.0
Mohon periksa Latihan Balakar di Gedung B, lantai 2, zona Timur, karena mengalami bunyi abnormal|Ditemukan kerusakan akibat Overload, dilakukan perbaikan dan penggantian komponen yang rusak, biaya perbaikan sebesar Rp 210000|Latihan Balakar|Gedung B|Lantai 2|Zona Timur|Latihan Balakar|Ringan|Overload|Bunyi abnormal|210000.0
Tolong dong Smoke Detector di Gedung D lantai 9 zona Barat rusak bgt, terbakar, gk tau dmn letak kerusakannya, tolong bantu|Perbaikan dilakukan dengan memperbaiki komponen yang rusak akibat Getaran, biaya perbaikan sebesar 14570000|Smoke Detector|Gedung D|Lantai 9|Zona Barat|Sistem Proteksi Kebakaran Aktif|Fatal|Getaran|Tampilan rusak|14570000.0
Smoke Detector di Gedung D lantai 9 zona Barat mengalami kerusakan yang cukup parah, terbakar, mohon untuk segera ditangani|Perbaikan akan dilakukan dengan memperbaiki komponen yang rusak dan mengganti yang diperlukan, dengan biaya perbaikan yang cukup besar|Smoke Detector|Gedung D|Lantai 9|Zona Barat|Sistem Proteksi Kebakaran Aktif|Fatal|Getaran|Tampilan rusak|14570000.0
Lantai Karpet di Gedung A lantai 15 zona Barat rusak bgt, yg bikin bunyi abnormal terus, tolong dong cepat diperbaiki|Lantai Karpet mengalami korosi sehingga mengeluarkan bunyi abnormal, perlu dilakukan penggantian komponen yang rusak|Lantai Karpet|Gedung A|Lantai 15|Zona Barat|Civil|Berat|Korosi|Bunyi abnormal|9030000.0
Mohon perbaikan Lantai Karpet di Gedung A lantai 15 zona Barat karena mengeluarkan bunyi abnormal, mohon segera ditangani|Lantai Karpet mengalami kerusakan akibat korosi, perlu dilakukan perbaikan untuk menghilangkan bunyi abnormal, biaya perbaikan sebesar Rp 9030000|Lantai Karpet|Gedung A|Lantai 15|Zona Barat|Civil|Berat|Korosi|Bunyi abnormal|9030000.0
Gedung A lantai 1 zona Utara, Plafon Gypsum / GRC-nya bocor deras bgt, gk tau dmn asalnya, tp yg jelas rusak parah, tolong dong!|Kerusakan Plafon Gypsum / GRC di Gedung A lantai 1 zona Utara disebabkan oleh kurang perawatan, perlu dilakukan perbaikan dengan mengganti komponen yang rusak|Plafon Gypsum / GRC|Gedung A|Lantai 1|Zona Utara|Arsitektur|Fatal|Kurang perawatan|Remote tidak berfungsi|33750000.0
Mohon bantu perbaiki Plafon Gypsum / GRC di Gedung A lantai 1 zona Utara, kondisinya sangat parah, terbakar dan bau gosong, tolong segera!|Kerusakan Plafon Gypsum / GRC karena kurang perawatan, perlu dilakukan penggantian komponen dan perbaikan, biaya perbaikan sebesar Rp 33750000|Plafon Gypsum / GRC|Gedung A|Lantai 1|Zona Utara|Arsitektur|Fatal|Kurang perawatan|Remote tidak berfungsi|33750000.0
Tolong dong Kamera CCTV di Gedung Parkir lantai 5 zona Tengah rusak nih, kotor bgt, gk tau dmn letak masalahnya, tapi yg jelas bunyi pelan banget|Kamera CCTV mengalami kerusakan kebocoran karena debu/kotoran, perlu dibersihkan dan diperiksa|Kamera CCTV|Gedung Parkir|Lantai 5|Zona Tengah|Security Sistem|Ringan|Debu/kotoran|Kebocoran|460000.0
Mohon periksa Kamera CCTV di Gedung Parkir lantai 5 zona Tengah, karena terdapat masalah kebocoran dan kotor, mohon dicek dan diperbaiki|Kamera CCTV mengalami kerusakan kebocoran karena debu/kotoran, perlu dibersihkan dan diperiksa dengan biaya perbaikan sebesar Rp 460000|Kamera CCTV|Gedung Parkir|Lantai 5|Zona Tengah|Security Sistem|Ringan|Debu/kotoran|Kebocoran|460000.0
Tolong dong Pagar Besi di Gedung Servis lantai 1 zona Selatan rusak nih, kotor bgt, gk bisa dipakai, dmn ada yg bisa bantu?|Pekerjaan perbaikan pagar besi dilakukan dengan mengganti koneksi yang terputus akibat kelembaban tinggi, biaya perbaikan sebesar Rp 260000|Pagar Besi|Gedung Servis|Lantai 1|Zona Selatan|Arsitektur|Ringan|Kelembaban tinggi|Koneksi terputus|260000.0
Pagar Besi di Gedung Servis lantai 1 zona Selatan mengalami kerusakan, kondisinya kusam dan berdebu, mohon bantuan untuk perbaikan|Perbaikan pagar besi dilakukan dengan membersihkan dan mengganti koneksi yang rusak, biaya perbaikan akan dihitung berdasarkan kebutuhan|Pagar Besi|Gedung Servis|Lantai 1|Zona Selatan|Arsitektur|Ringan|Kelembaban tinggi|Koneksi terputus|260000.0
Lampu Wall sign di Gedung Utama lantai 3 zona Tengah rusak nih, gk nyala bgt, tolong dong cepat diperbaiki yg|Tegangan tidak stabil menyebabkan sensor error, dilakukan perbaikan penggantian sensor dan penyetelan ulang tegangan|Lampu Wall sign|Gedung Utama|Lantai 3|Zona Tengah|Electrical|Ringan|Tegangan tidak stabil|Sensor error|410000.0
Mohon periksa Lampu Wall sign di Gedung Utama lantai 3 zona Tengah karena bunyi pelan dan kusam, terima kasih|Tegangan tidak stabil menyebabkan sensor error, dilakukan perbaikan penggantian sensor dan penyetelan ulang tegangan dengan biaya Rp 410000|Lampu Wall sign|Gedung Utama|Lantai 3|Zona Tengah|Electrical|Ringan|Tegangan tidak stabil|Sensor error|410000.0
Tolong dong Kursi di Gedung E lantai 5 zona Tengah rusak bgt, yg bermasalah tuh netes air terus, gk tau knp, tolong bantu, bgt!|Kerusakan disebabkan kurang perawatan, perlu dilakukan perbaikan dengan mengganti komponen yang rusak dan membersihkan bagian yang berkarat|Kursi|Gedung E|Lantai 5|Zona Tengah|Arsitektur|Sedang|Kurang perawatan|Berkarat/korosi|1730000.0
Mohon bantuan untuk memperbaiki Kursi di Gedung E lantai 5 zona Tengah, kondisinya kurang baik, terdapat kerusakan berkarat dan korosi, sehingga perlu dilakukan perbaikan segera|Kerusakan disebabkan kurang perawatan, perlu dilakukan perbaikan dengan mengganti komponen yang rusak dan membersihkan bagian yang berkarat, biaya perbaikan diperkirakan sebesar Rp 1730000|Kursi|Gedung E|Lantai 5|Zona Tengah|Arsitektur|Sedang|Kurang perawatan|Berkarat/korosi|1730000.0
Tolong dong Dinding Tembok/Mansonry di Gedung A lantai 4 zona Tengah rusak nih, gk tahu dmn letak kerusakannya bgt, netes air terus!|Dinding Tembok/Mansonry di Gedung A lantai 4 zona Tengah mengalami kerusakan akibat Kelembaban tinggi, perlu dilakukan perbaikan dengan mengganti komponen yang rusak|Dinding Tembok/Mansonry|Gedung A|Lantai 4|Zona Tengah|Civil|Sedang|Kelembaban tinggi|Remote tidak berfungsi|650000.0
Mohon perhatian, Dinding Tembok/Mansonry di Gedung A lantai 4 zona Tengah mengalami kerusakan, gejala yang timbul adalah netes air terus dan berisik banget, mohon segera ditangani|Dinding Tembok/Mansonry di Gedung A lantai 4 zona Tengah mengalami kerusakan akibat Kelembaban tinggi, perlu dilakukan perbaikan dengan mengganti komponen yang rusak, biaya perbaikan sebesar Rp 650000|Dinding Tembok/Mansonry|Gedung A|Lantai 4|Zona Tengah|Civil|Sedang|Kelembaban tinggi|Remote tidak berfungsi|650000.0
Lampu TL LED di Gedung E lantai 2 zona Barat rusak bgt, kedap-kedip terus, gk tau dmn letak kerusakannya, tolong dong cepat diperbaiki ya!|Laporan teknisi: Korosi pada komponen elektronik menyebabkan korsleting, dilakukan pembersihan dan penggantian komponen yang rusak|Lampu TL LED|Gedung E|Lantai 2|Zona Barat|Electrical|Sedang|Korosi|Korsleting|1550000.0
Mohon perhatian, terdapat kerusakan pada Lampu TL LED di Gedung E lantai 2 zona Barat, menimbulkan gangguan, mohon untuk diperiksa dan diperbaiki secepatnya|Tindakan perbaikan: membersihkan dan mengganti komponen yang rusak akibat korosi, biaya perbaikan sebesar Rp 1550000|Lampu TL LED|Gedung E|Lantai 2|Zona Barat|Electrical|Sedang|Korosi|Korsleting|1550000.0
Gak nyaman banget, kamera CCTV di Gedung Utama lantai 1 zona Tengah rusak nih, bunyi pelan gitu, gk tau dmn letak kerusakannya|Kerusakan pada kamera CCTV disebabkan oleh Faktor lingkungan, sehingga perlu dilakukan perbaikan dengan mengganti komponen yang rusak|Kamera CCTV|Gedung Utama|Lantai 1|Zona Tengah|Security Sistem|Ringan|Faktor lingkungan|Retak/pecah|140000.0
Mohon bantuan, kamera CCTV di Gedung Utama lantai 1 zona Tengah mengalami kerusakan, dengan gejala bunyi pelan dan kusam, mohon dilakukan perbaikan secepatnya|Kerusakan pada kamera CCTV disebabkan oleh Faktor lingkungan, sehingga perlu dilakukan perbaikan dengan mengganti komponen yang rusak|Kamera CCTV|Gedung Utama|Lantai 1|Zona Tengah|Security Sistem|Ringan|Faktor lingkungan|Retak/pecah|140000.0
Tolong dong Plafon Gypsum / GRC di Gedung Utama lantai 16 zona Timur rusak nih, gk tau kenapa bgt, yg penting dibenerin yg cepet!|Ditemukan kerusakan pada Plafon Gypsum / GRC di Gedung Utama lantai 16 zona Timur, penyebabnya adalah Kualitas material, dilakukan perbaikan dengan mengganti material yang rusak|Plafon Gypsum / GRC|Gedung Utama|Lantai 16|Zona Timur|Arsitektur|Ringan|Kualitas material|Tidak berfungsi total|150000.0
Mohon perhatian untuk kerusakan Plafon Gypsum / GRC yang terletak di Gedung Utama lantai 16 zona Timur, kerusakan ini cukup mengganggu, mohon untuk segera diperbaiki|Dilakukan analisis dan ditemukan bahwa kerusakan disebabkan oleh Kualitas material, sehingga dilakukan perbaikan dengan mengganti material yang rusak dengan biaya perbaikan sebesar 150000|Plafon Gypsum / GRC|Gedung Utama|Lantai 16|Zona Timur|Arsitektur|Ringan|Kualitas material|Tidak berfungsi total|150000.0
Tolong dong Automatic Transfer Switch (ATS Panel) di Gedung C lantai 3 zona Selatan rusak bgt, gk tau dmn letak masalahnya, tolong bantu yg, bgt!|Perbaikan ATS Panel dilakukan dengan mengganti komponen yang aus, penyebab kerusakan adalah Human error, biaya perbaikan sebesar Rp 670000|Automatic Transfer Switch (ATS Panel)|Gedung C|Lantai 3|Zona Selatan|Electrical|Sedang|Human error|Aus/abrasi|670000.0
Mohon bantuan untuk memperbaiki Automatic Transfer Switch (ATS Panel) di Gedung C lantai 3 zona Selatan, karena terdapat gejala netes air dan berisik, sehingga mengganggu operasional|Perbaikan ATS Panel dilakukan dengan mengganti komponen yang aus, penyebab kerusakan adalah Human error, biaya perbaikan sebesar Rp 670000|Automatic Transfer Switch (ATS Panel)|Gedung C|Lantai 3|Zona Selatan|Electrical|Sedang|Human error|Aus/abrasi|670000.0
Tolong dong Kran Air di Gedung A lantai 3 zona Timur rusak nih, gk tau dmn salahnya, yg penting dibenerin bgt|Kran Air mengalami kerusakan karena Usia pakai, dilakukan perbaikan dengan mengganti komponen yang rusak|Kran Air|Gedung A|Lantai 3|Zona Timur|Plumbing|Ringan|Usia pakai|Kebocoran|330000.0
Mohon periksa Kran Air di Gedung A lantai 3 zona Timur, karena mengalami kebocoran, terima kasih|Kran Air mengalami kerusakan karena Usia pakai, dilakukan perbaikan dengan mengganti komponen yang rusak dan memerlukan biaya perbaikan|Kran Air|Gedung A|Lantai 3|Zona Timur|Plumbing|Ringan|Usia pakai|Kebocoran|330000.0
Tolong dong Mikrofon di Gedung C lantai 1 zona Barat rusak bgt, gk bisa dipake lagi, kedap-kedip terus, berasa getarannya|Perbaikan mikrofon dilakukan dengan mengganti komponen yang rusak dan melakukan kalibrasi ulang karena getaran, biaya perbaikan sebesar Rp 400000|Mikrofon|Gedung C|Lantai 1|Zona Barat|Sistem Telekomunikasi Gedung|Sedang|Getaran|Mati mendadak|400000.0
Mikrofon di Gedung C, lantai 1, zona Barat mengalami kerusakan, tidak dapat digunakan karena berisik banget dan kedap-kedip, mohon dilakukan perbaikan|Perbaikan dilakukan dengan mengganti komponen yang rusak dan melakukan kalibrasi ulang karena getaran, biaya perbaikan sebesar Rp 400000|Mikrofon|Gedung C|Lantai 1|Zona Barat|Sistem Telekomunikasi Gedung|Sedang|Getaran|Mati mendadak|400000.0
Tolong dong PABX di Gedung A lantai 8 zona Tengah rusak nih, gk tau kenapa, bgt mogok, dmn bs diperbaiki?|Perbaikan PABX dilakukan dengan mengganti komponen yang rusak akibat Human error, biaya perbaikan sebesar Rp 7320000|PABX|Gedung A|Lantai 8|Zona Tengah|Sistem Telekomunikasi Gedung|Berat|Human error|Tidak berfungsi total|7320000.0
Mohon bantuan, PABX di Gedung A lantai 8 zona Tengah mengalami kerusakan total, sehingga tidak dapat digunakan.|Perbaikan PABX dilakukan dengan mengganti komponen yang rusak akibat Human error, dan melakukan pengecekan ulang, biaya perbaikan sebesar Rp 7320000|PABX|Gedung A|Lantai 8|Zona Tengah|Sistem Telekomunikasi Gedung|Berat|Human error|Tidak berfungsi total|7320000.0
Tolong dong PABX di Gedung D lantai 2 zona Barat rusak bgt, dmn yg benerin ya?|Perbaikan PABX dilakukan dengan mengganti komponen yang retak, kemudian dilakukan pengetesan ulang, biaya perbaikan sebesar Rp 1470000|PABX|Gedung D|Lantai 2|Zona Barat|Sistem Telekomunikasi Gedung|Sedang|Kualitas material|Retak/pecah|1470000.0
Mohon bantuan, PABX di Gedung D lantai 2 zona Barat mengalami kerusakan, sehingga tidak dapat digunakan, tolong dicek dan diperbaiki|Perbaikan PABX dilakukan dengan mengganti komponen yang retak, kemudian dilakukan pengetesan ulang, biaya perbaikan sebesar Rp 1470000|PABX|Gedung D|Lantai 2|Zona Barat|Sistem Telekomunikasi Gedung|Sedang|Kualitas material|Retak/pecah|1470000.0
Tolong dong Filter Air di Gedung Parkir lantai 5 zona Utara rusak bgt, dmn airnya bocor deras banget, gk tau dmn letak kebocorannya, tolong cepat bantu perbaiki ya|Filter Air mengalami kerusakan berat karena aus normal, perlu dilakukan perbaikan segera dengan mengganti komponen yang rusak|Filter Air|Gedung Parkir|Lantai 5|Zona Utara|Distribusi Air|Fatal|Aus normal|Retak/pecah|50000000.0
Mohon bantuan perbaikan Filter Air di Gedung Parkir lantai 5 zona Utara karena mengalami kebocoran air yang sangat parah, sehingga menyebabkan kerusakan pada komponen lainnya|Filter Air mengalami kerusakan fatal karena aus normal, perlu dilakukan perbaikan segera dengan mengganti komponen yang rusak, perkiraan biaya perbaikan sebesar Rp 50000000|Filter Air|Gedung Parkir|Lantai 5|Zona Utara|Distribusi Air|Fatal|Aus normal|Retak/pecah|50000000.0
Halo, mikrofon di Gedung Parkir lantai 1 zona Barat rusak nih, gk tau dmn letak kerusakannya, tp bunyi pelan bgt, tolong dong diperbaiki yg|Perbaikan mikrofon akibat kualitas material yang rendah, dilakukan pembersihan dan penggantian komponen yang rusak, biaya perbaikan sebesar Rp 50000|Mikrofon|Gedung Parkir|Lantai 1|Zona Barat|Sistem Telekomunikasi Gedung|Ringan|Kualitas material|Retak/pecah|50000.0
Mohon perbaikan mikrofon di Gedung Parkir lantai 1 zona Barat, karena mengalami kerusakan ringan berupa bunyi pelan, saya harap dapat segera diperbaiki|Perbaikan mikrofon dilakukan dengan mengganti komponen yang rusak dan membersihkan bagian dalam, karena kualitas material yang tidak baik, biaya perbaikan Rp 50000|Mikrofon|Gedung Parkir|Lantai 1|Zona Barat|Sistem Telekomunikasi Gedung|Ringan|Kualitas material|Retak/pecah|50000.0
Tolong dong AC Split di Gedung B lantai 4 zona Barat bgt rusak nih, bahkan meledak gitu, gk tau knp, yg penting dibenerin dmn|Overload pada sistem pendingin, perlu dilakukan perbaikan dan penggantian komponen yang rusak|AC Split|Gedung B|Lantai 4|Zona Barat|Mechanical|Fatal|Overload|Mati mendadak|37420000.0
Mohon bantuan untuk memperbaiki AC Split yang terletak di Gedung B, lantai 4, zona Barat, karena telah mengalami kerusakan fatal berupa meledak, sehingga tidak dapat digunakan|Overload pada sistem pendingin, perlu dilakukan perbaikan dan penggantian komponen yang rusak, dengan biaya perbaikan sebesar|AC Split|Gedung B|Lantai 4|Zona Barat|Mechanical|Fatal|Overload|Mati mendadak|37420000.0
Gedung D lantai 9 zona Barat MDB-nya mati total bgt, gk tau dmn masalahnya, tolong dong cepat|Perbaikan dilakukan karena human error, teknisi melakukan pengecekan dan perbaikan pada sistem electrical, biaya perbaikan sebesar Rp 2620000|MDB|Gedung D|Lantai 9|Zona Barat|Electrical|Berat|Human error|Lampu mati|2620000.0
Lapor, MDB di Gedung D lantai 9 zona Barat mati|Human error menyebabkan kerusakan, dilakukan perbaikan dan penggantian komponen yang rusak|MDB|Gedung D|Lantai 9|Zona Barat|Electrical|Berat|Human error|Lampu mati|2620000.0
Mohon bantuan, MDB di Gedung D lantai 9 zona Barat mengalami kerusakan berat, lampu sudah tidak nyala sama sekali|Kerusakan disebabkan oleh human error, teknisi melakukan perbaikan dan pengecekan menyeluruh, biaya perbaikan Rp 2620000|MDB|Gedung D|Lantai 9|Zona Barat|Electrical|Berat|Human error|Lampu mati|2620000.0
Tolong dong Smoke Detector di Gedung B lantai 4 zona Barat rusak nih, bgt kotor dan berdebu juga, gk tau kenapa, tapi yg jelas perlu diperbaiki secepatnya!|Smoke Detector mengalami kebocoran karena getaran, perlu dilakukan pembersihan dan penggantian komponen yang rusak|Smoke Detector|Gedung B|Lantai 4|Zona Barat|Sistem Proteksi Kebakaran Aktif|Ringan|Getaran|Kebocoran|520000.0
Mohon bantuan untuk memperbaiki Smoke Detector di Gedung B lantai 4 zona Barat, karena sudah tidak berfungsi dengan baik, mungkin karena kotor atau berdebu, perlu dilakukan pembersihan dan penggantian komponen yang rusak|Smoke Detector mengalami kebocoran karena getaran, perlu dilakukan pembersihan dan penggantian komponen yang rusak dengan biaya sekitar 520000|Smoke Detector|Gedung B|Lantai 4|Zona Barat|Sistem Proteksi Kebakaran Aktif|Ringan|Getaran|Kebocoran|520000.0
Tolong dong SDB di Gedung E lantai 4 zona Barat rusak nih, bgt netes air terus bgt, gk tau dmn salahnya, tolong bantu yg!|Korosi pada SDB diatasi dengan penggantian komponen yang rusak dan pembersihan secara menyeluruh, biaya perbaikan sebesar Rp 610000|SDB|Gedung E|Lantai 4|Zona Barat|Electrical|Sedang|Korosi|Suhu tidak stabil|610000.0
Mohon bantu perbaiki SDB di Gedung E lantai 4 zona Barat, karena mengalami kerusakan berupa suhu yang tidak stabil, dan terdengar berisik banget|Pemeriksaan menunjukkan adanya korosi pada komponen SDB, dilakukan perbaikan dengan mengganti komponen yang rusak dan membersihkan sistem, biaya perbaikan Rp 610000|SDB|Gedung E|Lantai 4|Zona Barat|Electrical|Sedang|Korosi|Suhu tidak stabil|610000.0
Tolong dong Manual Transfer Switch (MTS Panel) di Gedung Utama lantai 4 zona Barat rusak bgt, yg bocor deras gk tau dmn asalnya, tolong cepat bgt!|Perbaikan Manual Transfer Switch (MTS Panel) dilakukan dengan mengganti sensor yang rusak dan menstabilkan tegangan|Manual Transfer Switch (MTS Panel)|Gedung Utama|Lantai 4|Zona Barat|Electrical|Fatal|Tegangan tidak stabil|Sensor error|2980000.0
Tolong dong Dinding Partisi, GRC / Gypsum di Gedung C lantai 6 zona Tengah mati total bgt, gk tau dmn salahnya, tolong bantu ya|Dinding Partisi, GRC / Gypsum mengalami kerusakan karena Kurang perawatan, perlu perbaikan remote|Dinding Partisi, GRC / Gypsum|Gedung C|Lantai 6|Zona Tengah|Civil|Berat|Kurang perawatan|Remote tidak berfungsi|4030000.0
Dengan hormat, saya melaporkan bahwa Dinding Partisi, GRC / Gypsum di Gedung C lantai 6 zona Tengah mengalami kerusakan yang cukup parah, yaitu remote tidak berfungsi, tolong periksa dan perbaiki|Dinding Partisi, GRC / Gypsum mengalami kerusakan karena Kurang perawatan, perlu perbaikan remote dengan biaya perbaikan sebesar Rp 4030000|Dinding Partisi, GRC / Gypsum|Gedung C|Lantai 6|Zona Tengah|Civil|Berat|Kurang perawatan|Remote tidak berfungsi|4030000.0
Tolong dong Pesawat Telepon di Gedung C lantai 6 zona Tengah rusak nih, bunyi pelan banget, gk tau dmn letak kerusakannya, tp yakin bgt perlu diperbaiki secepatnya|Perbaikan dilakukan dengan membersihkan korosi pada bagian dalam Pesawat Telepon, kemudian mengganti komponen yang rusak, biaya perbaikan sebesar Rp 180000|Pesawat Telepon|Gedung C|Lantai 6|Zona Tengah|Sistem Telekomunikasi Gedung|Ringan|Korosi|Aliran lemah|180000.0
Mohon perhatian, terdapat masalah pada Pesawat Telepon yang terletak di Gedung C, lantai 6, zona Tengah, gejala yang teramati adalah bunyi pelan, perlu dilakukan perbaikan segera|Tindakan perbaikan meliputi pembersihan korosi dan penggantian komponen yang rusak, dengan biaya perbaikan yang diperlukan sebesar Rp 180000|Pesawat Telepon|Gedung C|Lantai 6|Zona Tengah|Sistem Telekomunikasi Gedung|Ringan|Korosi|Aliran lemah|180000.0
Tolong dong Sistem Gas Pemadam Api di Gedung Utama lantai 17 zona Barat rusak nih, gk tau knp tiba2 mati, bgt yaa!|Kerusakan disebabkan oleh kualitas material yang rendah, perlu dilakukan penggantian komponen|Sistem Gas Pemadam Api|Gedung Utama|Lantai 17|Zona Barat|Sistem Pemadam Kebakaran|Sedang|Kualitas material|Mati mendadak|390000.0
Tolong dong Dinding Kaca Tempered di Gedung C lantai 7 zona Tengah rusak bgt, netes air terus, gk tahu dmn masalahnya, tolong bantu yg, bgt!|Laporan teknisi: Human error menyebabkan kerusakan, perlu perbaikan segera dengan mengganti komponen yang rusak|Dinding Kaca Tempered|Gedung C|Lantai 7|Zona Tengah|Civil|Sedang|Human error|Performa menurun|710000.0
Mohon bantuan, saya menemukan masalah pada Dinding Kaca Tempered di Gedung C, lantai 7, zona Tengah, yang mengalami kerusakan berupa netes air terus, mohon dicek dan diperbaiki segera|Laporan teknisi: Setelah melakukan inspeksi, ditemukan bahwa kerusakan disebabkan oleh Human error, perbaikan telah dilakukan dengan mengganti komponen yang rusak, dengan biaya perbaikan sebesar Rp 710000|Dinding Kaca Tempered|Gedung C|Lantai 7|Zona Tengah|Civil|Sedang|Human error|Performa menurun|710000.0
Tolong dong Uninterruptible Power Supply di Gedung Parkir lantai 3 zona Selatan rusak bgt, nyetrum, gk tau dmn letak kerusakannya, tolong bantu yg|Uninterruptible Power Supply mengalami kerusakan akibat aus normal, dilakukan perbaikan dengan mengganti komponen yang rusak, biaya perbaikan sebesar Rp 42310000|Uninterruptible Power Supply|Gedung Parkir|Lantai 3|Zona Selatan|Electrical|Fatal|Aus normal|Berkarat/korosi|42310000.0
Mohon bantuan, Uninterruptible Power Supply di Gedung Parkir lantai 3 zona Selatan mengalami kerusakan parah, nyetrum, perlu perbaikan segera|Uninterruptible Power Supply mengalami kerusakan akibat aus normal, dilakukan perbaikan dengan mengganti komponen yang rusak, biaya perbaikan sebesar Rp 42310000|Uninterruptible Power Supply|Gedung Parkir|Lantai 3|Zona Selatan|Electrical|Fatal|Aus normal|Berkarat/korosi|42310000.0
Tolong dong Pesawat Telepon di Gedung B lantai 1 zona Barat rusak bgt, mati total, gk tau dmn salahnya, tolong bantu yg, bgt!|Ditemukan kerusakan pada sistem telepon, kemungkinan disebabkan oleh kelembaban tinggi, perlu dilakukan perbaikan dan penggantian komponen yang rusak|Pesawat Telepon|Gedung B|Lantai 1|Zona Barat|Sistem Telekomunikasi Gedung|Berat|Kelembaban tinggi|Tekanan tidak stabil|7730000.0
Mohon bantu perbaiki Pesawat Telepon di Gedung B lantai 1 zona Barat, karena sudah mati total dan tidak berfungsi, terima kasih|Kerusakan pada pesawat telepon disebabkan oleh kelembaban tinggi, perlu dilakukan perbaikan dan penggantian komponen yang rusak untuk mengembalikan fungsi telepon|Pesawat Telepon|Gedung B|Lantai 1|Zona Barat|Sistem Telekomunikasi Gedung|Berat|Kelembaban tinggi|Tekanan tidak stabil|7730000.0
Tolong dong Plafon Gypsum / GRC di Gedung E lantai 1 zona Tengah rusak nih, gk tau kenapa, bgt berisik banget!|Laporan teknisi: Perbaikan plafon gypsum/GRC dengan membersihkan bagian yang tersumbat dan mengurangi kelembaban, biaya perbaikan sebesar Rp 870000|Plafon Gypsum / GRC|Gedung E|Lantai 1|Zona Tengah|Arsitektur|Sedang|Kelembaban tinggi|Macet/tersumbat|870000.0
Mohon perhatian, terdapat kerusakan pada Plafon Gypsum / GRC di Gedung E lantai 1 zona Tengah, gejala yang terjadi adalah berisik banget dan netes air, mohon segera ditangani|Laporan teknisi: Perbaikan plafon gypsum/GRC dengan membersihkan bagian yang tersumbat, mengurangi kelembaban tinggi, dan mengganti bagian yang rusak, dengan biaya perbaikan Rp 870000|Plafon Gypsum / GRC|Gedung E|Lantai 1|Zona Tengah|Arsitektur|Sedang|Kelembaban tinggi|Macet/tersumbat|870000.0
Tolong dong Smoke Detector di Gedung A lantai 13 zona Selatan rusak nih, gk nyala sama sekali bgt, tolong cepat dicek ya!|Overload pada sistem Smoke Detector menyebabkan koneksi terputus, perbaikan dilakukan dengan mengganti komponen yang rusak dan memastikan tidak terjadi overload lagi|Smoke Detector|Gedung A|Lantai 13|Zona Selatan|Sistem Proteksi Kebakaran Aktif|Berat|Overload|Koneksi terputus|6400000.0
Mohon bantuan untuk memperbaiki Smoke Detector di Gedung A lantai 13 zona Selatan yang tidak nyala sama sekali, kami sangat membutuhkan perbaikan secepatnya|Perbaikan dilakukan dengan mengidentifikasi penyebab overload dan mengganti komponen yang rusak, biaya perbaikan sebesar Rp 6400000|Smoke Detector|Gedung A|Lantai 13|Zona Selatan|Sistem Proteksi Kebakaran Aktif|Berat|Overload|Koneksi terputus|6400000.0
Tolong dong APAR Dry Powder Cartridge di Gedung A lantai 14 zona Barat rusak bgt, gk tau kenapa, tapi yg jelas mogok total, tolong bantu, dmn bisa kontak?|APAR Dry Powder Cartridge mengalami kerusakan karena kelembaban tinggi yang menyebabkan koneksi terputus, perlu dilakukan perbaikan dan penggantian komponen|APAR Dry Powder Cartridge|Gedung A|Lantai 14|Zona Barat|Sistem Pemadam Kebakaran|Berat|Kelembaban tinggi|Koneksi terputus|10520000.0
Mohon bantuan untuk memperbaiki APAR Dry Powder Cartridge di Gedung A lantai 14 zona Barat, karena telah mengalami kerusakan yang cukup berat, yaitu mati total, dan perlu dilakukan tindakan perbaikan secepatnya|APAR Dry Powder Cartridge mengalami kerusakan karena kelembaban tinggi yang menyebabkan koneksi terputus, dilakukan perbaikan dan penggantian komponen dengan biaya Rp 10520000|APAR Dry Powder Cartridge|Gedung A|Lantai 14|Zona Barat|Sistem Pemadam Kebakaran|Berat|Kelembaban tinggi|Koneksi terputus|10520000.0
Tolong dong Plafon Gypsum / GRC di Gedung C lantai 4 zona Selatan rusak bgt, gk tahu dmn letak kerusakannya, tp yg jelas kedap-kedip banget!|Laporan teknisi: Korosi pada plafon Gypsum / GRC, perlu pengecatan ulang dan penggantian komponen yang rusak|Plafon Gypsum / GRC|Gedung C|Lantai 4|Zona Selatan|Arsitektur|Sedang|Korosi|Tampilan rusak|1450000.0
Mohon perhatian, Plafon Gypsum / GRC di Gedung C lantai 4 zona Selatan mengalami kerusakan, yaitu tampilan yang rusak, sehingga perlu dilakukan perbaikan|Laporan teknisi: Korosi pada plafon Gypsum / GRC, dilakukan pengecatan ulang dan penggantian komponen yang rusak dengan biaya Rp 1450000|Plafon Gypsum / GRC|Gedung C|Lantai 4|Zona Selatan|Arsitektur|Sedang|Korosi|Tampilan rusak|1450000.0
Tolong dong Lampu Downlight di Gedung A lantai 12 zona Utara rusak bgt, nyetrum, gk tau dmn letak masalahnya, tolong bantu yaa|Lampu Downlight mengalami kerusakan akibat usia pakai, dilakukan penggantian komponen yang rusak dan pengecekan sistem secara menyeluruh, biaya perbaikan sebesar Rp 8670000|Lampu Downlight|Gedung A|Lantai 12|Zona Utara|Electrical|Fatal|Usia pakai|Getaran berlebihan|8670000.0
Mohon bantuan, Lampu Downlight di Gedung A lantai 12 zona Utara mengalami kerusakan yang sangat parah, terjadi nyetrum dan getaran berlebihan, mohon segera ditangani|Lampu Downlight mengalami kerusakan akibat usia pakai, dilakukan penggantian komponen yang rusak dan pengecekan sistem secara menyeluruh|Lampu Downlight|Gedung A|Lantai 12|Zona Utara|Electrical|Fatal|Usia pakai|Getaran berlebihan|8670000.0
Tolong dong Ground Water Tank di Gedung D lantai 1 zona Timur rusak bgt, suhu airnya gk stabil, dmn saya harus lapor ya?|Laporan teknisi: Ground Water Tank mengalami kerusakan karena Faktor lingkungan, perlu dilakukan perbaikan suhu untuk menghindari kerusakan lebih lanjut dengan biaya sebesar Rp 49380000|Ground Water Tank|Gedung D|Lantai 1|Zona Timur|Distribusi Air|Fatal|Faktor lingkungan|Suhu tidak stabil|49380000.0
Mohon perhatian, terdapat kerusakan pada Ground Water Tank di Gedung D lantai 1 zona Timur, suhu airnya tidak stabil dan menyebabkan kerusakan yang cukup parah|Laporan teknisi: Ground Water Tank mengalami kerusakan karena Faktor lingkungan, perlu dilakukan perbaikan suhu untuk menghindari kerusakan lebih lanjut dengan melakukan penggantian komponen yang rusak, biaya perbaikan diperkirakan sebesar Rp 49380000|Ground Water Tank|Gedung D|Lantai 1|Zona Timur|Distribusi Air|Fatal|Faktor lingkungan|Suhu tidak stabil|49380000.0
Halo, saya mau lapor, Pompa Boster di Gedung D lantai 4 zona Timur bunyi banget, bgt berisik, gk tahu penyebabnya, yg bisa bantu?|Setelah dilakukan inspeksi, ditemukan bahwa kualitas material pompa booster tidak memadai, sehingga menimbulkan bunyi abnormal. Tindakan perbaikan yang dilakukan adalah mengganti komponen yang rusak dan memastikan semua bagian dalam kondisi baik. Biaya perbaikan sebesar Rp 1210000|Pompa Boster|Gedung D|Lantai 4|Zona Timur|Mechanical|Sedang|Kualitas material|Bunyi abnormal|1210000.0
Mohon bantuan, Pompa Boster di Gedung D, lantai 4, zona Timur mengalami masalah bunyi abnormal, sehingga sangat mengganggu. Saya mohon untuk segera ditangani|Pompa booster yang mengalami bunyi abnormal dicek dan ditemukan bahwa kualitas material yang digunakan tidak sesuai standar, sehingga perlu dilakukan perbaikan dengan mengganti komponen yang rusak. Biaya yang diperlukan untuk perbaikan ini adalah Rp 1210000|Pompa Boster|Gedung D|Lantai 4|Zona Timur|Mechanical|Sedang|Kualitas material|Bunyi abnormal|1210000.0
Tolong dong Control Panel AC di Gedung C lantai 8 zona Selatan rusak nih, bgt berisik banget dan kurang dingin, gk tau dmn letak masalahnya, tolong bantu yg, pls|Control Panel AC mengalami korsleting, dilakukan perbaikan dengan mengganti komponen yang rusak, biaya perbaikan sebesar Rp 420000|Control Panel AC|Gedung C|Lantai 8|Zona Selatan|Electrical|Sedang|Aus normal|Korsleting|420000.0
Mohon bantuan untuk perbaikan Control Panel AC di Gedung C lantai 8 zona Selatan, karena mengalami gangguan berisik dan kurang dingin, mohon dilakukan pengecekan dan perbaikan secepatnya|Control Panel AC mengalami korsleting akibat aus normal, dilakukan perbaikan dengan mengganti komponen yang rusak dan melakukan pengecekan ulang, biaya perbaikan sebesar Rp 420000|Control Panel AC|Gedung C|Lantai 8|Zona Selatan|Electrical|Sedang|Aus normal|Korsleting|420000.0
Tolong dong Wiring System (Sistem Instalasi Kabel) di Gedung E lantai 5 zona Timur rusak bgt, gk tahu dmn salahnya, tapi suhu nya bener2 tidak stabil!|Ditemukan kerusakan pada Wiring System (Sistem Instalasi Kabel) akibat getaran, dilakukan perbaikan dan penggantian komponen yang rusak|Wiring System (Sistem Instalasi Kabel)|Gedung E|Lantai 5|Zona Timur|Electrical|Fatal|Getaran|Suhu tidak stabil|8810000.0
Mohon bantuan, Wiring System (Sistem Instalasi Kabel) di Gedung E lantai 5 zona Timur mengalami kerusakan fatal akibat getaran yang menyebabkan suhu tidak stabil|Dilakukan analisis dan perbaikan pada Wiring System (Sistem Instalasi Kabel) untuk mengatasi kerusakan akibat getaran, biaya perbaikan sebesar Rp 8810000|Wiring System (Sistem Instalasi Kabel)|Gedung E|Lantai 5|Zona Timur|Electrical|Fatal|Getaran|Suhu tidak stabil|8810000.0
Tolong dong Dinding Walpaper di Gedung C lantai 6 zona Timur bgt berisik banget dan netes air yg gk biasa dmn biasanya gk kayak gini bgt|Dinding Walpaper mengalami korosi yang cukup parah sehingga memerlukan perbaikan segera dengan mengganti komponen yang rusak|Dinding Walpaper|Gedung C|Lantai 6|Zona Timur|Civil|Sedang|Korosi|Retak/pecah|2310000.0
Mohon perhatian, kami memiliki masalah dengan Dinding Walpaper di Gedung C lantai 6 zona Timur yang mengalami kerusakan berupa retak/pecah dan netes air|Dinding Walpaper mengalami korosi yang memerlukan perbaikan segera dengan mengganti komponen yang rusak dan memastikan kekuatan struktur dengan biaya perbaikan sebesar Rp 2310000|Dinding Walpaper|Gedung C|Lantai 6|Zona Timur|Civil|Sedang|Korosi|Retak/pecah|2310000.0
Tolong dong Dinding Partisi, GRC / Gypsum di Gedung D lantai 12 zona Timur rusak bgt, gk tau dmn salahnya, yg jelas mogok total!|Ditemukan korosi pada dinding partisi, perlu diganti dengan bahan yang tahan korosi, biaya perbaikan sebesar Rp 5370000|Dinding Partisi, GRC / Gypsum|Gedung D|Lantai 12|Zona Timur|Civil|Berat|Korosi|Kebocoran|5370000.0
Mohon periksa Dinding Partisi, GRC / Gypsum di Gedung D lantai 12 zona Timur, karena telah mengalami kebocoran yang disebabkan oleh korosi, perlu perbaikan segera dan profesional.|Dilakukan perbaikan dengan mengganti komponen yang rusak dan membersihkan area yang terkena korosi, biaya perbaikan Rp 5370000|Dinding Partisi, GRC / Gypsum|Gedung D|Lantai 12|Zona Timur|Civil|Berat|Korosi|Kebocoran|5370000.0
Tolong dong Meja kerja di Gedung E lantai 3 zona Utara rusak bgt, gk nyala sama sekali, yg bisa bantu?|Usia pakai meja kerja sudah maksimal, perlu dilakukan perbaikan dan penggantian komponen|Meja kerja|Gedung E|Lantai 3|Zona Utara|Arsitektur|Berat|Usia pakai|Korsleting|4860000.0
Mohon bantuan perbaikan Meja kerja di Gedung E lantai 3 zona Utara, karena sudah tidak nyala sama sekali|Kerusakan disebabkan oleh usia pakai yang sudah maksimal, sehingga perlu dilakukan perbaikan dan penggantian komponen, dengan biaya perbaikan sebesar Rp 4860000|Meja kerja|Gedung E|Lantai 3|Zona Utara|Arsitektur|Berat|Usia pakai|Korsleting|4860000.0
Tolong dong Lampu LED di Gedung B lantai 2 zona Tengah rusak bgt, gk nyala sama sekali, tolong bantu yg, dmn saya harus hubungi?|Lampu LED di Gedung B lantai 2 zona Tengah mengalami kerusakan total karena Faktor lingkungan, dilakukan perbaikan dengan mengganti komponen yang rusak|Lampu LED|Gedung B|Lantai 2|Zona Tengah|Electrical|Berat|Faktor lingkungan|Tidak berfungsi total|3680000.0
Mohon bantuan, Lampu LED di Gedung B lantai 2 zona Tengah tidak berfungsi dengan baik, sehingga perlu dilakukan perbaikan segera.|Lampu LED di Gedung B lantai 2 zona Tengah mengalami kerusakan total karena Faktor lingkungan, dilakukan perbaikan dengan mengganti komponen yang rusak, biaya perbaikan sebesar 3680000|Lampu LED|Gedung B|Lantai 2|Zona Tengah|Electrical|Berat|Faktor lingkungan|Tidak berfungsi total|3680000.0
Tolong dong Roof Tank di Gedung Servis lantai 3 zona Utara rusak bgt, gk tau dmn letak kerusakannya, tolong cek ya!|Ditemukan kerusakan karena human error, dilakukan perbaikan dengan mengganti komponen yang rusak|Roof Tank|Gedung Servis|Lantai 3|Zona Utara|Distribusi Air|Berat|Human error|Berkarat/korosi|8500000.0
Mohon bantuan untuk perbaikan Roof Tank di Gedung Servis lantai 3 zona Utara, karena mengalami kerusakan yang cukup parah|Kerusakan akibat human error, tindakan perbaikan telah dilakukan dengan memperbaiki komponen yang rusak dan membersihkan area sekitar|Roof Tank|Gedung Servis|Lantai 3|Zona Utara|Distribusi Air|Berat|Human error|Berkarat/korosi|8500000.0
Tolong dong Kursi di Gedung A lantai 2 zona Utara rusak bgt, gk tau dmn letak kerusakannya, tp yg jelas berisik banget pas dipakai, bantu yah!|Kerusakan Kursi di Gedung A lantai 2 zona Utara disebabkan oleh Getaran, perlu dilakukan perbaikan untuk menghilangkan sumber getaran dan mengganti komponen yang rusak, biaya perbaikan sebesar Rp 1580000|Kursi|Gedung A|Lantai 2|Zona Utara|Arsitektur|Sedang|Getaran|Aus/abrasi|1580000.0
Mohon bantuan perbaikan Kursi di Gedung A lantai 2 zona Utara, karena Kursi tersebut mengalami kerusakan yang menyebabkan berisik banget, kemungkinan disebabkan oleh Getaran, mohon dilakukan pengecekan dan perbaikan yang sesuai|Kerusakan Kursi di Gedung A lantai 2 zona Utara disebabkan oleh Getaran, perlu dilakukan perbaikan untuk menghilangkan sumber getaran dan mengganti komponen yang rusak|Kursi|Gedung A|Lantai 2|Zona Utara|Arsitektur|Sedang|Getaran|Aus/abrasi|1580000.0
Tolong dong Dinding Tembok/Mansonry di Gedung Utama lantai 7 zona Selatan rusak bgt, mati total nih, gk tau dmn salahnya, tolong bantu|Korosi pada dinding tembok/masonry telah menyebabkan korsleting, perlu dilakukan perbaikan dengan mengganti komponen yang rusak|Dinding Tembok/Mansonry|Gedung Utama|Lantai 7|Zona Selatan|Civil|Berat|Korosi|Korsleting|6280000.0
Mohon bantuan untuk perbaikan Dinding Tembok/Mansonry di Gedung Utama lantai 7 zona Selatan yang mengalami kerusakan berat|Kerusakan disebabkan oleh korosi yang menyebabkan korsleting, perlu dilakukan perbaikan segera dengan biaya perbaikan sebesar Rp 6280000|Dinding Tembok/Mansonry|Gedung Utama|Lantai 7|Zona Selatan|Civil|Berat|Korosi|Korsleting|6280000.0
Tolong dong Meter Provider di Gedung B lantai 5 zona Tengah rusak nih, gk tau dmn salahnya, bgt rusaknya, tolong cepat|Ditemukan kerusakan pada Meter Provider karena Kelembaban tinggi, dilakukan perbaikan dengan mengganti komponen yang rusak|Meter Provider|Gedung B|Lantai 5|Zona Tengah|Pencatatan Meter|Berat|Kelembaban tinggi|Aus/abrasi|7210000.0
Mohon bantuan untuk memperbaiki Meter Provider yang terletak di Gedung B lantai 5 zona Tengah, karena telah mengalami kerusakan yang cukup parah|Kerusakan pada Meter Provider disebabkan oleh Kelembaban tinggi, dilakukan perbaikan dengan mengganti komponen yang rusak, biaya perbaikan sebesar Rp 7210000|Meter Provider|Gedung B|Lantai 5|Zona Tengah|Pencatatan Meter|Berat|Kelembaban tinggi|Aus/abrasi|7210000.0
Tolong dong APAR CO2 di Gedung A lantai 4 zona Timur rusak bgt, gk tau dmn letak kerusakannya, tapi yg jelas udah meledak dan bau gosong, tolong bantu yg gk bisa diatasi sendiri|Lakukan pengecekan rutin dan perbaikan pada APAR CO2 yang rusak karena getaran, lakukan penggantian komponen yang rusak dan penyesuaian suhu|APAR CO2|Gedung A|Lantai 4|Zona Timur|Sistem Pemadam Kebakaran|Fatal|Getaran|Suhu tidak stabil|9000000.0
Mohon bantuan untuk memperbaiki APAR CO2 di Gedung A lantai 4 zona Timur yang telah mengalami kerusakan fatal karena getaran, sehingga menyebabkan suhu tidak stabil dan meledak|Lakukan analisis kerusakan APAR CO2 yang disebabkan oleh getaran, lalu lakukan perbaikan dan penggantian komponen yang rusak, serta penyesuaian suhu untuk mencegah kerusakan lebih lanjut|APAR CO2|Gedung A|Lantai 4|Zona Timur|Sistem Pemadam Kebakaran|Fatal|Getaran|Suhu tidak stabil|9000000.0
Tolong dong AC Split di Gedung D lantai 4 zona Barat tiba-tiba bocor deras bgt, gk bisa dipake lagi, tolong bantu yg, dmn ada teknisi?!|Kelembaban tinggi menyebabkan kerusakan, perlu penggantian spare part dan perawatan rutin, biaya perbaikan sebesar Rp 27250000|AC Split|Gedung D|Lantai 4|Zona Barat|Mechanical|Fatal|Kelembaban tinggi|Bunyi abnormal|27250000.0
Mohon bantuan untuk perbaikan AC Split di Gedung D lantai 4 zona Barat, karena terjadi kebocoran dan kerusakan yang cukup parah, sehingga menyebabkan bunyi abnormal dan tidak bisa digunakan, mohon teknisi untuk segera memeriksa dan memperbaiki|Kelembaban tinggi menyebabkan kerusakan, perlu penggantian spare part dan perawatan rutin, biaya perbaikan sebesar Rp 27250000|AC Split|Gedung D|Lantai 4|Zona Barat|Mechanical|Fatal|Kelembaban tinggi|Bunyi abnormal|27250000.0
Gue butuh bantuan, dmn Gedung C lantai 4 zona Selatan Dinding Tembok/Mansonry-nya sering mati mendadak bgt, gk tau penyebabnya, tolong dong|Dinding Tembok/Mansonry mengalami kerusakan akibat Tegangan tidak stabil, dilakukan perbaikan dengan pengecekan dan penggantian komponen yang rusak, biaya perbaikan sebesar Rp 580000|Dinding Tembok/Mansonry|Gedung C|Lantai 4|Zona Selatan|Civil|Sedang|Tegangan tidak stabil|Mati mendadak|580000.0
Mohon bantuan untuk perbaikan Dinding Tembok/Mansonry di Gedung C lantai 4 zona Selatan yang mengalami kerusakan, terutama sering mati mendadak, tolong segera ditangani|Dinding Tembok/Mansonry mengalami kerusakan akibat Tegangan tidak stabil, dilakukan perbaikan dengan pengecekan dan penggantian komponen yang rusak, biaya perbaikan sebesar Rp 580000|Dinding Tembok/Mansonry|Gedung C|Lantai 4|Zona Selatan|Civil|Sedang|Tegangan tidak stabil|Mati mendadak|580000.0
Tolong dong Lampu Wall sign di Gedung C lantai 1 zona Utara bgt rusak nih, nyetrum gk tau dmn letak masalahnya, tapi yg jelas Lampu Wall signnya meledak pas dipake|Lampu Wall sign mengalami kerusakan akibat Overload, perlu dilakukan perbaikan koneksi|Lampu Wall sign|Gedung C|Lantai 1|Zona Utara|Electrical|Fatal|Overload|Koneksi terputus|24240000.0
Mohon periksa Lampu Wall sign di Gedung C lantai 1 zona Utara, karena terjadi kecelakaan yang mengakibatkan Lampu Wall sign meledak, sehingga menyebabkan keadaan darurat|Lampu Wall sign mengalami kerusakan akibat Overload, perlu dilakukan perbaikan koneksi dengan biaya perbaikan sebesar 24240000|Lampu Wall sign|Gedung C|Lantai 1|Zona Utara|Electrical|Fatal|Overload|Koneksi terputus|24240000.0
Lantai Vinyl di Gedung B lantai 5 zona Tengah rusak bgt, gk tahu dmn letak kerusakannya, tolong dong bantu perbaiki yg, cepat!|Lantai Vinyl mengalami kebocoran akibat getaran, perlu dilakukan perbaikan dengan mengganti komponen yang rusak dan memastikan pemasangan yang tepat|Lantai Vinyl|Gedung B|Lantai 5|Zona Tengah|Civil|Berat|Getaran|Kebocoran|5380000.0
Mohon perhatian, Lantai Vinyl di Gedung B lantai 5 zona Tengah mengalami kerusakan berat, sehingga perlu dilakukan perbaikan segera|Lantai Vinyl mengalami kebocoran akibat getaran, perlu dilakukan perbaikan dengan mengganti komponen yang rusak dan memastikan pemasangan yang tepat, biaya perbaikan sebesar Rp 5380000|Lantai Vinyl|Gedung B|Lantai 5|Zona Tengah|Civil|Berat|Getaran|Kebocoran|5380000.0
Tolong dong APAR Dry Powder Cartridge di Gedung B lantai 4 zona Selatan rusak nih, bunyi abnormal terdengar, gk tau dmn salahnya, bgt|Kerusakan disebabkan kurang perawatan, perlu dilakukan pembersihan dan pengecekan rutin, biaya perbaikan sebesar Rp 160000|APAR Dry Powder Cartridge|Gedung B|Lantai 4|Zona Selatan|Sistem Pemadam Kebakaran|Ringan|Kurang perawatan|Bunyi abnormal|160000.0
Mohon periksa APAR Dry Powder Cartridge di Gedung B lantai 4 zona Selatan, terdengar bunyi abnormal, mohon ditangani secepatnya|Kerusakan disebabkan kurang perawatan, perlu dilakukan pembersihan dan pengecekan, biaya perbaikan akan ditentukan setelah pemeriksaan|APAR Dry Powder Cartridge|Gedung B|Lantai 4|Zona Selatan|Sistem Pemadam Kebakaran|Ringan|Kurang perawatan|Bunyi abnormal|160000.0
Tolong dong Dinding Batu Alam di Gedung B lantai 2 zona Tengah rusak bgt, gk bisa digunakan sama sekali, dmn ada yg bsa bntu?|Dinding Batu Alam mengalami kerusakan total karena kualitas material yang tidak memadai, perlu dilakukan perbaikan dengan mengganti material yang baru|Dinding Batu Alam|Gedung B|Lantai 2|Zona Tengah|Civil|Berat|Kualitas material|Tidak berfungsi total|5310000.0
Mohon bantuan untuk perbaikan Dinding Batu Alam di Gedung B lantai 2 zona Tengah, karena sudah tidak berfungsi sama sekali.|Dinding Batu Alam mengalami kerusakan parah karena kualitas material yang tidak memadai, perlu dilakukan perbaikan dengan mengganti material yang baru dan memadai, biaya perbaikan diperkirakan sebesar 5310000|Dinding Batu Alam|Gedung B|Lantai 2|Zona Tengah|Civil|Berat|Kualitas material|Tidak berfungsi total|5310000.0
Lampu LED Downlight di Gedung D lantai 4 zona Barat rusak bgt, dmn lampu nyala tapi tiba2 mati, gk tau knp, tolong dong cepat|Lampu LED Downlight mengalami kerusakan akibat Tegangan tidak stabil, perlu dilakukan perbaikan koneksi|Lampu LED Downlight|Gedung D|Lantai 4|Zona Barat|Electrical|Fatal|Tegangan tidak stabil|Koneksi terputus|24050000.0
Mohon perhatian, terdapat kerusakan pada Lampu LED Downlight di Gedung D lantai 4 zona Barat, lampu menyala kemudian tiba-tiba mati, mohon segera ditangani|Lampu LED Downlight mengalami kerusakan akibat Tegangan tidak stabil, perlu dilakukan perbaikan koneksi dengan biaya perbaikan sebesar Rp 24050000|Lampu LED Downlight|Gedung D|Lantai 4|Zona Barat|Electrical|Fatal|Tegangan tidak stabil|Koneksi terputus|24050000.0
Tolong dong APAB Dry Powder di Gedung D lantai 4 zona Utara rusak nih, bgt berisik banget dan netes air!|APAB Dry Powder mengalami kerusakan karena debu/kotoran, dilakukan pembersihan dan penggantian komponen yang rusak|APAB Dry Powder|Gedung D|Lantai 4|Zona Utara|Sistem Pemadam Kebakaran|Sedang|Debu/kotoran|Getaran berlebihan|610000.0
Mohon perhatian, APAB Dry Powder di Gedung D lantai 4 zona Utara mengalami gangguan, yaitu getaran berlebihan dan netes air, mohon segera ditangani|APAB Dry Powder mengalami kerusakan karena debu/kotoran, dilakukan pembersihan dan penggantian komponen yang rusak dengan biaya perbaikan sebesar Rp 610000|APAB Dry Powder|Gedung D|Lantai 4|Zona Utara|Sistem Pemadam Kebakaran|Sedang|Debu/kotoran|Getaran berlebihan|610000.0
Tolong dong Automatic Transfer Switch (ATS Panel) di Gedung A lantai 6 zona Utara rusak bgt, bunyi abnormal terus, gk tau dmn salahnya, tolong bantu yg, bgt|Laporan teknisi: kerusakan disebabkan faktor lingkungan, perlu pengecekan dan perawatan rutin, biaya perbaikan sebesar Rp 1130000|Automatic Transfer Switch (ATS Panel)|Gedung A|Lantai 6|Zona Utara|Electrical|Sedang|Faktor lingkungan|Bunyi abnormal|1130000.0
Mohon bantuan untuk perbaikan Automatic Transfer Switch (ATS Panel) di Gedung A lantai 6 zona Utara, karena mengeluarkan bunyi abnormal|Teknisi telah melakukan pengecekan dan perawatan, kemungkinan disebabkan faktor lingkungan, biaya perbaikan sebesar Rp 1130000|Automatic Transfer Switch (ATS Panel)|Gedung A|Lantai 6|Zona Utara|Electrical|Sedang|Faktor lingkungan|Bunyi abnormal|1130000.0
Gue butuh bantuan, AC Split di Gedung Utama lantai 8 zona Utara bgt rusak nih, air bocor deras bgt, tolong dong cepat|Laporan teknisi: Kerusakan disebabkan oleh Getaran, dilakukan perbaikan dan penggantian komponen yang rusak dengan biaya Rp 35870000|AC Split|Gedung Utama|Lantai 8|Zona Utara|Mechanical|Fatal|Getaran|Kebocoran|35870000.0
Mohon bantuan perbaikan AC Split di Gedung Utama lantai 8 zona Utara, karena mengalami kebocoran yang cukup parah dan menyebabkan kerusakan|Laporan teknisi: Kerusakan disebabkan oleh Getaran, dilakukan perbaikan dan penggantian komponen yang rusak|AC Split|Gedung Utama|Lantai 8|Zona Utara|Mechanical|Fatal|Getaran|Kebocoran|35870000.0
Tolong dong Dinding beton ekspos di Gedung C lantai 1 zona Selatan rusak nih, bgt kotor dan kusam, gk tau apa penyebabnya, tolong dicek yg|Dinding beton ekspos mengalami kerusakan karena kurang perawatan, perlu dilakukan pembersihan dan perawatan rutin|Dinding beton ekspos|Gedung C|Lantai 1|Zona Selatan|Civil|Ringan|Kurang perawatan|Mati mendadak|4890000.0
Mohon periksa Dinding beton ekspos di Gedung C lantai 1 zona Selatan karena terlihat kusam dan kotor, mungkin perlu perawatan|Dinding beton ekspos mengalami kerusakan karena kurang perawatan, perlu dilakukan pembersihan dan perawatan rutin dengan biaya perbaikan sebesar|Dinding beton ekspos|Gedung C|Lantai 1|Zona Selatan|Civil|Ringan|Kurang perawatan|Mati mendadak|4890000.0
Gw butuh bantuan, Heat Detector di Gedung D lantai 9 zona Tengah bgt rusak, nyetrum gk karuan, tolong dong!|Teknisi menemukan bahwa Heat Detector mengalami kerusakan karena Tegangan tidak stabil, sehingga dilakukan perbaikan dan penggantian komponen yang rusak, biaya perbaikan sebesar 34370000|Heat Detector|Gedung D|Lantai 9|Zona Tengah|Sistem Proteksi Kebakaran Aktif|Fatal|Tegangan tidak stabil|Aliran lemah|34370000.0
Mohon periksa Heat Detector di Gedung D lantai 9 zona Tengah, karena terjadi kebakaran yang menyebabkan kerusakan, mohon segera ditangani|Teknisi melakukan analisis dan menemukan bahwa Heat Detector mengalami kerusakan karena Tegangan tidak stabil, sehingga dilakukan perbaikan dan penggantian komponen yang rusak, dengan biaya perbaikan yang diperlukan|Heat Detector|Gedung D|Lantai 9|Zona Tengah|Sistem Proteksi Kebakaran Aktif|Fatal|Tegangan tidak stabil|Aliran lemah|34370000.0
Genset Bensin di Gedung D lantai 3 zona Tengah rusak bgt, yg benerin dmn sih?|Genset Bensin mengalami korosi parah, perlu dilakukan perbaikan dengan mengganti komponen yang rusak|Genset Bensin|Gedung D|Lantai 3|Zona Tengah|Mechanical|Berat|Korosi|Berkarat/korosi|1790000.0
Mohon perhatian, Genset Bensin di Gedung D lantai 3 zona Tengah mengalami kerusakan yang cukup parah, tidak dapat dioperasikan sama sekali|Genset Bensin mengalami korosi yang menyebabkan kerusakan berat, perlu dilakukan perbaikan dengan biaya sebesar Rp 1790000|Genset Bensin|Gedung D|Lantai 3|Zona Tengah|Mechanical|Berat|Korosi|Berkarat/korosi|1790000.0
Tolong dong FCU di Gedung A lantai 11 zona Timur rusak bgt, gk dingin lagi, netes air terus, dmn bgt solusinya?|FCU di Gedung A lantai 11 zona Timur mengalami kerusakan berkarat/korosi karena faktor lingkungan, perlu dilakukan perbaikan dan penggantian komponen yang rusak, biaya perbaikan sebesar Rp 1360000|FCU|Gedung A|Lantai 11|Zona Timur|Mechanical|Sedang|Faktor lingkungan|Berkarat/korosi|1360000.0
Mohon perhatian, FCU di Gedung A lantai 11 zona Timur mengalami masalah, kurang dingin dan netes air, mohon dicek dan diperbaiki secepatnya|FCU di Gedung A lantai 11 zona Timur mengalami kerusakan berkarat/korosi karena faktor lingkungan, perlu dilakukan perbaikan dan penggantian komponen yang rusak, biaya perbaikan sebesar Rp 1360000|FCU|Gedung A|Lantai 11|Zona Timur|Mechanical|Sedang|Faktor lingkungan|Berkarat/korosi|1360000.0
Tolong dong Lift Penumpang di Gedung B lantai 7 zona Tengah rusak nih, bunyi abnormal bgt, gk tahu dmn letak kerusakannya, tolong bantu perbaiki yg|Laporan teknisi: perbaikan dilakukan dengan mengganti komponen yang rusak, penyebab kerusakan adalah kualitas material, biaya perbaikan sebesar Rp 1210000|Lift Penumpang|Gedung B|Lantai 7|Zona Tengah|Sistem Transportasi Gedung|Sedang|Kualitas material|Bunyi abnormal|1210000.0
Mohon perhatian terkait Lift Penumpang di Gedung B lantai 7 zona Tengah yang mengalami bunyi abnormal, mohon dilakukan perbaikan segera|Laporan teknisi: perbaikan dilakukan dengan memperhatikan kualitas material, tindakan perbaikan meliputi penggantian komponen yang rusak, biaya perbaikan Rp 1210000|Lift Penumpang|Gedung B|Lantai 7|Zona Tengah|Sistem Transportasi Gedung|Sedang|Kualitas material|Bunyi abnormal|1210000.0
Tolong dong Monitor/Layar di Gedung Utama lantai 13 zona Tengah rusak bgt, gk tau dmn masalahnya, tp yg jelas mati total, bgt!|Laporan teknis: Monitor/Layar mengalami kerusakan akibat Aus normal, perlu dilakukan penggantian komponen|Monitor/Layar|Gedung Utama|Lantai 13|Zona Tengah|Sistem Telekomunikasi Gedung|Berat|Aus normal|Mati mendadak|10250000.0
Mohon bantuan, kami mengalami masalah dengan Monitor/Layar di Gedung Utama lantai 13 zona Tengah, karena mati total, sehingga kami ноntuhkan laporan teknis|Laporan teknis: Monitor/Layar mengalami kerusakan akibat Aus normal, perlu dilakukan penggantian komponen dengan biaya Rp 10250000|Monitor/Layar|Gedung Utama|Lantai 13|Zona Tengah|Sistem Telekomunikasi Gedung|Berat|Aus normal|Mati mendadak|10250000.0
Lift Executive di Gedung A lantai 8 zona Selatan rusak bgt, yg benerin dmn sih?|Ditemukan kerusakan pada remote Lift Executive Schindler, dilakukan perbaikan dengan mengganti remote baru karena aus normal|Lift Executive|Gedung A|Lantai 8|Zona Selatan|Sistem Transportasi Gedung|Berat|Aus normal|Remote tidak berfungsi|1250000.0
Lift Executive di Gedung A lantai 8 zona Selatan mengalami gangguan, mohon segera diperbaiki|Dilakukan inspeksi dan ditemukan bahwa remote Lift Executive Schindler mengalami kerusakan karena aus normal, kemudian dilakukan perbaikan dengan mengganti remote baru|Lift Executive|Gedung A|Lantai 8|Zona Selatan|Sistem Transportasi Gedung|Berat|Aus normal|Remote tidak berfungsi|1250000.0
Tolong dong Atap Asbes di Gedung Utama lantai 13 zona Timur rusak nih, gk tahu dmn letak kerusakannya, tp yg jelas atapnya jebol bgt!|Laporan teknis: Kerusakan pada Atap Asbes disebabkan oleh Kualitas material yang buruk, perlu dilakukan perbaikan dengan mengganti material yang rusak|Atap Asbes|Gedung Utama|Lantai 13|Zona Timur|Civil|Berat|Kualitas material|Aliran lemah|8750000.0
Mohon perhatian, Atap Asbes di Gedung Utama lantai 13 zona Timur mengalami kerusakan yang cukup parah, atapnya jebol dan tidak berfungsi dengan baik, mohon dilakukan perbaikan secepatnya|Laporan teknis: Kerusakan pada Atap Asbes disebabkan oleh Kualitas material yang buruk, perlu dilakukan perbaikan dengan mengganti material yang rusak dan memperbaiki sistem aliran, dengan biaya perbaikan sebesar Rp 8750000|Atap Asbes|Gedung Utama|Lantai 13|Zona Timur|Civil|Berat|Kualitas material|Aliran lemah|8750000.0
Tolong dong Pintu Kayu/HPL di Gedung B lantai 4 zona Utara rusak nih, gk tau knp tiba2 bunyi pelan bgt, yg penting dibenerin ya|Debu/kotoran menyebabkan korsleting, perbaikan dengan membersihkan debu dan mengganti komponen yang rusak|Pintu Kayu/HPL|Gedung B|Lantai 4|Zona Utara|Arsitektur|Ringan|Debu/kotoran|Korsleting|470000.0
Mohon periksa Pintu Kayu/HPL di Gedung B lantai 4 zona Utara, karena terdengar bunyi pelan dan tidak berfungsi dengan baik|Debu/kotoran menyebabkan korsleting, perbaikan dengan membersihkan debu dan mengganti komponen yang rusak, biaya perbaikan sebesar Rp 470000|Pintu Kayu/HPL|Gedung B|Lantai 4|Zona Utara|Arsitektur|Ringan|Debu/kotoran|Korsleting|470000.0
Gedung A, lantai 14, zona Selatan, MDP-nya meledak bgt, gk tau dmn letak kerusakannya, tolong dong, segera!|Getaran menyebabkan tampilan rusak, perlu perbaikan segera dengan mengganti komponen yang rusak|MDP|Gedung A|Lantai 14|Zona Selatan|Electrical|Fatal|Getaran|Tampilan rusak|19550000.0
Mohon bantuan, MDP di Gedung A lantai 14 zona Selatan mengalami kerusakan fatal karena getaran, sehingga tampilan rusak, tolong segera ditangani|Perbaikan dilakukan dengan mengganti komponen yang rusak karena getaran, dengan biaya perbaikan Rp 19550000|MDP|Gedung A|Lantai 14|Zona Selatan|Electrical|Fatal|Getaran|Tampilan rusak|19550000.0
Tolong dong Plafon Gypsum / GRC di Gedung C lantai 8 zona Barat rusak bgt, nyetrum, gk tau dmn yg bermasalah, tolong bantu yaa|Overload pada sistem, perlu peninjatan kapasitas untuk menghindari korsleting, biaya perbaikan sebesar Rp 28310000|Plafon Gypsum / GRC|Gedung C|Lantai 8|Zona Barat|Arsitektur|Fatal|Overload|Korsleting|28310000.0
Mohon bantuan untuk perbaikan Plafon Gypsum / GRC di Gedung C, lantai 8, zona Barat, karena terjadi korsleting yang menyebabkan nyetrum, sehingga sangat membahayakan|Ditemukan overload pada sistem, dilakukan perbaikan dengan mengganti komponen yang rusak dan menambah kapasitas, biaya perbaikan sebesar Rp 28310000|Plafon Gypsum / GRC|Gedung C|Lantai 8|Zona Barat|Arsitektur|Fatal|Overload|Korsleting|28310000.0
Lift Executive di Gedung D lantai 9 zona Tengah rusak nih, bgt berisik banget pas lg jalan, yg benerin dmn sih?|Lift Executive mengalami getaran yang menyebabkan kerusakan, perlu dilakukan pengecekan dan perbaikan sistem pendukung|Lift Executive|Gedung D|Lantai 9|Zona Tengah|Sistem Transportasi Gedung|Sedang|Getaran|Mati mendadak|1620000.0
Mohon bantuan, Lift Executive di Gedung D lantai 9 zona Tengah mengalami masalah, Lift tersebut mati mendadak dan berisik|Lift Executive mengalami getaran yang menyebabkan kerusakan, perlu dilakukan pengecekan dan perbaikan sistem pendukung dengan biaya perbaikan sebesar 1620000|Lift Executive|Gedung D|Lantai 9|Zona Tengah|Sistem Transportasi Gedung|Sedang|Getaran|Mati mendadak|1620000.0
Tolong dong Control Panel Penerangan di Gedung E lantai 4 zona Barat rusak bgt, nyetrum, gk bisa dinyalain lagi yg dmn tahu solusinya?|Laporan teknisi: Kerusakan disebabkan oleh kurang perawatan, perlu dilakukan pembersihan dan penggantian komponen yang rusak|Control Panel Penerangan|Gedung E|Lantai 4|Zona Barat|Electrical|Fatal|Kurang perawatan|Lampu mati|13010000.0
Mohon perhatian, Control Panel Penerangan di Gedung E lantai 4 zona Barat mengalami kerusakan fatal, nyetrum, dan tidak dapat dioperasikan. Perlu dilakukan perbaikan segera|Laporan teknisi: Kerusakan disebabkan oleh kurang perawatan, perlu dilakukan pembersihan dan penggantian komponen yang rusak dengan biaya sebesar Rp 13010000|Control Panel Penerangan|Gedung E|Lantai 4|Zona Barat|Electrical|Fatal|Kurang perawatan|Lampu mati|13010000.0
Tolong dong Control Panel AC di Gedung B lantai 3 zona Barat rusak bgt, gk tau dmn letak kerusakannya, tapi yg jelas AC gk nyala dan ada bau gosong, cepat bgt dong!|Lakukan pembersihan debu/kotoran pada kontrol panel AC dan periksa kondisi komponen elektronik, biaya perbaikan sebesar Rp 20020000|Control Panel AC|Gedung B|Lantai 3|Zona Barat|Electrical|Fatal|Debu/kotoran|Tekanan tidak stabil|20020000.0
Mohon perhatian, Control Panel AC di Gedung B lantai 3 zona Barat mengalami kerusakan fatal, yaitu terbakar dan tidak dapat digunakan, mohon segera dilakukan perbaikan|Diperlukan perbaikan kontrol panel AC karena kerusakan akibat debu/kotoran, tindakan perbaikan meliputi pembersihan dan penggantian komponen yang rusak, biaya perbaikan sebesar Rp 20020000|Control Panel AC|Gedung B|Lantai 3|Zona Barat|Electrical|Fatal|Debu/kotoran|Tekanan tidak stabil|20020000.0
Tolong dong Layar Proyeksi di Gedung E lantai 5 zona Tengah rusak bgt, gk tau penyebabnya, tapi kedap-kedip terus, bantu yg, dmn caranya?|Layar Proyeksi mengalami kerusakan karena Usia pakai, sehingga suhu tidak stabil, perlu dilakukan perbaikan|Layar Proyeksi|Gedung E|Lantai 5|Zona Tengah|Sistem Telekomunikasi Gedung|Sedang|Usia pakai|Suhu tidak stabil|50000.0
Mohon bantuan untuk memperbaiki Layar Proyeksi di Gedung E lantai 5 zona Tengah, karena mengalami suhu tidak stabil, saya sangat terganggu|Layar Proyeksi mengalami kerusakan karena Usia pakai, sehingga suhu tidak stabil, perlu dilakukan perbaikan dengan biaya Rp 50000|Layar Proyeksi|Gedung E|Lantai 5|Zona Tengah|Sistem Telekomunikasi Gedung|Sedang|Usia pakai|Suhu tidak stabil|50000.0
Tolong dong APAR Dry Powder Cartridge di Gedung Parkir lantai 1 zona Barat rusak nih, gk tau kenapa, bgt, yg penting dicek aja dmn masalahnya|Human error menyebabkan aliran lemah, perbaikan dilakukan dengan mengganti komponen yang rusak|APAR Dry Powder Cartridge|Gedung Parkir|Lantai 1|Zona Barat|Sistem Pemadam Kebakaran|Ringan|Human error|Aliran lemah|500000.0
Mohon periksa APAR Dry Powder Cartridge di Gedung Parkir lantai 1 zona Barat, karena terdapat masalah aliran lemah|Human error yang menyebabkan aliran lemah telah diperbaiki dengan mengganti komponen yang rusak, biaya perbaikan sebesar Rp 500000|APAR Dry Powder Cartridge|Gedung Parkir|Lantai 1|Zona Barat|Sistem Pemadam Kebakaran|Ringan|Human error|Aliran lemah|500000.0
Tolong dong MDP di Gedung Parkir lantai 4 zona Selatan bunyi pelan bgt, gk tau dmn letak masalahnya, tolong bantu ya|Perbaikan dilakukan dengan mengganti komponen yang rusak akibat faktor lingkungan, biaya perbaikan sebesar Rp 490000|MDP|Gedung Parkir|Lantai 4|Zona Selatan|Electrical|Ringan|Faktor lingkungan|Getaran berlebihan|490000.0
Mohon bantuan untuk memperbaiki MDP di Gedung Parkir lantai 4 zona Selatan, karena mengalami getaran berlebihan dan bunyi pelan|Perbaikan akan dilakukan dengan mengganti komponen yang rusak akibat faktor lingkungan, dan biaya perbaikan akan diinfokan setelah selesai|MDP|Gedung Parkir|Lantai 4|Zona Selatan|Electrical|Ringan|Faktor lingkungan|Getaran berlebihan|490000.0
Lemari/Loker di Gedung Parkir lantai 3 zona Barat rusak nih, gk bisa buka bgt, yg benerin donk|Perbaikan Lemari/Loker karena Overload, dilakukan pengecekan dan penggantian komponen yang rusak|Lemari/Loker|Gedung Parkir|Lantai 3|Zona Barat|Arsitektur|Ringan|Overload|Tampilan rusak|410000.0
Mohon bantuan untuk perbaikan Lemari/Loker di Gedung Parkir lantai 3 zona Barat, karena mengalami kerusakan pada tampilan|Perbaikan Lemari/Loker karena Overload, dilakukan pembersihan dan penggantian komponen yang rusak, biaya perbaikan sebesar Rp 410000|Lemari/Loker|Gedung Parkir|Lantai 3|Zona Barat|Arsitektur|Ringan|Overload|Tampilan rusak|410000.0
Mohon bantuan, monitor/layar di Gedung C lantai 4 zona Selatan mengalami kerusakan, remote tidak berfungsi, tolong diperiksa dan diperbaiki|Ditemukan kerusakan pada remote monitor, kemungkinan karena kelembaban tinggi, dilakukan penggantian remote dan pengecekan sistem, biaya perbaikan Rp 890000|Monitor/Layar|Gedung C|Lantai 4|Zona Selatan|Sistem Telekomunikasi Gedung|Sedang|Kelembaban tinggi|Remote tidak berfungsi|890000.0
Tolong dong Dinding Kaca Tempered di Gedung Parkir lantai 3 zona Tengah bgt netes air terus gk tau dmn masalahnya yg,|Dinding Kaca Tempered mengalami kebocoran karena tegangan tidak stabil, perbaikan dilakukan dengan mengganti komponen yang rusak dan menambahkan sistem stabilisasi|Dinding Kaca Tempered|Gedung Parkir|Lantai 3|Zona Tengah|Civil|Sedang|Tegangan tidak stabil|Kebocoran|1590000.0
Dengan hormat, saya melaporkan bahwa Dinding Kaca Tempered di Gedung Parkir lantai 3 zona Tengah mengalami kebocoran air,|Dinding Kaca Tempered mengalami kebocoran karena tegangan tidak stabil, perbaikan dilakukan dengan mengganti komponen yang rusak dan menambahkan sistem stabilisasi dengan biaya Rp 1590000|Dinding Kaca Tempered|Gedung Parkir|Lantai 3|Zona Tengah|Civil|Sedang|Tegangan tidak stabil|Kebocoran|1590000.0
Tolong dong PABX di Gedung A lantai 8 zona Barat rusak bgt, kedap-kedip terus, gk tau dmn letak masalahnya, tolong bantu yg, bgt|PABX mengalami overload, perlu dilakukan perbaikan dan penggantian komponen yang aus|PABX|Gedung A|Lantai 8|Zona Barat|Sistem Telekomunikasi Gedung|Sedang|Overload|Aus/abrasi|1570000.0
Mohon bantuan untuk perbaikan PABX di Gedung A lantai 8 zona Barat, karena mengalami gangguan berupa kedap-kedip, mohon dicek dan diperbaiki segera|PABX mengalami overload dan kerusakan komponen, perlu dilakukan perbaikan dan penggantian komponen yang aus, biaya perbaikan sebesar Rp 1570000|PABX|Gedung A|Lantai 8|Zona Barat|Sistem Telekomunikasi Gedung|Sedang|Overload|Aus/abrasi|1570000.0
Lift Penumpang di Gedung B lantai 1 zona Barat rusak bgt, ya, gk bisa jalan sama sekali, tolong dong cepat diperbaiki!|Lift Penumpang mengalami Overload sehingga mengalami Overheat, perbaikan dilakukan dengan mengganti komponen yang rusak dan melakukan pengecekan ulang, biaya perbaikan sebesar Rp 4400000|Lift Penumpang|Gedung B|Lantai 1|Zona Barat|Sistem Transportasi Gedung|Berat|Overload|Overheat|4400000.0
Mohon bantuan untuk memperbaiki Lift Penumpang di Gedung B lantai 1 zona Barat, karena sudah tidak berfungsi dan mengalami Overheat, terima kasih|Lift Penumpang mengalami Overload yang menyebabkan kerusakan, perbaikan dilakukan dengan mengganti komponen yang rusak dan melakukan pengecekan ulang, biaya perbaikan sebesar Rp 4400000|Lift Penumpang|Gedung B|Lantai 1|Zona Barat|Sistem Transportasi Gedung|Berat|Overload|Overheat|4400000.0
Tolong dong Hydrant Box di Gedung Utama lantai 7 zona Tengah rusak nih, mati total bgt, gk tau dmn letak masalahnya, tapi yg jelas gk nyala sama sekali!|Laporan teknisi: Hydrant Box mengalami overheat akibat debu/kotoran, dilakukan pembersihan dan perbaikan|Hydrant Box|Gedung Utama|Lantai 7|Zona Tengah|Sistem Pemadam Kebakaran|Berat|Debu/kotoran|Overheat|10440000.0
Tolong dong Wiring System (Sistem Instalasi Kabel) di Gedung E lantai 3 zona Timur rusak bgt, nyetrum gk karuan, tolong bantu dmn bisa diperbaiki yg|Wiring System (Sistem Instalasi Kabel) mengalami kerusakan akibat Debu/kotoran, perlu dilakukan pembersihan dan penggantian komponen yang rusak|Wiring System (Sistem Instalasi Kabel)|Gedung E|Lantai 3|Zona Timur|Electrical|Fatal|Debu/kotoran|Suhu tidak stabil|51400000.0
Mohon bantuan untuk memperbaiki Wiring System (Sistem Instalasi Kabel) di Gedung E lantai 3 zona Timur, karena mengalami kerusakan yang menyebabkan suhu tidak stabil dan berbau gosong|Wiring System (Sistem Instalasi Kabel) mengalami kerusakan akibat Debu/kotoran, perlu dilakukan pembersihan dan penggantian komponen yang rusak dengan biaya perbaikan sebesar Rp 51400000|Wiring System (Sistem Instalasi Kabel)|Gedung E|Lantai 3|Zona Timur|Electrical|Fatal|Debu/kotoran|Suhu tidak stabil|51400000.0
Gue butuh bantuan dmn, Plafon di Gedung D lantai 8 zona Utara bgt rusak nih, kayaknya bocor deras bgt, gk tau kenapa, tolong dong cepat|Laporan teknisi: Kualitas material yang buruk menyebabkan kerusakan fatal, perlu diganti segera dengan biaya perbaikan sebesar Rp 21730000|Plafon|Gedung D|Lantai 8|Zona Utara|Arsitektur|Fatal|Kualitas material|Remote tidak berfungsi|21730000.0
Mohon periksa Plafon di Gedung D lantai 8 zona Utara, karena terjadi kerusakan yang cukup parah, seperti bocor deras, sehingga mengganggu aktivitas, mohon segera ditangani|Kualitas material yang buruk menyebabkan kerusakan fatal, perlu diganti segera, dengan biaya perbaikan yang cukup besar, yaitu Rp 21730000|Plafon|Gedung D|Lantai 8|Zona Utara|Arsitektur|Fatal|Kualitas material|Remote tidak berfungsi|21730000.0
Tolong dong PABX di Gedung Utama lantai 18 zona Utara rusak nih, bunyi pelan bgt, gk tau dmn salahnya, tolong bantu ya|Perbaikan dilakukan dengan memeriksa sumber getaran yang menyebabkan remote tidak berfungsi, kemudian dilakukan penyesuaian dan pembersihan, biaya perbaikan sebesar Rp 160000|PABX|Gedung Utama|Lantai 18|Zona Utara|Sistem Telekomunikasi Gedung|Ringan|Getaran|Remote tidak berfungsi|160000.0
PABX di Gedung Utama lantai 18 zona Utara mengalami kerusakan, remote tidak berfungsi, mungkin disebabkan getaran, tolong periksa dan perbaiki|Perbaikan dilakukan dengan memeriksa dan memperbaiki kerusakan akibat getaran, kemudian dilakukan penyesuaian dan pembersihan, biaya perbaikan sebesar Rp 160000|PABX|Gedung Utama|Lantai 18|Zona Utara|Sistem Telekomunikasi Gedung|Ringan|Getaran|Remote tidak berfungsi|160000.0
Lemari/Loker di Gedung A lantai 4 zona Selatan rusak nih,yg bgt kotor dan berdebu bgt,gk bisa dibuka dmn tombolnya|Lemari/Loker mengalami kerusakan karena Overload,perlu dilakukan perbaikan pada sistem penggeraknya|R|Gedung A|Lantai 4|Zona Selatan|Arsitektur|Ringan|Overload|Remote tidak berfungsi|380000.0
Mohon periksa Lemari/Loker di Gedung A lantai 4 zona Selatan karena bunyi pelan dan tombol agak keras|Lemari/Loker mengalami kerusakan karena Overload,perlu dilakukan perbaikan pada sistem penggeraknya dan biaya perbaikan sebesar Rp 380000|Lemari/Loker|Gedung A|Lantai 4|Zona Selatan|Arsitektur|Ringan|Overload|Remote tidak berfungsi|380000.0
Tolong dong Uninterruptible Power Supply di Gedung C lantai 2 zona Timur rusak bgt, gk bisa jalan, kedap-kedip terus, bikin kita yg ada di sini jadi terganggu bgt, dmn kita harus ngadu?|Uninterruptible Power Supply mengalami korosi yang menyebabkan aliran lemah, perlu dilakukan penggantian komponen yang rusak dan pembersihan secara menyeluruh|Uninterruptible Power Supply|Gedung C|Lantai 2|Zona Timur|Electrical|Sedang|Korosi|Aliran lemah|2370000.0
Mohon perhatian, Uninterruptible Power Supply di Gedung C lantai 2 zona Timur mengalami gangguan, yaitu kedap-kedip dan aliran lemah, mohon dilakukan pengecekan dan perbaikan secepatnya|Uninterruptible Power Supply telah diperbaiki dengan mengganti komponen yang rusak dan membersihkan korosi, biaya perbaikan sebesar Rp 2370000|Uninterruptible Power Supply|Gedung C|Lantai 2|Zona Timur|Electrical|Sedang|Korosi|Aliran lemah|2370000.0
Tolong dong Paving Block di Gedung E lantai 4 zona Barat rusak nih, mogok bgt, gk tau dmn salahnya, tolong bantu ya|Kerusakan disebabkan oleh human error, perbaikan dilakukan dengan mengganti komponen yang rusak, biaya perbaikan sebesar Rp 7230000|Paving Block|Gedung E|Lantai 4|Zona Barat|Civil|Berat|Human error|Mati mendadak|7230000.0
Paving Block di Gedung E, lantai 4, zona Barat mengalami kerusakan berat, yaitu mati total, mohon bantu perbaiki|Kerusakan akibat human error, perlu dilakukan analisis dan perbaikan komponen yang rusak, biaya perbaikan sebesar Rp 7230000|Paving Block|Gedung E|Lantai 4|Zona Barat|Civil|Berat|Human error|Mati mendadak|7230000.0
Tolong dong Lantai Parkir Beton di Gedung A lantai 1 zona Tengah rusak bgt, yg bocor deras gk bisa dipake, dmn tadi ada kejadian ledakan kecil, bgt panik|Laporan teknisi: Perbaikan dilakukan dengan mengganti komponen yang rusak akibat kelembaban tinggi, biaya perbaikan sebesar Rp 37950000|Lantai Parkir Beton|Gedung A|Lantai 1|Zona Tengah|Arsitektur|Fatal|Kelembaban tinggi|Lampu mati|37950000.0
Mohon bantuan, Lantai Parkir Beton di Gedung A lantai 1 zona Tengah mengalami kerusakan parah, nyetrum, perlu perbaikan segera|Laporan teknisi: Kerusakan disebabkan kelembaban tinggi, perbaikan dilakukan dengan mengganti komponen yang rusak, biaya perbaikan Rp 37950000|Lantai Parkir Beton|Gedung A|Lantai 1|Zona Tengah|Arsitektur|Fatal|Kelembaban tinggi|Lampu mati|37950000.0
Tolong dong Pesawat Telepon di Gedung B lantai 7 zona Timur rusak bgt, gk bisa dipake lagi, tolong bantu ya!|Kerusakan disebabkan oleh Kualitas material yang buruk, perlu dilakukan penggantian komponen|Pesawat Telepon|Gedung B|Lantai 7|Zona Timur|Sistem Telekomunikasi Gedung|Berat|Kualitas material|Overheat|3460000.0
Mohon perhatian, Pesawat Telepon di Gedung B lantai 7 zona Timur mengalami kerusakan yang cukup parah, sehingga tidak dapat digunakan.|Kerusakan disebabkan oleh Kualitas material yang rendah, perlu dilakukan perbaikan dan penggantian komponen dengan biaya perbaikan sebesar Rp 3460000|Pesawat Telepon|Gedung B|Lantai 7|Zona Timur|Sistem Telekomunikasi Gedung|Berat|Kualitas material|Overheat|3460000.0
Gw butuh bantuan, Exhaust Fan di Gedung D lantai 9 zona Timur rusak nih, bunyinya pelan bgt, gk tau dmn letak masalahnya, tolong dong|Exhaust Fan di Gedung D lantai 9 zona Timur mengalami kerusakan karena Faktor lingkungan, perlu dilakukan pembersihan dan pengecekan, biaya perbaikan sekitar 380000|Exhaust Fan|Gedung D|Lantai 9|Zona Timur|Ventilasi Sistem|Ringan|Faktor lingkungan|Mati mendadak|380000.0
Mohon bantuan untuk memperbaiki Exhaust Fan di Gedung D lantai 9 zona Timur, karena Exhaust Fan tersebut mengeluarkan bunyi pelan dan kurang berfungsi, mohon dilakukan pengecekan dan perbaikan|Exhaust Fan di Gedung D lantai 9 zona Timur mengalami kerusakan karena Faktor lingkungan, perlu dilakukan pembersihan dan pengecekan, biaya perbaikan sekitar 380000|Exhaust Fan|Gedung D|Lantai 9|Zona Timur|Ventilasi Sistem|Ringan|Faktor lingkungan|Mati mendadak|380000.0
Tolong dong APAR Dry Powder Stored Pressure di Gedung D lantai 8 zona Barat rusak nih, gk bisa dipake bgt, tolong dicek dmn yg salah, kira2 kapan bisa diperbaiki ya?|Diperlukan perbaikan pada sensor yang rusak karena kualitas material, perlu dilakukan penggantian komponen yang rusak untuk mengembalikan fungsinya|APAR Dry Powder Stored Pressure|Gedung D|Lantai 8|Zona Barat|Sistem Pemadam Kebakaran|Berat|Kualitas material|Sensor error|840000.0
Mohon bantuan untuk perbaikan APAR Dry Powder Stored Pressure di Gedung D lantai 8 zona Barat, karena telah mati total dan tidak dapat digunakan, mohon dicek dan diperbaiki secepatnya|Diperlukan perbaikan pada sistem yang rusak karena kualitas material, perlu dilakukan penggantian komponen yang rusak untuk mengembalikan fungsinya, biaya perbaikan diperkirakan sebesar 840000|APAR Dry Powder Stored Pressure|Gedung D|Lantai 8|Zona Barat|Sistem Pemadam Kebakaran|Berat|Kualitas material|Sensor error|840000.0
Tolong dong Ground Water Tank di Gedung C lantai 4 zona Timur rusak nih, bgt bunyi abis, gk tau knp, tp yg jelas perlu diperbaiki secepatnya|Korosi pada bagian pipa menyebabkan bunyi abnormal, perlu dilakukan pembersihan dan perawatan rutin|Ground Water Tank|Gedung C|Lantai 4|Zona Timur|Distribusi Air|Ringan|Korosi|Bunyi abnormal|220000.0
Ground Water Tank di Gedung C, lantai 4, zona Timur mengalami kerusakan yang menyebabkan bunyi abnormal, mohon untuk dilakukan perbaikan secepatnya|Korosi pada pipa menyebabkan kerusakan, perlu dilakukan perbaikan dan pembersihan|Ground Water Tank|Gedung C|Lantai 4|Zona Timur|Distribusi Air|Ringan|Korosi|Bunyi abnormal|220000.0
Tolong dong Dinding Granit di Gedung E lantai 2 zona Tengah rusak nih, bgt berisik banget dan netes air yg gk biasa, dmn perlu diperbaiki secepatnya!|Dinding Granit mengalami korsleting akibat tegangan tidak stabil, perlu dilakukan perbaikan dengan mengganti komponen yang rusak dan memastikan tegangan stabil|Dinding Granit|Gedung E|Lantai 2|Zona Tengah|Civil|Sedang|Tegangan tidak stabil|Korsleting|450000.0
Dengan hormat, saya melaporkan bahwa Dinding Granit di Gedung E lantai 2 zona Tengah mengalami kerusakan, yaitu netes air dan berisik banget, sehingga perlu dilakukan perbaikan secepatnya|Dinding Granit mengalami korsleting akibat tegangan tidak stabil, perlu dilakukan perbaikan dengan mengganti komponen yang rusak dan memastikan tegangan stabil, dengan biaya perbaikan sebesar Rp 450000|Dinding Granit|Gedung E|Lantai 2|Zona Tengah|Civil|Sedang|Tegangan tidak stabil|Korsleting|450000.0
Lampu Downlight di Gedung Parkir lantai 2 zona Utara rusak bgt, yg bikin gelap banget, dmn saya gk bisa kerja dg nyaman!|Lampu Downlight mengalami kerusakan karena getaran, sehingga menyebabkan suhu tidak stabil, dan perlu dilakukan perbaikan dengan mengganti komponen yang rusak, dengan biaya perbaikan sebesar Rp 8040000|Lampu Downlight|Gedung Parkir|Lantai 2|Zona Utara|Electrical|Berat|Getaran|Suhu tidak stabil|8040000.0
Mohon bantu perbaiki Lampu Downlight di Gedung Parkir lantai 2 zona Utara, karena sudah tidak nyala sama sekali, sehingga mengganggu aktivitas di area tersebut|Lampu Downlight mengalami kerusakan karena getaran, sehingga menyebabkan suhu tidak stabil, dan perlu dilakukan perbaikan dengan mengganti komponen yang rusak, biaya perbaikan Rp 8040000|Lampu Downlight|Gedung Parkir|Lantai 2|Zona Utara|Electrical|Berat|Getaran|Suhu tidak stabil|8040000.0
Tolong dong Atap Kanopi di Gedung A lantai 5 zona Timur rusak bgt, netes air terus, gk tau dmn yg bocor, yg penting dibenerin yg, bgt!|Laporan teknis: perbaikan Atap Kanopi akibat Faktor lingkungan, tindakan perbaikan dengan mengganti komponen yang rusak, biaya perbaikan sebesar Rp 1390000|Atap Kanopi|Gedung A|Lantai 5|Zona Timur|Civil|Sedang|Faktor lingkungan|Korsleting|1390000.0
Mohon perhatian, Atap Kanopi di Gedung A lantai 5 zona Timur mengalami kerusakan, gejala yang terjadi adalah netes air dan berisik, mohon untuk segera diperbaiki|Laporan teknis: perbaikan Atap Kanopi akibat Faktor lingkungan, tindakan perbaikan dengan mengganti komponen yang rusak dan memperbaiki sistem pendingin, biaya perbaikan sebesar Rp 1390000|Atap Kanopi|Gedung A|Lantai 5|Zona Timur|Civil|Sedang|Faktor lingkungan|Korsleting|1390000.0
Tolong dong Wiring System (Sistem Instalasi Kabel) di Gedung C lantai 1 zona Tengah rusak nih, gk tau kenapa, yg penting diperbaiki bgt|Perbaikan dilakukan dengan membersihkan dan mengganti komponen yang rusak, penyebab kerusakan adalah Kurang perawatan, biaya perbaikan sebesar Rp 140000|Wiring System (Sistem Instalasi Kabel)|Gedung C|Lantai 1|Zona Tengah|Electrical|Ringan|Kurang perawatan|Tidak berfungsi total|140000.0
Mohon perhatian, Wiring System (Sistem Instalasi Kabel) di Gedung C lantai 1 zona Tengah mengalami kerusakan, perlu dilakukan perbaikan segera|Kerusakan disebabkan oleh Kurang perawatan, perbaikan telah dilakukan dengan mengganti komponen yang rusak, dengan biaya perbaikan Rp 140000|Wiring System (Sistem Instalasi Kabel)|Gedung C|Lantai 1|Zona Tengah|Electrical|Ringan|Kurang perawatan|Tidak berfungsi total|140000.0
Tolong dong Kloset di Gedung C lantai 3 zona Tengah rusak bgt, gk bisa dipake lagi, tolong bantu yaaa|Kerusakan disebabkan oleh Getaran yang menyebabkan Sensor error, perlu dilakukan pembersihan dan penggantian komponen yang rusak|Rumah|Gedung C|Lantai 3|Zona Tengah|Plumbing|Berat|Getaran|Sensor error|2550000.0
Mohon bantuan untuk memperbaiki Kloset di Gedung C lantai 3 zona Tengah yang mengalami kerusakan|Kerusakan disebabkan oleh Getaran yang menyebabkan Sensor error, perlu dilakukan pembersihan dan penggantian komponen yang rusak dengan biaya perbaikan sebesar 2550000|Rumah|Gedung C|Lantai 3|Zona Tengah|Plumbing|Berat|Getaran|Sensor error|2550000.0
Genset Bensin di Gedung D lantai 9 zona Tengah rusak bgt, netes air terus, error terus, gk tahu dmn letak masalahnya, tolong dong dicek yg|Laporan teknisi: dilakukan pengecekan dan ditemukan bahwa kerusakan disebabkan oleh human error, dilakukan perbaikan dengan mengganti sensor yang rusak dan melakukan kalibrasi ulang|Genset Bensin|Gedung D|Lantai 9|Zona Tengah|Mechanical|Sedang|Human error|Sensor error|1450000.0
Mohon bantuan, Genset Bensin di Gedung D lantai 9 zona Tengah mengalami kerusakan, gejala yang terjadi adalah netes air dan error terus, mohon dicek dan diperbaiki secepatnya|Laporan teknisi: setelah dilakukan pengecekan, ditemukan bahwa kerusakan disebabkan oleh human error, dilakukan perbaikan dengan mengganti sensor yang rusak dan melakukan kalibrasi ulang, biaya perbaikan sebesar 1450000|Genset Bensin|Gedung D|Lantai 9|Zona Tengah|Mechanical|Sedang|Human error|Sensor error|1450000.0
Gue butuh bantuan, AC Split di Gedung Utama lantai 5 zona Barat rusak bgt, netes air terus, gk tau dmn letak kerusakannya, tolong dong!|Ditemukan kerusakan pada AC Split karena human error, dilakukan perbaikan dengan mengganti komponen yang rusak, biaya perbaikan sebesar Rp 1060000|AC Split|Gedung Utama|Lantai 5|Zona Barat|Mechanical|Sedang|Human error|Berkarat/korosi|1060000.0
Mohon bantuan untuk memperbaiki AC Split yang terletak di Gedung Utama lantai 5 zona Barat, karena mengalami kerusakan yang menyebabkan netes air, mohon segera ditangani|AC Split mengalami kerusakan karena human error, perlu dilakukan perbaikan dengan mengganti komponen yang rusak|AC Split|Gedung Utama|Lantai 5|Zona Barat|Mechanical|Sedang|Human error|Berkarat/korosi|1060000.0
Tolong dong LAN (Local Area Network) di Gedung B lantai 1 zona Utara rusak bgt, gk bisa dipake sama sekali, dmnr yg bisa bantu?|Faktor lingkungan menyebabkan kerusakan, perlu dilakukan perbaikan total dengan biaya Rp 3460000|LAN (Local Area Network)|Gedung B|Lantai 1|Zona Utara|Sistem Telekomunikasi Gedung|Berat|Faktor lingkungan|Tidak berfungsi total|3460000.0
Mohon bantuan untuk memperbaiki LAN (Local Area Network) di Gedung B lantai 1 zona Utara yang tidak berfungsi total.|Faktor lingkungan menyebabkan kerusakan, perlu dilakukan perbaikan total dengan biaya perbaikan sebesar Rp 3460000|LAN (Local Area Network)|Gedung B|Lantai 1|Zona Utara|Sistem Telekomunikasi Gedung|Berat|Faktor lingkungan|Tidak berfungsi total|3460000.0
Tolong dong Pompa Air Tanah di Gedung Servis lantai 2 zona Timur rusak nih, bunyi pelan gitu, gk tau dmn letak masalahnya, bgt|Perbaikan Pompa Air Tanah dilakukan dengan membersihkan komponen yang kotor dan mengganti komponen yang rusak, karena kurang perawatan, sehingga biaya perbaikan sebesar 270000|Pompa Air Tanah|Gedung Servis|Lantai 2|Zona Timur|Mechanical|Ringan|Kurang perawatan|Getaran berlebihan|270000.0
Pompa Air Tanah di Gedung Servis lantai 2 zona Timur mengalami kerusakan, gejala yang terjadi adalah getaran berlebihan, saya mohon bantuan untuk memperbaiki|Perbaikan Pompa Air Tanah dengan mengatasi kurang perawatan dan mengganti komponen yang rusak, biaya perbaikan adalah 270000|Pompa Air Tanah|Gedung Servis|Lantai 2|Zona Timur|Mechanical|Ringan|Kurang perawatan|Getaran berlebihan|270000.0
Tolong dong Push Button di Gedung Utama lantai 14 zona Selatan rusak nih, gk tau kenapa tiba2 kusam bgt, yg penting cepat diperbaiki ya!|Laporan teknisi: Kerusakan disebabkan oleh Usia pakai, perlu dilakukan penggantian komponen untuk memperbaiki Tampilan rusak, biaya perbaikan sebesar Rp 230000|Push Button|Gedung Utama|Lantai 14|Zona Selatan|Security Sistem|Ringan|Usia pakai|Tampilan rusak|230000.0
Mohon perhatian, Push Button di Gedung Utama lantai 14 zona Selatan mengalami kerusakan, kira-kira tombol agak keras dan kusam, mohon segera diperiksa dan diperbaiki|Laporan teknisi: Kerusakan disebabkan oleh Usia pakai, perlu dilakukan perawatan dan penggantian komponen untuk memperbaiki Tampilan rusak, dengan biaya perbaikan Rp 230000|Push Button|Gedung Utama|Lantai 14|Zona Selatan|Security Sistem|Ringan|Usia pakai|Tampilan rusak|230000.0
Tolong dong PABX di Gedung A lantai 8 zona Tengah rusak nih, gk bisa dipake bgt, yg benerin dmn ya?|Perbaikan dilakukan karena Kurang perawatan, remote diganti dengan yang baru|PABX|Gedung A|Lantai 8|Zona Tengah|Sistem Telekomunikasi Gedung|Berat|Kurang perawatan|Remote tidak berfungsi|3770000.0
Mohon bantuan untuk memperbaiki PABX di Gedung A lantai 8 zona Tengah, karena.remote tidak berfungsi dan PABX mati total.|Perbaikan dilakukan dengan mengganti komponen yang rusak, dan melakukan perawatan rutin, biaya perbaikan Rp 3770000|PABX|Gedung A|Lantai 8|Zona Tengah|Sistem Telekomunikasi Gedung|Berat|Kurang perawatan|Remote tidak berfungsi|3770000.0
Tolong dong Kipas Angin di Gedung A lantai 13 zona Timur rusak nih, bunyi abnormal bgt, gk tau knp, tolong bantu yg, dmn kita bisa komplain?|Laporan teknisi: Kipas Angin di Gedung A lantai 13 zona Timur mengalami kerusakan karena Faktor lingkungan, tindakan perbaikan telah dilakukan dengan mengganti komponen yang rusak, biaya perbaikan sebesar Rp 2370000|Kipas Angin|Gedung A|Lantai 13|Zona Timur|Ventilasi Sistem|Sedang|Faktor lingkungan|Bunyi abnormal|2370000.0
Kipas Angin di Gedung A lantai 13 zona Timur mengalami kerusakan yang menyebabkan bunyi abnormal, tolong bantu perbaiki secepatnya|Laporan teknisi: Kipas Angin di Gedung A lantai 13 zona Timur mengalami kerusakan karena Faktor lingkungan, tindakan perbaikan telah dilakukan dengan mengganti komponen yang rusak, biaya perbaikan sebesar Rp 2370000|Kipas Angin|Gedung A|Lantai 13|Zona Timur|Ventilasi Sistem|Sedang|Faktor lingkungan|Bunyi abnormal|2370000.0
Tolong dong Lampu Pylon Sign di Gedung Utama lantai 16 zona Utara rusak bgt, gk nyala sama sekali, yg bsa bantu?|Laporan teknisi: Kerusakan disebabkan oleh getaran, dilakukan perbaikan dengan mengganti komponen yang rusak, biaya perbaikan sebesar Rp 12570000|Lampu Pylon Sign|Gedung Utama|Lantai 16|Zona Utara|Electrical|Berat|Getaran|Retak/pecah|12570000.0
Mohon bantu perbaiki Lampu Pylon Sign di Gedung Utama lantai 16 zona Utara, kondisinya sudah tidak nyala sama sekali.|Laporan teknisi: Kerusakan akibat getaran, perlu dilakukan perbaikan dengan mengganti komponen yang rusak, biaya perbaikan Rp 12570000|Lampu Pylon Sign|Gedung Utama|Lantai 16|Zona Utara|Electrical|Berat|Getaran|Retak/pecah|12570000.0
Tolong dong Dinding Tembok/Mansonry di Gedung D lantai 10 zona Barat bgt rusak nih, dmn airnya bocor deras bgt, gk tahu penyebabnya, tolong cepat|Dinding Tembok/Mansonry mengalami kerusakan akibat aus normal, perlu dilakukan perbaikan segera|Dinding Tembok/Mansonry|Gedung D|Lantai 10|Zona Barat|Civil|Fatal|Aus normal|Suhu tidak stabil|18240000.0
Dengan hormat, saya melaporkan bahwa Dinding Tembok/Mansonry di Gedung D lantai 10 zona Barat mengalami kerusakan fatal, yaitu bocor deras dan suhu tidak stabil, sehingga perlu dilakukan perbaikan segera|Kerusakan Dinding Tembok/Mansonry disebabkan oleh aus normal, perlu dilakukan penggantian komponen dan perbaikan, dengan biaya perbaikan Rp 18240000|Dinding Tembok/Mansonry|Gedung D|Lantai 10|Zona Barat|Civil|Fatal|Aus normal|Suhu tidak stabil|18240000.0
Tolong dong APAB Dry Powder di Gedung C lantai 1 zona Barat rusak bgt, gk tau dmn yg salah, tp yg jelas APAB Dry Powder nya mati total, bgt|APAB Dry Powder mengalami overload, perlu diperiksa dan diperbaiki untuk menghindari kerusakan lebih lanjut, biaya perbaikan sebesar Rp 5140000|APAB Dry Powder|Gedung C|Lantai 1|Zona Barat|Sistem Pemadam Kebakaran|Berat|Overload|Getaran berlebihan|5140000.0
Mohon bantu periksa APAB Dry Powder di Gedung C lantai 1 zona Barat, karena APAB Dry Powder tersebut tidak berfungsi dengan baik, yaitu mati total|APAB Dry Powder mengalami kerusakan akibat overload, perlu dilakukan perbaikan dan penggantian komponen yang rusak untuk menghindari kerusakan lebih lanjut, dengan biaya perbaikan sebesar Rp 5140000|APAB Dry Powder|Gedung C|Lantai 1|Zona Barat|Sistem Pemadam Kebakaran|Berat|Overload|Getaran berlebihan|5140000.0
Tolong dong Kamera CCTV di Gedung A lantai 10 zona Tengah rusak bgt, gk tau kenapa, tiba2 aja mati, dmn perlu bantuan teknisi, bgt|Kamera CCTV mengalami kerusakan parah akibat aus normal, perlu dilakukan penggantian komponen dan pengecekan ulang sistem|Kamera CCTV|Gedung A|Lantai 10|Zona Tengah|Security Sistem|Fatal|Aus normal|Aliran lemah|21060000.0
Mohon bantuan teknisi segera, Kamera CCTV di Gedung A lantai 10 zona Tengah mengalami kerusakan fatal, tidak dapat beroperasi dengan normal|Kamera CCTV mengalami kerusakan akibat aus normal, dilakukan perbaikan dan penggantian komponen, biaya perbaikan Rp 21060000|Kamera CCTV|Gedung A|Lantai 10|Zona Tengah|Security Sistem|Fatal|Aus normal|Aliran lemah|21060000.0
Tolong dong Atap Kanopi di Gedung Parkir lantai 3 zona Timur rusak bgt, netes air terus, gk tahu dmn masalahnya, tolong bantu ya|Ditemukan kerusakan pada Atap Kanopi di Gedung Parkir lantai 3 zona Timur, penyebabnya adalah Kelembaban tinggi, perlu dilakukan perbaikan dengan mengganti komponen yang rusak|Atap Kanopi|Gedung Parkir|Lantai 3|Zona Timur|Civil|Sedang|Kelembaban tinggi|Retak/pecah|1390000.0
Mohon bantuan untuk memperbaiki Atap Kanopi di Gedung Parkir lantai 3 zona Timur, karena mengalami kerusakan berupa retak dan netes air|Setelah dilakukan pemeriksaan, ditemukan bahwa kerusakan pada Atap Kanopi di Gedung Parkir lantai 3 zona Timur disebabkan oleh Kelembaban tinggi, sehingga perlu dilakukan perbaikan dengan mengganti komponen yang rusak, biaya perbaikan sebesar 1390000|Atap Kanopi|Gedung Parkir|Lantai 3|Zona Timur|Civil|Sedang|Kelembaban tinggi|Retak/pecah|1390000.0
Tolong dong APAR CO2 di Gedung Parkir lantai 5 zona Barat rusak nih, gk nyala sama sekali, bgt mogok, yg bkin aku panik bgt|APAR CO2 di Gedung Parkir lantai 5 zona Barat mengalami kerusakan akibat debu/kotoran, perlu dibersihkan dan diperiksa ulang remotenya|APAR CO2|Gedung Parkir|Lantai 5|Zona Barat|Sistem Pemadam Kebakaran|Berat|Debu/kotoran|Remote tidak berfungsi|8320000.0
Mohon bantuan, APAR CO2 di Gedung Parkir lantai 5 zona Barat tidak berfungsi dengan baik, remote tidak berfungsi, mohon dicek dan diperbaiki segera|APAR CO2 di Gedung Parkir lantai 5 zona Barat mengalami kerusakan akibat debu/kotoran, perlu dibersihkan dan diperiksa ulang remotenya, biaya perbaikan sebesar 8320000|APAR CO2|Gedung Parkir|Lantai 5|Zona Barat|Sistem Pemadam Kebakaran|Berat|Debu/kotoran|Remote tidak berfungsi|8320000.0
Tolong dong Dinding Partisi, GRC / Gypsum di Gedung B lantai 5 zona Barat rusak bgt, banjir abis gk tau dmn asalnya, tolong bantu yg|Perbaikan Dinding Partisi, GRC / Gypsum dengan mengganti komponen yang aus, tindakan perbaikan: penggantian komponen, biaya perbaikan: 50000|Dinding Partisi, GRC / Gypsum|Gedung B|Lantai 5|Zona Barat|Civil|Fatal|Aus normal|Suhu tidak stabil|50000.0
Mohon perhatian, Dinding Partisi, GRC / Gypsum di Gedung B lantai 5 zona Barat mengalami kerusakan parah, gejala: suhu tidak stabil, tolong atasi secepatnya|Tindakan perbaikan: penggantian komponen yang aus, biaya perbaikan: 50000|Dinding Parti, GRC / Gypsum|Gedung B|Lantai 5|Zona Barat|Civil|Fatal|Aus normal|Suhu tidak stabil|50000.0
Tolong dong Uninterruptible Power Supply di Gedung A lantai 3 zona Timur rusak nih, bunyi pelan bgt, gk tau penyebabnya, yg penting cepat diperbaiki, dmn saya harus menghubungi|Uninterruptible Power Supply mengalami penurunan performa akibat usia pakai, perlu dilakukan pembersihan dan penggantian komponen yang rusak, biaya perbaikan sebesar Rp 460000|Uninterruptible Power Supply|Gedung A|Lantai 3|Zona Timur|Electrical|Ringan|Usia pakai|Performa menurun|460000.0
Mohon bantuan untuk memperbaiki Uninterruptible Power Supply yang berlokasi di Gedung A lantai 3 zona Timur, karena mengalami penurunan performa, bunyi pelan, dan kusam|Uninterruptible Power Supply yang mengalami penurunan performa akibat usia pakai, telah dilakukan pembersihan dan penggantian komponen yang rusak oleh teknisi, biaya perbaikan sebesar Rp 460000|Uninterruptible Power Supply|Gedung A|Lantai 3|Zona Timur|Electrical|Ringan|Usia pakai|Performa menurun|460000.0
Tolong dong APAB Dry Powder di Gedung A lantai 8 zona Utara rusak nih, gk tau knp tiba2 mati total bgt, yg penting dibenerin dmn|APAB Dry Powder mengalami kerusakan akibat getaran, dilakukan perbaikan dengan mengganti komponen yang rusak|APAB Dry Powder|Gedung A|Lantai 8|Zona Utara|Sistem Pemadam Kebakaran|Berat|Getaran|Mati mendadak|8660000.0
Mohon bantuan, APAB Dry Powder di Gedung A lantai 8 zona Utara mengalami kerusakan, tidak nyala sama sekali, mohon dibantu segera|APAB Dry Powder mengalami kerusakan parah akibat getaran, dilakukan perbaikan dengan mengganti komponen yang rusak, biaya perbaikan sebesar Rp 8660000|APAB Dry Powder|Gedung A|Lantai 8|Zona Utara|Sistem Pemadam Kebakaran|Berat|Getaran|Mati mendadak|8660000.0
Tolong dong Paving Block di Gedung C lantai 2 zona Barat rusak bgt, gk bisa dipake lagi, mati total bgt!|Paving Block mengalami kerusakan akibat Human error, perlu dilakukan perbaikan untuk mengembalikan fungsinya|Paving Block|Gedung C|Lantai 2|Zona Barat|Arsitektur|Berat|Human error|Performa menurun|7360000.0
Mohon bantuan, Paving Block di Gedung C lantai 2 zona Barat mengalami kerusakan yang cukup parah, yaitu mati total, sehingga memerlukan perbaikan segera|Paving Block mengalami kerusakan akibat Human error, perlu dilakukan perbaikan untuk mengembalikan fungsinya dengan biaya perbaikan sebesar Rp 7360000|Paving Block|Gedung C|Lantai 2|Zona Barat|Arsitektur|Berat|Human error|Performa menurun|7360000.0
AC Cassette di Gedung D lantai 3 zona Selatan rusak bgt, yg benerin gk ada, dmn benerin, tolong dong benerin AC Cassette nya, gk nyala, kedap-kedip terus, netes air|Lampu mati karena usia pakai, dilakukan penggantian komponen dan perawatan rutin, biaya perbaikan sebesar Rp 860000|AC Cassette|Gedung D|Lantai 3|Zona Selatan|Mechanical|Sedang|Usia pakai|Lampu mati|860000.0
Mohon bantuan, AC Cassette di Gedung D lantai 3 zona Selatan mengalami kerusakan, lampu mati, kurang dingin, dan netes air, tolong dicek dan diperbaiki|Kerusakan pada AC Cassette disebabkan oleh usia pakai, dilakukan pemeriksaan dan perbaikan, biaya perbaikan akan dihitung berdasarkan komponen yang diganti|AC Cassette|Gedung D|Lantai 3|Zona Selatan|Mechanical|Sedang|Usia pakai|Lampu mati|860000.0
Gue butuh bantuan, lg ada masalah di Gedung C lantai 1 zona Barat, Lampu Downlight-nya rusak bgt, kotor, yg bikin agak kurang nyaman, dmn gk tau penyebabnya, tolong dong dibantu|Lampu Downlight di Gedung C lantai 1 zona Barat mengalami korosi, perlu dilakukan penggantian komponen yang rusak dan pembersihan untuk mengembalikan fungsinya|Lampu Downlight|Gedung C|Lantai 1|Zona Barat|Electrical|Ringan|Korosi|Remote tidak berfungsi|220000.0
Mohon bantuan untuk memperbaiki Lampu Downlight di Gedung C lantai 1 zona Barat, karena saat ini dalam keadaan tidak berfungsi dengan baik, sehingga menimbulkan ketidaknyamanan|Lampu Downlight di Gedung C lantai 1 zona Barat mengalami kerusakan remote, kemungkinan akibat korosi, perlu dilakukan penggantian remote dan perawatan untuk menghindari kerusakan lebih lanjut dengan biaya perbaikan sebesar 220000|Lampu Downlight|Gedung C|Lantai 1|Zona Barat|Electrical|Ringan|Korosi|Remote tidak berfungsi|220000.0
Tolong dong Pompa Air Tanah di Gedung D lantai 11 zona Utara rusak bgt, gk bisa nyala sama sekali, tolong bantu yg, dmn kita harus lapor?|Pompa Air Tanah mengalami kerusakan akibat aus normal, perlu dilakukan perbaikan dan penggantian komponen yang rusak|Pompa Air Tanah|Gedung D|Lantai 11|Zona Utara|Mechanical|Berat|Aus normal|Tekanan tidak stabil|5190000.0
Mohon perhatian, Pompa Air Tanah di Gedung D lantai 11 zona Utara mengalami gangguan, sehingga tidak dapat beroperasi dengan normal, mohon bantuan teknisi untuk memperbaiki|Pompa Air Tanah mengalami kerusakan akibat aus normal, perlu dilakukan perbaikan dan penggantian komponen yang rusak, biaya perbaikan sebesar Rp 5190000|Pompa Air Tanah|Gedung D|Lantai 11|Zona Utara|Mechanical|Berat|Aus normal|Tekanan tidak stabil|5190000.0
Tolong dong Latihan Balakar di Gedung Parkir lantai 3 zona Selatan rusak bgt, gk bisa dipake lagi, dmnn tiba2 aja mati total, bingung bgt yg dmn salahnya|Ditemukan kerusakan pada komponen Latihan Balakar, kemungkinan aus normal, perlu dilakukan penggantian komponen|Latihan Balakar|Gedung Parkir|Lantai 3|Zona Selatan|Latihan Balakar|Berat|Aus normal|Tampilan rusak|6400000.0
Mohon bantuannya, Latihan Balakar di Gedung Parkir lantai 3 zona Selatan mengalami kerusakan, tidak dapat digunakan, mohon dicek dan diperbaiki segera|Dilakukan pemeriksaan dan ditemukan kerusakan pada komponen, perlu dilakukan penggantian, biaya perbaikan sebesar 6400000|Latihan Balakar|Gedung Parkir|Lantai 3|Zona Selatan|Latihan Balakar|Berat|Aus normal|Tampilan rusak|6400000.0
Lampu UV di Gedung Servis lantai 3 zona Utara rusak bgt, nyetrum, gk tau dmn letak kerusakannya, tolong dong!|Overload pada sistem, perlu pengecekan dan penggantian komponen yang rusak|Lampu UV|Gedung Servis|Lantai 3|Zona Utara|Electrical|Fatal|Overload|Aus/abrasi|24430000.0
Mohon periksa dan perbaiki Lampu UV di Gedung Servis lantai 3 zona Utara, karena telah terjadi kejadian fatal yaitu nyetrum|Kerusakan disebabkan oleh Overload, perlu dilakukan perbaikan dan penggantian komponen yang rusak segera|Lampu UV|Gedung Servis|Lantai 3|Zona Utara|Electrical|Fatal|Overload|Aus/abrasi|24430000.0
Halo, ada Dinding Partisi, GRC / Gypsum di Gedung B lantai 6 zona Selatan yg rusak bgt, gk tahu dmn awalnya, tp skrg udah berisik banget, tolong dong!|Dinding Partisi, GRC / Gypsum mengalami kerusakan karena kualitas material, perlu dilakukan perbaikan dengan mengganti komponen yang rusak|Dinding Partisi, GRC / Gypsum|Gedung B|Lantai 6|Zona Selatan|Civil|Sedang|Kualitas material|Tampilan rusak|990000.0
Mohon bantu perbaiki Dinding Partisi, GRC / Gypsum di Gedung B lantai 6 zona Selatan, kondisinya kurang baik, berisik banget dan tampilan rusak, tolong dicek dan diperbaiki secepatnya|Dinding Partisi, GRC / Gypsum mengalami kerusakan karena kualitas material, perlu dilakukan perbaikan dengan mengganti komponen yang rusak, biaya perbaikan sebesar Rp 990000|Dinding Partisi, GRC / Gypsum|Gedung B|Lantai 6|Zona Selatan|Civil|Sedang|Kualitas material|Tampilan rusak|990000.0
Tolong dong Ground Water Tank di Gedung B lantai 4 zona Tengah rusak bgt, gk nyala sama sekali, yg bgt dmn ada listriknya?|Laporan teknisi: Overload pada sistem, dilakukan perbaikan dan penggantian komponen yang rusak, biaya perbaikan sebesar Rp 3150000|Ground Water Tank|Gedung B|Lantai 4|Zona Tengah|Distribusi Air|Berat|Overload|Lampu mati|3150000.0
Mohon bantuan, Ground Water Tank di Gedung B lantai 4 zona Tengah mengalami kerusakan, lampu tidak nyala sama sekali.|Laporan teknisi: Kerusakan disebabkan oleh Overload, dilakukan perbaikan dan penggantian komponen yang rusak, biaya perbaikan mencapai Rp 3150000|Ground Water Tank|Gedung B|Lantai 4|Zona Tengah|Distribusi Air|Berat|Overload|Lampu mati|3150000.0
Tolong dong Lampu LED Bulb di Gedung D lantai 8 zona Utara rusak bgt, gk nyala sama sekali, yg benerin dmn?|Lampu LED Bulb mengalami kerusakan berat karena kurang perawatan, sehingga mengalami retak/pecah, perlu dilakukan perbaikan dengan mengganti komponen yang rusak|Lampu LED Bulb|Gedung D|Lantai 8|Zona Utara|Electrical|Berat|Kurang perawatan|Retak/pecah|5350000.0
Mohon bantuan untuk perbaikan Lampu LED Bulb di Gedung D lantai 8 zona Utara, karena lampu tersebut tidak nyala sama sekali dan mengalami kerusakan berat|Lampu LED Bulb mengalami kerusakan berat karena kurang perawatan, sehingga mengalami retak/pecah, perlu dilakukan perbaikan dengan mengganti komponen yang rusak, dengan biaya perbaikan sebesar 5350000|Lampu LED Bulb|Gedung D|Lantai 8|Zona Utara|Electrical|Berat|Kurang perawatan|Retak/pecah|5350000.0
Tolong dong FCU di Gedung C lantai 8 zona Barat rusak nih, bunyi pelan bgt, gk tau dmn letak masalahnya, tp yg jelas FCU nya kotor dan berdebu banget|Ditemukan adanya getaran yang menyebabkan performa menurun, dilakukan pembersihan dan pengecekan ulang, biaya perbaikan sebesar Rp 550000|FCU|Gedung C|Lantai 8|Zona Barat|Mechanical|Ringan|Getaran|Performa menurun|550000.0
Mohon bantuan untuk memperbaiki FCU di Gedung C lantai 8 zona Barat, karena FCU tersebut mengeluarkan bunyi pelan dan performa yang menurun, saya tidak mengetahui penyebab pastinya|Dilakukan analisis dan ditemukan bahwa getaran menyebabkan performa menurun, biaya perbaikan sebesar Rp 550000|FCU|Gedung C|Lantai 8|Zona Barat|Mechanical|Ringan|Getaran|Performa menurun|550000.0
Tolong dong APAB Dry Powder di Gedung Servis lantai 1 zona Timur rusak nih, gk tau dmn letak masalahnya, bgt berdebu juga, yg penting cepat diperbaiki ya|Laporan teknisi: perbaikan APAB Dry Powder karena debu/kotoran yang menyebabkan overheat, dilakukan pembersihan dan penggantian komponen yang rusak|APAB Dry Powder|Gedung Servis|Lantai 1|Zona Timur|Sistem Pemadam Kebakaran|Ringan|Debu/kotoran|Overheat|340000.0
Mohon bantuan untuk perbaikan APAB Dry Powder yang terletak di Gedung Servis lantai 1 zona Timur, karena sudah berdebu dan kurang berfungsi dengan baik|Laporan teknisi: dilakukan perbaikan pada APAB Dry Powder karena adanya debu/kotoran yang menyebabkan overheat, dengan biaya perbaikan Rp 340000|APAB Dry Powder|Gedung Servis|Lantai 1|Zona Timur|Sistem Pemadam Kebakaran|Ringan|Debu/kotoran|Overheat|340000.0
Tolong dong Layar Proyeksi di Gedung E lantai 1 zona Timur rusak bgt, gk nyala sama sekali, tolong bantu yg dmn bisa perbaiki|Layar Proyeksi mengalami kerusakan berat karena Human error, dilakukan perbaikan dengan mengganti komponen yang rusak|Layar Proyeksi|Gedung E|Lantai 1|Zona Timur|Sistem Telekomunikasi Gedung|Berat|Human error|Bunyi abnormal|1890000.0
Layar Proyeksi di Gedung E lantai 1 zona Timur mengalami masalah, tidak nyala sama sekali, mohon bantuan untuk perbaikan|Layar Proyeksi mengalami kerusakan berat karena Human error, dilakukan perbaikan dengan mengganti komponen yang rusak, biaya perbaikan sebesar Rp 1890000|Layar Proyeksi|Gedung E|Lantai 1|Zona Timur|Sistem Telekomunikasi Gedung|Berat|Human error|Bunyi abnormal|1890000.0
Tolong dong Smoke Detector di Gedung E lantai 3 zona Tengah rusak nih, bunyi pelan bgt dan kotor, gk tahu dmn letak masalahnya, tolong bantu ya|Perbaikan dilakukan dengan membersihkan komponen yang kotor dan mengganti remote yang tidak berfungsi, penyebab kerusakan adalah Kelembaban tinggi|Smoke Detector|Gedung E|Lantai 3|Zona Tengah|Sistem Proteksi Kebakaran Aktif|Ringan|Kelembaban tinggi|Remote tidak berfungsi|390000.0
Mohon bantuan untuk memperbaiki Smoke Detector yang terletak di Gedung E lantai 3 zona Tengah, karena bunyi pelan dan kotor, serta tombol yang agak keras|Perbaikan dilakukan dengan mengganti remote yang tidak berfungsi dan membersihkan komponen yang kotor, penyebab kerusakan adalah Kelembaban tinggi, biaya perbaikan sebesar Rp 390000|Smoke Detector|Gedung E|Lantai 3|Zona Tengah|Sistem Proteksi Kebakaran Aktif|Ringan|Kelembaban tinggi|Remote tidak berfungsi|390000.0
Tolong dong Lampu LED di Gedung A lantai 12 zona Tengah rusak bgt, gk nyala sama sekali, dmna ada yg bisa bantu?|Lampu LED mogok karena kualitas material yang buruk, perlu diganti dengan yang baru|Lampu LED|Gedung A|Lantai 12|Zona Tengah|Electrical|Berat|Kualitas material|Berkarat/korosi|5180000.0
Saya ingin melaporkan bahwa Lampu LED di Gedung A lantai 12 zona Tengah tidak nyala sama sekali, mohon bantuannya.|Lampu LED mengalami kerusakan parah karena kualitas material yang buruk, perlu diganti dengan yang baru dan lebih tahan lama|Lampu LED|Gedung A|Lantai 12|Zona Tengah|Electrical|Berat|Kualitas material|Berkarat/korosi|5180000.0
Gedung A lantai 1 zona Timur lantai karpetnya bgt rusak banget, kayaknya terbakar atau apa gitu, tolong dong cepat perbaikin yg|Perlu penanganan segera karena adanya getaran yang menyebabkan kerusakan pada remote, perlu dilakukan perbaikan dengan mengganti komponen yang rusak|Lantai Karpet|Gedung A|Lantai 1|Zona Timur|Civil|Fatal|Getaran|Remote tidak berfungsi|24540000.0
Mohon bantuan untuk memperbaiki Lantai Karpet di Gedung A lantai 1 zona Timur karena mengalami kerusakan yang cukup parah, sepertinya terjadi getaran yang menyebabkan remote tidak berfungsi dengan baik|Perlu dilakukan analisis lebih lanjut untuk menentukan penyebab pasti kerusakan, namun kemungkinan besar disebabkan oleh getaran, biaya perbaikan diperkirakan sekitar|Lantai Karpet|Gedung A|Lantai 1|Zona Timur|Civil|Fatal|Getaran|Remote tidak berfungsi|24540000.0
Tolong dong Lampu LED Bulb di Gedung C lantai 3 zona Selatan nyetrum bgt, gk tau dmn letak kerusakannya, tolong bantu yg, gk bisa nyalain|Lampu LED Bulb mengalami kerusakan akibat Kelembaban tinggi, perlu dilakukan perbaikan dengan mengganti komponen yang rusak dan melakukan pembersihan|Lampu LED Bulb|Gedung C|Lantai 3|Zona Selatan|Electrical|Fatal|Kelembaban tinggi|Remote tidak berfungsi|45180000.0
Mohon bantuan, terdapat kerusakan pada Lampu LED Bulb di Gedung C lantai 3 zona Selatan, lampu tidak berfungsi dan terjadi kebocoran listrik, tolong segera ditangani|Lampu LED Bulb mengalami kerusakan parah akibat Kelembaban tinggi, perlu dilakukan perbaikan dengan mengganti komponen yang rusak dan melakukan pembersihan, biaya perbaikan sebesar|Lampu LED Bulb|Gedung C|Lantai 3|Zona Selatan|Electrical|Fatal|Kelembaban tinggi|Remote tidak berfungsi|45180000.0
Tolong dong Monitor/Layar di Gedung C lantai 1 zona Selatan rusak bgt, netes air terus, kedap-kedip, gk tau dmn letak kerusakannya, tolong bantu perbaiki ya|Perbaikan dilakukan dengan mengganti komponen yang rusak akibat kualitas material yang kurang baik, biaya perbaikan sebesar Rp 1730000|Monitor/Layar|Gedung C|Lantai 1|Zona Selatan|Sistem Telekomunikasi Gedung|Sedang|Kualitas material|Overheat|1730000.0
Mohon periksa Monitor/Layar di Gedung C lantai 1 zona Selatan, karena mengalami kerusakan berupa netes air dan kedap-kedip, mohon dilakukan perbaikan segera|Perbaikan dilakukan dengan mengganti komponen yang rusak akibat kualitas material yang kurang baik, biaya perbaikan sebesar Rp 1730000|Monitor/Layar|Gedung C|Lantai 1|Zona Selatan|Sistem Telekomunikasi Gedung|Sedang|Kualitas material|Overheat|1730000.0
Tolong dong Exhaust Fan di Gedung A lantai 1 zona Selatan rusak nih, gk tau dmn letak masalahnya, tp yg jelas fan nya mati total bgt!|Laporan teknis: kerusakan disebabkan human error, perlu dilakukan perbaikan dan penggantian komponen yang rusak, biaya perbaikan sebesar Rp 9270000|Exhaust Fan|Gedung A|Lantai 1|Zona Selatan|Ventilasi Sistem|Berat|Human error|Berkarat/korosi|9270000.0
Mohon bantuan, Exhaust Fan di Gedung A lantai 1 zona Selatan mengalami kerusakan berat, tidak nyala sama sekali, mohon dicek dan diperbaiki secepatnya.|Laporan teknis: kerusakan disebabkan human error, perlu dilakukan perbaikan dan penggantian komponen yang rusak|Exhaust Fan|Gedung A|Lantai 1|Zona Selatan|Ventilasi Sistem|Berat|Human error|Berkarat/korosi|9270000.0
Tolong dong Access Control di Gedung C lantai 4 zona Utara rusak nih, bunyi pelan bgt, gk tau dmn letak kerusakannya, tolong bantu perbaiki ya|Ditemukan kerusakan pada Access Control yang disebabkan oleh Getaran, dilakukan perbaikan dengan mengganti komponen yang rusak|Access Control|Gedung C|Lantai 4|Zona Utara|Security Sistem|Ringan|Getaran|Performa menurun|360000.0
Mohon perhatian, Access Control di Gedung C lantai 4 zona Utara mengalami penurunan performa, dengan gejala bunyi pelan, mohon dilakukan perbaikan secepatnya|Setelah dilakukan analisis, kerusakan disebabkan oleh Getaran, perbaikan telah dilakukan dengan mengganti komponen yang rusak, biaya perbaikan sebesar Rp 360000|Access Control|Gedung C|Lantai 4|Zona Utara|Security Sistem|Ringan|Getaran|Performa menurun|360000.0
Tolong dong Dinding Partisi, GRC / Gypsum di Gedung D lantai 2 zona Selatan rusak bgt, meledak gk tau dmn asalnya, tolong bantu yg, gk bisa kerja karna itu!|Dinding Partisi, GRC / Gypsum rusak karena human error, perlu diganti dengan yang baru|Dinding Partisi, GRC / Gypsum|Gedung D|Lantai 2|Zona Selatan|Civil|Fatal|Human error|Mati mendadak|33690000.0
Mohon bantuan untuk perbaikan Dinding Partisi, GRC / Gypsum di Gedung D lantai 2 zona Selatan, saya mendapati bahwa Dinding Partisi, GRC / Gypsum tersebut mengalami kerusakan parah, terbakar, dan tidak dapat digunakan, mohon segera ditangani!|Dinding Partisi, GRC / Gypsum rusak karena human error, perlu dilakukan perbaikan dengan mengganti komponen yang rusak, biaya perbaikan sebesar Rp 33690000|Dinding Partisi, GRC / Gypsum|Gedung D|Lantai 2|Zona Selatan|Civil|Fatal|Human error|Mati mendadak|33690000.0
Tolong dong Atap Seng di Gedung E lantai 3 zona Selatan bocor deras bgt, gk tau dmn asalnya, yg pasti ruangannya banjir, tolong bantu yg, bgt|Debu/kotoran menyebabkan Atap Seng macet, perlu dibersihkan dan diperbaiki|Atap Seng|Gedung E|Lantai 3|Zona Selatan|Civil|Fatal|Debu/kotoran|Macet/tersumbat|17030000.0
Mohon bantuan, Atap Seng di Gedung E lantai 3 zona Selatan mengalami kerusakan fatal, yakni ambruk, sehingga perlu segera diperbaiki|Kerusakan Atap Seng disebabkan oleh Debu/kotoran yang menyebabkan macet, biaya perbaikan mencapai Rp 17030000|Atap Seng|Gedung E|Lantai 3|Zona Selatan|Civil|Fatal|Debu/kotoran|Macet/tersumbat|17030000.0
Tolong dong Kloset di Gedung Parkir lantai 3 zona Tengah rusak nih, gk tau dmn letak kerusakannya, tp yg jelas bunyi pelan bgt, tolong dicek yg, Kloset diperbaiki dengan pengecekan koneksi|Koneksi terputus, perbaikan dilakukan dengan mengganti komponen yang rusak, biaya perbaikan sebesar Rp 390000|Kloset|Gedung Parkir|Lantai 3|Zona Tengah|Plumbing|Ringan|Aus normal|Koneksi terputus|390000.0
Kloset di Gedung Parkir lantai 3 zona Tengah mengalami kerusakan, gejala yang terjadi adalah bunyi pelan, perlu dilakukan pengecekan dan perbaikan|Kerusakan koneksi terputus, perbaikan dilakukan dengan mengganti komponen yang rusak, dengan biaya perbaikan sebesar Rp 390000|Kloset|Gedung Parkir|Lantai 3|Zona Tengah|Plumbing|Ringan|Aus normal|Koneksi terputus|390000.0
Tolong dong Ground Water Tank di Gedung Parkir lantai 3 zona Tengah rusak nih, bunyi pelan bgt, gk tau dmn letak kerusakannya, tp yg jelas kotor bgt yg|Perlu dilakukan perbaikan karena Usia pakai, perlu pengecekan dan penggantian komponen yang rusak|Ground Water Tank|Gedung Parkir|Lantai 3|Zona Tengah|Distribusi Air|Ringan|Usia pakai|Getaran berlebihan|340000.0
Mohon periksa Ground Water Tank di Gedung Parkir lantai 3 zona Tengah, karena mengalami kerusakan yang menyebabkan getaran berlebihan, mungkin karena Usia pakai, sehingga perlu dilakukan perbaikan|Perlu dilakukan perbaikan karena Usia pakai, perlu pengecekan dan penggantian komponen yang rusak, dengan biaya perbaikan sekitar|Ground Water Tank|Gedung Parkir|Lantai 3|Zona Tengah|Distribusi Air|Ringan|Usia pakai|Getaran berlebihan|340000.0
Tolong dong AC Split di Gedung Servis lantai 1 zona Utara kurang dingin bgt, gk tahu dmn letak masalahnya, tolong bantu yg, bgt!|Overload pada sistem pendingin, perbaikan dilakukan dengan mengganti komponen yang rusak dan membersihkan filter, biaya perbaikan sebesar Rp 800000|AC Split|Gedung Servis|Lantai 1|Zona Utara|Mechanical|Sedang|Overload|Macet/tersumbat|800000.0
Lapor, AC Split di Gedung Servis lantai 1 zona Utara error terus!|Overload pada kompresor, perlu dilakukan perbaikan segera untuk menghindari kerusakan lebih lanjut, biaya perbaikan sebesar Rp 800000|AC Split|Gedung Servis|Lantai 1|Zona Utara|Mechanical|Sedang|Overload|Macet/tersumbat|800000.0
Mohon bantuan untuk perbaikan AC Split di Gedung Servis lantai 1 zona Utara, karena mengalami kondisi kurang dingin dan berisik, saya mohon agar teknisi dapat segera memeriksa dan memperbaiki masalah tersebut|Overload pada sistem pendingin, perbaikan dilakukan dengan mengganti komponen yang rusak dan membersihkan filter, biaya perbaikan sebesar Rp 800000|AC Split|Gedung Servis|Lantai 1|Zona Utara|Mechanical|Sedang|Overload|Macet/tersumbat|800000.0
Tolong dong Kusen Jendela Berbahan Alumunium di Gedung E lantai 1 zona Timur rusak nih, kayaknya perlu diperbaiki bgt, gk tau dmn mulai|Kerusakan kusen jendela berbahan alumunium disebabkan oleh aus normal, perlu dilakukan penggantian komponen yang rusak|Kusen Jendela Berbahan Alumunium|Gedung E|Lantai 1|Zona Timur|Arsitektur|Ringan|Aus normal|Aus/abrasi|330000.0
Mohon perhatian, kusen jendela berbahan alumunium di Gedung E lantai 1 zona Timur mengalami kerusakan, mungkin disebabkan oleh aus normal, perlu ditangani oleh teknisi|Kerusakan kusen jendela berbahan alumunium disebabkan oleh aus normal, perlu dilakukan penggantian komponen yang rusak dan pemeriksaan rutin, biaya perbaikan sebesar Rp 330000|Kusen Jendela Berbahan Alumunium|Gedung E|Lantai 1|Zona Timur|Arsitektur|Ringan|Aus normal|Aus/abrasi|330000.0
Tolong dong Dinding Tembok/Mansonry di Gedung C lantai 8 zona Utara bocor deras bgt, gk tahu dmn asalnya, yg penting dibenerin yg cepat, dmn teknisi?|Dinding Tembok/Mansonry mengalami kerusakan total akibat Human error, perlu dilakukan perbaikan segera dengan mengganti komponen yang rusak|Dinding Tembok/Mansonry|Gedung C|Lantai 8|Zona Utara|Civil|Fatal|Human error|Tidak berfungsi total|26240000.0
Mohon perhatian, terdapat kerusakan pada Dinding Tembok/Mansonry di Gedung C, lantai 8, zona Utara, yang telah terbakar dan tidak dapat digunakan, mohon segera dilakukan perbaikan|Dinding Tembok/Mansonry mengalami kerusakan parah akibat Human error, perlu dilakukan perbaikan segera dengan mengganti komponen yang rusak, biaya perbaikan diperkirakan sebesar Rp 26240000|Dinding Tembok/Mansonry|Gedung C|Lantai 8|Zona Utara|Civil|Fatal|Human error|Tidak berfungsi total|26240000.0
Gedung C lantai 7 zona Selatan MDP rusak bgt, yg benerin dmn sih, gk bisa nyala sama sekali, tolong dong cepat bgt!|Perbaikan MDP dilakukan dengan memperbaiki komponen yang rusak akibat tegangan tidak stabil, kemudian dilakukan pengujian untuk memastikan MDP dapat berfungsi dengan normal kembali, biaya perbaikan sebesar Rp 5800000|MDP|Gedung C|Lantai 7|Zona Selatan|Electrical|Berat|Tegangan tidak stabil|Mati mendadak|5800000.0
Mohon perhatian, MDP di Gedung C lantai 7 zona Selatan mengalami kerusakan berat, tidak dapat nyala sama sekali, mohon segera dilakukan perbaikan|Perbaikan MDP dilakukan dengan memeriksa dan memperbaiki komponen yang rusak akibat tegangan tidak stabil, kemudian dilakukan pengujian untuk memastikan MDP dapat berfungsi dengan normal kembali, biaya perbaikan sebesar Rp 5800000|MDP|Gedung C|Lantai 7|Zona Selatan|Electrical|Berat|Tegangan tidak stabil|Mati mendadak|5800000.0
Tolong dong Control Panel Penerangan di Gedung C lantai 1 zona Selatan rusak nih, gk tau kenapa, tp yg jelas tombolnya bunyi pelan bgt, dmn bisa dilaporin ya?|Ditemukan kerusakan pada Control Panel Penerangan di Gedung C lantai 1 zona Selatan, penyebabnya adalah Kelembaban tinggi, dilakukan perbaikan dengan mengganti komponen yang rusak|Control Panel Penerangan|Gedung C|Lantai 1|Zona Selatan|Electrical|Ringan|Kelembaban tinggi|Tidak berfungsi total|240000.0
Mohon bantuan untuk memperbaiki Control Panel Penerangan di Gedung C lantai 1 zona Selatan, karena saat ini dalam keadaan tidak berfungsi total, dikarenakan Kelembaban tinggi, saya mohon untuk segera ditangani|Control Panel Penerangan di Gedung C lantai 1 zona Selatan mengalami kerusakan akibat Kelembaban tinggi, perlu dilakukan perbaikan dengan mengganti komponen yang rusak, perkiraan biaya perbaikan Rp 240000|Control Panel Penerangan|Gedung C|Lantai 1|Zona Selatan|Electrical|Ringan|Kelembaban tinggi|Tidak berfungsi total|240000.0
Halo, dmn Dinding Partisi, GRC / Gypsum di Gedung C lantai 1 zona Barat rusak bgt, gk tahu knp, tolong dong bantu perbaiki ya!|Dinding Partisi, GRC / Gypsum mengalami kerusakan karena Aus normal, perlu dilakukan perbaikan dengan mengganti komponen yang rusak|Dinding Partisi, GRC / Gypsum|Gedung C|Lantai 1|Zona Barat|Civil|Sedang|Aus normal|Berkarat/korosi|1860000.0
Mohon bantu perbaiki Dinding Partisi, GRC / Gypsum di Gedung C lantai 1 zona Barat yang rusak berkarat, terima kasih|Dinding Partisi, GRC / Gypsum mengalami kerusakan berkarat karena Aus normal, perlu dilakukan perbaikan segera dengan biaya Rp 1860000|Dinding Partisi, GRC / Gypsum|Gedung C|Lantai 1|Zona Barat|Civil|Sedang|Aus normal|Berkarat/korosi|1860000.0
Tolong dong Pesawat Telepon di Gedung C lantai 5 zona Selatan bgt rusak nih, nyetrum gitu!|Pesawat Telepon mengalami Aus normal, perlu perbaikan segera|Pesawat Telepon|Gedung C|Lantai 5|Zona Selatan|Sistem Telekomunikasi Gedung|Fatal|Aus normal|Tampilan rusak|25740000.0
Mohon perbaikan Pesawat Telepon di Gedung C, lantai 5, zona Selatan, karena mengalami kerusakan yang sangat parah, nyetrum dan tidak bisa digunakan.|Pesawat Telepon mengalami Aus normal, perlu perbaikan dan penggantian komponen yang rusak|Pesawat Telepon|Gedung C|Lantai 5|Zona Selatan|Sistem Telekomunikasi Gedung|Fatal|Aus normal|Tampilan rusak|25740000.0
Tolong dong Meja kerja di Gedung Servis lantai 1 zona Utara bgt rusak parah bgt, gk bisa dipake lagi, cepat tolong ya!|Kerusakan total disebabkan kualitas material yang buruk, perlu diganti dengan material yang lebih baik dan tahan lama|Meja kerja|Gedung Servis|Lantai 1|Zona Utara|Arsitektur|Fatal|Kualitas material|Tidak berfungsi total|30400000.0
Tolong dong AC Split di Gedung Utama lantai 1 zona Timur rusak bgt, bocor deras, nyetrum, gk tahu dmn salahnya, tolong bantu yg, bgt|Ditemukan kerusakan kebocoran pada AC Split di Gedung Utama lantai 1 zona Timur, penyebabnya adalah kelembaban tinggi, dilakukan perbaikan dengan mengganti komponen yang rusak|AC Split|Gedung Utama|Lantai 1|Zona Timur|Mechanical|Fatal|Kelembaban tinggi|Kebocoran|20540000.0
Lapor, AC Split di Gedung Utama lantai 1 zona Timur bocor|Ditemukan kerusakan kebocoran pada AC Split di Gedung Utama lantai 1 zona Timur, penyebabnya adalah kelembaban tinggi, dilakukan perbaikan dengan mengganti komponen yang rusak, biaya perbaikan sebesar Rp 20540000|AC Split|Gedung Utama|Lantai 1|Zona Timur|Mechanical|Fatal|Kelembaban tinggi|Kebocoran|20540000.0
Mohon perhatian, AC Split di Gedung Utama lantai 1 zona Timur mengalami kerusakan kebocoran yang parah, sehingga menyebabkan nyetrum, mohon segera ditangani|Ditemukan kerusakan kebocoran pada AC Split di Gedung Utama lantai 1 zona Timur, penyebabnya adalah kelembaban tinggi, dilakukan perbaikan dengan mengganti komponen yang rusak|AC Split|Gedung Utama|Lantai 1|Zona Timur|Mechanical|Fatal|Kelembaban tinggi|Kebocoran|20540000.0
Tolong dong Exhaust Fan di Gedung E lantai 1 zona Barat rusak nih, bunyi pelan gitu bgt, gk tau dmn salahnya, tp yg jelas kusam bgt|Getaran menyebabkan kerusakan, perbaikan dengan membersihkan dan mengencangkan komponen|Exhaust Fan|Gedung E|Lantai 1|Zona Barat|Ventilasi Sistem|Ringan|Getaran|Macet/tersumbat|320000.0
Mohon perhatian, terdapat kendala pada Exhaust Fan di Gedung E lantai 1 zona Barat, kondisinya kusam dan berdebu, mungkin disebabkan oleh getaran|Tindakan perbaikan akan dilakukan dengan membersihkan dan mengencangkan komponen yang terkait, biaya perbaikan sebesar Rp 320000|Exhaust Fan|Gedung E|Lantai 1|Zona Barat|Ventilasi Sistem|Ringan|Getaran|Macet/tersumbat|320000.0
Tolong dong Exhaust Fan di Gedung A lantai 10 zona Selatan rusak bgt, gk nyala sama sekali, yg bikin pusing banget!|Laporan teknisi: Exhaust Fan mengalami kerusakan akibat Kelembaban tinggi, dilakukan perbaikan dengan mengganti komponen yang rusak, biaya perbaikan sebesar 5840000|Exhaust Fan|Gedung A|Lantai 10|Zona Selatan|Ventilasi Sistem|Berat|Kelembaban tinggi|Tampilan rusak|5840000.0
Exhaust Fan di Gedung A lantai 10 zona Selatan mengalami kerusakan yang cukup parah, tidak dapat beroperasi dengan baik|Laporan teknisi: Exhaust Fan mengalami kerusakan akibat Kelembaban tinggi, dilakukan perbaikan dengan mengganti komponen yang rusak, biaya perbaikan sebesar 5840000|Exhaust Fan|Gedung A|Lantai 10|Zona Selatan|Ventilasi Sistem|Berat|Kelembaban tinggi|Tampilan rusak|5840000.0
Tolong dong Pintu Kayu/HPL di Gedung E lantai 4 zona Utara bocor deras bgt, gk tahu dmn asalnya, tp yg jelas pintunya udah gk bisa dibuka lagi, tolong bantu yg, dmn saya harus hubungi?|Laporan teknisi: Kerusakan disebabkan oleh human error, perlu dilakukan perbaikan segera dengan mengganti komponen yang rusak, biaya perbaikan sebesar Rp 41440000|Pintu Kayu/HPL|Gedung E|Lantai 4|Zona Utara|Arsitektur|Fatal|Human error|Berkarat/korosi|41440000.0
Mohon bantuan untuk memperbaiki Pintu Kayu/HPL di Gedung E lantai 4 zona Utara, karena pintu tersebut sudah tidak dapat dibuka lagi dan terjadi kebocoran yang parah, sehingga menyebabkan kerusakan pada struktur bangunan|Laporan teknisi: Kerusakan disebabkan oleh human error, perlu dilakukan perbaikan segera dengan mengganti komponen yang rusak|Pintu Kayu/HPL|Gedung E|Lantai 4|Zona Utara|Arsitektur|Fatal|Human error|Berkarat/korosi|41440000.0
Tolong dong Dinding Partisi, GRC / Gypsum di Gedung Servis lantai 2 zona Barat rusak nih, yg bgt kotor dan kusam, gk tau dmn awalnya rusak, tp skr bgt perlu dibersihin dan diperbaiki, bgt|Dinding Partisi, GRC / Gypsum mengalami kerusakan akibat Human error, perlu dibersihkan dan diperbaiki dengan memperhatikan kualitas bahan dan pengerjaan, biaya perbaikan Rp 270000|Dinding Partisi, GRC / Gypsum|Gedung Servis|Lantai 2|Zona Barat|Civil|Ringan|Human error|Performa menurun|270000.0
Mohon perhatian, Dinding Partisi, GRC / Gypsum di Gedung Servis lantai 2 zona Barat mengalami penurunan performa, kusam dan kotor, perlu segera diperbaiki|Dinding Partisi, GRC / Gypsum mengalami kerusakan akibat Human error, perlu dibersihkan dan diperbaiki dengan memperhatikan kualitas bahan dan pengerjaan|Dinding Partisi, GRC / Gypsum|Gedung Servis|Lantai 2|Zona Barat|Civil|Ringan|Human error|Performa menurun|270000.0
Lantai Keramik di Gedung B lantai 6 zona Timur rusak bgt, gk tau dmn salahnya, tolong dong cepat diperbaiki|Lantai Keramik mengalami kerusakan tampilan akibat kurang perawatan, perlu dilakukan pembersihan dan perawatan rutin|Lantai Keramik|Gedung B|Lantai 6|Zona Timur|Civil|Ringan|Kurang perawatan|Tampilan rusak|390000.0
Mohon bantuan untuk memperbaiki Lantai Keramik di Gedung B lantai 6 zona Timur yang mengalami kerusakan tampilan, mungkin karena kurang perawatan|Lantai Keramik mengalami kerusakan akibat kurang perawatan, perlu dilakukan pembersihan dan perawatan rutin, biaya perbaikan sebesar Rp 390000|Lantai Keramik|Gedung B|Lantai 6|Zona Timur|Civil|Ringan|Kurang perawatan|Tampilan rusak|390000.0
Tolong dong Atap Genteng di Gedung Utama lantai 18 zona Utara rusak bgt, gk tahu dmn letak kerusakannya, tp yg jelas atapnya jebol dan perlu perbaikan segera!|Kerusakan disebabkan oleh Korosi, perlu dilakukan penggantian atap dan perawatan rutin untuk mencegah kerusakan serupa, biaya perbaikan sebesar Rp 7080000|Atap Genteng|Gedung Utama|Lantai 18|Zona Utara|Civil|Berat|Korosi|Getaran berlebihan|7080000.0
Mohon perhatian, Atap Genteng di Gedung Utama lantai 18 zona Utara mengalami kerusakan yang cukup parah, yaitu getaran berlebihan dan jebol, sehingga perlu dilakukan perbaikan segera|Kerusakan disebabkan oleh Korosi, dilakukan perbaikan dengan mengganti atap dan melakukan perawatan rutin, biaya perbaikan Rp 7080000|Atap Genteng|Gedung Utama|Lantai 18|Zona Utara|Civil|Berat|Korosi|Getaran berlebihan|7080000.0
