teks_keluhan_awam|teks_laporan_teknisi|tipe_aset|lokasi_gedung|lokasi_lantai|lokasi_zona|kategori_aset|severity|root_cause|jenis_kerusakan|biaya_perbaikan
AC Split di Gedung D Lantai 3 Zona Barat retak parah karena kelembaban tinggi sehingga tidak bisa digunakan|Telah dilakukan perbaikan pada AC Split di Gedung D Lantai 3 Zona Barat dengan biaya total Rp 18771000 karena kerusakan retak parah akibat kelembaban tinggi|AC Split|Gedung D|Lantai 3|Zona Barat|Mechanical|Fatal|Kelembaban tinggi|Retak/pecah|18771000
AC Split di Gedung D Lantai 3 Zona Barat pecah berat dan bocor karena kelembaban tinggi sehingga mengganggu operasional|Telah dilakukan perbaikan pada AC Split di Gedung D Lantai 3 Zona Barat dengan biaya total Rp 18771000 karena kerusakan pecah berat akibat kelembaban tinggi|AC Split|Gedung D|Lantai 3|Zona Barat|Mechanical|Fatal|Kelembaban tinggi|Retak/pecah|18771000
AC Split di Gedung D Lantai 3 Zona Barat mengalami kerusakan retak parah dan kebocoran karena kelembaban tinggi sehingga tidak bisa beroperasi|Telah dilakukan perbaikan pada AC Split di Gedung D Lantai 3 Zona Barat dengan biaya total Rp 18771000 karena kerusakan retak parah akibat kelembaban tinggi|AC Split|Gedung D|Lantai 3|Zona Barat|Mechanical|Fatal|Kelembaban tinggi|Retak/pecah|18771000
Sistem access control di parkir lantai 3 agak panas dan tidak stabil karena kesalahan penggunaan|Teknisi telah memperbaiki masalah overheat pada access control dengan total biaya perbaikan Rp 356000|Access Control|Gedung Parkir|Lantai 3|Zona Tengah|Security Sistem|Ringan|Human error|Overheat|356000
Sistem keamanan di lantai 3 zona tengah mengalami overheat karena human error, perlu diperbaiki agar tidak mengganggu rutinitas|Teknisi telah memperbaiki masalah overheat pada access control dengan total biaya perbaikan Rp 356000|Access Control|Gedung Parkir|Lantai 3|Zona Tengah|Security Sistem|Ringan|Human error|Overheat|356000
Access control di gedung parkir lantai 3 zona tengah mengalami masalah karena overheat dan kesalahan penggunaan, perlu diperbaiki segera|Teknisi telah memperbaiki masalah overheat pada access control dengan total biaya perbaikan Rp 356000|Access Control|Gedung Parkir|Lantai 3|Zona Tengah|Security Sistem|Ringan|Human error|Overheat|356000
Lampu Neon Sign di Gedung D, Lantai 6, Zona Tengah tidak mau menyala karena remote kontrolnya bermasalah mungkin karena overload|Teknisi telah memperbaiki remote kontrol Lampu Neon Sign yang tidak berfungsi di Gedung D, Lantai 6, Zona Tengah dengan total biaya perbaikan Rp 1610000|Lampu Neon Sign|Gedung D|Lantai 6|Zona Tengah|Electrical|Sedang|Overload|Remote tidak berfungsi|1610000
Lampu Neon Sign di Gedung D, Lantai 6, Zona Tengah sering mati karena overload dan remote kontrolnya tidak berfungsi|Teknisi telah memperbaiki masalah remote kontrol Lampu Neon Sign yang tidak berfungsi di Gedung D, Lantai 6, Zona Tengah dengan total biaya perbaikan Rp 1610000|Lampu Neon Sign|Gedung D|Lantai 6|Zona Tengah|Electrical|Sedang|Overload|Remote tidak berfungsi|1610000
Lampu Neon Sign di Gedung D, Lantai 6, Zona Tengah mengalami gangguan karena remote kontrolnya tidak berfungsi mungkin disebabkan oleh overload|Teknisi telah memperbaiki remote kontrol Lampu Neon Sign yang tidak berfungsi di Gedung D, Lantai 6, Zona Tengah dengan total biaya perbaikan Rp 1610000|Lampu Neon Sign|Gedung D|Lantai 6|Zona Tengah|Electrical|Sedang|Overload|Remote tidak berfungsi|1610000
AC Split di Gedung D Lantai 3 Zona Barat retak parah karena kelembaban tinggi sehingga tidak bisa digunakan|Telah dilakukan perbaikan pada AC Split di Gedung D Lantai 3 Zona Barat dengan biaya total Rp 18771000 karena kerusakan retak parah akibat kelembaban tinggi|AC Split|Gedung D|Lantai 3|Zona Barat|Mechanical|Fatal|Kelembaban tinggi|Retak/pecah|18771000
AC Split di Gedung D Lantai 3 Zona Barat pecah berat dan bocor karena kelembaban tinggi sehingga mengganggu operasional|Telah dilakukan perbaikan pada AC Split di Gedung D Lantai 3 Zona Barat dengan biaya total Rp 18771000 karena kerusakan pecah berat akibat kelembaban tinggi|AC Split|Gedung D|Lantai 3|Zona Barat|Mechanical|Fatal|Kelembaban tinggi|Retak/pecah|18771000
AC Split di Gedung D Lantai 3 Zona Barat mengalami kerusakan retak parah dan kebocoran karena kelembaban tinggi sehingga tidak bisa beroperasi|Telah dilakukan perbaikan pada AC Split di Gedung D Lantai 3 Zona Barat dengan biaya total Rp 18771000 karena kerusakan retak parah akibat kelembaban tinggi|AC Split|Gedung D|Lantai 3|Zona Barat|Mechanical|Fatal|Kelembaban tinggi|Retak/pecah|18771000
Sistem access control di parkir lantai 3 agak panas dan tidak stabil karena kesalahan penggunaan|Teknisi telah memperbaiki masalah overheat pada access control dengan total biaya perbaikan Rp 356000|Access Control|Gedung Parkir|Lantai 3|Zona Tengah|Security Sistem|Ringan|Human error|Overheat|356000
Sistem keamanan di lantai 3 zona tengah mengalami overheat karena human error, perlu diperbaiki agar tidak mengganggu rutinitas|Teknisi telah memperbaiki masalah overheat pada access control dengan total biaya perbaikan Rp 356000|Access Control|Gedung Parkir|Lantai 3|Zona Tengah|Security Sistem|Ringan|Human error|Overheat|356000
Access control di gedung parkir lantai 3 zona tengah mengalami masalah karena overheat dan kesalahan penggunaan, perlu diperbaiki segera|Teknisi telah memperbaiki masalah overheat pada access control dengan total biaya perbaikan Rp 356000|Access Control|Gedung Parkir|Lantai 3|Zona Tengah|Security Sistem|Ringan|Human error|Overheat|356000
Lampu Neon Sign di Gedung D, Lantai 6, Zona Tengah tidak mau menyala karena remote kontrolnya bermasalah mungkin karena overload|Teknisi telah memperbaiki remote kontrol Lampu Neon Sign yang tidak berfungsi di Gedung D, Lantai 6, Zona Tengah dengan total biaya perbaikan Rp 1610000|Lampu Neon Sign|Gedung D|Lantai 6|Zona Tengah|Electrical|Sedang|Overload|Remote tidak berfungsi|1610000
Lampu Neon Sign di Gedung D, Lantai 6, Zona Tengah sering mati karena overload dan remote kontrolnya tidak berfungsi|Teknisi telah memperbaiki masalah remote kontrol Lampu Neon Sign yang tidak berfungsi di Gedung D, Lantai 6, Zona Tengah dengan total biaya perbaikan Rp 1610000|Lampu Neon Sign|Gedung D|Lantai 6|Zona Tengah|Electrical|Sedang|Overload|Remote tidak berfungsi|1610000
Lampu Neon Sign di Gedung D, Lantai 6, Zona Tengah mengalami gangguan karena remote kontrolnya tidak berfungsi mungkin disebabkan oleh overload|Teknisi telah memperbaiki remote kontrol Lampu Neon Sign yang tidak berfungsi di Gedung D, Lantai 6, Zona Tengah dengan total biaya perbaikan Rp 1610000|Lampu Neon Sign|Gedung D|Lantai 6|Zona Tengah|Electrical|Sedang|Overload|Remote tidak berfungsi|1610000
AC Split di Parkir lantai 5 zona selatan macet kadang-kadang karena kurang perawatan sehingga overheat|Telah diperbaiki masalah overheat pada AC Split di Gedung Parkir lantai 5 zona selatan dengan biaya perbaikan Rp 122000|AC Split|Gedung Parkir|Lantai 5|Zona Selatan|Mechanical|Ringan|Kurang perawatan|Overheat|122000
AC Split di zona selatan lantai 5 gedung parkir sering netes sedikit dan berisik karena kurang perawatan sehingga overheat|Telah diperbaiki masalah overheat pada AC Split di Gedung Parkir lantai 5 zona selatan dengan biaya perbaikan Rp 122000|AC Split|Gedung Parkir|Lantai 5|Zona Selatan|Mechanical|Ringan|Kurang perawatan|Overheat|122000
AC Split di lantai 5 zona selatan gedung parkir kotor dan macet kadang-kadang karena kurang perawatan sehingga overheat|Telah diperbaiki masalah overheat pada AC Split di Gedung Parkir lantai 5 zona selatan dengan biaya perbaikan Rp 122000|AC Split|Gedung Parkir|Lantai 5|Zona Selatan|Mechanical|Ringan|Kurang perawatan|Overheat|122000
Monitor CCTV|Teknisi telah memperbaiki masalah getaran berlebihan pada Monitor CCTV dengan biaya perbaikan Rp 1760000|Monitor CCTV|Gedung Utama|Lantai 3|Zona Timur|Security Sistem|Sedang|Tegangan tidak stabil|Getaran berlebihan|1760000
Monitor CCTV|Teknisi telah mengatasi masalah tegangan tidak stabil yang menyebabkan getaran berlebihan pada Monitor CCTV dengan biaya perbaikan Rp 1760000|Monitor CCTV|Gedung Utama|Lantai 3|Zona Timur|Security Sistem|Sedang|Tegangan tidak stabil|Getaran berlebihan|1760000
Monitor CCTV|Teknisi telah memperbaiki getaran berlebihan pada Monitor CCTV yang disebabkan oleh tegangan tidak stabil dengan biaya perbaikan Rp 1760000|Monitor CCTV|Gedung Utama|Lantai 3|Zona Timur|Security Sistem|Sedang|Tegangan tidak stabil|Getaran berlebihan|1760000
Lemari di lantai 8 zona timur gedung C agak bergetar saat dibuka|Teknisi telah memperbaiki masalah getaran berlebihan pada lemari dengan biaya total Rp 1876000|Lemari/Loker|Gedung C|Lantai 8|Zona Timur|Arsitektur|Sedang|Faktor lingkungan|Getaran berlebihan|1876000
Lemari di zona timur lantai 8 gedung C terkadang bergetar|Teknisi telah memperbaiki masalah getaran berlebihan pada lemari dengan biaya total Rp 1876000|Lemari/Loker|Gedung C|Lantai 8|Zona Timur|Arsitektur|Sedang|Faktor lingkungan|Getaran berlebihan|1876000
Lemari di lantai 8 zona timur gedung C mengalami getaran yang mengganggu rutinitas|Teknisi telah memperbaiki masalah getaran berlebihan pada lemari dengan biaya total Rp 1876000|Lemari/Loker|Gedung C|Lantai 8|Zona Timur|Arsitektur|Sedang|Faktor lingkungan|Getaran berlebihan|1876000
AC Split tidak mau nyala karena remote bermasalah dan kelembaban tinggi membuatnya agak rusak|Teknisi telah memperbaiki remote AC Split dengan total biaya perbaikan Rp 1228000|AC Split|Gedung Utama|20|Zona Selatan|Mechanical|Sedang|Kelembaban tinggi|Remote tidak berfungsi|1228000
Remote AC Split rusak dan tidak bisa mengatur suhu karena kelembaban tinggi, membuat AC Split tidak nyaman digunakan|Teknisi telah memperbaiki remote AC Split dengan total biaya perbaikan Rp 1228000|AC Split|Gedung Utama|20|Zona Selatan|Mechanical|Sedang|Kelembaban tinggi|Remote tidak berfungsi|1228000
AC Split di Gedung Utama, Lantai 20, Zona Selatan, mengalami gangguan karena remote tidak berfungsi akibat kelembaban tinggi, sehingga perlu perbaikan segera|Teknisi telah memperbaiki remote AC Split dengan total biaya perbaikan Rp 1228000|AC Split|Gedung Utama|20|Zona Selatan|Mechanical|Sedang|Kelembaban tinggi|Remote tidak berfungsi|1228000
AC Split di Parkir lantai 5 zona selatan macet kadang-kadang karena kurang perawatan sehingga overheat|Telah diperbaiki masalah overheat pada AC Split di Gedung Parkir lantai 5 zona selatan dengan biaya perbaikan Rp 122000|AC Split|Gedung Parkir|Lantai 5|Zona Selatan|Mechanical|Ringan|Kurang perawatan|Overheat|122000
AC Split di zona selatan lantai 5 gedung parkir sering netes sedikit dan berisik karena kurang perawatan sehingga overheat|Telah diperbaiki masalah overheat pada AC Split di Gedung Parkir lantai 5 zona selatan dengan biaya perbaikan Rp 122000|AC Split|Gedung Parkir|Lantai 5|Zona Selatan|Mechanical|Ringan|Kurang perawatan|Overheat|122000
AC Split di lantai 5 zona selatan gedung parkir kotor dan macet kadang-kadang karena kurang perawatan sehingga overheat|Telah diperbaiki masalah overheat pada AC Split di Gedung Parkir lantai 5 zona selatan dengan biaya perbaikan Rp 122000|AC Split|Gedung Parkir|Lantai 5|Zona Selatan|Mechanical|Ringan|Kurang perawatan|Overheat|122000
Monitor CCTV|Teknisi telah memperbaiki masalah getaran berlebihan pada Monitor CCTV dengan biaya perbaikan Rp 1760000|Monitor CCTV|Gedung Utama|Lantai 3|Zona Timur|Security Sistem|Sedang|Tegangan tidak stabil|Getaran berlebihan|1760000
Monitor CCTV|Teknisi telah mengatasi masalah tegangan tidak stabil yang menyebabkan getaran berlebihan pada Monitor CCTV dengan biaya perbaikan Rp 1760000|Monitor CCTV|Gedung Utama|Lantai 3|Zona Timur|Security Sistem|Sedang|Tegangan tidak stabil|Getaran berlebihan|1760000
Monitor CCTV|Teknisi telah memperbaiki getaran berlebihan pada Monitor CCTV yang disebabkan oleh tegangan tidak stabil dengan biaya perbaikan Rp 1760000|Monitor CCTV|Gedung Utama|Lantai 3|Zona Timur|Security Sistem|Sedang|Tegangan tidak stabil|Getaran berlebihan|1760000
Lemari di lantai 8 zona timur gedung C agak bergetar saat dibuka|Teknisi telah memperbaiki masalah getaran berlebihan pada lemari dengan biaya total Rp 1876000|Lemari/Loker|Gedung C|Lantai 8|Zona Timur|Arsitektur|Sedang|Faktor lingkungan|Getaran berlebihan|1876000
Lemari di zona timur lantai 8 gedung C terkadang bergetar|Teknisi telah memperbaiki masalah getaran berlebihan pada lemari dengan biaya total Rp 1876000|Lemari/Loker|Gedung C|Lantai 8|Zona Timur|Arsitektur|Sedang|Faktor lingkungan|Getaran berlebihan|1876000
Lemari di lantai 8 zona timur gedung C mengalami getaran yang mengganggu rutinitas|Teknisi telah memperbaiki masalah getaran berlebihan pada lemari dengan biaya total Rp 1876000|Lemari/Loker|Gedung C|Lantai 8|Zona Timur|Arsitektur|Sedang|Faktor lingkungan|Getaran berlebihan|1876000
AC Split tidak mau nyala karena remote bermasalah dan kelembaban tinggi membuatnya agak rusak|Teknisi telah memperbaiki remote AC Split dengan total biaya perbaikan Rp 1228000|AC Split|Gedung Utama|20|Zona Selatan|Mechanical|Sedang|Kelembaban tinggi|Remote tidak berfungsi|1228000
Remote AC Split rusak dan tidak bisa mengatur suhu karena kelembaban tinggi, membuat AC Split tidak nyaman digunakan|Teknisi telah memperbaiki remote AC Split dengan total biaya perbaikan Rp 1228000|AC Split|Gedung Utama|20|Zona Selatan|Mechanical|Sedang|Kelembaban tinggi|Remote tidak berfungsi|1228000
AC Split di Gedung Utama, Lantai 20, Zona Selatan, mengalami gangguan karena remote tidak berfungsi akibat kelembaban tinggi, sehingga perlu perbaikan segera|Teknisi telah memperbaiki remote AC Split dengan total biaya perbaikan Rp 1228000|AC Split|Gedung Utama|20|Zona Selatan|Mechanical|Sedang|Kelembaban tinggi|Remote tidak berfungsi|1228000
AC Split mati total karena korsleting parah akibat human error|Telah dilakukan perbaikan pada AC Split dengan jenis kerusakan korsleting yang disebabkan oleh human error, dengan total biaya perbaikan sebesar Rp 4815000|AC Split|Gedung C|Lantai 4|Zona Barat|Mechanical|Berat|Human error|Korsleting|4815000
AC Split jebol karena korslet listrik yang tidak stabil akibat kelalaian manusia|Telah dilakukan perbaikan pada AC Split dengan jenis kerusakan korsleting yang disebabkan oleh human error, dengan total biaya perbaikan sebesar Rp 4815000|AC Split|Gedung C|Lantai 4|Zona Barat|Mechanical|Berat|Human error|Korsleting|4815000
AC Split berasap dan mati karena korsleting yang disebabkan oleh kesalahan operasional|Telah dilakukan perbaikan pada AC Split dengan jenis kerusakan korsleting yang disebabkan oleh human error, dengan total biaya perbaikan sebesar Rp 4815000|AC Split|Gedung C|Lantai 4|Zona Barat|Mechanical|Berat|Human error|Korsleting|4815000
Monitor CCTV di Gedung E, Lantai 3, Zona Utara rusak parah karena aus dan kotor, sehingga tidak bisa digunakan|Teknisi telah memperbaiki Monitor CCTV yang rusak parah di Gedung E, Lantai 3, Zona Utara dengan biaya perbaikan total Rp 3796000|Monitor CCTV|Gedung E|Lantai 3|Zona Utara|Security Sistem|Berat|Debu/kotoran|Aus/abrasi|3796000
Monitor CCTV di Gedung E, Lantai 3, Zona Utara mengalami kerusakan berat karena abrasi dan debu, sehingga tidak bisa berfungsi dengan baik|Teknisi telah melakukan perbaikan pada Monitor CCTV yang rusak berat di Gedung E, Lantai 3, Zona Utara dengan total biaya perbaikan Rp 3796000|Monitor CCTV|Gedung E|Lantai 3|Zona Utara|Security Sistem|Berat|Debu/kotoran|Aus/abrasi|3796000
Monitor CCTV di Gedung E, Lantai 3, Zona Utara rusak total karena aus dan kotoran yang menumpuk, sehingga perlu perbaikan segera|Teknisi telah memperbaiki Monitor CCTV yang rusak total di Gedung E, Lantai 3, Zona Utara dengan biaya perbaikan total Rp 3796000|Monitor CCTV|Gedung E|Lantai 3|Zona Utara|Security Sistem|Berat|Debu/kotoran|Aus/abrasi|3796000
Tidak berfungsi total karena aus normal, hanya netes sedikit|Perbaikan telah dilakukan dengan biaya Rp 278000 untuk mengatasi masalah tidak berfungsi total pada APAB Dry Powder|APAB Dry Powder|Gedung D|Lantai 3|Zona Utara|Sistem Pemadam Kebakaran|Ringan|Aus normal|Tidak berfungsi total|278000
Tidak bisa dipakai karena aus, agak berisik saat diaktifkan|Perbaikan telah selesai dengan total biaya Rp 278000 untuk mengatasi masalah aus normal pada APAB Dry Powder|APAB Dry Powder|Gedung D|Lantai 3|Zona Utara|Sistem Pemadam Kebakaran|Ringan|Aus normal|Tidak berfungsi total|278000
Sistem pemadam kebakaran macet kadang-kadang, dikarenakan aus normal|Teknisi telah melakukan perbaikan dengan biaya Rp 278000 untuk mengatasi masalah tidak berfungsi total pada APAB Dry Powder|APAB Dry Powder|Gedung D|Lantai 3|Zona Utara|Sistem Pemadam Kebakaran|Ringan|Aus normal|Tidak berfungsi total|278000
DVR CCTV di Gedung B lantai 2 Zona Utara netes sedikit karena kelembaban tinggi|Teknisi telah memperbaiki DVR CCTV yang retak karena kelembaban tinggi dengan biaya perbaikan total Rp 708000|DVR CCTV|Gedung B|Lantai 2|Zona Utara|Security Sistem|Sedang|Kelembaban tinggi|Retak/pecah|708000
DVR CCTV di Gedung B lantai 2 Zona Utara agak berisik dan retak|Teknisi telah memperbaiki DVR CCTV yang retak karena kelembaban tinggi dengan biaya perbaikan total Rp 708000|DVR CCTV|Gedung B|Lantai 2|Zona Utara|Security Sistem|Sedang|Kelembaban tinggi|Retak/pecah|708000
DVR CCTV di Gedung B lantai 2 Zona Utara kotor dan pecah karena kelembaban tinggi|Teknisi telah memperbaiki DVR CCTV yang retak karena kelembaban tinggi dengan biaya perbaikan total Rp 708000|DVR CCTV|Gedung B|Lantai 2|Zona Utara|Security Sistem|Sedang|Kelembaban tinggi|Retak/pecah|708000
Lampu LED di lantai 2 gedung parkir zona selatan netes sedikit karena overload dan korsleting|Laporan teknisi: telah dilakukan perbaikan pada lampu LED di lantai 2 gedung parkir zona selatan dengan biaya perbaikan Rp 416000|Lampu LED|Gedung Parkir|Lantai 2|Zona Selatan|Electrical|Ringan|Overload|Korsleting|416000
Lampu LED di gedung parkir lantai 2 zona selatan agak berisik dan korsleting karena overload|Laporan teknisi: telah dilakukan perbaikan pada lampu LED di gedung parkir lantai 2 zona selatan dengan biaya perbaikan Rp 416000|Lampu LED|Gedung Parkir|Lantai 2|Zona Selatan|Electrical|Ringan|Overload|Korsleting|416000
Lampu LED di lantai 2 zona selatan gedung parkir macet kadang-kadang karena korsleting dan overload|Laporan teknisi: telah dilakukan perbaikan pada lampu LED di lantai 2 zona selatan gedung parkir dengan biaya perbaikan Rp 416000|Lampu LED|Gedung Parkir|Lantai 2|Zona Selatan|Electrical|Ringan|Overload|Korsleting|416000
Lantai karpet bocor parah karena usia pakai|Telah dilakukan perbaikan kebocoran pada lantai karpet dengan biaya total Rp 6283000|Lantai Karpet|Gedung Servis|3|Utara|Civil|Berat|Usia pakai|Kebocoran|6283000
Lantai karpet Gedung Servis mengalami kebocoran hebat akibat usia pakai yang sudah lama|Perbaikan telah dilakukan dengan mengganti komponen yang rusak dan memperbaiki kebocoran, total biaya perbaikan Rp 6283000|Lantai Karpet|Gedung Servis|3|Utara|Civil|Berat|Usia pakai|Kebocoran|6283000
Lantai karpet di Gedung Servis, Lantai 3, Zona Utara bocor sangat parah karena usia pakai yang sudah tidak layak|Telah dilakukan perbaikan kebocoran dengan mengganti komponen yang rusak dan memperbaiki kerusakan, biaya perbaikan total Rp 6283000|Lantai Karpet|Gedung Servis|3|Utara|Civil|Berat|Usia pakai|Kebocoran|6283000
Lantai vinyl bocor sedikit karena usia pakai|Teknisi telah memperbaiki kebocoran lantai vinyl dengan biaya perbaikan sebesar Rp 446000|Lantai Vinyl|Gedung D|Lantai 4|Zona Utara|Civil|Ringan|Usia pakai|Kebocoran|446000
Lantai vinyl ada kebocoran kecil akibat usia pakai yang sudah lama|Teknisi telah melakukan perbaikan atas kebocoran lantai vinyl dengan total biaya perbaikan Rp 446000|Lantai Vinyl|Gedung D|Lantai 4|Zona Utara|Civil|Ringan|Usia pakai|Kebocoran|446000
Lantai vinyl mengalami kebocoran ringan karena usia pakai yang sudah tua|Teknisi telah memperbaiki kebocoran lantai vinyl dengan biaya perbaikan sebesar Rp 446000 dan telah selesai dengan baik|Lantai Vinyl|Gedung D|Lantai 4|Zona Utara|Civil|Ringan|Usia pakai|Kebocoran|446000
Sensor error parah, human error menyebabkan ground water tank tidak berfungsi|Teknisi telah memperbaiki sensor error pada ground water tank dengan total biaya perbaikan Rp 9953000|Ground Water Tank|Gedung Utama|17|Zona Timur|Distribusi Air|Berat|Human error|Sensor error|9953000
Sensor rusak total, kemungkinan karena human error saat perawatan|Teknisi telah memperbaiki sensor error pada ground water tank dengan total biaya perbaikan Rp 9953000|Ground Water Tank|Gedung Utama|17|Zona Timur|Distribusi Air|Berat|Human error|Sensor error|9953000
Ground water tank tidak berfungsi karena sensor error, kemungkinan disebabkan oleh human error|Teknisi telah memperbaiki sensor error pada ground water tank dengan total biaya perbaikan Rp 9953000|Ground Water Tank|Gedung Utama|17|Zona Timur|Distribusi Air|Berat|Human error|Sensor error|9953000
Push Button|Gedung Utama|Lantai 7|Zona Selatan|Security Sistem|Ringan|Overload|Getaran berlebihan|Rp 322000|Teknisi telah memperbaiki Push Button yang mengalami getaran berlebihan akibat overload dengan biaya perbaikan sebesar Rp 322000
Push Button|Gedung Utama|Lantai 7|Zona Selatan|Security Sistem|Ringan|Overload|Getaran berlebihan|Rp 322000|Teknisi telah selesai memperbaiki Push Button yang mengalami getaran berlebihan karena overload dengan total biaya perbaikan Rp 322000
Push Button|Gedung Utama|Lantai 7|Zona Selatan|Security Sistem|Ringan|Overload|Getaran berlebihan|Rp 322000|Push Button yang mengalami getaran berlebihan akibat overload telah diperbaiki oleh teknisi dengan biaya perbaikan sebesar Rp 322000
AC Split tidak mengeluarkan udara yang cukup kuat, sepertinya karena kurang perawatan|Telah dilakukan perbaikan pada AC Split yang mengalami aliran lemah akibat kurang perawatan, dengan total biaya perbaikan sebesar Rp 8985000|AC Split|Gedung Utama|Lantai 2|Zona Selatan|Mekanical|Berat|Kurang perawatan|Aliran lemah|8985000
AC Split mati total karena aliran lemah, tidak bisa digunakan lagi|Telah dilakukan perbaikan pada AC Split yang mengalami aliran lemah akibat kurang perawatan, dengan total biaya perbaikan sebesar Rp 8985000|AC Split|Gedung Utama|Lantai 2|Zona Selatan|Mekanical|Berat|Kurang perawatan|Aliran lemah|8985000
AC Split tidak bisa mengeluarkan udara yang cukup, kemungkinan karena filter kotor dan kurang perawatan|Telah dilakukan perbaikan pada AC Split yang mengalami aliran lemah akibat kurang perawatan, dengan total biaya perbaikan sebesar Rp 8985000|AC Split|Gedung Utama|Lantai 2|Zona Selatan|Mekanical|Berat|Kurang perawatan|Aliran lemah|8985000
Lampu mati karena faktor lingkungan, mengganggu rutinitas|Telah memperbaiki masalah lampu mati pada Control Panel Hydrant Diesel Pump dengan total biaya perbaikan Rp 1714000|Control Panel Hydrant Diesel Pump|Gedung C|Lantai 6|Zona Tengah|Electrical|Sedang|Faktor lingkungan|Lampu mati|1714000
Lampu control panel hydrant diesel pump mati karena cuaca buruk, agak mengganggu|Telah memperbaiki masalah lampu mati pada Control Panel Hydrant Diesel Pump dengan total biaya perbaikan Rp 1714000|Control Panel Hydrant Diesel Pump|Gedung C|Lantai 6|Zona Tengah|Electrical|Sedang|Faktor lingkungan|Lampu mati|1714000
Lampu hidrant diesel pump tidak menyala karena faktor lingkungan, kotor, mengganggu rutinitas harian|Telah memperbaiki masalah lampu mati pada Control Panel Hydrant Diesel Pump dengan total biaya perbaikan Rp 1714000|Control Panel Hydrant Diesel Pump|Gedung C|Lantai 6|Zona Tengah|Electrical|Sedang|Faktor lingkungan|Lampu mati|1714000
Lampu LED di Gedung A, Lantai 3, Zona Barat retak dan mengganggu|Lampu LED di Gedung A, Lantai 3, Zona Barat telah diperbaiki dengan biaya Rp 1830000|Lampu LED|Gedung A|Lantai 3|Zona Barat|Electrical|Sedang|Kualitas material|Retak/pecah|1830000
Lampu LED di Gedung A, Lantai 3, Zona Barat pecah dan perlu diganti|Lampu LED di Gedung A, Lantai 3, Zona Barat telah diperbaiki dengan biaya Rp 1830000|Lampu LED|Gedung A|Lantai 3|Zona Barat|Electrical|Sedang|Kualitas material|Retak/pecah|1830000
Lampu LED di Gedung A, Lantai 3, Zona Barat mengalami kerusakan retak dan memerlukan perbaikan|Lampu LED di Gedung A, Lantai 3, Zona Barat telah diperbaiki dengan biaya Rp 1830000|Lampu LED|Gedung A|Lantai 3|Zona Barat|Electrical|Sedang|Kualitas material|Retak/pecah|1830000
AC Cassette yang sudah tua mulai aus dan berisik|Telah dilakukan perbaikan pada AC Cassette dengan biaya total Rp 193000 untuk mengatasi masalah aus dan abrasi|AC Cassette|Gedung B|7|Barat|Mechanical|Ringan|Usia pakai|Aus/abrasi|193000
AC Cassette saya mengalami abrasi ringan sehingga suaranya tidak nyaman|Telah dilakukan perbaikan pada AC Cassette dengan biaya total Rp 193000 untuk mengatasi masalah aus dan abrasi|AC Cassette|Gedung B|7|Barat|Mechanical|Ringan|Usia pakai|Aus/abrasi|193000
AC Cassette di kantor saya mulai aus dan berdebu, perlu diperbaiki|Telah dilakukan perbaikan pada AC Cassette dengan biaya total Rp 193000 untuk mengatasi masalah aus dan abrasi|AC Cassette|Gedung B|7|Barat|Mechanical|Ringan|Usia pakai|Aus/abrasi|193000
Jet Shower| Jet Shower di Gedung Utama, Lantai 8, Zona Timur mengalami sensor error karena faktor lingkungan, sehingga mengeluarkan air yang tidak stabil|Jet Shower|Gedung Utama|8|Timur|Plumbing|Sedang|Faktor lingkungan|Sensor error|1483000
Jet Shower| Jet Shower di Gedung Utama, Lantai 8, Zona Timur mengalami kesalahan sensor yang disebabkan oleh faktor lingkungan, sehingga perlu diperbaiki dengan biaya Rp 1483000|Jet Shower|Gedung Utama|8|Timur|Plumbing|Sedang|Faktor lingkungan|Sensor error|1483000
Jet Shower| Jet Shower di Gedung Utama, Lantai 8, Zona Timur mengeluarkan air yang tidak stabil karena sensor error yang disebabkan oleh faktor lingkungan, teknisi telah memperbaiki dengan biaya Rp 1483000|Jet Shower|Gedung Utama|8|Timur|Plumbing|Sedang|Faktor lingkungan|Sensor error|1483000
Exhaust Fan|Teknisi telah memperbaiki Exhaust Fan yang rusak total dengan biaya perbaikan sebesar Rp 2069000|Exhaust Fan|Gedung C|Lantai 2|Zona Selatan|Ventilasi Sistem|Berat|Aus normal|Tidak berfungsi total|2069000
Exhaust Fan|Teknisi telah melakukan perbaikan Exhaust Fan yang mengalami kerusakan total akibat aus normal dengan biaya perbaikan sebesar Rp 2069000|Exhaust Fan|Gedung C|Lantai 2|Zona Selatan|Ventilasi Sistem|Berat|Aus normal|Tidak berfungsi total|2069000
Exhaust Fan|Setelah melakukan inspeksi, teknisi menemukan bahwa Exhaust Fan rusak total akibat aus normal dan telah diperbaiki dengan biaya perbaikan sebesar Rp 2069000|Exhaust Fan|Gedung C|Lantai 2|Zona Selatan|Ventilasi Sistem|Berat|Aus normal|Tidak berfungsi total|2069000
Lampu LED di depan meja kerja saya rusak karena korosi, sehingga tampilannya tidak lengkap dan mengganggu|Telah dilakukan perbaikan pada lampu LED yang mengalami kerusakan tampilan akibat korosi, dengan total biaya perbaikan sebesar Rp 1882000|Lampu LED|Gedung B|Lantai 7|Zona Utara|Electrical|Sedang|Korosi|Tampilan rusak|1882000
Lampu LED di ruangan saya tidak menyala dengan baik karena korosi, sehingga tampilannya tidak jelas|Telah dilakukan perbaikan pada lampu LED yang mengalami kerusakan tampilan akibat korosi, dengan total biaya perbaikan sebesar Rp 1882000|Lampu LED|Gedung B|Lantai 7|Zona Utara|Electrical|Sedang|Korosi|Tampilan rusak|1882000
Lampu LED di koridor mengalami kerusakan tampilan karena korosi, sehingga perlu diperbaiki|Telah dilakukan perbaikan pada lampu LED yang mengalami kerusakan tampilan akibat korosi, dengan total biaya perbaikan sebesar Rp 1882000|Lampu LED|Gedung B|Lantai 7|Zona Utara|Electrical|Sedang|Korosi|Tampilan rusak|1882000
Dinding Granit|Teknisi telah memperbaiki masalah performa menurun pada dinding granit dengan total biaya perbaikan Rp 480000|Dinding Granit|Gedung A|12|Tengah|Civil|Ringan|Faktor lingkungan|Performa menurun|480000
Dinding Granit|Teknisi telah melakukan perbaikan pada dinding granit yang mengalami penurunan performa akibat faktor lingkungan, dengan total biaya perbaikan Rp 480000|Dinding Granit|Gedung A|12|Tengah|Civil|Ringan|Faktor lingkungan|Performa menurun|480000
Dinding Granit|Setelah melakukan inspeksi, teknisi menemukan bahwa dinding granit mengalami penurunan performa karena faktor lingkungan, dan telah memperbaiki masalah tersebut dengan total biaya perbaikan Rp 480000|Dinding Granit|Gedung A|12|Tengah|Civil|Ringan|Faktor lingkungan|Performa menurun|480000
Koneksi pipa air bersih terputus karena overload|Teknisi telah memperbaiki koneksi pipa air bersih yang terputus karena overload dengan total biaya perbaikan Rp 18424000|Pemipaan Air Bersih|Gedung C|Lantai 6|Zona Tengah|Plumbing|Fatal|Overload|Koneksi terputus|18424000
Koneksi air bersih putus total karena beban berlebih|Teknisi telah memperbaiki kerusakan koneksi air bersih yang disebabkan oleh overload dengan total biaya perbaikan Rp 18424000|Pemipaan Air Bersih|Gedung C|Lantai 6|Zona Tengah|Plumbing|Fatal|Overload|Koneksi terputus|18424000
Pipa air bersih jebol karena overload, air tidak mengalir|Teknisi telah memperbaiki pipa air bersih yang jebol karena overload dengan total biaya perbaikan Rp 18424000|Pemipaan Air Bersih|Gedung C|Lantai 6|Zona Tengah|Plumbing|Fatal|Overload|Koneksi terputus|18424000
Monitor/Layar bermasalah, suaranya tidak normal dan terdengar berisik karena debu|Teknisi telah memperbaiki monitor/layar dengan biaya total Rp 43682000|Monitor/Layar|Gedung Utama|Lantai 11|Zona Utara|Sistem Telekomunikasi Gedung|Fatal|Debu/kotoran|Bunyi abnormal|43682000
Monitor/Layar mengeluarkan suara aneh dan bergetar, kemungkinan karena kotoran|Teknisi telah melakukan perbaikan pada monitor/layar dengan total biaya perbaikan sebesar Rp 43682000|Monitor/Layar|Gedung Utama|Lantai 11|Zona Utara|Sistem Telekomunikasi Gedung|Fatal|Debu/kotoran|Bunyi abnormal|43682000
Suaranya tidak normal dan terdengar berisik, monitor/layar rusak parah karena debu dan kotoran|Teknisi telah memperbaiki monitor/layar dengan total biaya perbaikan sebesar Rp 43682000 dan telah menyelesaikan masalah tersebut|Monitor/Layar|Gedung Utama|Lantai 11|Zona Utara|Sistem Telekomunikasi Gedung|Fatal|Debu/kotoran|Bunyi abnormal|43682000
Lemari di gedung D lantai 7 zona selatan tidak berfungsi karena sensor error yang disebabkan oleh debu/kotoran, ini sangat mengganggu dan berbahaya|Teknisi telah memperbaiki sensor error pada lemari di gedung D lantai 7 zona selatan dengan total biaya perbaikan Rp 2569000|Lemari/Loker|Gedung D|7|Zona Selatan|Arsitektur|Berat|Debu/kotoran|Sensor error|2569000
Lemari di lantai 7 gedung D zona selatan mengalami kerusakan parah karena debu/kotoran yang menyebabkan sensor error, perlu perbaikan segera|Teknisi telah melakukan perbaikan pada lemari di lantai 7 gedung D zona selatan dengan biaya Rp 2569000 untuk mengatasi sensor error yang disebabkan oleh debu/kotoran|Lemari/Loker|Gedung D|7|Zona Selatan|Arsitektur|Berat|Debu/kotoran|Sensor error|2569000
Lemari di zona selatan gedung D lantai 7 rusak berat karena sensor error yang disebabkan oleh debu/kotoran, ini sangat berbahaya dan memerlukan perbaikan darurat|Teknisi telah melakukan perbaikan pada lemari di zona selatan gedung D lantai 7 dengan total biaya Rp 2569000 untuk mengatasi sensor error yang disebabkan oleh debu/kotoran|Lemari/Loker|Gedung D|7|Zona Selatan|Arsitektur|Berat|Debu/kotoran|Sensor error|2569000
Pintu Kaca Hidrolik macet kadang-kadang karena suhu tidak stabil|Teknisi telah memperbaiki pintu kaca hidrolik yang mengalami suhu tidak stabil dengan biaya perbaikan Rp 354000|Pintu Kaca Hidrolik|Gedung Utama|20|Selatan|Arsitektur|Sedang|Kurang perawatan|Suhu tidak stabil|354000
Pintu Kaca Hidrolik agak berisik dan suhu tidak stabil|Teknisi telah memperbaiki pintu kaca hidrolik yang mengalami suhu tidak stabil dengan biaya perbaikan Rp 354000|Pintu Kaca Hidrolik|Gedung Utama|20|Selatan|Arsitektur|Sedang|Kurang perawatan|Suhu tidak stabil|354000
Pintu Kaca Hidrolik kotor dan suhu tidak stabil sehingga kurang nyaman digunakan|Teknisi telah memperbaiki pintu kaca hidrolik yang mengalami suhu tidak stabil dengan biaya perbaikan Rp 354000|Pintu Kaca Hidrolik|Gedung Utama|20|Selatan|Arsitektur|Sedang|Kurang perawatan|Suhu tidak stabil|354000
Genset Diesel|Genset Diesel Deutz di Gedung D, Lantai 5, Zona Barat telah diperbaiki dengan total biaya perbaikan Rp 2996000 karena aus/abrasi parah akibat usia pakai|Genset Diesel|Gedung D|Lantai 5|Zona Barat|Mechanical|Berat|Usia pakai|Aus/abrasi|Rp 2996000
Genset Diesel|Genset Diesel Deutz di Gedung D, Lantai 5, Zona Barat telah diperbaiki dengan total biaya perbaikan Rp 2996000 karena mengalami kerusakan aus yang cukup parah akibat usia pakai yang sudah lama|Genset Diesel|Gedung D|Lantai 5|Zona Barat|Mechanical|Berat|Usia pakai|Aus/abrasi|Rp 2996000
Genset Diesel|Genset Diesel Deutz di Gedung D, Lantai 5, Zona Barat telah diperbaiki dengan total biaya perbaikan Rp 2996000 karena abrasi yang cukup serius akibat usia pakai yang sudah tidak layak lagi|Genset Diesel|Gedung D|Lantai 5|Zona Barat|Mechanical|Berat|Usia pakai|Aus/abrasi|Rp 2996000
Remote kitchen sink tidak berfungsi karena aus normal, mengganggu rutinitas|Teknisi telah memperbaiki remote kitchen sink dengan biaya perbaikan sebesar Rp 460000|Kitchen sink|Gedung Servis|Lantai 2|Zona Barat|Plumbing|Ringan|Aus normal|Remote tidak berfungsi|460000
Remote kitchen sink sering mati, kemungkinan karena aus normal, agak berisik|Teknisi telah memperbaiki remote kitchen sink dengan biaya perbaikan sebesar Rp 460000|Kitchen sink|Gedung Servis|Lantai 2|Zona Barat|Plumbing|Ringan|Aus normal|Remote tidak berfungsi|460000
Kitchen sink remote tidak berfungsi, mungkin karena aus normal, mengganggu kegiatan|Teknisi telah memperbaiki remote kitchen sink dengan biaya perbaikan sebesar Rp 460000|Kitchen sink|Gedung Servis|Lantai 2|Zona Barat|Plumbing|Ringan|Aus normal|Remote tidak berfungsi|460000
Pintu Besi di Gedung C, Lantai 2, Zona Timur tiba-tiba mati mendadak karena human error|Teknisi telah memperbaiki pintu besi yang mati mendadak di Gedung C, Lantai 2, Zona Timur dengan total biaya perbaikan Rp 389000|Pintu Besi|Gedung C|Lantai 2|Zona Timur|Arsitektur|Ringan|Human error|Mati mendadak|389000
Pintu besi di Gedung C, Lantai 2, Zona Timur mengalami mati mendadak karena kesalahan manusia|Teknisi telah memperbaiki pintu besi yang mengalami mati mendadak di Gedung C, Lantai 2, Zona Timur dengan total biaya perbaikan Rp 389000|Pintu Besi|Gedung C|Lantai 2|Zona Timur|Arsitektur|Ringan|Human error|Mati mendadak|389000
Pintu besi di Gedung C, Lantai 2, Zona Timur tidak berfungsi karena mati mendadak akibat human error|Teknisi telah memperbaiki pintu besi yang tidak berfungsi di Gedung C, Lantai 2, Zona Timur dengan total biaya perbaikan Rp 389000|Pintu Besi|Gedung C|Lantai 2|Zona Timur|Arsitektur|Ringan|Human error|Mati mendadak|389000
Lampu LED di Gedung B, Lantai 10, Zona Utara tiba-tiba bergetar sangat kencang dan mengeluarkan suara berisik karena faktor lingkungan yang tidak mendukung|Teknisi telah memperbaiki masalah getaran berlebihan pada Lampu LED di Gedung B, Lantai 10, Zona Utara dengan total biaya perbaikan Rp 3729000|Lampu LED|Gedung B|Lantai 10|Zona Utara|Electrical|Berat|Faktor lingkungan|Getaran berlebihan|3729000
Lampu LED di Gedung B, Lantai 10, Zona Utara mengalami getaran yang sangat parah sehingga menyebabkan kerusakan pada komponen internal karena faktor lingkungan yang ekstrem|Teknisi telah memperbaiki masalah getaran berlebihan pada Lampu LED di Gedung B, Lantai 10, Zona Utara dengan total biaya perbaikan Rp 3729000|Lampu LED|Gedung B|Lantai 10|Zona Utara|Electrical|Berat|Faktor lingkungan|Getaran berlebihan|3729000
Lampu LED di Gedung B, Lantai 10, Zona Utara bergetar sangat kencang dan mengeluarkan suara yang tidak normal karena faktor lingkungan yang tidak stabil, sehingga memerlukan perbaikan segera|Teknisi telah memperbaiki masalah getaran berlebihan pada Lampu LED di Gedung B, Lantai 10, Zona Utara dengan total biaya perbaikan Rp 3729000|Lampu LED|Gedung B|Lantai 10|Zona Utara|Electrical|Berat|Faktor lingkungan|Getaran berlebihan|3729000
Lampu LED Downlight di Gedung Parkir, Lantai 5, Zona Selatan, mati total karena kualitas material yang buruk|Telah dilakukan perbaikan terhadap Lampu LED Downlight yang mengalami kerusakan total dengan biaya perbaikan sebesar Rp 6573000|Lampu LED Downlight|Gedung Parkir|Lantai 5|Zona Selatan|Electrical|Berat|Kualitas material|Tidak berfungsi total|6573000
Lampu LED Downlight di Gedung Parkir, Lantai 5, Zona Selatan, rusak parah dan tidak bisa dinyalakan karena kualitas material yang rendah|Telah dilakukan perbaikan terhadap Lampu LED Downlight yang mengalami kerusakan parah dengan biaya perbaikan sebesar Rp 6573000|Lampu LED Downlight|Gedung Parkir|Lantai 5|Zona Selatan|Electrical|Berat|Kualitas material|Tidak berfungsi total|6573000
Lampu LED Downlight di Gedung Parkir, Lantai 5, Zona Selatan, mengalami kerusakan total dan tidak bisa digunakan karena kualitas material yang tidak memadai|Telah dilakukan perbaikan terhadap Lampu LED Downlight yang mengalami kerusakan total dengan biaya perbaikan sebesar Rp 6573000|Lampu LED Downlight|Gedung Parkir|Lantai 5|Zona Selatan|Electrical|Berat|Kualitas material|Tidak berfungsi total|6573000
DVR CCTV di Gedung E lantai 5 zona selatan mengalami kerusakan berkarat parah karena kurang perawatan sehingga tidak bisa digunakan|Teknisi telah memperbaiki DVR CCTV yang mengalami kerusakan berkarat parah karena kurang perawatan dengan total biaya perbaikan Rp 13766000|DVR CCTV|Gedung E|5|Zona Selatan|Security Sistem|Fatal|Kurang perawatan|Berkarat/korosi|13766000
DVR CCTV di zona selatan lantai 5 Gedung E rusak total karena korosi dan kurang perawatan sehingga menyebabkan kepanikan|Teknisi telah memperbaiki DVR CCTV yang mengalami kerusakan berkarat parah karena kurang perawatan dengan total biaya perbaikan Rp 13766000|DVR CCTV|Gedung E|5|Zona Selatan|Security Sistem|Fatal|Kurang perawatan|Berkarat/korosi|13766000
Kerusakan korosi pada DVR CCTV di Gedung E lantai 5 zona selatan sangat parah sehingga memerlukan perbaikan segera karena kurang perawatan|Teknisi telah memperbaiki DVR CCTV yang mengalami kerusakan berkarat parah karena kurang perawatan dengan total biaya perbaikan Rp 13766000|DVR CCTV|Gedung E|5|Zona Selatan|Security Sistem|Fatal|Kurang perawatan|Berkarat/korosi|13766000
Mikrofon saya agak lemah saat dipakai|Teknisi telah memperbaiki masalah aliran lemah pada mikrofon dengan total biaya perbaikan Rp 504000|Mikrofon|Gedung Utama|16|Utara|Sistem Telekomunikasi Gedung|Sedang|Debu/kotoran|Aliran lemah|504000
Mikrofon di ruangan saya terdengar tidak jelas karena kotor|Teknisi telah memperbaiki masalah aliran lemah pada mikrofon dengan total biaya perbaikan Rp 504000|Mikrofon|Gedung Utama|16|Utara|Sistem Telekomunikasi Gedung|Sedang|Debu/kotoran|Aliran lemah|504000
Mikrofon di gedung kami mengalami gangguan aliran suara lemah karena debu|Teknisi telah memperbaiki masalah aliran lemah pada mikrofon dengan total biaya perbaikan Rp 504000|Mikrofon|Gedung Utama|16|Utara|Sistem Telekomunikasi Gedung|Sedang|Debu/kotoran|Aliran lemah|504000
Switch Hub|Laporan perbaikan: Overheat pada Switch Hub di Gedung A Lantai 2 Zona Barat telah diperbaiki dengan menghilangkan debu/kotoran, total biaya perbaikan Rp 150000|Switch Hub|Gedung A|Lantai 2|Zona Barat|Sistem Telekomunikasi Gedung|Ringan|Debu/kotoran|Overheat|150000
Switch Hub|Laporan perbaikan: Overheat pada Switch Hub di Gedung A Lantai 2 Zona Barat telah diperbaiki dengan membersihkan debu/kotoran, total biaya perbaikan Rp 150000|Switch Hub|Gedung A|Lantai 2|Zona Barat|Sistem Telekomunikasi Gedung|Ringan|Debu/kotoran|Overheat|150000
Switch Hub|Laporan perbaikan: Overheat pada Switch Hub di Gedung A Lantai 2 Zona Barat telah diperbaiki dengan mengganti komponen yang terkena debu/kotoran, total biaya perbaikan Rp 150000|Switch Hub|Gedung A|Lantai 2|Zona Barat|Sistem Telekomunikasi Gedung|Ringan|Debu/kotoran|Overheat|150000
Lampu Downlight di Gedung C, Lantai 5, Zona Tengah macet total karena overload, membuat seluruh ruangan gelap dan berbahaya|Telah dilakukan perbaikan pada Lampu Downlight di Gedung C, Lantai 5, Zona Tengah dengan biaya total Rp 46941000 karena kerusakan fatal akibat overload dan macet|Lampu Downlight|Gedung C|Lantai 5|Zona Tengah|Electrical|Fatal|Overload|Macet/tersumbat|46941000
Lampu Downlight di Gedung C, Lantai 5, Zona Tengah mengalami kerusakan parah karena overload, sehingga mengganggu operasional|Telah dilakukan perbaikan pada Lampu Downlight di Gedung C, Lantai 5, Zona Tengah dengan biaya total Rp 46941000 karena kerusakan fatal akibat overload dan macet|Lampu Downlight|Gedung C|Lantai 5|Zona Tengah|Electrical|Fatal|Overload|Macet/tersumbat|46941000
Lampu Downlight di Gedung C, Lantai 5, Zona Tengah jebol dan macet karena overload, membuat situasi darurat dan memerlukan perbaikan segera|Telah dilakukan perbaikan pada Lampu Downlight di Gedung C, Lantai 5, Zona Tengah dengan biaya total Rp 46941000 karena kerusakan fatal akibat overload dan macet|Lampu Downlight|Gedung C|Lantai 5|Zona Tengah|Electrical|Fatal|Overload|Macet/tersumbat|46941000
Lampu Wall sign di Gedung B, Lantai 4, Zona Selatan, mengalami kerusakan berat karena berkarat/korosi akibat human error|Teknisi telah memperbaiki masalah kerusakan berkarat/korosi pada Lampu Wall sign di Gedung B, Lantai 4, Zona Selatan, dengan total biaya perbaikan Rp 8949000|Lampu Wall sign|Gedung B|Lantai 4|Zona Selatan|Electrical|Berat|Human error|Berkarat/korosi|8949000
Lampu Wall sign di Gedung B, Lantai 4, Zona Selatan, rusak parah karena korosi berlebihan akibat kesalahan manusia|Teknisi telah memperbaiki kerusakan korosi pada Lampu Wall sign di Gedung B, Lantai 4, Zona Selatan, dengan biaya perbaikan total Rp 8949000|Lampu Wall sign|Gedung B|Lantai 4|Zona Selatan|Electrical|Berat|Human error|Berkarat/korosi|8949000
Lampu Wall sign di Gedung B, Lantai 4, Zona Selatan, mengalami kegagalan total karena berkarat/korosi yang disebabkan oleh human error|Teknisi telah memperbaiki masalah kegagalan total pada Lampu Wall sign di Gedung B, Lantai 4, Zona Selatan, dengan total biaya perbaikan Rp 8949000|Lampu Wall sign|Gedung B|Lantai 4|Zona Selatan|Electrical|Berat|Human error|Berkarat/korosi|8949000
Tampilan APAB Dry Powder rusak karena aus normal, mengganggu rutinitas harian|Teknisi telah memperbaiki masalah tampilan rusak pada APAB Dry Powder dengan total biaya perbaikan Rp 1924000|APAB Dry Powder|Gedung B|Lantai 3|Zona Utara|Sistem Pemadam Kebakaran|Sedang|Aus normal|Tampilan rusak|1924000
APAB Dry Powder di Gedung B, Lantai 3, Zona Utara mengalami tampilan rusak karena aus normal, membuatnya kurang efektif|Teknisi telah memperbaiki masalah tampilan rusak pada APAB Dry Powder dengan total biaya perbaikan Rp 1924000|APAB Dry Powder|Gedung B|Lantai 3|Zona Utara|Sistem Pemadam Kebakaran|Sedang|Aus normal|Tampilan rusak|1924000
Tampilan APAB Dry Powder di Lantai 3, Zona Utara, Gedung B rusak karena aus normal, perlu diperbaiki agar tidak mengganggu kegiatan|Teknisi telah memperbaiki masalah tampilan rusak pada APAB Dry Powder dengan total biaya perbaikan Rp 1924000|APAB Dry Powder|Gedung B|Lantai 3|Zona Utara|Sistem Pemadam Kebakaran|Sedang|Aus normal|Tampilan rusak|1924000
Plafon|Teknisi telah memperbaiki getaran berlebihan pada plafon dengan biaya perbaikan sebesar Rp 249000|Plafon|Gedung A|6|Zona Selatan|Arsitektur|Ringan|Tegangan tidak stabil|Getaran berlebihan|249000
Plafon|Teknisi telah mengatasi masalah getaran berlebihan pada plafon dengan biaya perbaikan sebesar Rp 249000|Plafon|Gedung A|6|Zona Selatan|Arsitektur|Ringan|Tegangan tidak stabil|Getaran berlebihan|249000
Plafon|Teknisi telah memperbaiki plafon yang mengalami getaran berlebihan karena tegangan tidak stabil dengan biaya perbaikan sebesar Rp 249000|Plafon|Gedung A|6|Zona Selatan|Arsitektur|Ringan|Tegangan tidak stabil|Getaran berlebihan|249000
APAB Dry Powder|Teknisi telah memperbaiki kerusakan aus pada sistem pemadam kebakaran APAB Dry Powder dengan total biaya perbaikan Rp 2335000|APAB Dry Powder|Gedung C|8|Timur|Sistem Pemadam Kebakaran|Berat|Aus normal|Aus/abrasi|2335000
APAB Dry Powder|Setelah melakukan inspeksi, teknisi menemukan kerusakan aus pada komponen APAB Dry Powder dan melakukan perbaikan dengan biaya total Rp 2335000|APAB Dry Powder|Gedung C|8|Timur|Sistem Pemadam Kebakaran|Berat|Aus normal|Aus/abrasi|2335000
APAB Dry Powder|Kerusakan aus pada APAB Dry Powder telah diperbaiki oleh teknisi dengan biaya total perbaikan sebesar Rp 2335000, memastikan sistem pemadam kebakaran kembali berfungsi dengan baik|APAB Dry Powder|Gedung C|8|Timur|Sistem Pemadam Kebakaran|Berat|Aus normal|Aus/abrasi|2335000
Tampilan LAN di Gedung A Lantai 3 Zona Selatan sedikit rusak dan suka aus sendiri|Telah dilakukan perbaikan terhadap kerusakan tampilan LAN di Gedung A Lantai 3 Zona Selatan dengan total biaya perbaikan Rp 574000|LAN|Gedung A|Lantai 3|Zona Selatan|Sistem Telekomunikasi Gedung|Sedang|Aus normal|Tampilan rusak|574000
Tampilan LAN di Gedung A Lantai 3 Zona Selatan mengalami kerusakan dan sering aus|Telah dilakukan perbaikan terhadap kerusakan tampilan LAN di Gedung A Lantai 3 Zona Selatan dengan total biaya perbaikan Rp 574000|LAN|Gedung A|Lantai 3|Zona Selatan|Sistem Telekomunikasi Gedung|Sedang|Aus normal|Tampilan rusak|574000
Tampilan LAN di Gedung A Lantai 3 Zona Selatan rusak dan aus normal sehingga mengganggu rutinitas|Telah dilakukan perbaikan terhadap kerusakan tampilan LAN di Gedung A Lantai 3 Zona Selatan dengan total biaya perbaikan Rp 574000|LAN|Gedung A|Lantai 3|Zona Selatan|Sistem Telekomunikasi Gedung|Sedang|Aus normal|Tampilan rusak|574000
Lampu LED Downlight di Gedung C, Lantai 5, zona Timur bocor sedikit|Teknisi telah memperbaiki kebocoran pada Lampu LED Downlight dengan total biaya perbaikan Rp 394000|Lampu LED Downlight|Gedung C|Lantai 5|Zona Timur|Electrical|Ringan|Aus normal|Kebocoran|394000
Lampu LED Downlight di Gedung C, Lantai 5, zona Timur mengalami kebocoran kecil|Teknisi telah memperbaiki kebocoran pada Lampu LED Downlight dengan total biaya perbaikan Rp 394000|Lampu LED Downlight|Gedung C|Lantai 5|Zona Timur|Electrical|Ringan|Aus normal|Kebocoran|394000
Lampu LED Downlight di Gedung C, Lantai 5, zona Timur ada kebocoran air karena aus|Teknisi telah memperbaiki kebocoran pada Lampu LED Downlight dengan total biaya perbaikan Rp 394000|Lampu LED Downlight|Gedung C|Lantai 5|Zona Timur|Electrical|Ringan|Aus normal|Kebocoran|394000
Meja kerja|Laporan teknisi: Meja kerja telah diperbaiki dengan total biaya perbaikan Rp 279000 karena bunyi abnormal yang disebabkan oleh aus normal|Meja kerja|Gedung B|Lantai 9|Zona Timur|Arsitektur|Ringan|Aus normal|Bunyi abnormal|279000
Meja kerja|Laporan teknisi: Meja kerja telah diperbaiki dengan total biaya perbaikan Rp 279000 karena suara kasar yang disebabkan oleh aus normal|Meja kerja|Gedung B|Lantai 9|Zona Timur|Arsitektur|Ringan|Aus normal|Bunyi abnormal|279000
Meja kerja|Laporan teknisi: Meja kerja telah diperbaiki dengan total biaya perbaikan Rp 279000 karena bunyi berisik yang disebabkan oleh aus normal|Meja kerja|Gedung B|Lantai 9|Zona Timur|Arsitektur|Ringan|Aus normal|Bunyi abnormal|279000
Lampu LED Strip mati karena aus normal, mengganggu penerangan|Teknisi telah memperbaiki lampu LED Strip yang mati karena aus normal dengan total biaya perbaikan Rp 840000|Lampu LED Strip|Gedung Utama|Lantai 4|Zona Timur|Electrical|Sedang|Aus normal|Lampu mati|840000
Lampu strip di koridor aus, sehingga tidak menyala|Teknisi telah memperbaiki lampu strip yang aus dengan total biaya perbaikan Rp 840000|Lampu LED Strip|Gedung Utama|Lantai 4|Zona Timur|Electrical|Sedang|Aus normal|Lampu mati|840000
Lampu LED Strip di ruangan tidak menyala karena aus, mengganggu aktivitas|Teknisi telah memperbaiki lampu LED Strip yang tidak menyala karena aus dengan total biaya perbaikan Rp 840000|Lampu LED Strip|Gedung Utama|Lantai 4|Zona Timur|Electrical|Sedang|Aus normal|Lampu mati|840000
Lampu Downlight di Gedung D, Lantai 1, Zona Selatan netes sedikit karena berkarat|Teknisi telah memperbaiki masalah berkarat pada Lampu Downlight di Gedung D, Lantai 1, Zona Selatan dengan total biaya perbaikan Rp 322000|Lampu Downlight|Gedung D|Lantai 1|Zona Selatan|Electrical|Ringan|Aus normal|Berkarat/korosi|322000
Lampu Downlight di Gedung D, Lantai 1, Zona Selatan agak berisik karena aus normal dan berkarat|Teknisi telah memperbaiki masalah aus normal dan berkarat pada Lampu Downlight di Gedung D, Lantai 1, Zona Selatan dengan total biaya perbaikan Rp 322000|Lampu Downlight|Gedung D|Lantai 1|Zona Selatan|Electrical|Ringan|Aus normal|Berkarat/korosi|322000
Lampu Downlight di Gedung D, Lantai 1, Zona Selatan kotor dan berkarat sehingga perlu perbaikan|Teknisi telah memperbaiki masalah berkarat dan kotor pada Lampu Downlight di Gedung D, Lantai 1, Zona Selatan dengan total biaya perbaikan Rp 322000|Lampu Downlight|Gedung D|Lantai 1|Zona Selatan|Electrical|Ringan|Aus normal|Berkarat/korosi|322000
Jet Shower|Gedung D|Lantai 12|Zona Tengah|Plumbing|Sedang|Usia pakai|Tekanan tidak stabil|Rp 1829000|Teknisi telah memperbaiki tekanan air yang tidak stabil pada Jet Shower di Gedung D Lantai 12 Zona Tengah dengan total biaya perbaikan Rp 1829000|Jet Shower|Gedung D|Lantai 12|Zona Tengah|Plumbing|Sedang|Usia pakai|Tekanan tidak stabil|Rp 1829000
Jet Shower|Gedung D|Lantai 12|Zona Tengah|Plumbing|Sedang|Usia pakai|Tekanan tidak stabil|Rp 1829000|Teknisi telah memperbaiki Jet Shower yang mengalami tekanan tidak stabil akibat usia pakai dengan total biaya perbaikan Rp 1829000|Jet Shower|Gedung D|Lantai 12|Zona Tengah|Plumbing|Sedang|Usia pakai|Tekanan tidak stabil|Rp 1829000
Jet Shower|Gedung D|Lantai 12|Zona Tengah|Plumbing|Sedang|Usia pakai|Tekanan tidak stabil|Rp 1829000|Teknisi telah memperbaiki masalah tekanan tidak stabil pada Jet Shower di Gedung D Lantai 12 Zona Tengah dengan biaya perbaikan Rp 1829000|Jet Shower|Gedung D|Lantai 12|Zona Tengah|Plumbing|Sedang|Usia pakai|Tekanan tidak stabil|Rp 1829000
Performa alat listrik menurun karena tegangan tidak stabil, agak mengganggu|Teknisi telah memperbaiki masalah performa menurun pada aset SDP dengan biaya total Rp 112000|SDP|Gedung Utama|4|Tengah|Electrical|Ringan|Tegangan tidak stabil|Performa menurun|112000
Alat listrik sering mati karena tegangan tidak stabil, sedikit mengganggu operasional|Teknisi telah memperbaiki masalah performa menurun pada aset SDP dengan biaya total Rp 112000|SDP|Gedung Utama|4|Tengah|Electrical|Ringan|Tegangan tidak stabil|Performa menurun|112000
Tegangan tidak stabil membuat alat listrik beroperasi tidak stabil, mengganggu sedikit|Teknisi telah memperbaiki masalah performa menurun pada aset SDP dengan biaya total Rp 112000|SDP|Gedung Utama|4|Tengah|Electrical|Ringan|Tegangan tidak stabil|Performa menurun|112000
Exhaust Fan|Telah diperbaiki kebocoran yang disebabkan oleh kurang perawatan dengan total biaya perbaikan Rp 47574000|Exhaust Fan|Gedung A|12|Tengah|Ventilasi Sistem|Fatal|Kurang perawatan|Kebocoran|47574000
Exhaust Fan|Kebocoran parah yang disebabkan oleh kelalaian perawatan telah diperbaiki dengan total biaya perbaikan Rp 47574000|Exhaust Fan|Gedung A|12|Tengah|Ventilasi Sistem|Fatal|Kurang perawatan|Kebocoran|47574000
Exhaust Fan|Telah diperbaiki kerusakan kebocoran yang disebabkan oleh kurangnya perawatan rutin dengan total biaya perbaikan Rp 47574000|Exhaust Fan|Gedung A|12|Tengah|Ventilasi Sistem|Fatal|Kurang perawatan|Kebocoran|47574000
Exhaust Fan|Tekanan tidak stabil karena overload, berhasil diperbaiki dengan biaya Rp 265000|Exhaust Fan|Gedung Utama|Lantai 5|Zona Barat|Ventilasi Sistem|Ringan|Overload|Tekanan tidak stabil|265000
Exhaust Fan|Kadang-kadang tekanan tidak stabil, teknisi telah memperbaiki dengan biaya Rp 265000|Exhaust Fan|Gedung Utama|Lantai 5|Zona Barat|Ventilasi Sistem|Ringan|Overload|Tekanan tidak stabil|265000
Exhaust Fan|Agak berisik karena tekanan tidak stabil, telah diperbaiki dengan biaya Rp 265000 oleh teknisi|Exhaust Fan|Gedung Utama|Lantai 5|Zona Barat|Ventilasi Sistem|Ringan|Overload|Tekanan tidak stabil|265000
AC Split|Gedung Utama|Lantai 12|Zona Tengah|Mechanical|Sedang|Usia pakai|Sensor error|1989000|Teknisi telah memperbaiki kerusakan sensor yang disebabkan oleh usia pakai dengan total biaya perbaikan Rp 1989000|AC Split|Gedung Utama|Lantai 12|Zona Tengah|Mechanical|Sedang|Usia pakai|Sensor error|1989000
AC Split|Gedung Utama|Lantai 12|Zona Tengah|Mechanical|Sedang|Usia pakai|Sensor error|1989000|Kerusakan sensor telah diperbaiki oleh teknisi dengan biaya Rp 1989000|AC Split|Gedung Utama|Lantai 12|Zona Tengah|Mechanical|Sedang|Usia pakai|Sensor error|1989000
AC Split|Gedung Utama|Lantai 12|Zona Tengah|Mechanical|Sedang|Usia pakai|Sensor error|1989000|Perbaikan sensor yang rusak akibat usia pakai telah selesai dengan total biaya Rp 1989000|AC Split|Gedung Utama|Lantai 12|Zona Tengah|Mechanical|Sedang|Usia pakai|Sensor error|1989000
Lampu TL di Gedung A lantai 14 zona selatan sedikit aus dan berisik|Teknisi telah memperbaiki masalah aus pada Lampu TL dengan total biaya perbaikan Rp 52000|Lampu TL|Gedung A|14|Zona Selatan|Electrical|Ringan|Usia pakai|Aus/abrasi|52000
Lampu TL di Gedung A lantai 14 zona selatan mengalami abrasi dan aus sehingga kurang terang|Teknisi telah memperbaiki masalah aus pada Lampu TL dengan total biaya perbaikan Rp 52000|Lampu TL|Gedung A|14|Zona Selatan|Electrical|Ringan|Usia pakai|Aus/abrasi|52000
Lampu TL di Gedung A lantai 14 zona selatan agak kotor dan aus sehingga perlu diperbaiki|Teknisi telah memperbaiki masalah aus pada Lampu TL dengan total biaya perbaikan Rp 52000|Lampu TL|Gedung A|14|Zona Selatan|Electrical|Ringan|Usia pakai|Aus/abrasi|52000
AC Cassette tidak mengeluarkan udara yang cukup kuat, sepertinya ada masalah dengan tegangan listriknya|Telah diperbaiki masalah aliran lemah pada AC Cassette dengan memperbaiki tegangan listrik yang tidak stabil, total biaya perbaikan Rp 75000|AC Cassette|Gedung D|7|Zona Selatan|Mechanical|Ringan|Tegangan tidak stabil|Aliran lemah|75000
AC Cassette mengeluarkan udara yang lemah, mungkin karena tegangan listrik yang tidak stabil|Telah diperbaiki masalah aliran lemah pada AC Cassette dengan memperbaiki tegangan listrik yang tidak stabil, total biaya perbaikan Rp 75000|AC Cassette|Gedung D|7|Zona Selatan|Mechanical|Ringan|Tegangan tidak stabil|Aliran lemah|75000
AC Cassette tidak bisa mengeluarkan udara yang kuat, sepertinya ada masalah dengan aliran listriknya yang terkait dengan tegangan tidak stabil|Telah diperbaiki masalah aliran lemah pada AC Cassette dengan memperbaiki tegangan listrik yang tidak stabil, total biaya perbaikan Rp 75000|AC Cassette|Gedung D|7|Zona Selatan|Mechanical|Ringan|Tegangan tidak stabil|Aliran lemah|75000
Korsleting ringan terjadi pada Exhaust Fan di Gedung C|Teknisi telah memperbaiki masalah korsleting pada Exhaust Fan dengan biaya perbaikan Rp 927000|Exhaust Fan|Gedung C|Lantai 5|Zona Tengah|Ventilasi Sistem|Sedang|Human error|Korsleting|927000
Exhaust Fan sering netes dan berisik karena human error|Teknisi telah memperbaiki masalah korsleting pada Exhaust Fan dengan biaya perbaikan Rp 927000|Exhaust Fan|Gedung C|Lantai 5|Zona Tengah|Ventilasi Sistem|Sedang|Human error|Korsleting|927000
Korsleting kecil terjadi pada Exhaust Fan di Gedung C karena kesalahan operasional|Teknisi telah memperbaiki masalah korsleting pada Exhaust Fan dengan biaya perbaikan Rp 927000|Exhaust Fan|Gedung C|Lantai 5|Zona Tengah|Ventilasi Sistem|Sedang|Human error|Korsleting|927000
Kran air di gedung kami bocor dan aliran airnya lemah sehingga mengalami overload|Telah dilakukan perbaikan pada kran air yang mengalami aliran lemah dan overload, dengan total biaya perbaikan sebesar Rp 1885000|Kran Air|Gedung E|Lantai 6|Zona Utara|Plumbing|Sedang|Overload|Aliran lemah|1885000
Aliran air dari kran sangat lemah dan sering overload, mengganggu rutinitas|Telah dilakukan perbaikan pada kran air yang mengalami aliran lemah dan overload, dengan total biaya perbaikan sebesar Rp 1885000|Kran Air|Gedung E|Lantai 6|Zona Utara|Plumbing|Sedang|Overload|Aliran lemah|1885000
Kran air di lantai 6 gedung E mengalami aliran lemah dan sering overload, perlu perbaikan segera|Telah dilakukan perbaikan pada kran air yang mengalami aliran lemah dan overload, dengan total biaya perbaikan sebesar Rp 1885000|Kran Air|Gedung E|Lantai 6|Zona Utara|Plumbing|Sedang|Overload|Aliran lemah|1885000
Plafon Gypsum / GRC|Telah diperbaiki dengan biaya Rp 1032000|Plafon Gypsum / GRC|Gedung Utama|20|Utara|Arsitektur|Sedang|Aus normal|Tampilan rusak|1032000
Plafon GRC|Sudah diperbaiki dengan total biaya Rp 1032000|Plafon GRC|Gedung Utama|20|Utara|Arsitektur|Sedang|Aus normal|Tampilan rusak|1032000
Plafon Gypsum|Sudah diperbaiki dengan biaya sebesar Rp 1032000|Plafon Gypsum|Gedung Utama|20|Utara|Arsitektur|Sedang|Aus normal|Tampilan rusak|1032000
Genset Diesel|Teknisi telah memperbaiki genset diesel yang mengalami korsleting akibat usia pakai dengan total biaya perbaikan Rp 1111000|Genset Diesel|Gedung D|Lantai 7|Zona Selatan|Mechanical|Sedang|Usia pakai|Korsleting|1111000
Genset Diesel|Mengalami korsleting ringan, teknisi telah memperbaiki dengan total biaya perbaikan Rp 1111000|Genset Diesel|Gedung D|Lantai 7|Zona Selatan|Mechanical|Sedang|Usia pakai|Korsleting|1111000
Genset Diesel|Genset diesel mengalami masalah korsleting karena usia pakai, teknisi telah memperbaiki dengan total biaya perbaikan Rp 1111000|Genset Diesel|Gedung D|Lantai 7|Zona Selatan|Mechanical|Sedang|Usia pakai|Korsleting|1111000
Pemipaan Air Kotor| Gedung Utama, Lantai 12, Zona Timur|12|Timur|Plumbing|Sedang|Kurang perawatan|Kebocoran|1073000|Teknisi telah memperbaiki kebocoran pada pemipaan air kotor dengan biaya perbaikan sebesar Rp 1073000
Pemipaan Air Kotor| Gedung Utama, Lantai 12, Zona Timur|12|Timur|Plumbing|Sedang|Kurang perawatan|Kebocoran|1073000|Teknisi telah menyelesaikan perbaikan kebocoran pada pemipaan air kotor dengan total biaya perbaikan Rp 1073000
Pemipaan Air Kotor| Gedung Utama, Lantai 12, Zona Timur|12|Timur|Plumbing|Sedang|Kurang perawatan|Kebocoran|1073000|Teknisi telah memperbaiki kebocoran pada pemipaan air kotor dengan biaya perbaikan sebesar Rp 1073000 dan kini berfungsi dengan baik
Monitor CCTV di Gedung Servis Lantai 3 Zona Timur macet kadang-kadang karena faktor lingkungan|Teknisi telah memperbaiki masalah macet pada Monitor CCTV dengan total biaya perbaikan Rp 567000|Monitor CCTV|Gedung Servis|Lantai 3|Zona Timur|Security Sistem|Sedang|Faktor lingkungan|Macet/tersumbat|567000
Monitor CCTV di Gedung Servis Lantai 3 Zona Timur mengalami gangguan karena kotor dan macet|Teknisi telah memperbaiki masalah macet pada Monitor CCTV dengan total biaya perbaikan Rp 567000|Monitor CCTV|Gedung Servis|Lantai 3|Zona Timur|Security Sistem|Sedang|Faktor lingkungan|Macet/tersumbat|567000
Monitor CCTV di Gedung Servis Lantai 3 Zona Timur macet dan berisik karena faktor lingkungan|Teknisi telah memperbaiki masalah macet pada Monitor CCTV dengan total biaya perbaikan Rp 567000|Monitor CCTV|Gedung Servis|Lantai 3|Zona Timur|Security Sistem|Sedang|Faktor lingkungan|Macet/tersumbat|567000
Pintu akses kontrol macet kadang-kadang|Teknisi telah memperbaiki masalah akses kontrol yang macet dengan biaya perbaikan Rp 105000|Access Control|Gedung Servis|Lantai 1|Zona Timur|Security Sistem|Ringan|Aus normal|Macet/tersumbat|105000
Akses kontrol sedikit tersumbat|Teknisi telah melakukan perbaikan akses kontrol yang tersumbat dan berhasil memperbaiki dengan total biaya Rp 105000|Access Control|Gedung Servis|Lantai 1|Zona Timur|Security Sistem|Ringan|Aus normal|Macet/tersumbat|105000
Kunci akses kontrol sering macet|Teknisi telah memperbaiki kunci akses kontrol yang sering macet dengan mengganti komponen yang aus dan membutuhkan biaya perbaikan sebesar Rp 105000|Access Control|Gedung Servis|Lantai 1|Zona Timur|Security Sistem|Ringan|Aus normal|Macet/tersumbat|105000
AC Split mati total karena koneksi terputus parah akibat human error|Telah diperbaiki koneksi yang terputus parah dengan biaya perbaikan Rp 3303000|AC Split|Gedung C|Lantai 1|Zona Tengah|Mekanikal|Berat|Human error|Koneksi terputus|3303000
AC Split tidak berfungsi karena korslet pada koneksi listrik akibat kesalahan manusia|Kerusakan koneksi listrik telah diperbaiki dengan biaya Rp 3303000|AC Split|Gedung C|Lantai 1|Zona Tengah|Mekanikal|Berat|Human error|Koneksi terputus|3303000
AC Split mengalami kerusakan parah karena koneksi terputus akibat human error yang membuat AC tidak bisa digunakan|Telah dilakukan perbaikan koneksi yang terputus dengan biaya perbaikan sebesar Rp 3303000|AC Split|Gedung C|Lantai 1|Zona Tengah|Mekanikal|Berat|Human error|Koneksi terputus|3303000
Lampu LED di Gedung Utama rusak karena kesalahan manusia|Telah dilakukan perbaikan pada Lampu LED dengan biaya Rp 488000|Lampu LED|Gedung Utama|13|Tengah|Electrical|Sedang|Human error|Tampilan rusak|488000
Lampu LED di lantai 13 Gedung Utama tampilan rusak karena human error|Telah dilakukan perbaikan pada Lampu LED dengan biaya Rp 488000|Lampu LED|Gedung Utama|13|Tengah|Electrical|Sedang|Human error|Tampilan rusak|488000
Lampu LED di zona tengah lantai 13 Gedung Utama mengalami kerusakan tampilan karena kesalahan manusia|Telah dilakukan perbaikan pada Lampu LED dengan biaya Rp 488000|Lampu LED|Gedung Utama|13|Tengah|Electrical|Sedang|Human error|Tampilan rusak|488000
Sensor panel UPS kita bermasalah, kadang error dan mengganggu rutinitas|Teknisi telah melakukan perbaikan pada panel UPS yang mengalami sensor error karena usia pakai, dengan total biaya perbaikan Rp 443000|Panel UPS|Gedung C|Lantai 8|Zona Barat|Electrical|Ringan|Usia pakai|Sensor error|443000
Panel UPS di lantai 8 zona barat mengalami error sensor, agak mengganggu|Teknisi telah memperbaiki panel UPS yang mengalami sensor error karena usia pakai, dengan total biaya perbaikan Rp 443000|Panel UPS|Gedung C|Lantai 8|Zona Barat|Electrical|Ringan|Usia pakai|Sensor error|443000
Kita memiliki masalah dengan panel UPS yang sering mengalami sensor error, mungkin karena usia pakai|Teknisi telah melakukan perbaikan pada panel UPS yang mengalami sensor error karena usia pakai, dengan total biaya perbaikan Rp 443000|Panel UPS|Gedung C|Lantai 8|Zona Barat|Electrical|Ringan|Usia pakai|Sensor error|443000
Koneksi internet sering terputus karena debu di jaringan|Telah dilakukan perbaikan pada jaringan LAN dengan membersihkan debu dan mengganti komponen yang rusak, total biaya perbaikan Rp 452000|LAN|Gedung D|8|Selatan|Sistem Telekomunikasi Gedung|Sedang|Debu/kotoran|Koneksi terputus|452000
Internet di kantor sering macet dan terputus karena kotoran|Telah dilakukan pembersihan dan perawatan pada sistem LAN, biaya perbaikan Rp 452000|LAN|Gedung D|8|Selatan|Sistem Telekomunikasi Gedung|Sedang|Debu/kotoran|Koneksi terputus|452000
Jaringan LAN sering terputus karena debu dan kotoran, mengganggu rutinitas kerja|Telah dilakukan perbaikan dan pembersihan pada jaringan LAN, total biaya perbaikan Rp 452000|LAN|Gedung D|8|Selatan|Sistem Telekomunikasi Gedung|Sedang|Debu/kotoran|Koneksi terputus|452000
Pintu kayu di kantor sudah aus sekali karena usia pakai yang sudah lama, sehingga tidak bisa dibuka dan ditutup dengan baik|Teknisi telah memperbaiki pintu kayu yang aus dan rusak parah dengan total biaya perbaikan Rp 8737000|Pintu Kayu/HPL|Gedung B|Lantai 3|Zona Timur|Arsitektur|Berat|Usia pakai|Aus/abrasi|8737000
Pintu HPL di gedung kantor sudah mengalami abrasi parah sehingga perlu perbaikan segera karena usia pakai yang sudah lama|Teknisi telah memperbaiki pintu HPL yang rusak parah dengan total biaya perbaikan Rp 8737000|Pintu Kayu/HPL|Gedung B|Lantai 3|Zona Timur|Arsitektur|Berat|Usia pakai|Aus/abrasi|8737000
Pintu kayu di lantai 3 gedung B sudah tidak bisa digunakan karena aus dan rusak parah akibat usia pakai yang sudah lama, sehingga perlu perbaikan darurat|Teknisi telah memperbaiki pintu kayu yang rusak parah dengan total biaya perbaikan Rp 8737000|Pintu Kayu/HPL|Gedung B|Lantai 3|Zona Timur|Arsitektur|Berat|Usia pakai|Aus/abrasi|8737000
Lampu di atas kursi sering mati karena kelembaban tinggi|Telah dilakukan perbaikan terhadap lampu di atas kursi dengan mengganti komponen yang rusak, total biaya perbaikan Rp 1240000|Kursi|Gedung Parkir|Lantai 5|Zona Utara|Arsitektur|Sedang|Kelembaban tinggi|Lampu mati|1240000
Lampu di atas kursi tiba-tiba mati saat kelembaban udara tinggi|Perbaikan telah dilakukan dengan mengganti lampu yang rusak dan membersihkan area sekitar, total biaya perbaikan Rp 1240000|Kursi|Gedung Parkir|Lantai 5|Zona Utara|Arsitektur|Sedang|Kelembaban tinggi|Lampu mati|1240000
Kursi di lantai 5 Gedung Parkir mengalami gangguan lampu akibat kelembaban tinggi|Laporan perbaikan: lampu telah diganti dan sistem pendingin diperiksa, total biaya perbaikan Rp 1240000|Kursi|Gedung Parkir|Lantai 5|Zona Utara|Arsitektur|Sedang|Kelembaban tinggi|Lampu mati|1240000
Pompa air tanah bocor karena retak dan overload|Telah dilakukan perbaikan pada pompa air tanah yang mengalami kerusakan karena overload, dengan biaya perbaikan sebesar Rp 390000|Pompa Air Tanah|Gedung Utama|Lantai 3|Zona Timur|Mechanical|Ringan|Overload|Retak/pecah|390000
Pompa air tanah mengalami kebocoran karena retak pada bagian yang terlalu berat|Perbaikan telah selesai dilakukan pada pompa air tanah dengan biaya perbaikan total Rp 390000|Pompa Air Tanah|Gedung Utama|Lantai 3|Zona Timur|Mechanical|Ringan|Overload|Retak/pecah|390000
Pompa air tanah rusak karena overload yang menyebabkan retak pada komponen|Telah dilakukan perbaikan pompa air tanah yang rusak karena overload dengan biaya perbaikan sebesar Rp 390000|Pompa Air Tanah|Gedung Utama|Lantai 3|Zona Timur|Mechanical|Ringan|Overload|Retak/pecah|390000
APAR Dry Powder Stored Pressure|Teknisi telah memperbaiki masalah korsleting pada APAR Dry Powder Stored Pressure dengan total biaya perbaikan Rp 138000|APAR Dry Powder Stored Pressure|Gedung A|Lantai 3|Zona Selatan|Sistem Pemadam Kebakaran|Ringan|Kualitas material|Korsleting|138000
APAR Dry Powder Stored Pressure|Teknisi telah memperbaiki masalah korsleting pada APAR Dry Powder Stored Pressure dengan total biaya perbaikan Rp 138000|APAR Dry Powder Stored Pressure|Gedung A|Lantai 3|Zona Selatan|Sistem Pemadam Kebakaran|Ringan|Kualitas material|Korsleting|138000
APAR Dry Powder Stored Pressure|Teknisi telah memperbaiki masalah korsleting pada APAR Dry Powder Stored Pressure dengan total biaya perbaikan Rp 138000|APAR Dry Powder Stored Pressure|Gedung A|Lantai 3|Zona Selatan|Sistem Pemadam Kebakaran|Ringan|Kualitas material|Korsleting|138000
Remote rolling door di Gedung B tidak berfungsi karena aus, membuat operasional terhambat parah|Teknisi telah memperbaiki remote rolling door dengan biaya perbaikan sebesar Rp 8980000|Rolling Door|Gedung B||Lantai 2|Zona Timur|Arsitektur|Berat|Aus normal|Remote tidak berfungsi|8980000
Rolling door di Lantai 2 Gedung B rusak parah, remote tidak berfungsi sehingga harus diperbaiki segera|Teknisi telah melakukan perbaikan rolling door dengan mengganti remote yang aus, total biaya perbaikan Rp 8980000|Rolling Door|Gedung B|Lantai 2|Zona Timur|Arsitektur|Berat|Aus normal|Remote tidak berfungsi|8980000
Kerusakan remote rolling door di Zona Timur Gedung B sangat berat, aus parah sehingga tidak bisa digunakan|Teknisi telah melakukan perbaikan dan penggantian remote rolling door yang aus, dengan total biaya perbaikan sebesar Rp 8980000|Rolling Door|Gedung B|Lantai 2|Zona Timur|Arsitektur|Berat|Aus normal|Remote tidak berfungsi|8980000
APAR CO2|Teknisi telah memperbaiki masalah APAR CO2 dengan biaya total Rp 113000|APAR CO2|Gedung D|10|Zona Selatan|Sistem Pemadam Kebakaran|Ringan|Tegangan tidak stabil|Bunyi abnormal|113000
APAR CO2|Teknisi telah melakukan perbaikan pada APAR CO2 dengan biaya Rp 113000 untuk mengatasi bunyi abnormal|APAR CO2|Gedung D|10|Zona Selatan|Sistem Pemadam Kebakaran|Ringan|Tegangan tidak stabil|Bunyi abnormal|113000
APAR CO2|Dengan biaya perbaikan sebesar Rp 113000, teknisi berhasil memperbaiki APAR CO2 yang mengalami bunyi abnormal akibat tegangan tidak stabil|APAR CO2|Gedung D|10|Zona Selatan|Sistem Pemadam Kebakaran|Ringan|Tegangan tidak stabil|Bunyi abnormal|113000
Pintu Kaca Hidrolik macet kadang-kadang karena getaran, aliran lemah sehingga mengganggu rutinitas|Teknisi telah memperbaiki pintu kaca hidrolik dengan total biaya perbaikan Rp 339000|Pintu Kaca Hidrolik|Gedung Utama|14|Selatan|Arsitektur|Ringan|Getaran|Aliran lemah|339000
Pintu Kaca Hidrolik berisik dan aliran lemah akibat getaran, perlu diperbaiki segera|Teknisi telah memperbaiki pintu kaca hidrolik dengan total biaya perbaikan Rp 339000|Pintu Kaca Hidrolik|Gedung Utama|14|Selatan|Arsitektur|Ringan|Getaran|Aliran lemah|339000
Pintu Kaca Hidrolik mengalami aliran lemah dan getaran, sehingga perlu diperiksa dan diperbaiki|Teknisi telah memperbaiki pintu kaca hidrolik dengan total biaya perbaikan Rp 339000|Pintu Kaca Hidrolik|Gedung Utama|14|Selatan|Arsitektur|Ringan|Getaran|Aliran lemah|339000
Plafon Gypsum / GRC|Laporan teknisi: telah memperbaiki korsleting plafon gypsum yang disebabkan oleh kelembaban tinggi dengan total biaya perbaikan Rp 2580000|Plafon Gypsum / GRC|Gedung E|Lantai 3|Zona Tengah|Arsitektur|Berat|Kelembaban tinggi|Korsleting|2580000
Plafon GRC|Laporan teknisi: telah memperbaiki kerusakan plafon GRC yang mengalami korsleting akibat kelembaban tinggi dengan total biaya perbaikan Rp 2580000|Plafon Gypsum / GRC|Gedung E|Lantai 3|Zona Tengah|Arsitektur|Berat|Kelembaban tinggi|Korsleting|2580000
Plafon Gypsum|Laporan teknisi: telah memperbaiki plafon gypsum yang mengalami korsleting parah akibat kelembaban tinggi dengan total biaya perbaikan Rp 2580000|Plafon Gypsum / GRC|Gedung E|Lantai 3|Zona Tengah|Arsitektur|Berat|Kelembaban tinggi|Korsleting|2580000
Kursi di Gedung C Lantai 5 Zona Utara mengeluarkan bunyi aneh dan bergetar keras karena korosi parah|Teknisi telah memperbaiki masalah korosi pada Kursi di Gedung C Lantai 5 Zona Utara dengan biaya perbaikan sebesar Rp 5808000|Kursi|Gedung C|Lantai 5|Zona Utara|Arsitektur|Berat|Korosi|Bunyi abnormal|Rp 5808000
Kursi di Gedung C Lantai 5 Zona Utara rusak berat dan mengeluarkan suara yang tidak biasa karena korosi|Teknisi telah memperbaiki masalah korosi pada Kursi di Gedung C Lantai 5 Zona Utara dengan biaya perbaikan sebesar Rp 5808000|Kursi|Gedung C|Lantai 5|Zona Utara|Arsitektur|Berat|Korosi|Bunyi abnormal|Rp 5808000
Kursi di Gedung C Lantai 5 Zona Utara mengalami kerusakan parah dengan bunyi abnormal yang disebabkan oleh korosi|Teknisi telah memperbaiki masalah korosi pada Kursi di Gedung C Lantai 5 Zona Utara dengan biaya perbaikan sebesar Rp 5808000|Kursi|Gedung C|Lantai 5|Zona Utara|Arsitektur|Berat|Korosi|Bunyi abnormal|Rp 5808000
Lampu pylon sign di gedung E lantai 5 zona tengah mengeluarkan bunyi aneh karena aus normal|Telah dilakukan perbaikan pada lampu pylon sign di gedung E lantai 5 zona tengah dengan biaya perbaikan sebesar Rp 1263000|Lampu Pylon Sign|Gedung E|Lantai 5|Zona Tengah|Electrical|Sedang|Aus normal|Bunyi abnormal|1263000
Lampu pylon sign di zona tengah gedung E lantai 5 mengalami kerusakan yang menyebabkan bunyi abnormal karena aus normal|Perbaikan telah dilakukan pada lampu pylon sign di zona tengah gedung E lantai 5 dengan biaya sebesar Rp 1263000|Lampu Pylon Sign|Gedung E|Lantai 5|Zona Tengah|Electrical|Sedang|Aus normal|Bunyi abnormal|1263000
Lampu pylon sign di lantai 5 gedung E zona tengah mengeluarkan suara berisik yang mengganggu karena aus normal|Telah dilakukan perbaikan pada lampu pylon sign di lantai 5 gedung E zona tengah dengan total biaya perbaikan sebesar Rp 1263000|Lampu Pylon Sign|Gedung E|Lantai 5|Zona Tengah|Electrical|Sedang|Aus normal|Bunyi abnormal|1263000
Lampu AC Split di Gedung Servis, Lantai 2, Zona Barat mati total karena kualitas material yang buruk|Teknisi telah memperbaiki masalah lampu AC Split yang mati total dengan total biaya perbaikan Rp 1903000|AC Split|Gedung Servis|Lantai 2|Zona Barat|Mechanical|Sedang|Kualitas material|Lampu mati|1903000
Lampu AC di Lantai 2, Zona Barat, Gedung Servis tidak menyala karena kualitas material yang jelek|Teknisi telah memperbaiki masalah lampu AC yang tidak menyala dengan total biaya perbaikan Rp 1903000|AC Split|Gedung Servis|Lantai 2|Zona Barat|Mechanical|Sedang|Kualitas material|Lampu mati|1903000
Lampu AC Split di Gedung Servis, Lantai 2, Zona Barat mati karena kualitas material yang rendah|Teknisi telah memperbaiki masalah lampu AC Split yang mati dengan total biaya perbaikan Rp 1903000|AC Split|Gedung Servis|Lantai 2|Zona Barat|Mechanical|Sedang|Kualitas material|Lampu mati|1903000
MDB bergetar terus karena kelembaban tinggi, agak mengganggu|Telah diperbaiki MDB dengan biaya Rp 497000 untuk mengatasi getaran berlebihan yang disebabkan oleh kelembaban tinggi|MDB|Gedung C|Lantai 1|Zona Selatan|Electrical|Ringan|Kelembaban tinggi|Getaran berlebihan|497000
MDB mengalami getaran yang tidak biasa, kemungkinan karena kelembaban, kotor sedikit|Telah diperbaiki MDB dengan biaya Rp 497000 untuk mengatasi getaran berlebihan yang disebabkan oleh kelembaban tinggi|MDB|Gedung C|Lantai 1|Zona Selatan|Electrical|Ringan|Kelembaban tinggi|Getaran berlebihan|497000
MDB sedikit bergetar dan berisik, mungkin karena kelembaban yang tinggi, perlu diperiksa|Telah diperbaiki MDB dengan biaya Rp 497000 untuk mengatasi getaran berlebihan yang disebabkan oleh kelembaban tinggi|MDB|Gedung C|Lantai 1|Zona Selatan|Electrical|Ringan|Kelembaban tinggi|Getaran berlebihan|497000
Pintu kaca hidrolik di lantai 8 Gedung D zona timur sering macet dan tidak bisa dibuka dengan mudah, sepertinya karena kurang perawatan|Telah dilakukan perbaikan pada pintu kaca hidrolik di lantai 8 Gedung D zona timur dengan biaya perbaikan sebesar Rp 1358000, masalah performa menurun telah ditangani|Pintu Kaca Hidrolik|Gedung D|Lantai 8|Zona Timur|Arsitektur|Sedang|Kurang perawatan|Performa menurun|1358000
Pintu kaca hidrolik di Gedung D lantai 8 zona timur sering berisik dan tidak stabil, mungkin karena kurang perawatan|Pintu kaca hidrolik di Gedung D lantai 8 zona timur telah diperbaiki dengan biaya Rp 1358000, masalah performa menurun telah diatasi|Pintu Kaca Hidrolik|Gedung D|Lantai 8|Zona Timur|Arsitektur|Sedang|Kurang perawatan|Performa menurun|1358000
Pintu kaca hidrolik di lantai 8 Gedung D zona timur sering netes sedikit dan tidak bisa ditutup dengan rapat, kemungkinan karena kurang perawatan|Perbaikan pintu kaca hidrolik di lantai 8 Gedung D zona timur telah selesai dengan biaya Rp 1358000, masalah performa menurun telah ditangani|Pintu Kaca Hidrolik|Gedung D|Lantai 8|Zona Timur|Arsitektur|Sedang|Kurang perawatan|Performa menurun|1358000
Lampu AC Cassette mati total karena kualitas material yang buruk|Teknisi telah memperbaiki masalah lampu mati pada AC Cassette dengan biaya total Rp 15567000|AC Cassette|Gedung Utama|20|Timur|Mechanical|Fatal|Kualitas material|Lampu mati|15567000
Lampu AC Cassette tidak menyala dan berbahaya karena kualitas material yang jelek|Teknisi telah melakukan perbaikan pada AC Cassette dengan mengganti lampu yang rusak dan memperbaiki komponen lainnya dengan biaya total Rp 15567000|AC Cassette|Gedung Utama|20|Timur|Mechanical|Fatal|Kualitas material|Lampu mati|15567000
AC Cassette tidak berfungsi dengan baik karena lampu mati dan kualitas material yang rendah|Teknisi telah melakukan perbaikan pada AC Cassette dengan memperbaiki masalah lampu mati dan mengganti komponen yang rusak dengan biaya total Rp 15567000|AC Cassette|Gedung Utama|20|Timur|Mechanical|Fatal|Kualitas material|Lampu mati|15567000
Tidak berfungsi total karena kualitas material yang buruk, perlu perbaikan segera|Telah dilakukan perbaikan pada MCFA di Gedung A, Lantai 7, Zona Timur dengan biaya perbaikan Rp 8398000|MCFA|Gedung A|Lantai 7|Zona Timur|Sistem Proteksi Kebakaran Aktif|Berat|Kualitas material|Tidak berfungsi total|8398000
Sistem proteksi kebakaran aktif tidak berfungsi total karena kualitas material yang rendah, bahaya kebakaran meningkat|Telah dilakukan perbaikan pada MCFA di Gedung A, Lantai 7, Zona Timur dengan biaya perbaikan Rp 8398000|MCFA|Gedung A|Lantai 7|Zona Timur|Sistem Proteksi Kebakaran Aktif|Berat|Kualitas material|Tidak berfungsi total|8398000
Perlu perbaikan darurat karena MCFA tidak berfungsi total akibat kualitas material yang buruk, keamanan gedung terancam|Telah dilakukan perbaikan pada MCFA di Gedung A, Lantai 7, Zona Timur dengan biaya perbaikan Rp 8398000|MCFA|Gedung A|Lantai 7|Zona Timur|Sistem Proteksi Kebakaran Aktif|Berat|Kualitas material|Tidak berfungsi total|8398000
Lampu Pylon Sign di Gedung A, Lantai 9, Zona Tengah tiba-tiba mati karena faktor lingkungan|Telah dilakukan perbaikan terhadap Lampu Pylon Sign yang mati mendadak di Gedung A, Lantai 9, Zona Tengah, dengan biaya perbaikan sebesar Rp 1969000|Lampu Pylon Sign|Gedung A|Lantai 9|Zona Tengah|Electrical|Sedang|Faktor lingkungan|Mati mendadak|1969000
Lampu Pylon Sign di Gedung A, Lantai 9, Zona Tengah mengalami gangguan karena faktor lingkungan yang menyebabkan mati mendadak|Telah dilakukan perbaikan terhadap Lampu Pylon Sign yang mengalami gangguan karena faktor lingkungan, dengan biaya perbaikan sebesar Rp 1969000|Lampu Pylon Sign|Gedung A|Lantai 9|Zona Tengah|Electrical|Sedang|Faktor lingkungan|Mati mendadak|1969000
Lampu Pylon Sign di Gedung A, Lantai 9, Zona Tengah tidak menyala karena terkena faktor lingkungan yang menyebabkan mati mendadak|Telah dilakukan perbaikan terhadap Lampu Pylon Sign yang tidak menyala karena faktor lingkungan, dengan biaya perbaikan sebesar Rp 1969000|Lampu Pylon Sign|Gedung A|Lantai 9|Zona Tengah|Electrical|Sedang|Faktor lingkungan|Mati mendadak|1969000
Dinding Tembok/Mansonry|Telah diperbaiki kerusakan korsleting akibat korosi dengan biaya Rp 162000|Dinding Tembok/Mansonry|Gedung D|Lantai 2|Zona Tengah|Civil|Ringan|Korosi|Korsleting|162000
Dinding Tembok/Mansonry|Kerusakan korsleting pada dinding tembok telah diperbaiki dengan biaya Rp 162000|Dinding Tembok/Mansonry|Gedung D|Lantai 2|Zona Tengah|Civil|Ringan|Korosi|Korsleting|162000
Dinding Tembok/Mansonry|Telah diperbaiki masalah korsleting pada dinding tembok akibat korosi dengan total biaya Rp 162000|Dinding Tembok/Mansonry|Gedung D|Lantai 2|Zona Tengah|Civil|Ringan|Korosi|Korsleting|162000
AC Split|Gedung Utama|Lantai 15|Zona Selatan|Mechanical|Sedang|Aus normal|Bunyi abnormal|Rp 891000|Teknisi telah memperbaiki bunyi abnormal pada AC Split dengan biaya perbaikan Rp 891000
AC Split|Gedung Utama|Lantai 15|Zona Selatan|Mechanical|Sedang|Aus normal|Bunyi abnormal|Rp 891000|Teknisi telah melakukan perbaikan pada AC Split yang mengalami aus normal sehingga menyebabkan bunyi abnormal, dengan total biaya perbaikan Rp 891000
AC Split|Gedung Utama|Lantai 15|Zona Selatan|Mechanical|Sedang|Aus normal|Bunyi abnormal|Rp 891000|Perbaikan AC Split yang mengalami bunyi abnormal akibat aus normal telah dilakukan oleh teknisi dengan biaya perbaikan sebesar Rp 891000
Lampu wall sign di gedung servis lantai 2 zona tengah tampilan rusak karena faktor lingkungan|Teknisi telah memperbaiki lampu wall sign dengan biaya total Rp 233000|Lampu Wall sign|Gedung Servis|Lantai 2|Zona Tengah|Electrical|Ringan|Faktor lingkungan|Tampilan rusak|233000
Lampu di dinding gedung servis lantai 2 zona tengah rusak dan tidak menarik karena kerusakan tampilan yang disebabkan oleh faktor lingkungan|Teknisi telah memperbaiki lampu dengan total biaya perbaikan Rp 233000|Lampu Wall sign|Gedung Servis|Lantai 2|Zona Tengah|Electrical|Ringan|Faktor lingkungan|Tampilan rusak|233000
Lampu wall sign di gedung servis lantai 2 zona tengah mengalami kerusakan tampilan yang mengganggu karena faktor lingkungan|Teknisi telah memperbaiki kerusakan lampu wall sign dengan total biaya Rp 233000|Lampu Wall sign|Gedung Servis|Lantai 2|Zona Tengah|Electrical|Ringan|Faktor lingkungan|Tampilan rusak|233000
Control Panel AC korslet karena debu, mengganggu rutinitas|Teknisi telah memperbaiki masalah korslet pada Control Panel AC dengan total biaya perbaikan Rp 522000|Control Panel AC|Gedung B|Lantai 3|Zona Tengah|Electrical|Sedang|Debu/kotoran|Korsleting|522000
Control Panel AC macet kadang-kadang karena kotoran, agak berisik|Teknisi telah memperbaiki masalah korslet pada Control Panel AC dengan total biaya perbaikan Rp 522000|Control Panel AC|Gedung B|Lantai 3|Zona Tengah|Electrical|Sedang|Debu/kotoran|Korsleting|522000
Control Panel AC netes sedikit karena debu, kotor|Teknisi telah memperbaiki masalah korslet pada Control Panel AC dengan total biaya perbaikan Rp 522000|Control Panel AC|Gedung B|Lantai 3|Zona Tengah|Electrical|Sedang|Debu/kotoran|Korsleting|522000
Sistem instalasi kabel di Gedung Utama mengalami suhu tidak stabil karena debu/kotoran, sehingga operasional terganggu parah|Teknisi telah memperbaiki sistem instalasi kabel dengan total biaya perbaikan Rp 2377000|Wiring System|Gedung Utama|Lantai 15|Zona Barat|Electrical|Berat|Debu/kotoran|Suhu tidak stabil|2377000
Suhu tidak stabil pada sistem instalasi kabel di Lantai 15 Gedung Utama menyebabkan korslet dan kebakaran, sangat berbahaya|Teknisi telah memperbaiki sistem instalasi kabel dengan total biaya perbaikan Rp 2377000|Wiring System|Gedung Utama|Lantai 15|Zona Barat|Electrical|Berat|Debu/kotoran|Suhu tidak stabil|2377000
Debu/kotoran pada sistem instalasi kabel di Zona Barat Gedung Utama menyebabkan suhu tidak stabil dan mengancam keamanan operasional, perlu perbaikan segera|Teknisi telah memperbaiki sistem instalasi kabel dengan total biaya perbaikan Rp 2377000|Wiring System|Gedung Utama|Lantai 15|Zona Barat|Electrical|Berat|Debu/kotoran|Suhu tidak stabil|2377000
Pintu kayu bocor parah karena kualitas material yang buruk|Teknisi telah memperbaiki pintu kayu yang bocor dengan total biaya perbaikan sebesar Rp 2705000|Pintu Kayu/HPL|Gedung B|10|Timur|Arsitektur|Berat|Kualitas material|Kebocoran|2705000
Pintu HPL mengalami kebocoran yang cukup parah akibat kualitas material yang tidak memadai|Teknisi telah melakukan perbaikan pada pintu HPL yang bocor dengan biaya perbaikan sebesar Rp 2705000|Pintu Kayu/HPL|Gedung B|10|Timur|Arsitektur|Berat|Kualitas material|Kebocoran|2705000
Pintu kayu/HPL di lantai 10 Gedung B mengalami kebocoran yang sangat berat karena kualitas material yang buruk|Teknisi telah memperbaiki pintu kayu/HPL yang bocor parah dengan total biaya perbaikan sebesar Rp 2705000|Pintu Kayu/HPL|Gedung B|10|Timur|Arsitektur|Berat|Kualitas material|Kebocoran|2705000
Aliran air di dinding partisi GRC sangat lemah karena tegangan listrik tidak stabil|Telah dilakukan perbaikan pada dinding partisi GRC dengan biaya total Rp 2329000 untuk mengatasi masalah aliran lemah akibat tegangan listrik tidak stabil|Dinding Partisi, GRC / Gypsum|Gedung C|8|Barat|Civil|Berat|Tegangan tidak stabil|Aliran lemah|2329000
Tegangan listrik tidak stabil menyebabkan aliran air di dinding partisi sangat lemah|Perbaikan telah dilakukan dengan memperbaiki sistem listrik dan mengganti komponen yang rusak dengan total biaya Rp 2329000|Dinding Partisi, GRC / Gypsum|Gedung C|8|Barat|Civil|Berat|Tegangan tidak stabil|Aliran lemah|2329000
Dinding partisi GRC mengalami aliran air yang sangat lemah akibat tegangan listrik yang tidak stabil, sangat mengganggu|Telah dilakukan perbaikan dengan memperbaiki sistem listrik dan mengganti komponen yang rusak, dengan total biaya perbaikan sebesar Rp 2329000|Dinding Partisi, GRC / Gypsum|Gedung C|8|Barat|Civil|Berat|Tegangan tidak stabil|Aliran lemah|2329000
AC VRV di Gedung B Lantai 2 Zona Timur tiba-tiba mati total karena kelembaban tinggi|Telah dilakukan perbaikan atas kerusakan AC VRV di Gedung B Lantai 2 Zona Timur dengan biaya total Rp 27810000|AC VRV|Gedung B|Lantai 2|Zona Timur|Mechanical|Fatal|Kelembaban tinggi|Mati mendadak|27810000
AC VRV di Gedung B Lantai 2 Zona Timur mengalami kerusakan parah karena kelembaban tinggi sehingga mati total|Telah dilakukan perbaikan atas kerusakan AC VRV di Gedung B Lantai 2 Zona Timur dengan biaya total Rp 27810000|AC VRV|Gedung B|Lantai 2|Zona Timur|Mechanical|Fatal|Kelembaban tinggi|Mati mendadak|27810000
AC VRV di Gedung B Lantai 2 Zona Timur rusak berat dan mati total karena kelembaban tinggi, perlu perbaikan segera|Telah dilakukan perbaikan atas kerusakan AC VRV di Gedung B Lantai 2 Zona Timur dengan biaya total Rp 27810000|AC VRV|Gedung B|Lantai 2|Zona Timur|Mechanical|Fatal|Kelembaban tinggi|Mati mendadak|27810000
Monitor/Layar|Gedung A|Lantai 9|Zona Barat|Sistem Telekomunikasi Gedung|Sedang|Aus normal|Tekanan tidak stabil|1564000|Teknisi telah memperbaiki masalah tekanan tidak stabil dengan biaya Rp 1564000
Monitor/Layar|Gedung A|Lantai 9|Zona Barat|Sistem Telekomunikasi Gedung|Sedang|Aus normal|Tekanan tidak stabil|1564000|Teknisi telah melakukan perbaikan pada monitor dengan biaya Rp 1564000 karena masalah tekanan tidak stabil
Monitor/Layar|Gedung A|Lantai 9|Zona Barat|Sistem Telekomunikasi Gedung|Sedang|Aus normal|Tekanan tidak stabil|1564000|Biaya perbaikan sebesar Rp 1564000 telah digunakan untuk memperbaiki masalah tekanan tidak stabil pada monitor
Dinding Tembok/Mansonry|Gedung Servis, Lantai 2, Zona Barat|2|Barat|Civil|Fatal|Usia pakai|Bunyi abnormal|24284000|Saya mendengar suara aneh dari dinding, sepertinya sudah tidak bisa digunakan lagi karena usia pakai yang sudah lama, sehingga perlu perbaikan segera|Teknisi telah memperbaiki dinding yang rusak dengan total biaya perbaikan Rp 24284000
Dinding Tembok/Mansonry|Gedung Servis, Lantai 2, Zona Barat|2|Barat|Civil|Fatal|Usia pakai|Bunyi abnormal|24284000|Dinding tembok mengeluarkan bunyi aneh yang sangat mengganggu dan berbahaya, perlu segera diperbaiki karena usia pakai yang sudah lama|Teknisi telah memperbaiki dinding yang rusak dengan total biaya perbaikan Rp 24284000
Dinding Tembok/Mansonry|Gedung Servis, Lantai 2, Zona Barat|2|Barat|Civil|Fatal|Usia pakai|Bunyi abnormal|24284000|Saya khawatir dengan suara gemuruh yang terdengar dari dinding, sepertinya sudah tidak stabil lagi karena usia pakai yang sudah lama, sehingga perlu perbaikan segera|Teknisi telah memperbaiki dinding yang rusak dengan total biaya perbaikan Rp 24284000
Lampu speaker di gedung B lantai 7 zona timur sudah tidak menyala, mungkin karena umur pakai yang sudah lama|Telah dilakukan perbaikan speaker dengan biaya total Rp 115000 dan berhasil memperbaiki masalah lampu mati|Speaker|Gedung B|Lantai 7|Zona Timur|Sistem Telekomunikasi Gedung|Ringan|Usia pakai|Lampu mati|115000
Lampu di speaker gedung B lantai 7 zona timur tidak berfungsi, kemungkinan karena sudah tua|Perbaikan speaker telah dilakukan dengan biaya Rp 115000 dan berhasil mengatasi masalah lampu mati|Speaker|Gedung B|Lantai 7|Zona Timur|Sistem Telekomunikasi Gedung|Ringan|Usia pakai|Lampu mati|115000
Speaker di gedung B lantai 7 zona timur mengalami masalah lampu yang tidak menyala, mungkin karena faktor usia|Telah dilakukan perbaikan pada speaker dengan biaya total Rp 115000 dan berhasil memperbaiki masalah lampu|Speaker|Gedung B|Lantai 7|Zona Timur|Sistem Telekomunikasi Gedung|Ringan|Usia pakai|Lampu mati|115000
Tampilan smoke detector rusak karena getaran, suaranya juga berisik|Teknisi telah memperbaiki smoke detector dengan biaya Rp 1965000|Smoke Detector|Gedung A|9|Tengah|Sistem Proteksi Kebakaran Aktif|Sedang|Getaran|Tampilan rusak|1965000
Tampilan smoke detector Hochiki di lantai 9 rusak parah, mengeluarkan suara berisik akibat getaran|Teknisi telah melakukan perbaikan pada smoke detector Hochiki dengan total biaya perbaikan sebesar Rp 1965000|Smoke Detector|Gedung A|9|Tengah|Sistem Proteksi Kebakaran Aktif|Sedang|Getaran|Tampilan rusak|1965000
Smoke detector di zona tengah lantai 9 Gedung A mengalami kerusakan pada tampilan akibat getaran, sehingga mengganggu rutinitas|Perbaikan smoke detector telah dilakukan dengan memperbaiki tampilan yang rusak karena getaran, total biaya perbaikan mencapai Rp 1965000|Smoke Detector|Gedung A|9|Tengah|Sistem Proteksi Kebakaran Aktif|Sedang|Getaran|Tampilan rusak|1965000
Tangki air tanah bocor sedikit|Teknisi telah memperbaiki retak pada tangki air tanah dengan total biaya Rp 390000|Ground Water Tank|Gedung A|Lantai 4|Zona Tengah|Distribusi Air|Ringan|Kurang perawatan|Retak/pecah|390000
Tangki air tanah retak kecil|Teknisi telah memperbaiki kerusakan retak pada tangki air tanah dengan total biaya Rp 390000|Ground Water Tank|Gedung A|Lantai 4|Zona Tengah|Distribusi Air|Ringan|Kurang perawatan|Retak/pecah|390000
Tangki air tanah bocor karena kurang perawatan|Teknisi telah memperbaiki masalah kebocoran pada tangki air tanah yang disebabkan oleh kurang perawatan dengan total biaya Rp 390000|Ground Water Tank|Gedung A|Lantai 4|Zona Tengah|Distribusi Air|Ringan|Kurang perawatan|Retak/pecah|390000
Dinding Tembok/Mansonry|Lokasi Gedung D, Lantai 7, Zona Selatan|Gedung D|7|Selatan|Civil|Ringan|Getaran|Bunyi abnormal|139000
Dinding Tembok/Mansonry|Teknisi telah memperbaiki dinding tembok yang mengalami bunyi abnormal di Gedung D, Lantai 7, Zona Selatan dengan total biaya perbaikan Rp 139000|Gedung D|7|Selatan|Civil|Ringan|Getaran|Bunyi abnormal|139000
Dinding Tembok/Mansonry|Teknisi telah menyelesaikan perbaikan dinding tembok yang terkena getaran dan mengeluarkan bunyi abnormal di Gedung D, Lantai 7, Zona Selatan dengan biaya perbaikan sebesar Rp 139000|Gedung D|7|Selatan|Civil|Ringan|Getaran|Bunyi abnormal|139000
DVR CCTV tidak mau nyala karena tekanan listrik tidak stabil dan banyak debu|Teknisi telah memperbaiki DVR CCTV dengan membersihkan debu dan mengganti komponen yang rusak, total biaya perbaikan Rp 3560000|DVR CCTV|Gedung Parkir|Lantai 4|Zona Barat|Security Sistem|Berat|Debu/kotoran|Tekanan tidak stabil|3560000
DVR CCTV di Gedung Parkir Lantai 4 Zona Barat mengalami kerusakan parah karena tekanan listrik tidak stabil dan kotoran yang menumpuk|Teknisi telah melakukan perbaikan pada DVR CCTV dengan mengganti komponen yang rusak dan membersihkan kotoran, total biaya perbaikan Rp 3560000|DVR CCTV|Gedung Parkir|Lantai 4|Zona Barat|Security Sistem|Berat|Debu/kotoran|Tekanan tidak stabil|3560000
DVR CCTV di Lantai 4 Zona Barat Gedung Parkir tidak berfungsi dengan baik karena tekanan listrik tidak stabil dan banyak debu yang menumpuk|Teknisi telah memperbaiki DVR CCTV dengan mengganti komponen yang rusak dan membersihkan debu, total biaya perbaikan Rp 3560000|DVR CCTV|Gedung Parkir|Lantai 4|Zona Barat|Security Sistem|Berat|Debu/kotoran|Tekanan tidak stabil|3560000
Monitor/Layar|Gedung D|Lantai 6|Zona Selatan|Sistem Telekomunikasi Gedung|Berat|Kurang perawatan|Performa menurun|Rp 2447000|Layar monitor tidak berfungsi dengan baik, performa menurun drastis karena kurang perawatan, sehingga mengganggu operasional|Teknisi telah memperbaiki masalah performa menurun pada monitor dengan total biaya perbaikan Rp 2447000|Monitor/Layar
Monitor/Layar|Gedung D|Lantai 6|Zona Selatan|Sistem Telekomunikasi Gedung|Berat|Kurang perawatan|Performa menurun|Rp 2447000|Layar monitor rusak parah, performa menurun akibat kurang perawatan, membuat operasional terhambat|Teknisi telah melakukan perbaikan pada monitor yang rusak dengan biaya perbaikan sebesar Rp 2447000|Monitor/Layar
Monitor/Layar|Gedung D|Lantai 6|Zona Selatan|Sistem Telekomunikasi Gedung|Berat|Kurang perawatan|Performa menurun|Rp 2447000|Monitor tidak bisa digunakan karena performa menurun, disebabkan oleh kurang perawatan, sehingga memerlukan perbaikan segera|Teknisi telah melakukan perbaikan pada monitor yang bermasalah dengan total biaya perbaikan Rp 2447000|Monitor/Layar
Kran air di Gedung B, Lantai 4, Zona Selatan mengalami sensor error karena getaran, sehingga netes sedikit|Teknisi telah memperbaiki sensor error pada kran air di Gedung B, Lantai 4, Zona Selatan dengan total biaya perbaikan Rp 344000|Kran Air|Gedung B|Lantai 4|Zona Selatan|Plumbing|Ringan|Getaran|Sensor error|344000
Kran air di Gedung B, Lantai 4, Zona Selatan agak berisik saat digunakan karena getaran yang menyebabkan sensor error|Teknisi telah memperbaiki sensor error pada kran air di Gedung B, Lantai 4, Zona Selatan dengan total biaya perbaikan Rp 344000|Kran Air|Gedung B|Lantai 4|Zona Selatan|Plumbing|Ringan|Getaran|Sensor error|344000
Kran air di Gedung B, Lantai 4, Zona Selatan mengalami masalah sensor error karena getaran, sehingga kadang-kadang tidak berfungsi dengan baik|Teknisi telah memperbaiki sensor error pada kran air di Gedung B, Lantai 4, Zona Selatan dengan total biaya perbaikan Rp 344000|Kran Air|Gedung B|Lantai 4|Zona Selatan|Plumbing|Ringan|Getaran|Sensor error|344000
Jet Shower|Air netes sedikit, mungkin karena kualitas material yang kurang baik|Jet Shower|Gedung B|8|Utara|Plumbing|Ringan|Kualitas material|Aliran lemah|300000
Jet Shower|Aliran air agak lemah, sepertinya karena kualitas material yang tidak memadai|Jet Shower|Gedung B|8|Utara|Plumbing|Ringan|Kualitas material|Aliran lemah|300000
Jet Shower|Jet shower mengeluarkan air dengan debit yang rendah, kemungkinan karena kualitas material yang kurang baik|Jet Shower|Gedung B|8|Utara|Plumbing|Ringan|Kualitas material|Aliran lemah|300000
tekanan tidak stabil karena getaran membuat APAB Dry Powder netes sedikit|Teknisi telah memperbaiki masalah tekanan tidak stabil pada APAB Dry Powder dengan total biaya perbaikan Rp 354000|APAB Dry Powder|Gedung Servis|Lantai 3|Zona Tengah|Sistem Pemadam Kebakaran|Ringan|Getaran|Tekanan tidak stabil|354000
getaran membuat tekanan APAB Dry Powder tidak stabil, agak berisik saat digunakan|Teknisi telah memperbaiki masalah tekanan tidak stabil pada APAB Dry Powder dengan total biaya perbaikan Rp 354000|APAB Dry Powder|Gedung Servis|Lantai 3|Zona Tengah|Sistem Pemadam Kebakaran|Ringan|Getaran|Tekanan tidak stabil|354000
tekanan APAB Dry Powder bermasalah karena getaran, kadang-kadang macet|Teknisi telah memperbaiki masalah tekanan tidak stabil pada APAB Dry Powder dengan total biaya perbaikan Rp 354000|APAB Dry Powder|Gedung Servis|Lantai 3|Zona Tengah|Sistem Pemadam Kebakaran|Ringan|Getaran|Tekanan tidak stabil|354000
Wastafel di Gedung B Lantai 7 Zona Tengah mengalami getaran berlebihan saat digunakan|Teknisi telah memperbaiki wastafel dengan biaya perbaikan sebesar Rp 886000 karena overload yang menyebabkan getaran berlebihan|Wastafel|Gedung B|7|Zona Tengah|Plumbing|Sedang|Overload|Getaran berlebihan|886000
Wastafel Toto di Gedung B Lantai 7 Zona Tengah sering mengalami getaran keras dan overload|Teknisi telah memperbaiki wastafel Toto dengan biaya perbaikan sebesar Rp 886000 karena overload yang menyebabkan getaran berlebihan|Wastafel|Gedung B|7|Zona Tengah|Plumbing|Sedang|Overload|Getaran berlebihan|886000
Wastafel Toto di Gedung B Lantai 7 Zona Tengah mengalami getaran berlebihan dan suara berisik karena overload|Teknisi telah memperbaiki wastafel Toto dengan biaya perbaikan sebesar Rp 886000 karena overload yang menyebabkan getaran berlebihan|Wastafel|Gedung B|7|Zona Tengah|Plumbing|Sedang|Overload|Getaran berlebihan|886000
Kursi di ruang utama bocor sedikit|Telah dilakukan perbaikan pada kursi di ruang utama dengan biaya Rp 491000 untuk mengatasi masalah kebocoran yang disebabkan oleh usia pakai|Kursi|Gedung Utama|Lantai 1|Zona Timur|Arsitektur|Ringan|Usia pakai|Kebocoran|491000
Kursi di lantai 1 zona timur gedung utama mengalami kebocoran karena usia pakai|Perbaikan telah dilakukan dengan total biaya Rp 491000 untuk memperbaiki kebocoran pada kursi|Kursi|Gedung Utama|Lantai 1|Zona Timur|Arsitektur|Ringan|Usia pakai|Kebocoran|491000
Kursi di zona timur lantai 1 gedung utama mengalami kebocoran kecil karena usia pakai|Teknisi telah memperbaiki kebocoran pada kursi dengan biaya Rp 491000 untuk mengembalikan fungsi kursi|Kursi|Gedung Utama|Lantai 1|Zona Timur|Arsitektur|Ringan|Usia pakai|Kebocoran|491000
AC Standing di Gedung A Lantai 2 Zona Utara berisik karena debu|Teknisi telah memperbaiki AC Standing yang berisik di Gedung A Lantai 2 Zona Utara dengan total biaya perbaikan Rp 123000|AC Standing|Gedung A|Lantai 2|Zona Utara|Mechanical|Ringan|Debu/kotoran|Bunyi abnormal|123000
AC Standing di Gedung A Lantai 2 Zona Utara mengeluarkan suara aneh karena kotor|Teknisi telah memperbaiki AC Standing yang mengeluarkan suara aneh di Gedung A Lantai 2 Zona Utara dengan total biaya perbaikan Rp 123000|AC Standing|Gedung A|Lantai 2|Zona Utara|Mechanical|Ringan|Debu/kotoran|Bunyi abnormal|123000
AC Standing di Gedung A Lantai 2 Zona Utara mengalami gangguan suara karena debu yang menumpuk|Teknisi telah memperbaiki AC Standing yang mengalami gangguan suara di Gedung A Lantai 2 Zona Utara dengan total biaya perbaikan Rp 123000|AC Standing|Gedung A|Lantai 2|Zona Utara|Mechanical|Ringan|Debu/kotoran|Bunyi abnormal|123000
AC VRV di Gedung C, Lantai 2, Zona Utara macet kadang-kadang karena debu|Teknisi telah memperbaiki masalah performa menurun pada AC VRV di Gedung C, Lantai 2, Zona Utara dengan total biaya perbaikan Rp 376000|AC VRV|Gedung C|Lantai 2|Zona Utara|Mechanical|Ringan|Debu/kotoran|Performa menurun|376000
AC VRV di Gedung C, Lantai 2, Zona Utara mengalami penurunan performa karena kotoran|Teknisi telah memperbaiki masalah performa menurun pada AC VRV di Gedung C, Lantai 2, Zona Utara dengan total biaya perbaikan Rp 376000|AC VRV|Gedung C|Lantai 2|Zona Utara|Mechanical|Ringan|Debu/kotoran|Performa menurun|376000
AC VRV di Gedung C, Lantai 2, Zona Utara berjalan tidak stabil karena debu yang menumpuk|Teknisi telah memperbaiki masalah performa menurun pada AC VRV di Gedung C, Lantai 2, Zona Utara dengan total biaya perbaikan Rp 376000|AC VRV|Gedung C|Lantai 2|Zona Utara|Mechanical|Ringan|Debu/kotoran|Performa menurun|376000
APAR Dry Powder Cartridge|Telah dilakukan perbaikan pada APAR Dry Powder Cartridge dengan biaya perbaikan sebesar Rp 2197000 karena kerusakan retak yang disebabkan oleh aus normal|APAR Dry Powder Cartridge|Gedung D|10|Utara|Sistem Pemadam Kebakaran|Berat|Aus normal|Retak/pecah|2197000
APAR Dry Powder Cartridge|Teknisi telah melakukan perbaikan pada APAR Dry Powder Cartridge dengan total biaya perbaikan Rp 2197000 karena kerusakan parah yang disebabkan oleh aus normal|APAR Dry Powder Cartridge|Gedung D|10|Utara|Sistem Pemadam Kebakaran|Berat|Aus normal|Retak/pecah|2197000
APAR Dry Powder Cartridge|Perbaikan telah dilakukan pada APAR Dry Powder Cartridge karena rusak parah akibat retak yang disebabkan oleh aus normal, dengan biaya perbaikan sebesar Rp 2197000|APAR Dry Powder Cartridge|Gedung D|10|Utara|Sistem Pemadam Kebakaran|Berat|Aus normal|Retak/pecah|2197000
Remote tidak berfungsi karena kurang perawatan, sangat membatasi operasional|Teknisi telah memperbaiki masalah remote tidak berfungsi dengan biaya perbaikan Rp 19617000|Kitchen sink|Gedung C|Lantai 2|Zona Timur|Plumbing|Fatal|Kurang perawatan|Remote tidak berfungsi|19617000
Remote rusak total, tidak bisa digunakan karena kurang perawatan, membuat kita panik|Teknisi telah melakukan perbaikan atas kerusakan remote dengan biaya total Rp 19617000|Kitchen sink|Gedung C|Lantai 2|Zona Timur|Plumbing|Fatal|Kurang perawatan|Remote tidak berfungsi|19617000
Karena kurang perawatan, remote kitchen sink mati total, sangat berbahaya dan memerlukan perbaikan segera|Teknisi telah selesai memperbaiki kerusakan remote dengan total biaya Rp 19617000|Kitchen sink|Gedung C|Lantai 2|Zona Timur|Plumbing|Fatal|Kurang perawatan|Remote tidak berfungsi|19617000
Monitor/Layar|Gedung Gedung E|Lantai 3|Zona Barat|Sistem Telekomunikasi Gedung|Fatal|Getaran|Performa menurun|13132000|Layar monitor terus bergetar dan performa menurun drastis, membuatnya tidak bisa digunakan sama sekali, perlu perbaikan segera|Telah dilakukan perbaikan pada monitor/layar dengan biaya total Rp 13132000, masalah getaran dan performa menurun telah teratasi
Monitor/Layar|Gedung Gedung E|Lantai 3|Zona Barat|Sistem Telekomunikasi Gedung|Fatal|Getaran|Performa menurun|13132000|Layar monitor mengalami getaran hebat dan performa yang menurun, sehingga mengganggu operasional, perlu perbaikan darurat|Telah dilakukan perbaikan pada monitor/layar dengan biaya total Rp 13132000, masalah getaran dan performa menurun telah teratasi
Monitor/Layar|Gedung Gedung E|Lantai 3|Zona Barat|Sistem Telekomunikasi Gedung|Fatal|Getaran|Performa menurun|13132000|Monitor/Layar rusak parah karena getaran, performa menurun secara signifikan, perlu perbaikan segera untuk menghindari kerusakan lebih lanjut|Telah dilakukan perbaikan pada monitor/layar dengan biaya total Rp 13132000, masalah getaran dan performa menurun telah teratasi
Pemipaan Air Kotor|Telah dilakukan perbaikan pada pemipaan air kotor yang mengalami kerusakan total akibat kelembaban tinggi, dengan total biaya perbaikan Rp 1909000|Pemipaan Air Kotor|Gedung Parkir|Lantai 2|Zona Selatan|Plumbing|Sedang|Kelembaban tinggi|Tidak berfungsi total|1909000
Pemipaan Air Kotor|Pemipaan air kotor telah diperbaiki karena kelembaban tinggi yang menyebabkan kerusakan total, dengan biaya perbaikan sebesar Rp 1909000|Pemipaan Air Kotor|Gedung Parkir|Lantai 2|Zona Selatan|Plumbing|Sedang|Kelembaban tinggi|Tidak berfungsi total|1909000
Pemipaan Air Kotor|Perbaikan telah dilakukan pada pemipaan air kotor yang rusak total karena kelembaban tinggi, dengan total biaya perbaikan yang dikeluarkan sebesar Rp 1909000|Pemipaan Air Kotor|Gedung Parkir|Lantai 2|Zona Selatan|Plumbing|Sedang|Kelembaban tinggi|Tidak berfungsi total|1909000
Sensor kabel bermasalah karena debu, netes sedikit|Telah dilakukan perbaikan pada sistem instalasi kabel dengan biaya total Rp 434000|Wiring System|Gedung C|Lantai 2|Zona Utara|Electrical|Ringan|Debu/kotoran|Sensor error|434000
Kotoran di sensor membuatnya agak berisik, mengganggu rutinitas|Perbaikan telah dilakukan dengan mengganti komponen yang rusak dan membersihkan area yang terkena debu, total biaya perbaikan Rp 434000|Wiring System|Gedung C|Lantai 2|Zona Utara|Electrical|Ringan|Debu/kotoran|Sensor error|434000
Debu di sekitar kabel menyebabkan sensor macet kadang-kadang|Teknisi telah melakukan perbaikan dengan membersihkan area yang terkena debu dan mengganti komponen yang rusak, dengan total biaya perbaikan Rp 434000|Wiring System|Gedung C|Lantai 2|Zona Utara|Electrical|Ringan|Debu/kotoran|Sensor error|434000
AC Split mati total karena korsleting parah akibat human error|Telah dilakukan perbaikan pada AC Split dengan jenis kerusakan korsleting yang disebabkan oleh human error, dengan total biaya perbaikan sebesar Rp 4815000|AC Split|Gedung C|Lantai 4|Zona Barat|Mechanical|Berat|Human error|Korsleting|4815000
AC Split jebol karena korslet listrik yang tidak stabil akibat kelalaian manusia|Telah dilakukan perbaikan pada AC Split dengan jenis kerusakan korsleting yang disebabkan oleh human error, dengan total biaya perbaikan sebesar Rp 4815000|AC Split|Gedung C|Lantai 4|Zona Barat|Mechanical|Berat|Human error|Korsleting|4815000
AC Split berasap dan mati karena korsleting yang disebabkan oleh kesalahan operasional|Telah dilakukan perbaikan pada AC Split dengan jenis kerusakan korsleting yang disebabkan oleh human error, dengan total biaya perbaikan sebesar Rp 4815000|AC Split|Gedung C|Lantai 4|Zona Barat|Mechanical|Berat|Human error|Korsleting|4815000
Monitor CCTV di Gedung E, Lantai 3, Zona Utara rusak parah karena aus dan kotor, sehingga tidak bisa digunakan|Teknisi telah memperbaiki Monitor CCTV yang rusak parah di Gedung E, Lantai 3, Zona Utara dengan biaya perbaikan total Rp 3796000|Monitor CCTV|Gedung E|Lantai 3|Zona Utara|Security Sistem|Berat|Debu/kotoran|Aus/abrasi|3796000
Monitor CCTV di Gedung E, Lantai 3, Zona Utara mengalami kerusakan berat karena abrasi dan debu, sehingga tidak bisa berfungsi dengan baik|Teknisi telah melakukan perbaikan pada Monitor CCTV yang rusak berat di Gedung E, Lantai 3, Zona Utara dengan total biaya perbaikan Rp 3796000|Monitor CCTV|Gedung E|Lantai 3|Zona Utara|Security Sistem|Berat|Debu/kotoran|Aus/abrasi|3796000
Monitor CCTV di Gedung E, Lantai 3, Zona Utara rusak total karena aus dan kotoran yang menumpuk, sehingga perlu perbaikan segera|Teknisi telah memperbaiki Monitor CCTV yang rusak total di Gedung E, Lantai 3, Zona Utara dengan biaya perbaikan total Rp 3796000|Monitor CCTV|Gedung E|Lantai 3|Zona Utara|Security Sistem|Berat|Debu/kotoran|Aus/abrasi|3796000
Tidak berfungsi total karena aus normal, hanya netes sedikit|Perbaikan telah dilakukan dengan biaya Rp 278000 untuk mengatasi masalah tidak berfungsi total pada APAB Dry Powder|APAB Dry Powder|Gedung D|Lantai 3|Zona Utara|Sistem Pemadam Kebakaran|Ringan|Aus normal|Tidak berfungsi total|278000
Tidak bisa dipakai karena aus, agak berisik saat diaktifkan|Perbaikan telah selesai dengan total biaya Rp 278000 untuk mengatasi masalah aus normal pada APAB Dry Powder|APAB Dry Powder|Gedung D|Lantai 3|Zona Utara|Sistem Pemadam Kebakaran|Ringan|Aus normal|Tidak berfungsi total|278000
Sistem pemadam kebakaran macet kadang-kadang, dikarenakan aus normal|Teknisi telah melakukan perbaikan dengan biaya Rp 278000 untuk mengatasi masalah tidak berfungsi total pada APAB Dry Powder|APAB Dry Powder|Gedung D|Lantai 3|Zona Utara|Sistem Pemadam Kebakaran|Ringan|Aus normal|Tidak berfungsi total|278000
DVR CCTV di Gedung B lantai 2 Zona Utara netes sedikit karena kelembaban tinggi|Teknisi telah memperbaiki DVR CCTV yang retak karena kelembaban tinggi dengan biaya perbaikan total Rp 708000|DVR CCTV|Gedung B|Lantai 2|Zona Utara|Security Sistem|Sedang|Kelembaban tinggi|Retak/pecah|708000
DVR CCTV di Gedung B lantai 2 Zona Utara agak berisik dan retak|Teknisi telah memperbaiki DVR CCTV yang retak karena kelembaban tinggi dengan biaya perbaikan total Rp 708000|DVR CCTV|Gedung B|Lantai 2|Zona Utara|Security Sistem|Sedang|Kelembaban tinggi|Retak/pecah|708000
DVR CCTV di Gedung B lantai 2 Zona Utara kotor dan pecah karena kelembaban tinggi|Teknisi telah memperbaiki DVR CCTV yang retak karena kelembaban tinggi dengan biaya perbaikan total Rp 708000|DVR CCTV|Gedung B|Lantai 2|Zona Utara|Security Sistem|Sedang|Kelembaban tinggi|Retak/pecah|708000
Lampu LED di lantai 2 gedung parkir zona selatan netes sedikit karena overload dan korsleting|Laporan teknisi: telah dilakukan perbaikan pada lampu LED di lantai 2 gedung parkir zona selatan dengan biaya perbaikan Rp 416000|Lampu LED|Gedung Parkir|Lantai 2|Zona Selatan|Electrical|Ringan|Overload|Korsleting|416000
Lampu LED di gedung parkir lantai 2 zona selatan agak berisik dan korsleting karena overload|Laporan teknisi: telah dilakukan perbaikan pada lampu LED di gedung parkir lantai 2 zona selatan dengan biaya perbaikan Rp 416000|Lampu LED|Gedung Parkir|Lantai 2|Zona Selatan|Electrical|Ringan|Overload|Korsleting|416000
Lampu LED di lantai 2 zona selatan gedung parkir macet kadang-kadang karena korsleting dan overload|Laporan teknisi: telah dilakukan perbaikan pada lampu LED di lantai 2 zona selatan gedung parkir dengan biaya perbaikan Rp 416000|Lampu LED|Gedung Parkir|Lantai 2|Zona Selatan|Electrical|Ringan|Overload|Korsleting|416000
Lantai karpet bocor parah karena usia pakai|Telah dilakukan perbaikan kebocoran pada lantai karpet dengan biaya total Rp 6283000|Lantai Karpet|Gedung Servis|3|Utara|Civil|Berat|Usia pakai|Kebocoran|6283000
Lantai karpet Gedung Servis mengalami kebocoran hebat akibat usia pakai yang sudah lama|Perbaikan telah dilakukan dengan mengganti komponen yang rusak dan memperbaiki kebocoran, total biaya perbaikan Rp 6283000|Lantai Karpet|Gedung Servis|3|Utara|Civil|Berat|Usia pakai|Kebocoran|6283000
Lantai karpet di Gedung Servis, Lantai 3, Zona Utara bocor sangat parah karena usia pakai yang sudah tidak layak|Telah dilakukan perbaikan kebocoran dengan mengganti komponen yang rusak dan memperbaiki kerusakan, biaya perbaikan total Rp 6283000|Lantai Karpet|Gedung Servis|3|Utara|Civil|Berat|Usia pakai|Kebocoran|6283000
Lantai vinyl bocor sedikit karena usia pakai|Teknisi telah memperbaiki kebocoran lantai vinyl dengan biaya perbaikan sebesar Rp 446000|Lantai Vinyl|Gedung D|Lantai 4|Zona Utara|Civil|Ringan|Usia pakai|Kebocoran|446000
Lantai vinyl ada kebocoran kecil akibat usia pakai yang sudah lama|Teknisi telah melakukan perbaikan atas kebocoran lantai vinyl dengan total biaya perbaikan Rp 446000|Lantai Vinyl|Gedung D|Lantai 4|Zona Utara|Civil|Ringan|Usia pakai|Kebocoran|446000
Lantai vinyl mengalami kebocoran ringan karena usia pakai yang sudah tua|Teknisi telah memperbaiki kebocoran lantai vinyl dengan biaya perbaikan sebesar Rp 446000 dan telah selesai dengan baik|Lantai Vinyl|Gedung D|Lantai 4|Zona Utara|Civil|Ringan|Usia pakai|Kebocoran|446000
Sensor error parah, human error menyebabkan ground water tank tidak berfungsi|Teknisi telah memperbaiki sensor error pada ground water tank dengan total biaya perbaikan Rp 9953000|Ground Water Tank|Gedung Utama|17|Zona Timur|Distribusi Air|Berat|Human error|Sensor error|9953000
Sensor rusak total, kemungkinan karena human error saat perawatan|Teknisi telah memperbaiki sensor error pada ground water tank dengan total biaya perbaikan Rp 9953000|Ground Water Tank|Gedung Utama|17|Zona Timur|Distribusi Air|Berat|Human error|Sensor error|9953000
Ground water tank tidak berfungsi karena sensor error, kemungkinan disebabkan oleh human error|Teknisi telah memperbaiki sensor error pada ground water tank dengan total biaya perbaikan Rp 9953000|Ground Water Tank|Gedung Utama|17|Zona Timur|Distribusi Air|Berat|Human error|Sensor error|9953000
Push Button|Gedung Utama|Lantai 7|Zona Selatan|Security Sistem|Ringan|Overload|Getaran berlebihan|Rp 322000|Teknisi telah memperbaiki Push Button yang mengalami getaran berlebihan akibat overload dengan biaya perbaikan sebesar Rp 322000
Push Button|Gedung Utama|Lantai 7|Zona Selatan|Security Sistem|Ringan|Overload|Getaran berlebihan|Rp 322000|Teknisi telah selesai memperbaiki Push Button yang mengalami getaran berlebihan karena overload dengan total biaya perbaikan Rp 322000
Push Button|Gedung Utama|Lantai 7|Zona Selatan|Security Sistem|Ringan|Overload|Getaran berlebihan|Rp 322000|Push Button yang mengalami getaran berlebihan akibat overload telah diperbaiki oleh teknisi dengan biaya perbaikan sebesar Rp 322000
AC Split tidak mengeluarkan udara yang cukup kuat, sepertinya karena kurang perawatan|Telah dilakukan perbaikan pada AC Split yang mengalami aliran lemah akibat kurang perawatan, dengan total biaya perbaikan sebesar Rp 8985000|AC Split|Gedung Utama|Lantai 2|Zona Selatan|Mekanical|Berat|Kurang perawatan|Aliran lemah|8985000
AC Split mati total karena aliran lemah, tidak bisa digunakan lagi|Telah dilakukan perbaikan pada AC Split yang mengalami aliran lemah akibat kurang perawatan, dengan total biaya perbaikan sebesar Rp 8985000|AC Split|Gedung Utama|Lantai 2|Zona Selatan|Mekanical|Berat|Kurang perawatan|Aliran lemah|8985000
AC Split tidak bisa mengeluarkan udara yang cukup, kemungkinan karena filter kotor dan kurang perawatan|Telah dilakukan perbaikan pada AC Split yang mengalami aliran lemah akibat kurang perawatan, dengan total biaya perbaikan sebesar Rp 8985000|AC Split|Gedung Utama|Lantai 2|Zona Selatan|Mekanical|Berat|Kurang perawatan|Aliran lemah|8985000
Lampu mati karena faktor lingkungan, mengganggu rutinitas|Telah memperbaiki masalah lampu mati pada Control Panel Hydrant Diesel Pump dengan total biaya perbaikan Rp 1714000|Control Panel Hydrant Diesel Pump|Gedung C|Lantai 6|Zona Tengah|Electrical|Sedang|Faktor lingkungan|Lampu mati|1714000
Lampu control panel hydrant diesel pump mati karena cuaca buruk, agak mengganggu|Telah memperbaiki masalah lampu mati pada Control Panel Hydrant Diesel Pump dengan total biaya perbaikan Rp 1714000|Control Panel Hydrant Diesel Pump|Gedung C|Lantai 6|Zona Tengah|Electrical|Sedang|Faktor lingkungan|Lampu mati|1714000
Lampu hidrant diesel pump tidak menyala karena faktor lingkungan, kotor, mengganggu rutinitas harian|Telah memperbaiki masalah lampu mati pada Control Panel Hydrant Diesel Pump dengan total biaya perbaikan Rp 1714000|Control Panel Hydrant Diesel Pump|Gedung C|Lantai 6|Zona Tengah|Electrical|Sedang|Faktor lingkungan|Lampu mati|1714000
Lampu LED di Gedung A, Lantai 3, Zona Barat retak dan mengganggu|Lampu LED di Gedung A, Lantai 3, Zona Barat telah diperbaiki dengan biaya Rp 1830000|Lampu LED|Gedung A|Lantai 3|Zona Barat|Electrical|Sedang|Kualitas material|Retak/pecah|1830000
Lampu LED di Gedung A, Lantai 3, Zona Barat pecah dan perlu diganti|Lampu LED di Gedung A, Lantai 3, Zona Barat telah diperbaiki dengan biaya Rp 1830000|Lampu LED|Gedung A|Lantai 3|Zona Barat|Electrical|Sedang|Kualitas material|Retak/pecah|1830000
Lampu LED di Gedung A, Lantai 3, Zona Barat mengalami kerusakan retak dan memerlukan perbaikan|Lampu LED di Gedung A, Lantai 3, Zona Barat telah diperbaiki dengan biaya Rp 1830000|Lampu LED|Gedung A|Lantai 3|Zona Barat|Electrical|Sedang|Kualitas material|Retak/pecah|1830000
AC Cassette yang sudah tua mulai aus dan berisik|Telah dilakukan perbaikan pada AC Cassette dengan biaya total Rp 193000 untuk mengatasi masalah aus dan abrasi|AC Cassette|Gedung B|7|Barat|Mechanical|Ringan|Usia pakai|Aus/abrasi|193000
AC Cassette saya mengalami abrasi ringan sehingga suaranya tidak nyaman|Telah dilakukan perbaikan pada AC Cassette dengan biaya total Rp 193000 untuk mengatasi masalah aus dan abrasi|AC Cassette|Gedung B|7|Barat|Mechanical|Ringan|Usia pakai|Aus/abrasi|193000
AC Cassette di kantor saya mulai aus dan berdebu, perlu diperbaiki|Telah dilakukan perbaikan pada AC Cassette dengan biaya total Rp 193000 untuk mengatasi masalah aus dan abrasi|AC Cassette|Gedung B|7|Barat|Mechanical|Ringan|Usia pakai|Aus/abrasi|193000
Jet Shower| Jet Shower di Gedung Utama, Lantai 8, Zona Timur mengalami sensor error karena faktor lingkungan, sehingga mengeluarkan air yang tidak stabil|Jet Shower|Gedung Utama|8|Timur|Plumbing|Sedang|Faktor lingkungan|Sensor error|1483000
Jet Shower| Jet Shower di Gedung Utama, Lantai 8, Zona Timur mengalami kesalahan sensor yang disebabkan oleh faktor lingkungan, sehingga perlu diperbaiki dengan biaya Rp 1483000|Jet Shower|Gedung Utama|8|Timur|Plumbing|Sedang|Faktor lingkungan|Sensor error|1483000
Jet Shower| Jet Shower di Gedung Utama, Lantai 8, Zona Timur mengeluarkan air yang tidak stabil karena sensor error yang disebabkan oleh faktor lingkungan, teknisi telah memperbaiki dengan biaya Rp 1483000|Jet Shower|Gedung Utama|8|Timur|Plumbing|Sedang|Faktor lingkungan|Sensor error|1483000
Exhaust Fan|Teknisi telah memperbaiki Exhaust Fan yang rusak total dengan biaya perbaikan sebesar Rp 2069000|Exhaust Fan|Gedung C|Lantai 2|Zona Selatan|Ventilasi Sistem|Berat|Aus normal|Tidak berfungsi total|2069000
Exhaust Fan|Teknisi telah melakukan perbaikan Exhaust Fan yang mengalami kerusakan total akibat aus normal dengan biaya perbaikan sebesar Rp 2069000|Exhaust Fan|Gedung C|Lantai 2|Zona Selatan|Ventilasi Sistem|Berat|Aus normal|Tidak berfungsi total|2069000
Exhaust Fan|Setelah melakukan inspeksi, teknisi menemukan bahwa Exhaust Fan rusak total akibat aus normal dan telah diperbaiki dengan biaya perbaikan sebesar Rp 2069000|Exhaust Fan|Gedung C|Lantai 2|Zona Selatan|Ventilasi Sistem|Berat|Aus normal|Tidak berfungsi total|2069000
Lampu LED di depan meja kerja saya rusak karena korosi, sehingga tampilannya tidak lengkap dan mengganggu|Telah dilakukan perbaikan pada lampu LED yang mengalami kerusakan tampilan akibat korosi, dengan total biaya perbaikan sebesar Rp 1882000|Lampu LED|Gedung B|Lantai 7|Zona Utara|Electrical|Sedang|Korosi|Tampilan rusak|1882000
Lampu LED di ruangan saya tidak menyala dengan baik karena korosi, sehingga tampilannya tidak jelas|Telah dilakukan perbaikan pada lampu LED yang mengalami kerusakan tampilan akibat korosi, dengan total biaya perbaikan sebesar Rp 1882000|Lampu LED|Gedung B|Lantai 7|Zona Utara|Electrical|Sedang|Korosi|Tampilan rusak|1882000
Lampu LED di koridor mengalami kerusakan tampilan karena korosi, sehingga perlu diperbaiki|Telah dilakukan perbaikan pada lampu LED yang mengalami kerusakan tampilan akibat korosi, dengan total biaya perbaikan sebesar Rp 1882000|Lampu LED|Gedung B|Lantai 7|Zona Utara|Electrical|Sedang|Korosi|Tampilan rusak|1882000
Dinding Granit|Teknisi telah memperbaiki masalah performa menurun pada dinding granit dengan total biaya perbaikan Rp 480000|Dinding Granit|Gedung A|12|Tengah|Civil|Ringan|Faktor lingkungan|Performa menurun|480000
Dinding Granit|Teknisi telah melakukan perbaikan pada dinding granit yang mengalami penurunan performa akibat faktor lingkungan, dengan total biaya perbaikan Rp 480000|Dinding Granit|Gedung A|12|Tengah|Civil|Ringan|Faktor lingkungan|Performa menurun|480000
Dinding Granit|Setelah melakukan inspeksi, teknisi menemukan bahwa dinding granit mengalami penurunan performa karena faktor lingkungan, dan telah memperbaiki masalah tersebut dengan total biaya perbaikan Rp 480000|Dinding Granit|Gedung A|12|Tengah|Civil|Ringan|Faktor lingkungan|Performa menurun|480000
Koneksi pipa air bersih terputus karena overload|Teknisi telah memperbaiki koneksi pipa air bersih yang terputus karena overload dengan total biaya perbaikan Rp 18424000|Pemipaan Air Bersih|Gedung C|Lantai 6|Zona Tengah|Plumbing|Fatal|Overload|Koneksi terputus|18424000
Koneksi air bersih putus total karena beban berlebih|Teknisi telah memperbaiki kerusakan koneksi air bersih yang disebabkan oleh overload dengan total biaya perbaikan Rp 18424000|Pemipaan Air Bersih|Gedung C|Lantai 6|Zona Tengah|Plumbing|Fatal|Overload|Koneksi terputus|18424000
Pipa air bersih jebol karena overload, air tidak mengalir|Teknisi telah memperbaiki pipa air bersih yang jebol karena overload dengan total biaya perbaikan Rp 18424000|Pemipaan Air Bersih|Gedung C|Lantai 6|Zona Tengah|Plumbing|Fatal|Overload|Koneksi terputus|18424000
Monitor/Layar bermasalah, suaranya tidak normal dan terdengar berisik karena debu|Teknisi telah memperbaiki monitor/layar dengan biaya total Rp 43682000|Monitor/Layar|Gedung Utama|Lantai 11|Zona Utara|Sistem Telekomunikasi Gedung|Fatal|Debu/kotoran|Bunyi abnormal|43682000
Monitor/Layar mengeluarkan suara aneh dan bergetar, kemungkinan karena kotoran|Teknisi telah melakukan perbaikan pada monitor/layar dengan total biaya perbaikan sebesar Rp 43682000|Monitor/Layar|Gedung Utama|Lantai 11|Zona Utara|Sistem Telekomunikasi Gedung|Fatal|Debu/kotoran|Bunyi abnormal|43682000
Suaranya tidak normal dan terdengar berisik, monitor/layar rusak parah karena debu dan kotoran|Teknisi telah memperbaiki monitor/layar dengan total biaya perbaikan sebesar Rp 43682000 dan telah menyelesaikan masalah tersebut|Monitor/Layar|Gedung Utama|Lantai 11|Zona Utara|Sistem Telekomunikasi Gedung|Fatal|Debu/kotoran|Bunyi abnormal|43682000
Lemari di gedung D lantai 7 zona selatan tidak berfungsi karena sensor error yang disebabkan oleh debu/kotoran, ini sangat mengganggu dan berbahaya|Teknisi telah memperbaiki sensor error pada lemari di gedung D lantai 7 zona selatan dengan total biaya perbaikan Rp 2569000|Lemari/Loker|Gedung D|7|Zona Selatan|Arsitektur|Berat|Debu/kotoran|Sensor error|2569000
Lemari di lantai 7 gedung D zona selatan mengalami kerusakan parah karena debu/kotoran yang menyebabkan sensor error, perlu perbaikan segera|Teknisi telah melakukan perbaikan pada lemari di lantai 7 gedung D zona selatan dengan biaya Rp 2569000 untuk mengatasi sensor error yang disebabkan oleh debu/kotoran|Lemari/Loker|Gedung D|7|Zona Selatan|Arsitektur|Berat|Debu/kotoran|Sensor error|2569000
Lemari di zona selatan gedung D lantai 7 rusak berat karena sensor error yang disebabkan oleh debu/kotoran, ini sangat berbahaya dan memerlukan perbaikan darurat|Teknisi telah melakukan perbaikan pada lemari di zona selatan gedung D lantai 7 dengan total biaya Rp 2569000 untuk mengatasi sensor error yang disebabkan oleh debu/kotoran|Lemari/Loker|Gedung D|7|Zona Selatan|Arsitektur|Berat|Debu/kotoran|Sensor error|2569000
Pintu Kaca Hidrolik macet kadang-kadang karena suhu tidak stabil|Teknisi telah memperbaiki pintu kaca hidrolik yang mengalami suhu tidak stabil dengan biaya perbaikan Rp 354000|Pintu Kaca Hidrolik|Gedung Utama|20|Selatan|Arsitektur|Sedang|Kurang perawatan|Suhu tidak stabil|354000
Pintu Kaca Hidrolik agak berisik dan suhu tidak stabil|Teknisi telah memperbaiki pintu kaca hidrolik yang mengalami suhu tidak stabil dengan biaya perbaikan Rp 354000|Pintu Kaca Hidrolik|Gedung Utama|20|Selatan|Arsitektur|Sedang|Kurang perawatan|Suhu tidak stabil|354000
Pintu Kaca Hidrolik kotor dan suhu tidak stabil sehingga kurang nyaman digunakan|Teknisi telah memperbaiki pintu kaca hidrolik yang mengalami suhu tidak stabil dengan biaya perbaikan Rp 354000|Pintu Kaca Hidrolik|Gedung Utama|20|Selatan|Arsitektur|Sedang|Kurang perawatan|Suhu tidak stabil|354000
Genset Diesel|Genset Diesel Deutz di Gedung D, Lantai 5, Zona Barat telah diperbaiki dengan total biaya perbaikan Rp 2996000 karena aus/abrasi parah akibat usia pakai|Genset Diesel|Gedung D|Lantai 5|Zona Barat|Mechanical|Berat|Usia pakai|Aus/abrasi|Rp 2996000
Genset Diesel|Genset Diesel Deutz di Gedung D, Lantai 5, Zona Barat telah diperbaiki dengan total biaya perbaikan Rp 2996000 karena mengalami kerusakan aus yang cukup parah akibat usia pakai yang sudah lama|Genset Diesel|Gedung D|Lantai 5|Zona Barat|Mechanical|Berat|Usia pakai|Aus/abrasi|Rp 2996000
Genset Diesel|Genset Diesel Deutz di Gedung D, Lantai 5, Zona Barat telah diperbaiki dengan total biaya perbaikan Rp 2996000 karena abrasi yang cukup serius akibat usia pakai yang sudah tidak layak lagi|Genset Diesel|Gedung D|Lantai 5|Zona Barat|Mechanical|Berat|Usia pakai|Aus/abrasi|Rp 2996000
Remote kitchen sink tidak berfungsi karena aus normal, mengganggu rutinitas|Teknisi telah memperbaiki remote kitchen sink dengan biaya perbaikan sebesar Rp 460000|Kitchen sink|Gedung Servis|Lantai 2|Zona Barat|Plumbing|Ringan|Aus normal|Remote tidak berfungsi|460000
Remote kitchen sink sering mati, kemungkinan karena aus normal, agak berisik|Teknisi telah memperbaiki remote kitchen sink dengan biaya perbaikan sebesar Rp 460000|Kitchen sink|Gedung Servis|Lantai 2|Zona Barat|Plumbing|Ringan|Aus normal|Remote tidak berfungsi|460000
Kitchen sink remote tidak berfungsi, mungkin karena aus normal, mengganggu kegiatan|Teknisi telah memperbaiki remote kitchen sink dengan biaya perbaikan sebesar Rp 460000|Kitchen sink|Gedung Servis|Lantai 2|Zona Barat|Plumbing|Ringan|Aus normal|Remote tidak berfungsi|460000
Pintu Besi di Gedung C, Lantai 2, Zona Timur tiba-tiba mati mendadak karena human error|Teknisi telah memperbaiki pintu besi yang mati mendadak di Gedung C, Lantai 2, Zona Timur dengan total biaya perbaikan Rp 389000|Pintu Besi|Gedung C|Lantai 2|Zona Timur|Arsitektur|Ringan|Human error|Mati mendadak|389000
Pintu besi di Gedung C, Lantai 2, Zona Timur mengalami mati mendadak karena kesalahan manusia|Teknisi telah memperbaiki pintu besi yang mengalami mati mendadak di Gedung C, Lantai 2, Zona Timur dengan total biaya perbaikan Rp 389000|Pintu Besi|Gedung C|Lantai 2|Zona Timur|Arsitektur|Ringan|Human error|Mati mendadak|389000
Pintu besi di Gedung C, Lantai 2, Zona Timur tidak berfungsi karena mati mendadak akibat human error|Teknisi telah memperbaiki pintu besi yang tidak berfungsi di Gedung C, Lantai 2, Zona Timur dengan total biaya perbaikan Rp 389000|Pintu Besi|Gedung C|Lantai 2|Zona Timur|Arsitektur|Ringan|Human error|Mati mendadak|389000
Lampu LED di Gedung B, Lantai 10, Zona Utara tiba-tiba bergetar sangat kencang dan mengeluarkan suara berisik karena faktor lingkungan yang tidak mendukung|Teknisi telah memperbaiki masalah getaran berlebihan pada Lampu LED di Gedung B, Lantai 10, Zona Utara dengan total biaya perbaikan Rp 3729000|Lampu LED|Gedung B|Lantai 10|Zona Utara|Electrical|Berat|Faktor lingkungan|Getaran berlebihan|3729000
Lampu LED di Gedung B, Lantai 10, Zona Utara mengalami getaran yang sangat parah sehingga menyebabkan kerusakan pada komponen internal karena faktor lingkungan yang ekstrem|Teknisi telah memperbaiki masalah getaran berlebihan pada Lampu LED di Gedung B, Lantai 10, Zona Utara dengan total biaya perbaikan Rp 3729000|Lampu LED|Gedung B|Lantai 10|Zona Utara|Electrical|Berat|Faktor lingkungan|Getaran berlebihan|3729000
Lampu LED di Gedung B, Lantai 10, Zona Utara bergetar sangat kencang dan mengeluarkan suara yang tidak normal karena faktor lingkungan yang tidak stabil, sehingga memerlukan perbaikan segera|Teknisi telah memperbaiki masalah getaran berlebihan pada Lampu LED di Gedung B, Lantai 10, Zona Utara dengan total biaya perbaikan Rp 3729000|Lampu LED|Gedung B|Lantai 10|Zona Utara|Electrical|Berat|Faktor lingkungan|Getaran berlebihan|3729000
Lampu LED Downlight di Gedung Parkir, Lantai 5, Zona Selatan, mati total karena kualitas material yang buruk|Telah dilakukan perbaikan terhadap Lampu LED Downlight yang mengalami kerusakan total dengan biaya perbaikan sebesar Rp 6573000|Lampu LED Downlight|Gedung Parkir|Lantai 5|Zona Selatan|Electrical|Berat|Kualitas material|Tidak berfungsi total|6573000
Lampu LED Downlight di Gedung Parkir, Lantai 5, Zona Selatan, rusak parah dan tidak bisa dinyalakan karena kualitas material yang rendah|Telah dilakukan perbaikan terhadap Lampu LED Downlight yang mengalami kerusakan parah dengan biaya perbaikan sebesar Rp 6573000|Lampu LED Downlight|Gedung Parkir|Lantai 5|Zona Selatan|Electrical|Berat|Kualitas material|Tidak berfungsi total|6573000
Lampu LED Downlight di Gedung Parkir, Lantai 5, Zona Selatan, mengalami kerusakan total dan tidak bisa digunakan karena kualitas material yang tidak memadai|Telah dilakukan perbaikan terhadap Lampu LED Downlight yang mengalami kerusakan total dengan biaya perbaikan sebesar Rp 6573000|Lampu LED Downlight|Gedung Parkir|Lantai 5|Zona Selatan|Electrical|Berat|Kualitas material|Tidak berfungsi total|6573000
DVR CCTV di Gedung E lantai 5 zona selatan mengalami kerusakan berkarat parah karena kurang perawatan sehingga tidak bisa digunakan|Teknisi telah memperbaiki DVR CCTV yang mengalami kerusakan berkarat parah karena kurang perawatan dengan total biaya perbaikan Rp 13766000|DVR CCTV|Gedung E|5|Zona Selatan|Security Sistem|Fatal|Kurang perawatan|Berkarat/korosi|13766000
DVR CCTV di zona selatan lantai 5 Gedung E rusak total karena korosi dan kurang perawatan sehingga menyebabkan kepanikan|Teknisi telah memperbaiki DVR CCTV yang mengalami kerusakan berkarat parah karena kurang perawatan dengan total biaya perbaikan Rp 13766000|DVR CCTV|Gedung E|5|Zona Selatan|Security Sistem|Fatal|Kurang perawatan|Berkarat/korosi|13766000
Kerusakan korosi pada DVR CCTV di Gedung E lantai 5 zona selatan sangat parah sehingga memerlukan perbaikan segera karena kurang perawatan|Teknisi telah memperbaiki DVR CCTV yang mengalami kerusakan berkarat parah karena kurang perawatan dengan total biaya perbaikan Rp 13766000|DVR CCTV|Gedung E|5|Zona Selatan|Security Sistem|Fatal|Kurang perawatan|Berkarat/korosi|13766000
Mikrofon saya agak lemah saat dipakai|Teknisi telah memperbaiki masalah aliran lemah pada mikrofon dengan total biaya perbaikan Rp 504000|Mikrofon|Gedung Utama|16|Utara|Sistem Telekomunikasi Gedung|Sedang|Debu/kotoran|Aliran lemah|504000
Mikrofon di ruangan saya terdengar tidak jelas karena kotor|Teknisi telah memperbaiki masalah aliran lemah pada mikrofon dengan total biaya perbaikan Rp 504000|Mikrofon|Gedung Utama|16|Utara|Sistem Telekomunikasi Gedung|Sedang|Debu/kotoran|Aliran lemah|504000
Mikrofon di gedung kami mengalami gangguan aliran suara lemah karena debu|Teknisi telah memperbaiki masalah aliran lemah pada mikrofon dengan total biaya perbaikan Rp 504000|Mikrofon|Gedung Utama|16|Utara|Sistem Telekomunikasi Gedung|Sedang|Debu/kotoran|Aliran lemah|504000
Switch Hub|Laporan perbaikan: Overheat pada Switch Hub di Gedung A Lantai 2 Zona Barat telah diperbaiki dengan menghilangkan debu/kotoran, total biaya perbaikan Rp 150000|Switch Hub|Gedung A|Lantai 2|Zona Barat|Sistem Telekomunikasi Gedung|Ringan|Debu/kotoran|Overheat|150000
Switch Hub|Laporan perbaikan: Overheat pada Switch Hub di Gedung A Lantai 2 Zona Barat telah diperbaiki dengan membersihkan debu/kotoran, total biaya perbaikan Rp 150000|Switch Hub|Gedung A|Lantai 2|Zona Barat|Sistem Telekomunikasi Gedung|Ringan|Debu/kotoran|Overheat|150000
Switch Hub|Laporan perbaikan: Overheat pada Switch Hub di Gedung A Lantai 2 Zona Barat telah diperbaiki dengan mengganti komponen yang terkena debu/kotoran, total biaya perbaikan Rp 150000|Switch Hub|Gedung A|Lantai 2|Zona Barat|Sistem Telekomunikasi Gedung|Ringan|Debu/kotoran|Overheat|150000
Lampu Downlight di Gedung C, Lantai 5, Zona Tengah macet total karena overload, membuat seluruh ruangan gelap dan berbahaya|Telah dilakukan perbaikan pada Lampu Downlight di Gedung C, Lantai 5, Zona Tengah dengan biaya total Rp 46941000 karena kerusakan fatal akibat overload dan macet|Lampu Downlight|Gedung C|Lantai 5|Zona Tengah|Electrical|Fatal|Overload|Macet/tersumbat|46941000
Lampu Downlight di Gedung C, Lantai 5, Zona Tengah mengalami kerusakan parah karena overload, sehingga mengganggu operasional|Telah dilakukan perbaikan pada Lampu Downlight di Gedung C, Lantai 5, Zona Tengah dengan biaya total Rp 46941000 karena kerusakan fatal akibat overload dan macet|Lampu Downlight|Gedung C|Lantai 5|Zona Tengah|Electrical|Fatal|Overload|Macet/tersumbat|46941000
Lampu Downlight di Gedung C, Lantai 5, Zona Tengah jebol dan macet karena overload, membuat situasi darurat dan memerlukan perbaikan segera|Telah dilakukan perbaikan pada Lampu Downlight di Gedung C, Lantai 5, Zona Tengah dengan biaya total Rp 46941000 karena kerusakan fatal akibat overload dan macet|Lampu Downlight|Gedung C|Lantai 5|Zona Tengah|Electrical|Fatal|Overload|Macet/tersumbat|46941000
Lampu Wall sign di Gedung B, Lantai 4, Zona Selatan, mengalami kerusakan berat karena berkarat/korosi akibat human error|Teknisi telah memperbaiki masalah kerusakan berkarat/korosi pada Lampu Wall sign di Gedung B, Lantai 4, Zona Selatan, dengan total biaya perbaikan Rp 8949000|Lampu Wall sign|Gedung B|Lantai 4|Zona Selatan|Electrical|Berat|Human error|Berkarat/korosi|8949000
Lampu Wall sign di Gedung B, Lantai 4, Zona Selatan, rusak parah karena korosi berlebihan akibat kesalahan manusia|Teknisi telah memperbaiki kerusakan korosi pada Lampu Wall sign di Gedung B, Lantai 4, Zona Selatan, dengan biaya perbaikan total Rp 8949000|Lampu Wall sign|Gedung B|Lantai 4|Zona Selatan|Electrical|Berat|Human error|Berkarat/korosi|8949000
Lampu Wall sign di Gedung B, Lantai 4, Zona Selatan, mengalami kegagalan total karena berkarat/korosi yang disebabkan oleh human error|Teknisi telah memperbaiki masalah kegagalan total pada Lampu Wall sign di Gedung B, Lantai 4, Zona Selatan, dengan total biaya perbaikan Rp 8949000|Lampu Wall sign|Gedung B|Lantai 4|Zona Selatan|Electrical|Berat|Human error|Berkarat/korosi|8949000
Tampilan APAB Dry Powder rusak karena aus normal, mengganggu rutinitas harian|Teknisi telah memperbaiki masalah tampilan rusak pada APAB Dry Powder dengan total biaya perbaikan Rp 1924000|APAB Dry Powder|Gedung B|Lantai 3|Zona Utara|Sistem Pemadam Kebakaran|Sedang|Aus normal|Tampilan rusak|1924000
APAB Dry Powder di Gedung B, Lantai 3, Zona Utara mengalami tampilan rusak karena aus normal, membuatnya kurang efektif|Teknisi telah memperbaiki masalah tampilan rusak pada APAB Dry Powder dengan total biaya perbaikan Rp 1924000|APAB Dry Powder|Gedung B|Lantai 3|Zona Utara|Sistem Pemadam Kebakaran|Sedang|Aus normal|Tampilan rusak|1924000
Tampilan APAB Dry Powder di Lantai 3, Zona Utara, Gedung B rusak karena aus normal, perlu diperbaiki agar tidak mengganggu kegiatan|Teknisi telah memperbaiki masalah tampilan rusak pada APAB Dry Powder dengan total biaya perbaikan Rp 1924000|APAB Dry Powder|Gedung B|Lantai 3|Zona Utara|Sistem Pemadam Kebakaran|Sedang|Aus normal|Tampilan rusak|1924000
Plafon|Teknisi telah memperbaiki getaran berlebihan pada plafon dengan biaya perbaikan sebesar Rp 249000|Plafon|Gedung A|6|Zona Selatan|Arsitektur|Ringan|Tegangan tidak stabil|Getaran berlebihan|249000
Plafon|Teknisi telah mengatasi masalah getaran berlebihan pada plafon dengan biaya perbaikan sebesar Rp 249000|Plafon|Gedung A|6|Zona Selatan|Arsitektur|Ringan|Tegangan tidak stabil|Getaran berlebihan|249000
Plafon|Teknisi telah memperbaiki plafon yang mengalami getaran berlebihan karena tegangan tidak stabil dengan biaya perbaikan sebesar Rp 249000|Plafon|Gedung A|6|Zona Selatan|Arsitektur|Ringan|Tegangan tidak stabil|Getaran berlebihan|249000
APAB Dry Powder|Teknisi telah memperbaiki kerusakan aus pada sistem pemadam kebakaran APAB Dry Powder dengan total biaya perbaikan Rp 2335000|APAB Dry Powder|Gedung C|8|Timur|Sistem Pemadam Kebakaran|Berat|Aus normal|Aus/abrasi|2335000
APAB Dry Powder|Setelah melakukan inspeksi, teknisi menemukan kerusakan aus pada komponen APAB Dry Powder dan melakukan perbaikan dengan biaya total Rp 2335000|APAB Dry Powder|Gedung C|8|Timur|Sistem Pemadam Kebakaran|Berat|Aus normal|Aus/abrasi|2335000
APAB Dry Powder|Kerusakan aus pada APAB Dry Powder telah diperbaiki oleh teknisi dengan biaya total perbaikan sebesar Rp 2335000, memastikan sistem pemadam kebakaran kembali berfungsi dengan baik|APAB Dry Powder|Gedung C|8|Timur|Sistem Pemadam Kebakaran|Berat|Aus normal|Aus/abrasi|2335000
Tampilan LAN di Gedung A Lantai 3 Zona Selatan sedikit rusak dan suka aus sendiri|Telah dilakukan perbaikan terhadap kerusakan tampilan LAN di Gedung A Lantai 3 Zona Selatan dengan total biaya perbaikan Rp 574000|LAN|Gedung A|Lantai 3|Zona Selatan|Sistem Telekomunikasi Gedung|Sedang|Aus normal|Tampilan rusak|574000
Tampilan LAN di Gedung A Lantai 3 Zona Selatan mengalami kerusakan dan sering aus|Telah dilakukan perbaikan terhadap kerusakan tampilan LAN di Gedung A Lantai 3 Zona Selatan dengan total biaya perbaikan Rp 574000|LAN|Gedung A|Lantai 3|Zona Selatan|Sistem Telekomunikasi Gedung|Sedang|Aus normal|Tampilan rusak|574000
Tampilan LAN di Gedung A Lantai 3 Zona Selatan rusak dan aus normal sehingga mengganggu rutinitas|Telah dilakukan perbaikan terhadap kerusakan tampilan LAN di Gedung A Lantai 3 Zona Selatan dengan total biaya perbaikan Rp 574000|LAN|Gedung A|Lantai 3|Zona Selatan|Sistem Telekomunikasi Gedung|Sedang|Aus normal|Tampilan rusak|574000
Lampu LED Downlight di Gedung C, Lantai 5, zona Timur bocor sedikit|Teknisi telah memperbaiki kebocoran pada Lampu LED Downlight dengan total biaya perbaikan Rp 394000|Lampu LED Downlight|Gedung C|Lantai 5|Zona Timur|Electrical|Ringan|Aus normal|Kebocoran|394000
Lampu LED Downlight di Gedung C, Lantai 5, zona Timur mengalami kebocoran kecil|Teknisi telah memperbaiki kebocoran pada Lampu LED Downlight dengan total biaya perbaikan Rp 394000|Lampu LED Downlight|Gedung C|Lantai 5|Zona Timur|Electrical|Ringan|Aus normal|Kebocoran|394000
Lampu LED Downlight di Gedung C, Lantai 5, zona Timur ada kebocoran air karena aus|Teknisi telah memperbaiki kebocoran pada Lampu LED Downlight dengan total biaya perbaikan Rp 394000|Lampu LED Downlight|Gedung C|Lantai 5|Zona Timur|Electrical|Ringan|Aus normal|Kebocoran|394000
Meja kerja|Laporan teknisi: Meja kerja telah diperbaiki dengan total biaya perbaikan Rp 279000 karena bunyi abnormal yang disebabkan oleh aus normal|Meja kerja|Gedung B|Lantai 9|Zona Timur|Arsitektur|Ringan|Aus normal|Bunyi abnormal|279000
Meja kerja|Laporan teknisi: Meja kerja telah diperbaiki dengan total biaya perbaikan Rp 279000 karena suara kasar yang disebabkan oleh aus normal|Meja kerja|Gedung B|Lantai 9|Zona Timur|Arsitektur|Ringan|Aus normal|Bunyi abnormal|279000
Meja kerja|Laporan teknisi: Meja kerja telah diperbaiki dengan total biaya perbaikan Rp 279000 karena bunyi berisik yang disebabkan oleh aus normal|Meja kerja|Gedung B|Lantai 9|Zona Timur|Arsitektur|Ringan|Aus normal|Bunyi abnormal|279000
Lampu LED Strip mati karena aus normal, mengganggu penerangan|Teknisi telah memperbaiki lampu LED Strip yang mati karena aus normal dengan total biaya perbaikan Rp 840000|Lampu LED Strip|Gedung Utama|Lantai 4|Zona Timur|Electrical|Sedang|Aus normal|Lampu mati|840000
Lampu strip di koridor aus, sehingga tidak menyala|Teknisi telah memperbaiki lampu strip yang aus dengan total biaya perbaikan Rp 840000|Lampu LED Strip|Gedung Utama|Lantai 4|Zona Timur|Electrical|Sedang|Aus normal|Lampu mati|840000
Lampu LED Strip di ruangan tidak menyala karena aus, mengganggu aktivitas|Teknisi telah memperbaiki lampu LED Strip yang tidak menyala karena aus dengan total biaya perbaikan Rp 840000|Lampu LED Strip|Gedung Utama|Lantai 4|Zona Timur|Electrical|Sedang|Aus normal|Lampu mati|840000
Lampu Downlight di Gedung D, Lantai 1, Zona Selatan netes sedikit karena berkarat|Teknisi telah memperbaiki masalah berkarat pada Lampu Downlight di Gedung D, Lantai 1, Zona Selatan dengan total biaya perbaikan Rp 322000|Lampu Downlight|Gedung D|Lantai 1|Zona Selatan|Electrical|Ringan|Aus normal|Berkarat/korosi|322000
Lampu Downlight di Gedung D, Lantai 1, Zona Selatan agak berisik karena aus normal dan berkarat|Teknisi telah memperbaiki masalah aus normal dan berkarat pada Lampu Downlight di Gedung D, Lantai 1, Zona Selatan dengan total biaya perbaikan Rp 322000|Lampu Downlight|Gedung D|Lantai 1|Zona Selatan|Electrical|Ringan|Aus normal|Berkarat/korosi|322000
Lampu Downlight di Gedung D, Lantai 1, Zona Selatan kotor dan berkarat sehingga perlu perbaikan|Teknisi telah memperbaiki masalah berkarat dan kotor pada Lampu Downlight di Gedung D, Lantai 1, Zona Selatan dengan total biaya perbaikan Rp 322000|Lampu Downlight|Gedung D|Lantai 1|Zona Selatan|Electrical|Ringan|Aus normal|Berkarat/korosi|322000
Jet Shower|Gedung D|Lantai 12|Zona Tengah|Plumbing|Sedang|Usia pakai|Tekanan tidak stabil|Rp 1829000|Teknisi telah memperbaiki tekanan air yang tidak stabil pada Jet Shower di Gedung D Lantai 12 Zona Tengah dengan total biaya perbaikan Rp 1829000|Jet Shower|Gedung D|Lantai 12|Zona Tengah|Plumbing|Sedang|Usia pakai|Tekanan tidak stabil|Rp 1829000
Jet Shower|Gedung D|Lantai 12|Zona Tengah|Plumbing|Sedang|Usia pakai|Tekanan tidak stabil|Rp 1829000|Teknisi telah memperbaiki Jet Shower yang mengalami tekanan tidak stabil akibat usia pakai dengan total biaya perbaikan Rp 1829000|Jet Shower|Gedung D|Lantai 12|Zona Tengah|Plumbing|Sedang|Usia pakai|Tekanan tidak stabil|Rp 1829000
Jet Shower|Gedung D|Lantai 12|Zona Tengah|Plumbing|Sedang|Usia pakai|Tekanan tidak stabil|Rp 1829000|Teknisi telah memperbaiki masalah tekanan tidak stabil pada Jet Shower di Gedung D Lantai 12 Zona Tengah dengan biaya perbaikan Rp 1829000|Jet Shower|Gedung D|Lantai 12|Zona Tengah|Plumbing|Sedang|Usia pakai|Tekanan tidak stabil|Rp 1829000
Performa alat listrik menurun karena tegangan tidak stabil, agak mengganggu|Teknisi telah memperbaiki masalah performa menurun pada aset SDP dengan biaya total Rp 112000|SDP|Gedung Utama|4|Tengah|Electrical|Ringan|Tegangan tidak stabil|Performa menurun|112000
Alat listrik sering mati karena tegangan tidak stabil, sedikit mengganggu operasional|Teknisi telah memperbaiki masalah performa menurun pada aset SDP dengan biaya total Rp 112000|SDP|Gedung Utama|4|Tengah|Electrical|Ringan|Tegangan tidak stabil|Performa menurun|112000
Tegangan tidak stabil membuat alat listrik beroperasi tidak stabil, mengganggu sedikit|Teknisi telah memperbaiki masalah performa menurun pada aset SDP dengan biaya total Rp 112000|SDP|Gedung Utama|4|Tengah|Electrical|Ringan|Tegangan tidak stabil|Performa menurun|112000
Exhaust Fan|Telah diperbaiki kebocoran yang disebabkan oleh kurang perawatan dengan total biaya perbaikan Rp 47574000|Exhaust Fan|Gedung A|12|Tengah|Ventilasi Sistem|Fatal|Kurang perawatan|Kebocoran|47574000
Exhaust Fan|Kebocoran parah yang disebabkan oleh kelalaian perawatan telah diperbaiki dengan total biaya perbaikan Rp 47574000|Exhaust Fan|Gedung A|12|Tengah|Ventilasi Sistem|Fatal|Kurang perawatan|Kebocoran|47574000
Exhaust Fan|Telah diperbaiki kerusakan kebocoran yang disebabkan oleh kurangnya perawatan rutin dengan total biaya perbaikan Rp 47574000|Exhaust Fan|Gedung A|12|Tengah|Ventilasi Sistem|Fatal|Kurang perawatan|Kebocoran|47574000
Exhaust Fan|Tekanan tidak stabil karena overload, berhasil diperbaiki dengan biaya Rp 265000|Exhaust Fan|Gedung Utama|Lantai 5|Zona Barat|Ventilasi Sistem|Ringan|Overload|Tekanan tidak stabil|265000
Exhaust Fan|Kadang-kadang tekanan tidak stabil, teknisi telah memperbaiki dengan biaya Rp 265000|Exhaust Fan|Gedung Utama|Lantai 5|Zona Barat|Ventilasi Sistem|Ringan|Overload|Tekanan tidak stabil|265000
Exhaust Fan|Agak berisik karena tekanan tidak stabil, telah diperbaiki dengan biaya Rp 265000 oleh teknisi|Exhaust Fan|Gedung Utama|Lantai 5|Zona Barat|Ventilasi Sistem|Ringan|Overload|Tekanan tidak stabil|265000
AC Split|Gedung Utama|Lantai 12|Zona Tengah|Mechanical|Sedang|Usia pakai|Sensor error|1989000|Teknisi telah memperbaiki kerusakan sensor yang disebabkan oleh usia pakai dengan total biaya perbaikan Rp 1989000|AC Split|Gedung Utama|Lantai 12|Zona Tengah|Mechanical|Sedang|Usia pakai|Sensor error|1989000
AC Split|Gedung Utama|Lantai 12|Zona Tengah|Mechanical|Sedang|Usia pakai|Sensor error|1989000|Kerusakan sensor telah diperbaiki oleh teknisi dengan biaya Rp 1989000|AC Split|Gedung Utama|Lantai 12|Zona Tengah|Mechanical|Sedang|Usia pakai|Sensor error|1989000
AC Split|Gedung Utama|Lantai 12|Zona Tengah|Mechanical|Sedang|Usia pakai|Sensor error|1989000|Perbaikan sensor yang rusak akibat usia pakai telah selesai dengan total biaya Rp 1989000|AC Split|Gedung Utama|Lantai 12|Zona Tengah|Mechanical|Sedang|Usia pakai|Sensor error|1989000
Lampu TL di Gedung A lantai 14 zona selatan sedikit aus dan berisik|Teknisi telah memperbaiki masalah aus pada Lampu TL dengan total biaya perbaikan Rp 52000|Lampu TL|Gedung A|14|Zona Selatan|Electrical|Ringan|Usia pakai|Aus/abrasi|52000
Lampu TL di Gedung A lantai 14 zona selatan mengalami abrasi dan aus sehingga kurang terang|Teknisi telah memperbaiki masalah aus pada Lampu TL dengan total biaya perbaikan Rp 52000|Lampu TL|Gedung A|14|Zona Selatan|Electrical|Ringan|Usia pakai|Aus/abrasi|52000
Lampu TL di Gedung A lantai 14 zona selatan agak kotor dan aus sehingga perlu diperbaiki|Teknisi telah memperbaiki masalah aus pada Lampu TL dengan total biaya perbaikan Rp 52000|Lampu TL|Gedung A|14|Zona Selatan|Electrical|Ringan|Usia pakai|Aus/abrasi|52000
AC Cassette tidak mengeluarkan udara yang cukup kuat, sepertinya ada masalah dengan tegangan listriknya|Telah diperbaiki masalah aliran lemah pada AC Cassette dengan memperbaiki tegangan listrik yang tidak stabil, total biaya perbaikan Rp 75000|AC Cassette|Gedung D|7|Zona Selatan|Mechanical|Ringan|Tegangan tidak stabil|Aliran lemah|75000
AC Cassette mengeluarkan udara yang lemah, mungkin karena tegangan listrik yang tidak stabil|Telah diperbaiki masalah aliran lemah pada AC Cassette dengan memperbaiki tegangan listrik yang tidak stabil, total biaya perbaikan Rp 75000|AC Cassette|Gedung D|7|Zona Selatan|Mechanical|Ringan|Tegangan tidak stabil|Aliran lemah|75000
AC Cassette tidak bisa mengeluarkan udara yang kuat, sepertinya ada masalah dengan aliran listriknya yang terkait dengan tegangan tidak stabil|Telah diperbaiki masalah aliran lemah pada AC Cassette dengan memperbaiki tegangan listrik yang tidak stabil, total biaya perbaikan Rp 75000|AC Cassette|Gedung D|7|Zona Selatan|Mechanical|Ringan|Tegangan tidak stabil|Aliran lemah|75000
Korsleting ringan terjadi pada Exhaust Fan di Gedung C|Teknisi telah memperbaiki masalah korsleting pada Exhaust Fan dengan biaya perbaikan Rp 927000|Exhaust Fan|Gedung C|Lantai 5|Zona Tengah|Ventilasi Sistem|Sedang|Human error|Korsleting|927000
Exhaust Fan sering netes dan berisik karena human error|Teknisi telah memperbaiki masalah korsleting pada Exhaust Fan dengan biaya perbaikan Rp 927000|Exhaust Fan|Gedung C|Lantai 5|Zona Tengah|Ventilasi Sistem|Sedang|Human error|Korsleting|927000
Korsleting kecil terjadi pada Exhaust Fan di Gedung C karena kesalahan operasional|Teknisi telah memperbaiki masalah korsleting pada Exhaust Fan dengan biaya perbaikan Rp 927000|Exhaust Fan|Gedung C|Lantai 5|Zona Tengah|Ventilasi Sistem|Sedang|Human error|Korsleting|927000
Kran air di gedung kami bocor dan aliran airnya lemah sehingga mengalami overload|Telah dilakukan perbaikan pada kran air yang mengalami aliran lemah dan overload, dengan total biaya perbaikan sebesar Rp 1885000|Kran Air|Gedung E|Lantai 6|Zona Utara|Plumbing|Sedang|Overload|Aliran lemah|1885000
Aliran air dari kran sangat lemah dan sering overload, mengganggu rutinitas|Telah dilakukan perbaikan pada kran air yang mengalami aliran lemah dan overload, dengan total biaya perbaikan sebesar Rp 1885000|Kran Air|Gedung E|Lantai 6|Zona Utara|Plumbing|Sedang|Overload|Aliran lemah|1885000
Kran air di lantai 6 gedung E mengalami aliran lemah dan sering overload, perlu perbaikan segera|Telah dilakukan perbaikan pada kran air yang mengalami aliran lemah dan overload, dengan total biaya perbaikan sebesar Rp 1885000|Kran Air|Gedung E|Lantai 6|Zona Utara|Plumbing|Sedang|Overload|Aliran lemah|1885000
Plafon Gypsum / GRC|Telah diperbaiki dengan biaya Rp 1032000|Plafon Gypsum / GRC|Gedung Utama|20|Utara|Arsitektur|Sedang|Aus normal|Tampilan rusak|1032000
Plafon GRC|Sudah diperbaiki dengan total biaya Rp 1032000|Plafon GRC|Gedung Utama|20|Utara|Arsitektur|Sedang|Aus normal|Tampilan rusak|1032000
Plafon Gypsum|Sudah diperbaiki dengan biaya sebesar Rp 1032000|Plafon Gypsum|Gedung Utama|20|Utara|Arsitektur|Sedang|Aus normal|Tampilan rusak|1032000
Genset Diesel|Teknisi telah memperbaiki genset diesel yang mengalami korsleting akibat usia pakai dengan total biaya perbaikan Rp 1111000|Genset Diesel|Gedung D|Lantai 7|Zona Selatan|Mechanical|Sedang|Usia pakai|Korsleting|1111000
Genset Diesel|Mengalami korsleting ringan, teknisi telah memperbaiki dengan total biaya perbaikan Rp 1111000|Genset Diesel|Gedung D|Lantai 7|Zona Selatan|Mechanical|Sedang|Usia pakai|Korsleting|1111000
Genset Diesel|Genset diesel mengalami masalah korsleting karena usia pakai, teknisi telah memperbaiki dengan total biaya perbaikan Rp 1111000|Genset Diesel|Gedung D|Lantai 7|Zona Selatan|Mechanical|Sedang|Usia pakai|Korsleting|1111000
Pemipaan Air Kotor| Gedung Utama, Lantai 12, Zona Timur|12|Timur|Plumbing|Sedang|Kurang perawatan|Kebocoran|1073000|Teknisi telah memperbaiki kebocoran pada pemipaan air kotor dengan biaya perbaikan sebesar Rp 1073000
Pemipaan Air Kotor| Gedung Utama, Lantai 12, Zona Timur|12|Timur|Plumbing|Sedang|Kurang perawatan|Kebocoran|1073000|Teknisi telah menyelesaikan perbaikan kebocoran pada pemipaan air kotor dengan total biaya perbaikan Rp 1073000
Pemipaan Air Kotor| Gedung Utama, Lantai 12, Zona Timur|12|Timur|Plumbing|Sedang|Kurang perawatan|Kebocoran|1073000|Teknisi telah memperbaiki kebocoran pada pemipaan air kotor dengan biaya perbaikan sebesar Rp 1073000 dan kini berfungsi dengan baik
Monitor CCTV di Gedung Servis Lantai 3 Zona Timur macet kadang-kadang karena faktor lingkungan|Teknisi telah memperbaiki masalah macet pada Monitor CCTV dengan total biaya perbaikan Rp 567000|Monitor CCTV|Gedung Servis|Lantai 3|Zona Timur|Security Sistem|Sedang|Faktor lingkungan|Macet/tersumbat|567000
Monitor CCTV di Gedung Servis Lantai 3 Zona Timur mengalami gangguan karena kotor dan macet|Teknisi telah memperbaiki masalah macet pada Monitor CCTV dengan total biaya perbaikan Rp 567000|Monitor CCTV|Gedung Servis|Lantai 3|Zona Timur|Security Sistem|Sedang|Faktor lingkungan|Macet/tersumbat|567000
Monitor CCTV di Gedung Servis Lantai 3 Zona Timur macet dan berisik karena faktor lingkungan|Teknisi telah memperbaiki masalah macet pada Monitor CCTV dengan total biaya perbaikan Rp 567000|Monitor CCTV|Gedung Servis|Lantai 3|Zona Timur|Security Sistem|Sedang|Faktor lingkungan|Macet/tersumbat|567000
Pintu akses kontrol macet kadang-kadang|Teknisi telah memperbaiki masalah akses kontrol yang macet dengan biaya perbaikan Rp 105000|Access Control|Gedung Servis|Lantai 1|Zona Timur|Security Sistem|Ringan|Aus normal|Macet/tersumbat|105000
Akses kontrol sedikit tersumbat|Teknisi telah melakukan perbaikan akses kontrol yang tersumbat dan berhasil memperbaiki dengan total biaya Rp 105000|Access Control|Gedung Servis|Lantai 1|Zona Timur|Security Sistem|Ringan|Aus normal|Macet/tersumbat|105000
Kunci akses kontrol sering macet|Teknisi telah memperbaiki kunci akses kontrol yang sering macet dengan mengganti komponen yang aus dan membutuhkan biaya perbaikan sebesar Rp 105000|Access Control|Gedung Servis|Lantai 1|Zona Timur|Security Sistem|Ringan|Aus normal|Macet/tersumbat|105000
AC Split mati total karena koneksi terputus parah akibat human error|Telah diperbaiki koneksi yang terputus parah dengan biaya perbaikan Rp 3303000|AC Split|Gedung C|Lantai 1|Zona Tengah|Mekanikal|Berat|Human error|Koneksi terputus|3303000
AC Split tidak berfungsi karena korslet pada koneksi listrik akibat kesalahan manusia|Kerusakan koneksi listrik telah diperbaiki dengan biaya Rp 3303000|AC Split|Gedung C|Lantai 1|Zona Tengah|Mekanikal|Berat|Human error|Koneksi terputus|3303000
AC Split mengalami kerusakan parah karena koneksi terputus akibat human error yang membuat AC tidak bisa digunakan|Telah dilakukan perbaikan koneksi yang terputus dengan biaya perbaikan sebesar Rp 3303000|AC Split|Gedung C|Lantai 1|Zona Tengah|Mekanikal|Berat|Human error|Koneksi terputus|3303000
Lampu LED di Gedung Utama rusak karena kesalahan manusia|Telah dilakukan perbaikan pada Lampu LED dengan biaya Rp 488000|Lampu LED|Gedung Utama|13|Tengah|Electrical|Sedang|Human error|Tampilan rusak|488000
Lampu LED di lantai 13 Gedung Utama tampilan rusak karena human error|Telah dilakukan perbaikan pada Lampu LED dengan biaya Rp 488000|Lampu LED|Gedung Utama|13|Tengah|Electrical|Sedang|Human error|Tampilan rusak|488000
Lampu LED di zona tengah lantai 13 Gedung Utama mengalami kerusakan tampilan karena kesalahan manusia|Telah dilakukan perbaikan pada Lampu LED dengan biaya Rp 488000|Lampu LED|Gedung Utama|13|Tengah|Electrical|Sedang|Human error|Tampilan rusak|488000
Sensor panel UPS kita bermasalah, kadang error dan mengganggu rutinitas|Teknisi telah melakukan perbaikan pada panel UPS yang mengalami sensor error karena usia pakai, dengan total biaya perbaikan Rp 443000|Panel UPS|Gedung C|Lantai 8|Zona Barat|Electrical|Ringan|Usia pakai|Sensor error|443000
Panel UPS di lantai 8 zona barat mengalami error sensor, agak mengganggu|Teknisi telah memperbaiki panel UPS yang mengalami sensor error karena usia pakai, dengan total biaya perbaikan Rp 443000|Panel UPS|Gedung C|Lantai 8|Zona Barat|Electrical|Ringan|Usia pakai|Sensor error|443000
Kita memiliki masalah dengan panel UPS yang sering mengalami sensor error, mungkin karena usia pakai|Teknisi telah melakukan perbaikan pada panel UPS yang mengalami sensor error karena usia pakai, dengan total biaya perbaikan Rp 443000|Panel UPS|Gedung C|Lantai 8|Zona Barat|Electrical|Ringan|Usia pakai|Sensor error|443000
Koneksi internet sering terputus karena debu di jaringan|Telah dilakukan perbaikan pada jaringan LAN dengan membersihkan debu dan mengganti komponen yang rusak, total biaya perbaikan Rp 452000|LAN|Gedung D|8|Selatan|Sistem Telekomunikasi Gedung|Sedang|Debu/kotoran|Koneksi terputus|452000
Internet di kantor sering macet dan terputus karena kotoran|Telah dilakukan pembersihan dan perawatan pada sistem LAN, biaya perbaikan Rp 452000|LAN|Gedung D|8|Selatan|Sistem Telekomunikasi Gedung|Sedang|Debu/kotoran|Koneksi terputus|452000
Jaringan LAN sering terputus karena debu dan kotoran, mengganggu rutinitas kerja|Telah dilakukan perbaikan dan pembersihan pada jaringan LAN, total biaya perbaikan Rp 452000|LAN|Gedung D|8|Selatan|Sistem Telekomunikasi Gedung|Sedang|Debu/kotoran|Koneksi terputus|452000
Pintu kayu di kantor sudah aus sekali karena usia pakai yang sudah lama, sehingga tidak bisa dibuka dan ditutup dengan baik|Teknisi telah memperbaiki pintu kayu yang aus dan rusak parah dengan total biaya perbaikan Rp 8737000|Pintu Kayu/HPL|Gedung B|Lantai 3|Zona Timur|Arsitektur|Berat|Usia pakai|Aus/abrasi|8737000
Pintu HPL di gedung kantor sudah mengalami abrasi parah sehingga perlu perbaikan segera karena usia pakai yang sudah lama|Teknisi telah memperbaiki pintu HPL yang rusak parah dengan total biaya perbaikan Rp 8737000|Pintu Kayu/HPL|Gedung B|Lantai 3|Zona Timur|Arsitektur|Berat|Usia pakai|Aus/abrasi|8737000
Pintu kayu di lantai 3 gedung B sudah tidak bisa digunakan karena aus dan rusak parah akibat usia pakai yang sudah lama, sehingga perlu perbaikan darurat|Teknisi telah memperbaiki pintu kayu yang rusak parah dengan total biaya perbaikan Rp 8737000|Pintu Kayu/HPL|Gedung B|Lantai 3|Zona Timur|Arsitektur|Berat|Usia pakai|Aus/abrasi|8737000
Lampu di atas kursi sering mati karena kelembaban tinggi|Telah dilakukan perbaikan terhadap lampu di atas kursi dengan mengganti komponen yang rusak, total biaya perbaikan Rp 1240000|Kursi|Gedung Parkir|Lantai 5|Zona Utara|Arsitektur|Sedang|Kelembaban tinggi|Lampu mati|1240000
Lampu di atas kursi tiba-tiba mati saat kelembaban udara tinggi|Perbaikan telah dilakukan dengan mengganti lampu yang rusak dan membersihkan area sekitar, total biaya perbaikan Rp 1240000|Kursi|Gedung Parkir|Lantai 5|Zona Utara|Arsitektur|Sedang|Kelembaban tinggi|Lampu mati|1240000
Kursi di lantai 5 Gedung Parkir mengalami gangguan lampu akibat kelembaban tinggi|Laporan perbaikan: lampu telah diganti dan sistem pendingin diperiksa, total biaya perbaikan Rp 1240000|Kursi|Gedung Parkir|Lantai 5|Zona Utara|Arsitektur|Sedang|Kelembaban tinggi|Lampu mati|1240000
Pompa air tanah bocor karena retak dan overload|Telah dilakukan perbaikan pada pompa air tanah yang mengalami kerusakan karena overload, dengan biaya perbaikan sebesar Rp 390000|Pompa Air Tanah|Gedung Utama|Lantai 3|Zona Timur|Mechanical|Ringan|Overload|Retak/pecah|390000
Pompa air tanah mengalami kebocoran karena retak pada bagian yang terlalu berat|Perbaikan telah selesai dilakukan pada pompa air tanah dengan biaya perbaikan total Rp 390000|Pompa Air Tanah|Gedung Utama|Lantai 3|Zona Timur|Mechanical|Ringan|Overload|Retak/pecah|390000
Pompa air tanah rusak karena overload yang menyebabkan retak pada komponen|Telah dilakukan perbaikan pompa air tanah yang rusak karena overload dengan biaya perbaikan sebesar Rp 390000|Pompa Air Tanah|Gedung Utama|Lantai 3|Zona Timur|Mechanical|Ringan|Overload|Retak/pecah|390000
APAR Dry Powder Stored Pressure|Teknisi telah memperbaiki masalah korsleting pada APAR Dry Powder Stored Pressure dengan total biaya perbaikan Rp 138000|APAR Dry Powder Stored Pressure|Gedung A|Lantai 3|Zona Selatan|Sistem Pemadam Kebakaran|Ringan|Kualitas material|Korsleting|138000
APAR Dry Powder Stored Pressure|Teknisi telah memperbaiki masalah korsleting pada APAR Dry Powder Stored Pressure dengan total biaya perbaikan Rp 138000|APAR Dry Powder Stored Pressure|Gedung A|Lantai 3|Zona Selatan|Sistem Pemadam Kebakaran|Ringan|Kualitas material|Korsleting|138000
APAR Dry Powder Stored Pressure|Teknisi telah memperbaiki masalah korsleting pada APAR Dry Powder Stored Pressure dengan total biaya perbaikan Rp 138000|APAR Dry Powder Stored Pressure|Gedung A|Lantai 3|Zona Selatan|Sistem Pemadam Kebakaran|Ringan|Kualitas material|Korsleting|138000
Remote rolling door di Gedung B tidak berfungsi karena aus, membuat operasional terhambat parah|Teknisi telah memperbaiki remote rolling door dengan biaya perbaikan sebesar Rp 8980000|Rolling Door|Gedung B||Lantai 2|Zona Timur|Arsitektur|Berat|Aus normal|Remote tidak berfungsi|8980000
Rolling door di Lantai 2 Gedung B rusak parah, remote tidak berfungsi sehingga harus diperbaiki segera|Teknisi telah melakukan perbaikan rolling door dengan mengganti remote yang aus, total biaya perbaikan Rp 8980000|Rolling Door|Gedung B|Lantai 2|Zona Timur|Arsitektur|Berat|Aus normal|Remote tidak berfungsi|8980000
Kerusakan remote rolling door di Zona Timur Gedung B sangat berat, aus parah sehingga tidak bisa digunakan|Teknisi telah melakukan perbaikan dan penggantian remote rolling door yang aus, dengan total biaya perbaikan sebesar Rp 8980000|Rolling Door|Gedung B|Lantai 2|Zona Timur|Arsitektur|Berat|Aus normal|Remote tidak berfungsi|8980000
APAR CO2|Teknisi telah memperbaiki masalah APAR CO2 dengan biaya total Rp 113000|APAR CO2|Gedung D|10|Zona Selatan|Sistem Pemadam Kebakaran|Ringan|Tegangan tidak stabil|Bunyi abnormal|113000
APAR CO2|Teknisi telah melakukan perbaikan pada APAR CO2 dengan biaya Rp 113000 untuk mengatasi bunyi abnormal|APAR CO2|Gedung D|10|Zona Selatan|Sistem Pemadam Kebakaran|Ringan|Tegangan tidak stabil|Bunyi abnormal|113000
APAR CO2|Dengan biaya perbaikan sebesar Rp 113000, teknisi berhasil memperbaiki APAR CO2 yang mengalami bunyi abnormal akibat tegangan tidak stabil|APAR CO2|Gedung D|10|Zona Selatan|Sistem Pemadam Kebakaran|Ringan|Tegangan tidak stabil|Bunyi abnormal|113000
Pintu Kaca Hidrolik macet kadang-kadang karena getaran, aliran lemah sehingga mengganggu rutinitas|Teknisi telah memperbaiki pintu kaca hidrolik dengan total biaya perbaikan Rp 339000|Pintu Kaca Hidrolik|Gedung Utama|14|Selatan|Arsitektur|Ringan|Getaran|Aliran lemah|339000
Pintu Kaca Hidrolik berisik dan aliran lemah akibat getaran, perlu diperbaiki segera|Teknisi telah memperbaiki pintu kaca hidrolik dengan total biaya perbaikan Rp 339000|Pintu Kaca Hidrolik|Gedung Utama|14|Selatan|Arsitektur|Ringan|Getaran|Aliran lemah|339000
Pintu Kaca Hidrolik mengalami aliran lemah dan getaran, sehingga perlu diperiksa dan diperbaiki|Teknisi telah memperbaiki pintu kaca hidrolik dengan total biaya perbaikan Rp 339000|Pintu Kaca Hidrolik|Gedung Utama|14|Selatan|Arsitektur|Ringan|Getaran|Aliran lemah|339000
Plafon Gypsum / GRC|Laporan teknisi: telah memperbaiki korsleting plafon gypsum yang disebabkan oleh kelembaban tinggi dengan total biaya perbaikan Rp 2580000|Plafon Gypsum / GRC|Gedung E|Lantai 3|Zona Tengah|Arsitektur|Berat|Kelembaban tinggi|Korsleting|2580000
Plafon GRC|Laporan teknisi: telah memperbaiki kerusakan plafon GRC yang mengalami korsleting akibat kelembaban tinggi dengan total biaya perbaikan Rp 2580000|Plafon Gypsum / GRC|Gedung E|Lantai 3|Zona Tengah|Arsitektur|Berat|Kelembaban tinggi|Korsleting|2580000
Plafon Gypsum|Laporan teknisi: telah memperbaiki plafon gypsum yang mengalami korsleting parah akibat kelembaban tinggi dengan total biaya perbaikan Rp 2580000|Plafon Gypsum / GRC|Gedung E|Lantai 3|Zona Tengah|Arsitektur|Berat|Kelembaban tinggi|Korsleting|2580000
Kursi di Gedung C Lantai 5 Zona Utara mengeluarkan bunyi aneh dan bergetar keras karena korosi parah|Teknisi telah memperbaiki masalah korosi pada Kursi di Gedung C Lantai 5 Zona Utara dengan biaya perbaikan sebesar Rp 5808000|Kursi|Gedung C|Lantai 5|Zona Utara|Arsitektur|Berat|Korosi|Bunyi abnormal|Rp 5808000
Kursi di Gedung C Lantai 5 Zona Utara rusak berat dan mengeluarkan suara yang tidak biasa karena korosi|Teknisi telah memperbaiki masalah korosi pada Kursi di Gedung C Lantai 5 Zona Utara dengan biaya perbaikan sebesar Rp 5808000|Kursi|Gedung C|Lantai 5|Zona Utara|Arsitektur|Berat|Korosi|Bunyi abnormal|Rp 5808000
Kursi di Gedung C Lantai 5 Zona Utara mengalami kerusakan parah dengan bunyi abnormal yang disebabkan oleh korosi|Teknisi telah memperbaiki masalah korosi pada Kursi di Gedung C Lantai 5 Zona Utara dengan biaya perbaikan sebesar Rp 5808000|Kursi|Gedung C|Lantai 5|Zona Utara|Arsitektur|Berat|Korosi|Bunyi abnormal|Rp 5808000
Lampu pylon sign di gedung E lantai 5 zona tengah mengeluarkan bunyi aneh karena aus normal|Telah dilakukan perbaikan pada lampu pylon sign di gedung E lantai 5 zona tengah dengan biaya perbaikan sebesar Rp 1263000|Lampu Pylon Sign|Gedung E|Lantai 5|Zona Tengah|Electrical|Sedang|Aus normal|Bunyi abnormal|1263000
Lampu pylon sign di zona tengah gedung E lantai 5 mengalami kerusakan yang menyebabkan bunyi abnormal karena aus normal|Perbaikan telah dilakukan pada lampu pylon sign di zona tengah gedung E lantai 5 dengan biaya sebesar Rp 1263000|Lampu Pylon Sign|Gedung E|Lantai 5|Zona Tengah|Electrical|Sedang|Aus normal|Bunyi abnormal|1263000
Lampu pylon sign di lantai 5 gedung E zona tengah mengeluarkan suara berisik yang mengganggu karena aus normal|Telah dilakukan perbaikan pada lampu pylon sign di lantai 5 gedung E zona tengah dengan total biaya perbaikan sebesar Rp 1263000|Lampu Pylon Sign|Gedung E|Lantai 5|Zona Tengah|Electrical|Sedang|Aus normal|Bunyi abnormal|1263000
Lampu AC Split di Gedung Servis, Lantai 2, Zona Barat mati total karena kualitas material yang buruk|Teknisi telah memperbaiki masalah lampu AC Split yang mati total dengan total biaya perbaikan Rp 1903000|AC Split|Gedung Servis|Lantai 2|Zona Barat|Mechanical|Sedang|Kualitas material|Lampu mati|1903000
Lampu AC di Lantai 2, Zona Barat, Gedung Servis tidak menyala karena kualitas material yang jelek|Teknisi telah memperbaiki masalah lampu AC yang tidak menyala dengan total biaya perbaikan Rp 1903000|AC Split|Gedung Servis|Lantai 2|Zona Barat|Mechanical|Sedang|Kualitas material|Lampu mati|1903000
Lampu AC Split di Gedung Servis, Lantai 2, Zona Barat mati karena kualitas material yang rendah|Teknisi telah memperbaiki masalah lampu AC Split yang mati dengan total biaya perbaikan Rp 1903000|AC Split|Gedung Servis|Lantai 2|Zona Barat|Mechanical|Sedang|Kualitas material|Lampu mati|1903000
MDB bergetar terus karena kelembaban tinggi, agak mengganggu|Telah diperbaiki MDB dengan biaya Rp 497000 untuk mengatasi getaran berlebihan yang disebabkan oleh kelembaban tinggi|MDB|Gedung C|Lantai 1|Zona Selatan|Electrical|Ringan|Kelembaban tinggi|Getaran berlebihan|497000
MDB mengalami getaran yang tidak biasa, kemungkinan karena kelembaban, kotor sedikit|Telah diperbaiki MDB dengan biaya Rp 497000 untuk mengatasi getaran berlebihan yang disebabkan oleh kelembaban tinggi|MDB|Gedung C|Lantai 1|Zona Selatan|Electrical|Ringan|Kelembaban tinggi|Getaran berlebihan|497000
MDB sedikit bergetar dan berisik, mungkin karena kelembaban yang tinggi, perlu diperiksa|Telah diperbaiki MDB dengan biaya Rp 497000 untuk mengatasi getaran berlebihan yang disebabkan oleh kelembaban tinggi|MDB|Gedung C|Lantai 1|Zona Selatan|Electrical|Ringan|Kelembaban tinggi|Getaran berlebihan|497000
Pintu kaca hidrolik di lantai 8 Gedung D zona timur sering macet dan tidak bisa dibuka dengan mudah, sepertinya karena kurang perawatan|Telah dilakukan perbaikan pada pintu kaca hidrolik di lantai 8 Gedung D zona timur dengan biaya perbaikan sebesar Rp 1358000, masalah performa menurun telah ditangani|Pintu Kaca Hidrolik|Gedung D|Lantai 8|Zona Timur|Arsitektur|Sedang|Kurang perawatan|Performa menurun|1358000
Pintu kaca hidrolik di Gedung D lantai 8 zona timur sering berisik dan tidak stabil, mungkin karena kurang perawatan|Pintu kaca hidrolik di Gedung D lantai 8 zona timur telah diperbaiki dengan biaya Rp 1358000, masalah performa menurun telah diatasi|Pintu Kaca Hidrolik|Gedung D|Lantai 8|Zona Timur|Arsitektur|Sedang|Kurang perawatan|Performa menurun|1358000
Pintu kaca hidrolik di lantai 8 Gedung D zona timur sering netes sedikit dan tidak bisa ditutup dengan rapat, kemungkinan karena kurang perawatan|Perbaikan pintu kaca hidrolik di lantai 8 Gedung D zona timur telah selesai dengan biaya Rp 1358000, masalah performa menurun telah ditangani|Pintu Kaca Hidrolik|Gedung D|Lantai 8|Zona Timur|Arsitektur|Sedang|Kurang perawatan|Performa menurun|1358000
Lampu AC Cassette mati total karena kualitas material yang buruk|Teknisi telah memperbaiki masalah lampu mati pada AC Cassette dengan biaya total Rp 15567000|AC Cassette|Gedung Utama|20|Timur|Mechanical|Fatal|Kualitas material|Lampu mati|15567000
Lampu AC Cassette tidak menyala dan berbahaya karena kualitas material yang jelek|Teknisi telah melakukan perbaikan pada AC Cassette dengan mengganti lampu yang rusak dan memperbaiki komponen lainnya dengan biaya total Rp 15567000|AC Cassette|Gedung Utama|20|Timur|Mechanical|Fatal|Kualitas material|Lampu mati|15567000
AC Cassette tidak berfungsi dengan baik karena lampu mati dan kualitas material yang rendah|Teknisi telah melakukan perbaikan pada AC Cassette dengan memperbaiki masalah lampu mati dan mengganti komponen yang rusak dengan biaya total Rp 15567000|AC Cassette|Gedung Utama|20|Timur|Mechanical|Fatal|Kualitas material|Lampu mati|15567000
Tidak berfungsi total karena kualitas material yang buruk, perlu perbaikan segera|Telah dilakukan perbaikan pada MCFA di Gedung A, Lantai 7, Zona Timur dengan biaya perbaikan Rp 8398000|MCFA|Gedung A|Lantai 7|Zona Timur|Sistem Proteksi Kebakaran Aktif|Berat|Kualitas material|Tidak berfungsi total|8398000
Sistem proteksi kebakaran aktif tidak berfungsi total karena kualitas material yang rendah, bahaya kebakaran meningkat|Telah dilakukan perbaikan pada MCFA di Gedung A, Lantai 7, Zona Timur dengan biaya perbaikan Rp 8398000|MCFA|Gedung A|Lantai 7|Zona Timur|Sistem Proteksi Kebakaran Aktif|Berat|Kualitas material|Tidak berfungsi total|8398000
Perlu perbaikan darurat karena MCFA tidak berfungsi total akibat kualitas material yang buruk, keamanan gedung terancam|Telah dilakukan perbaikan pada MCFA di Gedung A, Lantai 7, Zona Timur dengan biaya perbaikan Rp 8398000|MCFA|Gedung A|Lantai 7|Zona Timur|Sistem Proteksi Kebakaran Aktif|Berat|Kualitas material|Tidak berfungsi total|8398000
Lampu Pylon Sign di Gedung A, Lantai 9, Zona Tengah tiba-tiba mati karena faktor lingkungan|Telah dilakukan perbaikan terhadap Lampu Pylon Sign yang mati mendadak di Gedung A, Lantai 9, Zona Tengah, dengan biaya perbaikan sebesar Rp 1969000|Lampu Pylon Sign|Gedung A|Lantai 9|Zona Tengah|Electrical|Sedang|Faktor lingkungan|Mati mendadak|1969000
Lampu Pylon Sign di Gedung A, Lantai 9, Zona Tengah mengalami gangguan karena faktor lingkungan yang menyebabkan mati mendadak|Telah dilakukan perbaikan terhadap Lampu Pylon Sign yang mengalami gangguan karena faktor lingkungan, dengan biaya perbaikan sebesar Rp 1969000|Lampu Pylon Sign|Gedung A|Lantai 9|Zona Tengah|Electrical|Sedang|Faktor lingkungan|Mati mendadak|1969000
Lampu Pylon Sign di Gedung A, Lantai 9, Zona Tengah tidak menyala karena terkena faktor lingkungan yang menyebabkan mati mendadak|Telah dilakukan perbaikan terhadap Lampu Pylon Sign yang tidak menyala karena faktor lingkungan, dengan biaya perbaikan sebesar Rp 1969000|Lampu Pylon Sign|Gedung A|Lantai 9|Zona Tengah|Electrical|Sedang|Faktor lingkungan|Mati mendadak|1969000
Dinding Tembok/Mansonry|Telah diperbaiki kerusakan korsleting akibat korosi dengan biaya Rp 162000|Dinding Tembok/Mansonry|Gedung D|Lantai 2|Zona Tengah|Civil|Ringan|Korosi|Korsleting|162000
Dinding Tembok/Mansonry|Kerusakan korsleting pada dinding tembok telah diperbaiki dengan biaya Rp 162000|Dinding Tembok/Mansonry|Gedung D|Lantai 2|Zona Tengah|Civil|Ringan|Korosi|Korsleting|162000
Dinding Tembok/Mansonry|Telah diperbaiki masalah korsleting pada dinding tembok akibat korosi dengan total biaya Rp 162000|Dinding Tembok/Mansonry|Gedung D|Lantai 2|Zona Tengah|Civil|Ringan|Korosi|Korsleting|162000
AC Split|Gedung Utama|Lantai 15|Zona Selatan|Mechanical|Sedang|Aus normal|Bunyi abnormal|Rp 891000|Teknisi telah memperbaiki bunyi abnormal pada AC Split dengan biaya perbaikan Rp 891000
AC Split|Gedung Utama|Lantai 15|Zona Selatan|Mechanical|Sedang|Aus normal|Bunyi abnormal|Rp 891000|Teknisi telah melakukan perbaikan pada AC Split yang mengalami aus normal sehingga menyebabkan bunyi abnormal, dengan total biaya perbaikan Rp 891000
AC Split|Gedung Utama|Lantai 15|Zona Selatan|Mechanical|Sedang|Aus normal|Bunyi abnormal|Rp 891000|Perbaikan AC Split yang mengalami bunyi abnormal akibat aus normal telah dilakukan oleh teknisi dengan biaya perbaikan sebesar Rp 891000
Lampu wall sign di gedung servis lantai 2 zona tengah tampilan rusak karena faktor lingkungan|Teknisi telah memperbaiki lampu wall sign dengan biaya total Rp 233000|Lampu Wall sign|Gedung Servis|Lantai 2|Zona Tengah|Electrical|Ringan|Faktor lingkungan|Tampilan rusak|233000
Lampu di dinding gedung servis lantai 2 zona tengah rusak dan tidak menarik karena kerusakan tampilan yang disebabkan oleh faktor lingkungan|Teknisi telah memperbaiki lampu dengan total biaya perbaikan Rp 233000|Lampu Wall sign|Gedung Servis|Lantai 2|Zona Tengah|Electrical|Ringan|Faktor lingkungan|Tampilan rusak|233000
Lampu wall sign di gedung servis lantai 2 zona tengah mengalami kerusakan tampilan yang mengganggu karena faktor lingkungan|Teknisi telah memperbaiki kerusakan lampu wall sign dengan total biaya Rp 233000|Lampu Wall sign|Gedung Servis|Lantai 2|Zona Tengah|Electrical|Ringan|Faktor lingkungan|Tampilan rusak|233000
Control Panel AC korslet karena debu, mengganggu rutinitas|Teknisi telah memperbaiki masalah korslet pada Control Panel AC dengan total biaya perbaikan Rp 522000|Control Panel AC|Gedung B|Lantai 3|Zona Tengah|Electrical|Sedang|Debu/kotoran|Korsleting|522000
Control Panel AC macet kadang-kadang karena kotoran, agak berisik|Teknisi telah memperbaiki masalah korslet pada Control Panel AC dengan total biaya perbaikan Rp 522000|Control Panel AC|Gedung B|Lantai 3|Zona Tengah|Electrical|Sedang|Debu/kotoran|Korsleting|522000
Control Panel AC netes sedikit karena debu, kotor|Teknisi telah memperbaiki masalah korslet pada Control Panel AC dengan total biaya perbaikan Rp 522000|Control Panel AC|Gedung B|Lantai 3|Zona Tengah|Electrical|Sedang|Debu/kotoran|Korsleting|522000
Sistem instalasi kabel di Gedung Utama mengalami suhu tidak stabil karena debu/kotoran, sehingga operasional terganggu parah|Teknisi telah memperbaiki sistem instalasi kabel dengan total biaya perbaikan Rp 2377000|Wiring System|Gedung Utama|Lantai 15|Zona Barat|Electrical|Berat|Debu/kotoran|Suhu tidak stabil|2377000
Suhu tidak stabil pada sistem instalasi kabel di Lantai 15 Gedung Utama menyebabkan korslet dan kebakaran, sangat berbahaya|Teknisi telah memperbaiki sistem instalasi kabel dengan total biaya perbaikan Rp 2377000|Wiring System|Gedung Utama|Lantai 15|Zona Barat|Electrical|Berat|Debu/kotoran|Suhu tidak stabil|2377000
Debu/kotoran pada sistem instalasi kabel di Zona Barat Gedung Utama menyebabkan suhu tidak stabil dan mengancam keamanan operasional, perlu perbaikan segera|Teknisi telah memperbaiki sistem instalasi kabel dengan total biaya perbaikan Rp 2377000|Wiring System|Gedung Utama|Lantai 15|Zona Barat|Electrical|Berat|Debu/kotoran|Suhu tidak stabil|2377000
Pintu kayu bocor parah karena kualitas material yang buruk|Teknisi telah memperbaiki pintu kayu yang bocor dengan total biaya perbaikan sebesar Rp 2705000|Pintu Kayu/HPL|Gedung B|10|Timur|Arsitektur|Berat|Kualitas material|Kebocoran|2705000
Pintu HPL mengalami kebocoran yang cukup parah akibat kualitas material yang tidak memadai|Teknisi telah melakukan perbaikan pada pintu HPL yang bocor dengan biaya perbaikan sebesar Rp 2705000|Pintu Kayu/HPL|Gedung B|10|Timur|Arsitektur|Berat|Kualitas material|Kebocoran|2705000
Pintu kayu/HPL di lantai 10 Gedung B mengalami kebocoran yang sangat berat karena kualitas material yang buruk|Teknisi telah memperbaiki pintu kayu/HPL yang bocor parah dengan total biaya perbaikan sebesar Rp 2705000|Pintu Kayu/HPL|Gedung B|10|Timur|Arsitektur|Berat|Kualitas material|Kebocoran|2705000
Aliran air di dinding partisi GRC sangat lemah karena tegangan listrik tidak stabil|Telah dilakukan perbaikan pada dinding partisi GRC dengan biaya total Rp 2329000 untuk mengatasi masalah aliran lemah akibat tegangan listrik tidak stabil|Dinding Partisi, GRC / Gypsum|Gedung C|8|Barat|Civil|Berat|Tegangan tidak stabil|Aliran lemah|2329000
Tegangan listrik tidak stabil menyebabkan aliran air di dinding partisi sangat lemah|Perbaikan telah dilakukan dengan memperbaiki sistem listrik dan mengganti komponen yang rusak dengan total biaya Rp 2329000|Dinding Partisi, GRC / Gypsum|Gedung C|8|Barat|Civil|Berat|Tegangan tidak stabil|Aliran lemah|2329000
Dinding partisi GRC mengalami aliran air yang sangat lemah akibat tegangan listrik yang tidak stabil, sangat mengganggu|Telah dilakukan perbaikan dengan memperbaiki sistem listrik dan mengganti komponen yang rusak, dengan total biaya perbaikan sebesar Rp 2329000|Dinding Partisi, GRC / Gypsum|Gedung C|8|Barat|Civil|Berat|Tegangan tidak stabil|Aliran lemah|2329000
AC VRV di Gedung B Lantai 2 Zona Timur tiba-tiba mati total karena kelembaban tinggi|Telah dilakukan perbaikan atas kerusakan AC VRV di Gedung B Lantai 2 Zona Timur dengan biaya total Rp 27810000|AC VRV|Gedung B|Lantai 2|Zona Timur|Mechanical|Fatal|Kelembaban tinggi|Mati mendadak|27810000
AC VRV di Gedung B Lantai 2 Zona Timur mengalami kerusakan parah karena kelembaban tinggi sehingga mati total|Telah dilakukan perbaikan atas kerusakan AC VRV di Gedung B Lantai 2 Zona Timur dengan biaya total Rp 27810000|AC VRV|Gedung B|Lantai 2|Zona Timur|Mechanical|Fatal|Kelembaban tinggi|Mati mendadak|27810000
AC VRV di Gedung B Lantai 2 Zona Timur rusak berat dan mati total karena kelembaban tinggi, perlu perbaikan segera|Telah dilakukan perbaikan atas kerusakan AC VRV di Gedung B Lantai 2 Zona Timur dengan biaya total Rp 27810000|AC VRV|Gedung B|Lantai 2|Zona Timur|Mechanical|Fatal|Kelembaban tinggi|Mati mendadak|27810000
Monitor/Layar|Gedung A|Lantai 9|Zona Barat|Sistem Telekomunikasi Gedung|Sedang|Aus normal|Tekanan tidak stabil|1564000|Teknisi telah memperbaiki masalah tekanan tidak stabil dengan biaya Rp 1564000
Monitor/Layar|Gedung A|Lantai 9|Zona Barat|Sistem Telekomunikasi Gedung|Sedang|Aus normal|Tekanan tidak stabil|1564000|Teknisi telah melakukan perbaikan pada monitor dengan biaya Rp 1564000 karena masalah tekanan tidak stabil
Monitor/Layar|Gedung A|Lantai 9|Zona Barat|Sistem Telekomunikasi Gedung|Sedang|Aus normal|Tekanan tidak stabil|1564000|Biaya perbaikan sebesar Rp 1564000 telah digunakan untuk memperbaiki masalah tekanan tidak stabil pada monitor
Dinding Tembok/Mansonry|Gedung Servis, Lantai 2, Zona Barat|2|Barat|Civil|Fatal|Usia pakai|Bunyi abnormal|24284000|Saya mendengar suara aneh dari dinding, sepertinya sudah tidak bisa digunakan lagi karena usia pakai yang sudah lama, sehingga perlu perbaikan segera|Teknisi telah memperbaiki dinding yang rusak dengan total biaya perbaikan Rp 24284000
Dinding Tembok/Mansonry|Gedung Servis, Lantai 2, Zona Barat|2|Barat|Civil|Fatal|Usia pakai|Bunyi abnormal|24284000|Dinding tembok mengeluarkan bunyi aneh yang sangat mengganggu dan berbahaya, perlu segera diperbaiki karena usia pakai yang sudah lama|Teknisi telah memperbaiki dinding yang rusak dengan total biaya perbaikan Rp 24284000
Dinding Tembok/Mansonry|Gedung Servis, Lantai 2, Zona Barat|2|Barat|Civil|Fatal|Usia pakai|Bunyi abnormal|24284000|Saya khawatir dengan suara gemuruh yang terdengar dari dinding, sepertinya sudah tidak stabil lagi karena usia pakai yang sudah lama, sehingga perlu perbaikan segera|Teknisi telah memperbaiki dinding yang rusak dengan total biaya perbaikan Rp 24284000
Lampu speaker di gedung B lantai 7 zona timur sudah tidak menyala, mungkin karena umur pakai yang sudah lama|Telah dilakukan perbaikan speaker dengan biaya total Rp 115000 dan berhasil memperbaiki masalah lampu mati|Speaker|Gedung B|Lantai 7|Zona Timur|Sistem Telekomunikasi Gedung|Ringan|Usia pakai|Lampu mati|115000
Lampu di speaker gedung B lantai 7 zona timur tidak berfungsi, kemungkinan karena sudah tua|Perbaikan speaker telah dilakukan dengan biaya Rp 115000 dan berhasil mengatasi masalah lampu mati|Speaker|Gedung B|Lantai 7|Zona Timur|Sistem Telekomunikasi Gedung|Ringan|Usia pakai|Lampu mati|115000
Speaker di gedung B lantai 7 zona timur mengalami masalah lampu yang tidak menyala, mungkin karena faktor usia|Telah dilakukan perbaikan pada speaker dengan biaya total Rp 115000 dan berhasil memperbaiki masalah lampu|Speaker|Gedung B|Lantai 7|Zona Timur|Sistem Telekomunikasi Gedung|Ringan|Usia pakai|Lampu mati|115000
Tampilan smoke detector rusak karena getaran, suaranya juga berisik|Teknisi telah memperbaiki smoke detector dengan biaya Rp 1965000|Smoke Detector|Gedung A|9|Tengah|Sistem Proteksi Kebakaran Aktif|Sedang|Getaran|Tampilan rusak|1965000
Tampilan smoke detector Hochiki di lantai 9 rusak parah, mengeluarkan suara berisik akibat getaran|Teknisi telah melakukan perbaikan pada smoke detector Hochiki dengan total biaya perbaikan sebesar Rp 1965000|Smoke Detector|Gedung A|9|Tengah|Sistem Proteksi Kebakaran Aktif|Sedang|Getaran|Tampilan rusak|1965000
Smoke detector di zona tengah lantai 9 Gedung A mengalami kerusakan pada tampilan akibat getaran, sehingga mengganggu rutinitas|Perbaikan smoke detector telah dilakukan dengan memperbaiki tampilan yang rusak karena getaran, total biaya perbaikan mencapai Rp 1965000|Smoke Detector|Gedung A|9|Tengah|Sistem Proteksi Kebakaran Aktif|Sedang|Getaran|Tampilan rusak|1965000
Tangki air tanah bocor sedikit|Teknisi telah memperbaiki retak pada tangki air tanah dengan total biaya Rp 390000|Ground Water Tank|Gedung A|Lantai 4|Zona Tengah|Distribusi Air|Ringan|Kurang perawatan|Retak/pecah|390000
Tangki air tanah retak kecil|Teknisi telah memperbaiki kerusakan retak pada tangki air tanah dengan total biaya Rp 390000|Ground Water Tank|Gedung A|Lantai 4|Zona Tengah|Distribusi Air|Ringan|Kurang perawatan|Retak/pecah|390000
Tangki air tanah bocor karena kurang perawatan|Teknisi telah memperbaiki masalah kebocoran pada tangki air tanah yang disebabkan oleh kurang perawatan dengan total biaya Rp 390000|Ground Water Tank|Gedung A|Lantai 4|Zona Tengah|Distribusi Air|Ringan|Kurang perawatan|Retak/pecah|390000
Dinding Tembok/Mansonry|Lokasi Gedung D, Lantai 7, Zona Selatan|Gedung D|7|Selatan|Civil|Ringan|Getaran|Bunyi abnormal|139000
Dinding Tembok/Mansonry|Teknisi telah memperbaiki dinding tembok yang mengalami bunyi abnormal di Gedung D, Lantai 7, Zona Selatan dengan total biaya perbaikan Rp 139000|Gedung D|7|Selatan|Civil|Ringan|Getaran|Bunyi abnormal|139000
Dinding Tembok/Mansonry|Teknisi telah menyelesaikan perbaikan dinding tembok yang terkena getaran dan mengeluarkan bunyi abnormal di Gedung D, Lantai 7, Zona Selatan dengan biaya perbaikan sebesar Rp 139000|Gedung D|7|Selatan|Civil|Ringan|Getaran|Bunyi abnormal|139000
DVR CCTV tidak mau nyala karena tekanan listrik tidak stabil dan banyak debu|Teknisi telah memperbaiki DVR CCTV dengan membersihkan debu dan mengganti komponen yang rusak, total biaya perbaikan Rp 3560000|DVR CCTV|Gedung Parkir|Lantai 4|Zona Barat|Security Sistem|Berat|Debu/kotoran|Tekanan tidak stabil|3560000
DVR CCTV di Gedung Parkir Lantai 4 Zona Barat mengalami kerusakan parah karena tekanan listrik tidak stabil dan kotoran yang menumpuk|Teknisi telah melakukan perbaikan pada DVR CCTV dengan mengganti komponen yang rusak dan membersihkan kotoran, total biaya perbaikan Rp 3560000|DVR CCTV|Gedung Parkir|Lantai 4|Zona Barat|Security Sistem|Berat|Debu/kotoran|Tekanan tidak stabil|3560000
DVR CCTV di Lantai 4 Zona Barat Gedung Parkir tidak berfungsi dengan baik karena tekanan listrik tidak stabil dan banyak debu yang menumpuk|Teknisi telah memperbaiki DVR CCTV dengan mengganti komponen yang rusak dan membersihkan debu, total biaya perbaikan Rp 3560000|DVR CCTV|Gedung Parkir|Lantai 4|Zona Barat|Security Sistem|Berat|Debu/kotoran|Tekanan tidak stabil|3560000
Monitor/Layar|Gedung D|Lantai 6|Zona Selatan|Sistem Telekomunikasi Gedung|Berat|Kurang perawatan|Performa menurun|Rp 2447000|Layar monitor tidak berfungsi dengan baik, performa menurun drastis karena kurang perawatan, sehingga mengganggu operasional|Teknisi telah memperbaiki masalah performa menurun pada monitor dengan total biaya perbaikan Rp 2447000|Monitor/Layar
Monitor/Layar|Gedung D|Lantai 6|Zona Selatan|Sistem Telekomunikasi Gedung|Berat|Kurang perawatan|Performa menurun|Rp 2447000|Layar monitor rusak parah, performa menurun akibat kurang perawatan, membuat operasional terhambat|Teknisi telah melakukan perbaikan pada monitor yang rusak dengan biaya perbaikan sebesar Rp 2447000|Monitor/Layar
Monitor/Layar|Gedung D|Lantai 6|Zona Selatan|Sistem Telekomunikasi Gedung|Berat|Kurang perawatan|Performa menurun|Rp 2447000|Monitor tidak bisa digunakan karena performa menurun, disebabkan oleh kurang perawatan, sehingga memerlukan perbaikan segera|Teknisi telah melakukan perbaikan pada monitor yang bermasalah dengan total biaya perbaikan Rp 2447000|Monitor/Layar
Kran air di Gedung B, Lantai 4, Zona Selatan mengalami sensor error karena getaran, sehingga netes sedikit|Teknisi telah memperbaiki sensor error pada kran air di Gedung B, Lantai 4, Zona Selatan dengan total biaya perbaikan Rp 344000|Kran Air|Gedung B|Lantai 4|Zona Selatan|Plumbing|Ringan|Getaran|Sensor error|344000
Kran air di Gedung B, Lantai 4, Zona Selatan agak berisik saat digunakan karena getaran yang menyebabkan sensor error|Teknisi telah memperbaiki sensor error pada kran air di Gedung B, Lantai 4, Zona Selatan dengan total biaya perbaikan Rp 344000|Kran Air|Gedung B|Lantai 4|Zona Selatan|Plumbing|Ringan|Getaran|Sensor error|344000
Kran air di Gedung B, Lantai 4, Zona Selatan mengalami masalah sensor error karena getaran, sehingga kadang-kadang tidak berfungsi dengan baik|Teknisi telah memperbaiki sensor error pada kran air di Gedung B, Lantai 4, Zona Selatan dengan total biaya perbaikan Rp 344000|Kran Air|Gedung B|Lantai 4|Zona Selatan|Plumbing|Ringan|Getaran|Sensor error|344000
Jet Shower|Air netes sedikit, mungkin karena kualitas material yang kurang baik|Jet Shower|Gedung B|8|Utara|Plumbing|Ringan|Kualitas material|Aliran lemah|300000
Jet Shower|Aliran air agak lemah, sepertinya karena kualitas material yang tidak memadai|Jet Shower|Gedung B|8|Utara|Plumbing|Ringan|Kualitas material|Aliran lemah|300000
Jet Shower|Jet shower mengeluarkan air dengan debit yang rendah, kemungkinan karena kualitas material yang kurang baik|Jet Shower|Gedung B|8|Utara|Plumbing|Ringan|Kualitas material|Aliran lemah|300000
tekanan tidak stabil karena getaran membuat APAB Dry Powder netes sedikit|Teknisi telah memperbaiki masalah tekanan tidak stabil pada APAB Dry Powder dengan total biaya perbaikan Rp 354000|APAB Dry Powder|Gedung Servis|Lantai 3|Zona Tengah|Sistem Pemadam Kebakaran|Ringan|Getaran|Tekanan tidak stabil|354000
getaran membuat tekanan APAB Dry Powder tidak stabil, agak berisik saat digunakan|Teknisi telah memperbaiki masalah tekanan tidak stabil pada APAB Dry Powder dengan total biaya perbaikan Rp 354000|APAB Dry Powder|Gedung Servis|Lantai 3|Zona Tengah|Sistem Pemadam Kebakaran|Ringan|Getaran|Tekanan tidak stabil|354000
tekanan APAB Dry Powder bermasalah karena getaran, kadang-kadang macet|Teknisi telah memperbaiki masalah tekanan tidak stabil pada APAB Dry Powder dengan total biaya perbaikan Rp 354000|APAB Dry Powder|Gedung Servis|Lantai 3|Zona Tengah|Sistem Pemadam Kebakaran|Ringan|Getaran|Tekanan tidak stabil|354000
Wastafel di Gedung B Lantai 7 Zona Tengah mengalami getaran berlebihan saat digunakan|Teknisi telah memperbaiki wastafel dengan biaya perbaikan sebesar Rp 886000 karena overload yang menyebabkan getaran berlebihan|Wastafel|Gedung B|7|Zona Tengah|Plumbing|Sedang|Overload|Getaran berlebihan|886000
Wastafel Toto di Gedung B Lantai 7 Zona Tengah sering mengalami getaran keras dan overload|Teknisi telah memperbaiki wastafel Toto dengan biaya perbaikan sebesar Rp 886000 karena overload yang menyebabkan getaran berlebihan|Wastafel|Gedung B|7|Zona Tengah|Plumbing|Sedang|Overload|Getaran berlebihan|886000
Wastafel Toto di Gedung B Lantai 7 Zona Tengah mengalami getaran berlebihan dan suara berisik karena overload|Teknisi telah memperbaiki wastafel Toto dengan biaya perbaikan sebesar Rp 886000 karena overload yang menyebabkan getaran berlebihan|Wastafel|Gedung B|7|Zona Tengah|Plumbing|Sedang|Overload|Getaran berlebihan|886000
Kursi di ruang utama bocor sedikit|Telah dilakukan perbaikan pada kursi di ruang utama dengan biaya Rp 491000 untuk mengatasi masalah kebocoran yang disebabkan oleh usia pakai|Kursi|Gedung Utama|Lantai 1|Zona Timur|Arsitektur|Ringan|Usia pakai|Kebocoran|491000
Kursi di lantai 1 zona timur gedung utama mengalami kebocoran karena usia pakai|Perbaikan telah dilakukan dengan total biaya Rp 491000 untuk memperbaiki kebocoran pada kursi|Kursi|Gedung Utama|Lantai 1|Zona Timur|Arsitektur|Ringan|Usia pakai|Kebocoran|491000
Kursi di zona timur lantai 1 gedung utama mengalami kebocoran kecil karena usia pakai|Teknisi telah memperbaiki kebocoran pada kursi dengan biaya Rp 491000 untuk mengembalikan fungsi kursi|Kursi|Gedung Utama|Lantai 1|Zona Timur|Arsitektur|Ringan|Usia pakai|Kebocoran|491000
AC Standing di Gedung A Lantai 2 Zona Utara berisik karena debu|Teknisi telah memperbaiki AC Standing yang berisik di Gedung A Lantai 2 Zona Utara dengan total biaya perbaikan Rp 123000|AC Standing|Gedung A|Lantai 2|Zona Utara|Mechanical|Ringan|Debu/kotoran|Bunyi abnormal|123000
AC Standing di Gedung A Lantai 2 Zona Utara mengeluarkan suara aneh karena kotor|Teknisi telah memperbaiki AC Standing yang mengeluarkan suara aneh di Gedung A Lantai 2 Zona Utara dengan total biaya perbaikan Rp 123000|AC Standing|Gedung A|Lantai 2|Zona Utara|Mechanical|Ringan|Debu/kotoran|Bunyi abnormal|123000
AC Standing di Gedung A Lantai 2 Zona Utara mengalami gangguan suara karena debu yang menumpuk|Teknisi telah memperbaiki AC Standing yang mengalami gangguan suara di Gedung A Lantai 2 Zona Utara dengan total biaya perbaikan Rp 123000|AC Standing|Gedung A|Lantai 2|Zona Utara|Mechanical|Ringan|Debu/kotoran|Bunyi abnormal|123000
AC VRV di Gedung C, Lantai 2, Zona Utara macet kadang-kadang karena debu|Teknisi telah memperbaiki masalah performa menurun pada AC VRV di Gedung C, Lantai 2, Zona Utara dengan total biaya perbaikan Rp 376000|AC VRV|Gedung C|Lantai 2|Zona Utara|Mechanical|Ringan|Debu/kotoran|Performa menurun|376000
AC VRV di Gedung C, Lantai 2, Zona Utara mengalami penurunan performa karena kotoran|Teknisi telah memperbaiki masalah performa menurun pada AC VRV di Gedung C, Lantai 2, Zona Utara dengan total biaya perbaikan Rp 376000|AC VRV|Gedung C|Lantai 2|Zona Utara|Mechanical|Ringan|Debu/kotoran|Performa menurun|376000
AC VRV di Gedung C, Lantai 2, Zona Utara berjalan tidak stabil karena debu yang menumpuk|Teknisi telah memperbaiki masalah performa menurun pada AC VRV di Gedung C, Lantai 2, Zona Utara dengan total biaya perbaikan Rp 376000|AC VRV|Gedung C|Lantai 2|Zona Utara|Mechanical|Ringan|Debu/kotoran|Performa menurun|376000
APAR Dry Powder Cartridge|Telah dilakukan perbaikan pada APAR Dry Powder Cartridge dengan biaya perbaikan sebesar Rp 2197000 karena kerusakan retak yang disebabkan oleh aus normal|APAR Dry Powder Cartridge|Gedung D|10|Utara|Sistem Pemadam Kebakaran|Berat|Aus normal|Retak/pecah|2197000
APAR Dry Powder Cartridge|Teknisi telah melakukan perbaikan pada APAR Dry Powder Cartridge dengan total biaya perbaikan Rp 2197000 karena kerusakan parah yang disebabkan oleh aus normal|APAR Dry Powder Cartridge|Gedung D|10|Utara|Sistem Pemadam Kebakaran|Berat|Aus normal|Retak/pecah|2197000
APAR Dry Powder Cartridge|Perbaikan telah dilakukan pada APAR Dry Powder Cartridge karena rusak parah akibat retak yang disebabkan oleh aus normal, dengan biaya perbaikan sebesar Rp 2197000|APAR Dry Powder Cartridge|Gedung D|10|Utara|Sistem Pemadam Kebakaran|Berat|Aus normal|Retak/pecah|2197000
Remote tidak berfungsi karena kurang perawatan, sangat membatasi operasional|Teknisi telah memperbaiki masalah remote tidak berfungsi dengan biaya perbaikan Rp 19617000|Kitchen sink|Gedung C|Lantai 2|Zona Timur|Plumbing|Fatal|Kurang perawatan|Remote tidak berfungsi|19617000
Remote rusak total, tidak bisa digunakan karena kurang perawatan, membuat kita panik|Teknisi telah melakukan perbaikan atas kerusakan remote dengan biaya total Rp 19617000|Kitchen sink|Gedung C|Lantai 2|Zona Timur|Plumbing|Fatal|Kurang perawatan|Remote tidak berfungsi|19617000
Karena kurang perawatan, remote kitchen sink mati total, sangat berbahaya dan memerlukan perbaikan segera|Teknisi telah selesai memperbaiki kerusakan remote dengan total biaya Rp 19617000|Kitchen sink|Gedung C|Lantai 2|Zona Timur|Plumbing|Fatal|Kurang perawatan|Remote tidak berfungsi|19617000
Monitor/Layar|Gedung Gedung E|Lantai 3|Zona Barat|Sistem Telekomunikasi Gedung|Fatal|Getaran|Performa menurun|13132000|Layar monitor terus bergetar dan performa menurun drastis, membuatnya tidak bisa digunakan sama sekali, perlu perbaikan segera|Telah dilakukan perbaikan pada monitor/layar dengan biaya total Rp 13132000, masalah getaran dan performa menurun telah teratasi
Monitor/Layar|Gedung Gedung E|Lantai 3|Zona Barat|Sistem Telekomunikasi Gedung|Fatal|Getaran|Performa menurun|13132000|Layar monitor mengalami getaran hebat dan performa yang menurun, sehingga mengganggu operasional, perlu perbaikan darurat|Telah dilakukan perbaikan pada monitor/layar dengan biaya total Rp 13132000, masalah getaran dan performa menurun telah teratasi
Monitor/Layar|Gedung Gedung E|Lantai 3|Zona Barat|Sistem Telekomunikasi Gedung|Fatal|Getaran|Performa menurun|13132000|Monitor/Layar rusak parah karena getaran, performa menurun secara signifikan, perlu perbaikan segera untuk menghindari kerusakan lebih lanjut|Telah dilakukan perbaikan pada monitor/layar dengan biaya total Rp 13132000, masalah getaran dan performa menurun telah teratasi
Pemipaan Air Kotor|Telah dilakukan perbaikan pada pemipaan air kotor yang mengalami kerusakan total akibat kelembaban tinggi, dengan total biaya perbaikan Rp 1909000|Pemipaan Air Kotor|Gedung Parkir|Lantai 2|Zona Selatan|Plumbing|Sedang|Kelembaban tinggi|Tidak berfungsi total|1909000
Pemipaan Air Kotor|Pemipaan air kotor telah diperbaiki karena kelembaban tinggi yang menyebabkan kerusakan total, dengan biaya perbaikan sebesar Rp 1909000|Pemipaan Air Kotor|Gedung Parkir|Lantai 2|Zona Selatan|Plumbing|Sedang|Kelembaban tinggi|Tidak berfungsi total|1909000
Pemipaan Air Kotor|Perbaikan telah dilakukan pada pemipaan air kotor yang rusak total karena kelembaban tinggi, dengan total biaya perbaikan yang dikeluarkan sebesar Rp 1909000|Pemipaan Air Kotor|Gedung Parkir|Lantai 2|Zona Selatan|Plumbing|Sedang|Kelembaban tinggi|Tidak berfungsi total|1909000
Sensor kabel bermasalah karena debu, netes sedikit|Telah dilakukan perbaikan pada sistem instalasi kabel dengan biaya total Rp 434000|Wiring System|Gedung C|Lantai 2|Zona Utara|Electrical|Ringan|Debu/kotoran|Sensor error|434000
Kotoran di sensor membuatnya agak berisik, mengganggu rutinitas|Perbaikan telah dilakukan dengan mengganti komponen yang rusak dan membersihkan area yang terkena debu, total biaya perbaikan Rp 434000|Wiring System|Gedung C|Lantai 2|Zona Utara|Electrical|Ringan|Debu/kotoran|Sensor error|434000
Debu di sekitar kabel menyebabkan sensor macet kadang-kadang|Teknisi telah melakukan perbaikan dengan membersihkan area yang terkena debu dan mengganti komponen yang rusak, dengan total biaya perbaikan Rp 434000|Wiring System|Gedung C|Lantai 2|Zona Utara|Electrical|Ringan|Debu/kotoran|Sensor error|434000
