teks_keluhan_awam|teks_laporan_teknisi|tipe_aset|lokasi_gedung|lokasi_lantai|lokasi_zona|kategori_aset|severity|root_cause|jenis_kerusakan|biaya_perbaikan
AC Cassette rusak parah karena kelembaban tinggi, retak dan pecah dimana-mana, suaranya mati total, tidak bisa digunakan lagi|Rusak parah karena kelembaban|AC Cassette|Gedung Utama|16|Tengah|Mechanical|Fatal|Kelembaban tinggi|Retak/pecah|18771000
AC Cassette jebol karena kelembaban tinggi|Rusak karena kelembaban|AC Cassette|Gedung Utama|16|Tengah|Mechanical|Fatal|Kelembaban tinggi|Retak/pecah|18771000
AC Cassette mengalami kerusakan fatal, retak dan pecah akibat kelembaban tinggi, perlu perbaikan segera|Perlu perbaikan segera|AC Cassette|Gedung Utama|16|Tengah|Mechanical|Fatal|Kelembaban tinggi|Retak/pecah|18771000
Kamera CCTV di Gedung Utama lantai 15 zona timur tiba-tiba netes dan agak berisik karena overheat, sepertinya ada human error yang menyebabkan kerusakan ini|Belum ada laporan teknisi|Kamera CCTV|Gedung Utama|Lantai 15|Zona Timur|Security Sistem|Ringan|Human error|Overheat|356000
Kamera CCTV overheat karena human error|Belum ada laporan teknisi|Kamera CCTV|Gedung Utama|Lantai 15|Zona Timur|Security Sistem|Ringan|Human error|Overheat|356000
Kamera CCTV di Gedung Utama lantai 15 zona timur mengalami kerusakan karena overheat yang disebabkan oleh human error, perlu perbaikan segera|Belum ada laporan teknisi|Kamera CCTV|Gedung Utama|Lantai 15|Zona Timur|Security Sistem|Ringan|Human error|Overheat|356000
AC Cassette rusak parah karena kelembaban tinggi, retak dan pecah dimana-mana, suaranya mati total, tidak bisa digunakan lagi|Rusak parah karena kelembaban|AC Cassette|Gedung Utama|16|Tengah|Mechanical|Fatal|Kelembaban tinggi|Retak/pecah|18771000
AC Cassette jebol karena kelembaban tinggi|Rusak karena kelembaban|AC Cassette|Gedung Utama|16|Tengah|Mechanical|Fatal|Kelembaban tinggi|Retak/pecah|18771000
AC Cassette mengalami kerusakan fatal, retak dan pecah akibat kelembaban tinggi, perlu perbaikan segera|Perlu perbaikan segera|AC Cassette|Gedung Utama|16|Tengah|Mechanical|Fatal|Kelembaban tinggi|Retak/pecah|18771000
Kamera CCTV di Gedung Utama lantai 15 zona timur tiba-tiba netes dan agak berisik karena overheat, sepertinya ada human error yang menyebabkan kerusakan ini|Belum ada laporan teknisi|Kamera CCTV|Gedung Utama|Lantai 15|Zona Timur|Security Sistem|Ringan|Human error|Overheat|356000
Kamera CCTV overheat karena human error|Belum ada laporan teknisi|Kamera CCTV|Gedung Utama|Lantai 15|Zona Timur|Security Sistem|Ringan|Human error|Overheat|356000
Kamera CCTV di Gedung Utama lantai 15 zona timur mengalami kerusakan karena overheat yang disebabkan oleh human error, perlu perbaikan segera|Belum ada laporan teknisi|Kamera CCTV|Gedung Utama|Lantai 15|Zona Timur|Security Sistem|Ringan|Human error|Overheat|356000
Lampu wall sign di gedung kami tidak berfungsi dengan baik, remote kontrolnya netes dan suaranya agak berisik, sepertinya overload|Lampu wall sign tidak berfungsi|Lampu Wall sign|Gedung B|Lantai 10|Zona Timur|Electrical|Sedang|Overload|Remote tidak berfungsi|1610000
Lampu wall sign mati total, remote gak berfungsi, kayaknya overload|Lampu wall sign mati|Lampu Wall sign|Gedung B|Lantai 10|Zona Timur|Electrical|Sedang|Overload|Remote tidak berfungsi|1610000
Lampu wall sign di lantai 10 zona timur mengalami gangguan, remote kontrolnya tidak berfungsi dan suara yang dihasilkan agak berisik, kemungkinan karena overload|Laporan teknisi|Lampu Wall sign|Gedung B|Lantai 10|Zona Timur|Electrical|Sedang|Overload|Remote tidak berfungsi|1610000
Lampu wall sign di gedung kami tidak berfungsi dengan baik, remote kontrolnya netes dan suaranya agak berisik, sepertinya overload|Lampu wall sign tidak berfungsi|Lampu Wall sign|Gedung B|Lantai 10|Zona Timur|Electrical|Sedang|Overload|Remote tidak berfungsi|1610000
Lampu wall sign mati total, remote gak berfungsi, kayaknya overload|Lampu wall sign mati|Lampu Wall sign|Gedung B|Lantai 10|Zona Timur|Electrical|Sedang|Overload|Remote tidak berfungsi|1610000
Lampu wall sign di lantai 10 zona timur mengalami gangguan, remote kontrolnya tidak berfungsi dan suara yang dihasilkan agak berisik, kemungkinan karena overload|Laporan teknisi|Lampu Wall sign|Gedung B|Lantai 10|Zona Timur|Electrical|Sedang|Overload|Remote tidak berfungsi|1610000
Pompa chiller water sekunder saya netes terus karena kurang perawatan, jadi sering overheat dan mengganggu rutinitas kerja|Pompa chiller water sekunder mengalami overheat karena kurang perawatan|Pompa Chiller Water Sekunder|Gedung Utama|17|Zona Barat|Mechanical|Ringan|Kurang perawatan|Overheat|122000
Pompa chiller water sekunder agak berisik karena overheat, tolong diperbaiki|Pompa chiller water sekunder mengalami kerusakan karena kurang perawatan|Pompa Chiller Water Sekunder|Gedung Utama|17|Zona Barat|Mechanical|Ringan|Kurang perawatan|Overheat|122000
Pompa chiller water sekunder di lantai 17 zona barat mengalami masalah overheat karena kurang perawatan, perlu diperbaiki agar tidak mengganggu kerja|Pompa chiller water sekunder memerlukan perawatan rutin untuk mencegah overheat|Pompa Chiller Water Sekunder|Gedung Utama|17|Zona Barat|Mechanical|Ringan|Kurang perawatan|Overheat|122000
Pompa chiller water sekunder saya netes terus karena kurang perawatan, jadi sering overheat dan mengganggu rutinitas kerja|Pompa chiller water sekunder mengalami overheat karena kurang perawatan|Pompa Chiller Water Sekunder|Gedung Utama|17|Zona Barat|Mechanical|Ringan|Kurang perawatan|Overheat|122000
Pompa chiller water sekunder agak berisik karena overheat, tolong diperbaiki|Pompa chiller water sekunder mengalami kerusakan karena kurang perawatan|Pompa Chiller Water Sekunder|Gedung Utama|17|Zona Barat|Mechanical|Ringan|Kurang perawatan|Overheat|122000
Pompa chiller water sekunder di lantai 17 zona barat mengalami masalah overheat karena kurang perawatan, perlu diperbaiki agar tidak mengganggu kerja|Pompa chiller water sekunder memerlukan perawatan rutin untuk mencegah overheat|Pompa Chiller Water Sekunder|Gedung Utama|17|Zona Barat|Mechanical|Ringan|Kurang perawatan|Overheat|122000
DVR CCTV di Gedung B Lantai 10 Zona Timur netes karena getaran berlebihan dan tegangan tidak stabil|DVR CCTV mengalami kerusakan karena getaran berlebihan|DVR CCTV|Gedung B|Lantai 10|Zona Timur|Security Sistem|Sedang|Tegangan tidak stabil|Getaran berlebihan|1760000
DVR CCTV rusak di Gedung B Lantai 10 Zona Timur karena getaran berlebihan|DVR CCTV mengalami kerusakan|DVR CCTV|Gedung B|Lantai 10|Zona Timur|Security Sistem|Sedang|Tegangan tidak stabil|Getaran berlebihan|1760000
DVR CCTV Honeywell di Gedung B Lantai 10 Zona Timur mengalami gangguan karena getaran berlebihan dan tegangan tidak stabil|DVR CCTV memerlukan perbaikan karena kerusakan|DVR CCTV|Gedung B|Lantai 10|Zona Timur|Security Sistem|Sedang|Tegangan tidak stabil|Getaran berlebihan|1760000
Getaran berlebihan dan overload membuat detektor panas tidak berfungsi dengan baik, saya sangat terganggu dengan suara netes yang berisik|Detektor panas mengalami kerusakan karena getaran berlebihan dan overload|Rate Of Rise Heat Detector|Gedung Utama|15|Selatan|Security Sistem|Ringan|Overload|Getaran berlebihan|322000
Detektor panas rusak, getaran berlebihan dan overload|Detektor panas tidak berfungsi|Rate Of Rise Heat Detector|Gedung Utama|15|Selatan|Security Sistem|Ringan|Overload|Getaran berlebihan|322000
Saya ingin melaporkan bahwa detektor panas di gedung utama lantai 15 zona selatan mengalami kerusakan karena getaran berlebihan dan overload, sehingga menyebabkan suara agak berisik dan mengganggu rutinitas|Detektor panas mengalami kerusakan karena getaran berlebihan dan overload|Rate Of Rise Heat Detector|Gedung Utama|15|Selatan|Security Sistem|Ringan|Overload|Getaran berlebihan|322000
AC split di Gedung Utama Lantai 6 Zona Tengah saya mengalami aliran lemah dan kurang perawatan sehingga tidak bisa digunakan lagi|Aliran lemah karena kurang perawatan|Mitsubishi|Gedung Utama|Lantai 6|Zona Tengah|Mechanical|Berat|Kurang perawatan|Aliran lemah|8985000
AC split rusak berat karena kurang perawatan|Kerusakan parah|AC Split|Mitsubishi|Gedung Utama|Lantai 6|Zona Tengah|Mechanical|Berat|Kurang perawatan|Aliran lemah|8985000
Saya laporan bahwa AC split di Gedung Utama Lantai 6 Zona Tengah mengalami kerusakan parah karena kurang perawatan sehingga aliran udara sangat lemah|Kerusakan karena kurang perawatan|Mitsubishi|Gedung Utama|Lantai 6|Zona Tengah|Mechanical|Berat|Kurang perawatan|Aliran lemah|8985000
Lampu TL di gedung parkir lantai 2 zona timur mati total karena faktor lingkungan, sangat mengganggu rutinitas|Lampu TL mati|Lampu TL|Gedung Parkir|Lantai 2|Zona Timur|Electrical|Sedang|Faktor lingkungan|Lampu mati|1714000
Lampu TL zona timur mati|Lampu TL mati|Lampu TL|Gedung Parkir|Lantai 2|Zona Timur|Electrical|Sedang|Faktor lingkungan|Lampu mati|1714000
Lampu TL di zona timur mengalami kerusakan karena faktor lingkungan, sehingga menyebabkan lampu mati, perlu perbaikan segera|Laporan teknisi|Lampu TL|Gedung Parkir|Lantai 2|Zona Timur|Electrical|Sedang|Faktor lingkungan|Lampu mati|1714000
Pemipaan air bersih bocor dan mengeluarkan suara netes yang agak berisik karena sensor error yang disebabkan oleh faktor lingkungan|Tidak ada laporan teknisi|Pemipaan Air Bersih|Gedung Parkir|Lantai 2|Zona Timur|Plumbing|Sedang|Faktor lingkungan|Sensor error|1483000
Pemipaan air bersih bermasalah karena sensor error|Tidak ada laporan teknisi|Pemipaan Air Bersih|Gedung Parkir|Lantai 2|Zona Timur|Plumbing|Sedang|Faktor lingkungan|Sensor error|1483000
Pemipaan air bersih di Gedung Parkir Lantai 2 Zona Timur mengalami masalah sensor error yang disebabkan oleh faktor lingkungan sehingga mengeluarkan suara agak berisik|Tidak ada laporan teknisi|Pemipaan Air Bersih|Gedung Parkir|Lantai 2|Zona Timur|Plumbing|Sedang|Faktor lingkungan|Sensor error|1483000
Exhaust Fan jebol total, aus normal, tidak bisa buat angin|Exhaust Fanrusak, aus normal|Exhaust Fan|Gedung Servis|Lantai 2|Zona Selatan|Ventilasi Sistem|Berat|Aus normal|Tidak berfungsi total|2069000
Exhaust Fan mati total|Exhaust Fan rusak|Exhaust Fan|Gedung Servis|Lantai 2|Zona Selatan|Ventilasi Sistem|Berat|Aus normal|Tidak berfungsi total|2069000
Exhaust Fan tidak berfungsi total karena aus normal, perlu perbaikan segera|Exhaust Fan rusak, perlu ganti spare part|Exhaust Fan|Gedung Servis|Lantai 2|Zona Selatan|Ventilasi Sistem|Berat|Aus normal|Tidak berfungsi total|2069000
Lantai granit di gedung parkir lantai 1 zona utara mengalami performa menurun akibat faktor lingkungan, terkadang netes dan agak berisik|Lantai granit mengalami kerusakan|Lantai Granit|Gedung Parkir|Lantai 1|Zona Utara|Civil|Ringan|Faktor lingkungan|Performa menurun|480000
Lantai granit rusak|Perlu perbaikan|Lantai Granit|Gedung Parkir|Lantai 1|Zona Utara|Civil|Ringan|Faktor lingkungan|Performa menurun|480000
Lantai granit di gedung parkir zona utara mengalami penurunan performa karena faktor lingkungan, perlu perbaikan segera agar tidak mengganggu rutinitas|Laporan kerusakan lantai granit|Lantai Granit|Gedung Parkir|Lantai 1|Zona Utara|Civil|Ringan|Faktor lingkungan|Performa menurun|480000
Pompa air tanah di gedung A lantai 8 zona barat mati total karena aus dan abrasi parah akibat usia pakai yang sudah lama sekali|Pompa air tanah aus dan abrasi parah|Pompa Air Tanah|Gedung A|Lantai 8|Zona Barat|Mechanical|Berat|Usia pakai|Aus/abrasi|2996000
Pompa air tanah jebol|Pompa air tanah rusak parah|Pompa Air Tanah|Gedung A|Lantai 8|Zona Barat|Mechanical|Berat|Usia pakai|Aus/abrasi|2996000
Pompa air tanah di gedung A lantai 8 zona barat mengalami kerusakan berat karena aus dan abrasi yang disebabkan oleh usia pakai yang sudah lama|Pompa air tanah aus dan abrasi|Pompa Air Tanah|Gedung A|Lantai 8|Zona Barat|Mechanical|Berat|Usia pakai|Aus/abrasi|2996000
Speaker netes terus karena debu/kotoran, suaranya jadi agak berisik dan mengganggu rutinitas kerja|Speaker mengalami overheat karena debu/kotoran|Speaker|Gedung E|Lantai 1|Zona Barat|Sistem Telekomunikasi Gedung|Ringan|Debu/kotoran|Overheat|150000
Speaker rusak|Speaker overheat karena debu/kotoran|Speaker|Gedung E|Lantai 1|Zona Barat|Sistem Telekomunikasi Gedung|Ringan|Debu/kotoran|Overheat|150000
Speaker di Gedung E Lantai 1 Zona Barat mengalami masalah overheat karena debu/kotoran, sehingga suaranya menjadi agak berisik|Speaker memiliki masalah overheat karena debu/kotoran|Speaker|Gedung E|Lantai 1|Zona Barat|Sistem Telekomunikasi Gedung|Ringan|Debu/kotoran|Overheat|150000
Pintu kaca hidrolik yang sering bergetar berlebihan dan mengeluarkan suara berisik karena tegangan listrik tidak stabil|Pintu kaca hidrolik mengalami getaran berlebihan|Pintu Kaca Hidrolik|Gedung C|Lantai 4|Zona Utara|Arsitektur|Ringan|Tegangan tidak stabil|Getaran berlebihan|249000
Pintu kaca hidrolik netes|Pintu kaca hidrolik agak berisik|Pintu Kaca Hidrolik|Gedung C|Lantai 4|Zona Utara|Arsitektur|Ringan|Tegangan tidak stabil|Getaran berlebihan|249000
Pintu kaca hidrolik di kantor kami mengalami gangguan karena getaran berlebihan yang disebabkan oleh tegangan listrik tidak stabil|Pintu kaca hidrolik perlu perawatan rutin|Pintu Kaca Hidrolik|Gedung C|Lantai 4|Zona Utara|Arsitektur|Ringan|Tegangan tidak stabil|Getaran berlebihan|249000
APAB Dry Powder jebol total karena aus normal dan abrasi parah, sangat mengganggu operasional|Sistem Pemadam Kebakaran APAB Dry Powder rusak|APAB Dry Powder|Gedung Gedung C|Lantai 4|Zona Utara|Sistem Pemadam Kebakaran|Berat|Aus normal|Aus/abrasi|2335000
Pemadaman kebakaran rusak berat|APAB Dry Powder tidak berfungsi|APAB Dry Powder|Gedung Gedung C|Lantai 4|Zona Utara|Sistem Pemadam Kebakaran|Berat|Aus normal|Aus/abrasi|2335000
Sistem Pemadam Kebakaran APAB Dry Powder mengalami kerusakan aus normal dan abrasi, sehingga tidak dapat beroperasi dengan baik, perlu segera diperbaiki|Laporan teknisi: APAB Dry Powder rusak parah|APAB Dry Powder|Gedung Gedung C|Lantai 4|Zona Utara|Sistem Pemadam Kebakaran|Berat|Aus normal|Aus/abrasi|2335000
Plafon gypsum di gedung E lantai 4 zona tengah ini membuat saya agak terganggu karena bunyi abnormal yang terdengar seperti netes-netes kecil, sepertinya aus normal karena sudah lama terpasang, tapi saya tidak terlalu khawatir karena hanya sedikit mengganggu rutinitas|Tidak ada laporan teknisi|Plafon Gypsum / GRC|Gedung E|Lantai 4|Zona Tengah|Arsitektur|Ringan|Aus normal|Bunyi abnormal|279000
Plafon gedung E lantai 4 zona tengah bunyi abnormal|Tidak ada laporan teknisi|Plafon Gypsum / GRC|Gedung E|Lantai 4|Zona Tengah|Arsitektur|Ringan|Aus normal|Bunyi abnormal|279000
Plafon di gedung E lantai 4 zona tengah mengalami kerusakan berupa bunyi abnormal yang cukup mengganggu, kemungkinan besar disebabkan oleh aus normal, perlu segera diperbaiki agar tidak mengganggu aktivitas|Tidak ada laporan teknisi|Plafon Gypsum / GRC|Gedung E|Lantai 4|Zona Tengah|Arsitektur|Ringan|Aus normal|Bunyi abnormal|279000
Kitchen sink bocor dan tekanan air tidak stabil, sudah lama terjadi karena usia pakai yang sudah lama, membuat saya kesal dan mengganggu rutinitas harian|Tekanan air tidak stabil dan bocor|Kitchen sink|Gedung B|Lantai 10|Zona Barat|Plumbing|Sedang|Usia pakai|Tekanan tidak stabil|Rp 1829000
Kitchen sink bocor, tekanan tidak stabil|Bocor dan tekanan tidak stabil|Kitchen sink|Gedung B|Lantai 10|Zona Barat|Plumbing|Sedang|Usia pakai|Tekanan tidak stabil|Rp 1829000
Saya ingin melaporkan kerusakan pada kitchen sink di Gedung B Lantai 10 Zona Barat, yaitu tekanan air yang tidak stabil dan bocor, kemungkinan karena usia pakai yang sudah lama, sehingga perlu perbaikan segera|Kerusakan kitchen sink|Kitchen sink|Gedung B|Lantai 10|Zona Barat|Plumbing|Sedang|Usia pakai|Tekanan tidak stabil|Rp 1829000
DVR CCTV di Gedung B Lantai 10 Zona Timur netes karena getaran berlebihan dan tegangan tidak stabil|DVR CCTV mengalami kerusakan karena getaran berlebihan|DVR CCTV|Gedung B|Lantai 10|Zona Timur|Security Sistem|Sedang|Tegangan tidak stabil|Getaran berlebihan|1760000
DVR CCTV rusak di Gedung B Lantai 10 Zona Timur karena getaran berlebihan|DVR CCTV mengalami kerusakan|DVR CCTV|Gedung B|Lantai 10|Zona Timur|Security Sistem|Sedang|Tegangan tidak stabil|Getaran berlebihan|1760000
DVR CCTV Honeywell di Gedung B Lantai 10 Zona Timur mengalami gangguan karena getaran berlebihan dan tegangan tidak stabil|DVR CCTV memerlukan perbaikan karena kerusakan|DVR CCTV|Gedung B|Lantai 10|Zona Timur|Security Sistem|Sedang|Tegangan tidak stabil|Getaran berlebihan|1760000
Getaran berlebihan dan overload membuat detektor panas tidak berfungsi dengan baik, saya sangat terganggu dengan suara netes yang berisik|Detektor panas mengalami kerusakan karena getaran berlebihan dan overload|Rate Of Rise Heat Detector|Gedung Utama|15|Selatan|Security Sistem|Ringan|Overload|Getaran berlebihan|322000
Detektor panas rusak, getaran berlebihan dan overload|Detektor panas tidak berfungsi|Rate Of Rise Heat Detector|Gedung Utama|15|Selatan|Security Sistem|Ringan|Overload|Getaran berlebihan|322000
Saya ingin melaporkan bahwa detektor panas di gedung utama lantai 15 zona selatan mengalami kerusakan karena getaran berlebihan dan overload, sehingga menyebabkan suara agak berisik dan mengganggu rutinitas|Detektor panas mengalami kerusakan karena getaran berlebihan dan overload|Rate Of Rise Heat Detector|Gedung Utama|15|Selatan|Security Sistem|Ringan|Overload|Getaran berlebihan|322000
AC split di Gedung Utama Lantai 6 Zona Tengah saya mengalami aliran lemah dan kurang perawatan sehingga tidak bisa digunakan lagi|Aliran lemah karena kurang perawatan|Mitsubishi|Gedung Utama|Lantai 6|Zona Tengah|Mechanical|Berat|Kurang perawatan|Aliran lemah|8985000
AC split rusak berat karena kurang perawatan|Kerusakan parah|AC Split|Mitsubishi|Gedung Utama|Lantai 6|Zona Tengah|Mechanical|Berat|Kurang perawatan|Aliran lemah|8985000
Saya laporan bahwa AC split di Gedung Utama Lantai 6 Zona Tengah mengalami kerusakan parah karena kurang perawatan sehingga aliran udara sangat lemah|Kerusakan karena kurang perawatan|Mitsubishi|Gedung Utama|Lantai 6|Zona Tengah|Mechanical|Berat|Kurang perawatan|Aliran lemah|8985000
Lampu TL di gedung parkir lantai 2 zona timur mati total karena faktor lingkungan, sangat mengganggu rutinitas|Lampu TL mati|Lampu TL|Gedung Parkir|Lantai 2|Zona Timur|Electrical|Sedang|Faktor lingkungan|Lampu mati|1714000
Lampu TL zona timur mati|Lampu TL mati|Lampu TL|Gedung Parkir|Lantai 2|Zona Timur|Electrical|Sedang|Faktor lingkungan|Lampu mati|1714000
Lampu TL di zona timur mengalami kerusakan karena faktor lingkungan, sehingga menyebabkan lampu mati, perlu perbaikan segera|Laporan teknisi|Lampu TL|Gedung Parkir|Lantai 2|Zona Timur|Electrical|Sedang|Faktor lingkungan|Lampu mati|1714000
Pemipaan air bersih bocor dan mengeluarkan suara netes yang agak berisik karena sensor error yang disebabkan oleh faktor lingkungan|Tidak ada laporan teknisi|Pemipaan Air Bersih|Gedung Parkir|Lantai 2|Zona Timur|Plumbing|Sedang|Faktor lingkungan|Sensor error|1483000
Pemipaan air bersih bermasalah karena sensor error|Tidak ada laporan teknisi|Pemipaan Air Bersih|Gedung Parkir|Lantai 2|Zona Timur|Plumbing|Sedang|Faktor lingkungan|Sensor error|1483000
Pemipaan air bersih di Gedung Parkir Lantai 2 Zona Timur mengalami masalah sensor error yang disebabkan oleh faktor lingkungan sehingga mengeluarkan suara agak berisik|Tidak ada laporan teknisi|Pemipaan Air Bersih|Gedung Parkir|Lantai 2|Zona Timur|Plumbing|Sedang|Faktor lingkungan|Sensor error|1483000
Exhaust Fan jebol total, aus normal, tidak bisa buat angin|Exhaust Fanrusak, aus normal|Exhaust Fan|Gedung Servis|Lantai 2|Zona Selatan|Ventilasi Sistem|Berat|Aus normal|Tidak berfungsi total|2069000
Exhaust Fan mati total|Exhaust Fan rusak|Exhaust Fan|Gedung Servis|Lantai 2|Zona Selatan|Ventilasi Sistem|Berat|Aus normal|Tidak berfungsi total|2069000
Exhaust Fan tidak berfungsi total karena aus normal, perlu perbaikan segera|Exhaust Fan rusak, perlu ganti spare part|Exhaust Fan|Gedung Servis|Lantai 2|Zona Selatan|Ventilasi Sistem|Berat|Aus normal|Tidak berfungsi total|2069000
Lantai granit di gedung parkir lantai 1 zona utara mengalami performa menurun akibat faktor lingkungan, terkadang netes dan agak berisik|Lantai granit mengalami kerusakan|Lantai Granit|Gedung Parkir|Lantai 1|Zona Utara|Civil|Ringan|Faktor lingkungan|Performa menurun|480000
Lantai granit rusak|Perlu perbaikan|Lantai Granit|Gedung Parkir|Lantai 1|Zona Utara|Civil|Ringan|Faktor lingkungan|Performa menurun|480000
Lantai granit di gedung parkir zona utara mengalami penurunan performa karena faktor lingkungan, perlu perbaikan segera agar tidak mengganggu rutinitas|Laporan kerusakan lantai granit|Lantai Granit|Gedung Parkir|Lantai 1|Zona Utara|Civil|Ringan|Faktor lingkungan|Performa menurun|480000
Pompa air tanah di gedung A lantai 8 zona barat mati total karena aus dan abrasi parah akibat usia pakai yang sudah lama sekali|Pompa air tanah aus dan abrasi parah|Pompa Air Tanah|Gedung A|Lantai 8|Zona Barat|Mechanical|Berat|Usia pakai|Aus/abrasi|2996000
Pompa air tanah jebol|Pompa air tanah rusak parah|Pompa Air Tanah|Gedung A|Lantai 8|Zona Barat|Mechanical|Berat|Usia pakai|Aus/abrasi|2996000
Pompa air tanah di gedung A lantai 8 zona barat mengalami kerusakan berat karena aus dan abrasi yang disebabkan oleh usia pakai yang sudah lama|Pompa air tanah aus dan abrasi|Pompa Air Tanah|Gedung A|Lantai 8|Zona Barat|Mechanical|Berat|Usia pakai|Aus/abrasi|2996000
Speaker netes terus karena debu/kotoran, suaranya jadi agak berisik dan mengganggu rutinitas kerja|Speaker mengalami overheat karena debu/kotoran|Speaker|Gedung E|Lantai 1|Zona Barat|Sistem Telekomunikasi Gedung|Ringan|Debu/kotoran|Overheat|150000
Speaker rusak|Speaker overheat karena debu/kotoran|Speaker|Gedung E|Lantai 1|Zona Barat|Sistem Telekomunikasi Gedung|Ringan|Debu/kotoran|Overheat|150000
Speaker di Gedung E Lantai 1 Zona Barat mengalami masalah overheat karena debu/kotoran, sehingga suaranya menjadi agak berisik|Speaker memiliki masalah overheat karena debu/kotoran|Speaker|Gedung E|Lantai 1|Zona Barat|Sistem Telekomunikasi Gedung|Ringan|Debu/kotoran|Overheat|150000
Pintu kaca hidrolik yang sering bergetar berlebihan dan mengeluarkan suara berisik karena tegangan listrik tidak stabil|Pintu kaca hidrolik mengalami getaran berlebihan|Pintu Kaca Hidrolik|Gedung C|Lantai 4|Zona Utara|Arsitektur|Ringan|Tegangan tidak stabil|Getaran berlebihan|249000
Pintu kaca hidrolik netes|Pintu kaca hidrolik agak berisik|Pintu Kaca Hidrolik|Gedung C|Lantai 4|Zona Utara|Arsitektur|Ringan|Tegangan tidak stabil|Getaran berlebihan|249000
Pintu kaca hidrolik di kantor kami mengalami gangguan karena getaran berlebihan yang disebabkan oleh tegangan listrik tidak stabil|Pintu kaca hidrolik perlu perawatan rutin|Pintu Kaca Hidrolik|Gedung C|Lantai 4|Zona Utara|Arsitektur|Ringan|Tegangan tidak stabil|Getaran berlebihan|249000
APAB Dry Powder jebol total karena aus normal dan abrasi parah, sangat mengganggu operasional|Sistem Pemadam Kebakaran APAB Dry Powder rusak|APAB Dry Powder|Gedung Gedung C|Lantai 4|Zona Utara|Sistem Pemadam Kebakaran|Berat|Aus normal|Aus/abrasi|2335000
Pemadaman kebakaran rusak berat|APAB Dry Powder tidak berfungsi|APAB Dry Powder|Gedung Gedung C|Lantai 4|Zona Utara|Sistem Pemadam Kebakaran|Berat|Aus normal|Aus/abrasi|2335000
Sistem Pemadam Kebakaran APAB Dry Powder mengalami kerusakan aus normal dan abrasi, sehingga tidak dapat beroperasi dengan baik, perlu segera diperbaiki|Laporan teknisi: APAB Dry Powder rusak parah|APAB Dry Powder|Gedung Gedung C|Lantai 4|Zona Utara|Sistem Pemadam Kebakaran|Berat|Aus normal|Aus/abrasi|2335000
Plafon gypsum di gedung E lantai 4 zona tengah ini membuat saya agak terganggu karena bunyi abnormal yang terdengar seperti netes-netes kecil, sepertinya aus normal karena sudah lama terpasang, tapi saya tidak terlalu khawatir karena hanya sedikit mengganggu rutinitas|Tidak ada laporan teknisi|Plafon Gypsum / GRC|Gedung E|Lantai 4|Zona Tengah|Arsitektur|Ringan|Aus normal|Bunyi abnormal|279000
Plafon gedung E lantai 4 zona tengah bunyi abnormal|Tidak ada laporan teknisi|Plafon Gypsum / GRC|Gedung E|Lantai 4|Zona Tengah|Arsitektur|Ringan|Aus normal|Bunyi abnormal|279000
Plafon di gedung E lantai 4 zona tengah mengalami kerusakan berupa bunyi abnormal yang cukup mengganggu, kemungkinan besar disebabkan oleh aus normal, perlu segera diperbaiki agar tidak mengganggu aktivitas|Tidak ada laporan teknisi|Plafon Gypsum / GRC|Gedung E|Lantai 4|Zona Tengah|Arsitektur|Ringan|Aus normal|Bunyi abnormal|279000
Kitchen sink bocor dan tekanan air tidak stabil, sudah lama terjadi karena usia pakai yang sudah lama, membuat saya kesal dan mengganggu rutinitas harian|Tekanan air tidak stabil dan bocor|Kitchen sink|Gedung B|Lantai 10|Zona Barat|Plumbing|Sedang|Usia pakai|Tekanan tidak stabil|Rp 1829000
Kitchen sink bocor, tekanan tidak stabil|Bocor dan tekanan tidak stabil|Kitchen sink|Gedung B|Lantai 10|Zona Barat|Plumbing|Sedang|Usia pakai|Tekanan tidak stabil|Rp 1829000
Saya ingin melaporkan kerusakan pada kitchen sink di Gedung B Lantai 10 Zona Barat, yaitu tekanan air yang tidak stabil dan bocor, kemungkinan karena usia pakai yang sudah lama, sehingga perlu perbaikan segera|Kerusakan kitchen sink|Kitchen sink|Gedung B|Lantai 10|Zona Barat|Plumbing|Sedang|Usia pakai|Tekanan tidak stabil|Rp 1829000
Exhaust Fan di Gedung Servis Lantai 1 Zona Tengah bocor parah karena kurang perawatan, suaranya sangat berisik dan mengganggu rutinitas|Exhaust Fan bocor, perlu perbaikan segera|Exhaust Fan|Gedung Servis|Lantai 1|Zona Tengah|Ventilasi Sistem|Fatal|Kurang perawatan|Kebocoran|47574000
Exhaust Fan bocor, perlu perbaikan segera|Exhaust Fan rusak, butuh perbaikan|Exhaust Fan|Gedung Servis|Lantai 1|Zona Tengah|Ventilasi Sistem|Fatal|Kurang perawatan|Kebocoran|47574000
Exhaust Fan di Lantai 1 Gedung Servis Zone Tengah mengalami kebocoran yang cukup parah akibat kurangnya perawatan, sehingga menyebabkan kerusakan yang fatal|Exhaust Fan perlu perbaikan karena kebocoran|Exhaust Fan|Gedung Servis|Lantai 1|Zona Tengah|Ventilasi Sistem|Fatal|Kurang perawatan|Kebocoran|47574000
Exhaust Fan di Gedung Utama Lantai 19 Zona Tengah mengalami tekanan tidak stabil karena overload, suaranya agak berisik dan mengganggu rutinitas, tolong diperbaiki secepatnya|Tekanan tidak stabil karena overload|Exhaust Fan|Gedung Utama|Lantai 19|Zona Tengah|Ventilasi Sistem|Ringan|Overload|Tekanan tidak stabil|Rp 265000
Exhaust Fan Gedung Utama Lantai 19 rusak, tekanan tidak stabil karena overload, tolong perbaiki|Rusak karena overload|Exhaust Fan|Gedung Utama|Lantai 19|Zona Tengah|Ventilasi Sistem|Ringan|Overload|Tekanan tidak stabil|Rp 265000
Saya melaporkan kerusakan Exhaust Fan di Gedung Utama Lantai 19 Zona Tengah, tekanan tidak stabil karena overload, mengeluarkan suara netes yang mengganggu, mohon diperbaiki|Kerusakan tekanan tidak stabil|Exhaust Fan|Gedung Utama|Lantai 19|Zona Tengah|Ventilasi Sistem|Ringan|Overload|Tekanan tidak stabil|Rp 265000
AC Split mendadak netes dan agak berisik karena sensor error yang disebabkan oleh usia pakai|Laporan teknisi tentang kerusakan AC Split|AC Split|Gedung Utama|Lantai 1|Zona Utara|Mechanical|Sedang|Usia pakai|Sensor error|1989000
AC Split rusak|Perlu diperbaiki segera|AC Split|Gedung Utama|Lantai 1|Zona Utara|Mechanical|Sedang|Usia pakai|Sensor error|1989000
Kerusakan pada AC Split di Gedung Utama Lantai 1 Zona Utara disebabkan oleh sensor error yang terkait dengan usia pakai|Diperlukan perbaikan segera untuk mengatasi kerusakan|AC Split|Gedung Utama|Lantai 1|Zona Utara|Mechanical|Sedang|Usia pakai|Sensor error|1989000
Pintu kayu di lantai 3 zona selatan gedung parkir rusak parah, aus normal sehingga tampilan rusak dan mengganggu rutinitas sehari-hari|Pintu kayu/HPL rusak|Pintu Kayu/HPL|Gedung Parkir|Lantai 3|Zona Selatan|Arsitektur|Sedang|Aus normal|Tampilan rusak|1032000
Pintu kayu rusak, aus, tampilan jelek|Pintu kayu/HPL rusak|Pintu Kayu/HPL|Gedung Parkir|Lantai 3|Zona Selatan|Arsitektur|Sedang|Aus normal|Tampilan rusak|1032000
Pintu kayu di gedung parkir lantai 3 zona selatan mengalami kerusakan pada tampilan karena aus normal, perlu perbaikan segera|Pintu kayu/HPL rusak|Pintu Kayu/HPL|Gedung Parkir|Lantai 3|Zona Selatan|Arsitektur|Sedang|Aus normal|Tampilan rusak|1032000
AC Cassette tidak bisa dipakai karena korsleting yang parah, kayaknya karena usia pakai yang sudah lama, jadi netes terus dan suaranya agak berisik|Tidak ada laporan teknisi|AC Cassette|Gedung B|Lantai 7|Zona Barat|Mechanical|Sedang|Usia pakai|Korsleting|1111000
AC Cassette rusak|Laporan teknisi belum ada|AC Cassette|Gedung B|Lantai 7|Zona Barat|Mechanical|Sedang|Usia pakai|Korsleting|1111000
AC Cassette di Gedung B Lantai 7 Zona Barat mengalami kerusakan karena korsleting yang disebabkan oleh usia pakai, sehingga mengganggu rutinitas kerja|Laporan teknisi masih dalam proses|AC Cassette|Gedung B|Lantai 7|Zona Barat|Mechanical|Sedang|Usia pakai|Korsleting|1111000
Pemipaan air bersih bocor terus, kurang perawatan membuatnya netes terus, sangat mengganggu rutinitas|Kebocoran pada pipa air bersih|Pemipaan Air Bersih|Gedung D|Lantai 5|Zona Utara|Plumbing|Sedang|Kurang perawatan|Kebocoran|1073000
Pipa bocor, kurang perawatan, agak berisik|Kebocoran pipa|Pemipaan Air Bersih|Gedung D|Lantai 5|Zona Utara|Plumbing|Sedang|Kurang perawatan|Kebocoran|1073000
Pemipaan air bersih mengalami kebocoran, kemungkinan disebabkan oleh kurangnya perawatan, sehingga air mengalir tidak terkendali, menimbulkan suara agak berisik|Laporan kebocoran pipa|Pemipaan Air Bersih|Gedung D|Lantai 5|Zona Utara|Plumbing|Sedang|Kurang perawatan|Kebocoran|1073000
AC Split mati total karena koneksi terputus parah akibat human error yang sangat fatal|Kerusakan koneksi listrik|AC Split|Gedung B|Lantai 6|Zona Tengah|Mechanical|Berat|Human error|Koneksi terputus|3303000
AC Split jebol|Kerusakan listrik|AC Split|Gedung B|Lantai 6|Zona Tengah|Mechanical|Berat|Human error|Koneksi terputus|3303000
Terdapat kerusakan pada AC Split di Gedung B Lantai 6 Zona Tengah karena koneksi terputus yang disebabkan oleh human error|Laporan teknisi|AC Split|Gedung B|Lantai 6|Zona Tengah|Mechanical|Berat|Human error|Koneksi terputus|3303000
APAR Dry Powder Stored Pressure netes karena korsleting akibat kualitas material yang buruk|Kerusakan korsleting pada APAR Dry Powder|APAR Dry Powder Stored Pressure|Gedung Parkir|Lantai 1|Zona Barat|Sistem Pemadam Kebakaran|Ringan|Kualitas material|Korsleting|138000
APAR bermasalah|Korsleting APAR|APAR Dry Powder Stored Pressure|Gedung Parkir|Lantai 1|Zona Barat|Sistem Pemadam Kebakaran|Ringan|Kualitas material|Korsleting|138000
APAR Dry Powder Stored Pressure mengalami gangguan karena korsleting yang disebabkan oleh kualitas material yang kurang baik|Laporan teknisi: APAR Dry Powder Stored Pressure|APAR Dry Powder Stored Pressure|Gedung Parkir|Lantai 1|Zona Barat|Sistem Pemadam Kebakaran|Ringan|Kualitas material|Korsleting|138000
APAR Dry Powder Stored Pressure netes terus|Bunyi abnormal karena tegangan tidak stabil|APAR Dry Powder Stored Pressure|Gedung Servis|Lantai 3|Zona Utara|Sistem Pemadam Kebakaran|Ringan|Tegangan tidak stabil|Bunyi abnormal|113000
APAR bunyi aneh|Tegangan tidak stabil|APAR Dry Powder Stored Pressure|Gedung Servis|Lantai 3|Zona Utara|Sistem Pemadam Kebakaran|Ringan|Tegangan tidak stabil|Bunyi abnormal|113000
APAR di lantai 3 zona utara mengeluarkan suara agak berisik|Ditemukan kerusakan karena tegangan listrik tidak stabil|APAR Dry Powder Stored Pressure|Gedung Servis|Lantai 3|Zona Utara|Sistem Pemadam Kebakaran|Ringan|Tegangan tidak stabil|Bunyi abnormal|113000
Plafon gypsum di lantai 5 zona selatan gedung parkir mengalami korsleting parah karena kelembaban tinggi, saya sangat panik karena listrik mati total|Laporan teknisi: korsleting pada plafon gypsum|Plafon Gypsum / GRC|Gedung Parkir|Lantai 5|Zona Selatan|Arsitektur|Berat|Kelembaban tinggi|Korsleting|Rp 2580000
Plafon gypsum korsleting, kelembaban tinggi, tolong bantu|Laporan teknisi: perlu perbaikan segera|Plafon Gypsum / GRC|Gedung Parkir|Lantai 5|Zona Selatan|Arsitektur|Berat|Kelembaban tinggi|Korsleting|Rp 2580000
Plafon gypsum di gedung parkir lantai 5 zona selatan mengalami kerusakan berat karena korsleting akibat kelembaban tinggi, perlu perbaikan segera|Laporan teknisi: perbaikan plafon gypsum|Plafon Gypsum / GRC|Gedung Parkir|Lantai 5|Zona Selatan|Arsitektur|Berat|Kelembaban tinggi|Korsleting|Rp 2580000
Bell Alarm tidak berfungsi total karena kualitas material yang buruk, ini sangat mengganggu sekali, apa yang harus saya lakukan?|Tidak berfungsi total karena kualitas material|Bell Alarm|Gedung Utama|Lantai 20|Zona Barat|Sistem Proteksi Kebakaran Aktif|Berat|Kualitas material|Tidak berfungsi total|8398000
Bell Alarm mati total, tolong bantu secepatnya|Tidak berfungsi|Bell Alarm|Gedung Utama|Lantai 20|Zona Barat|Sistem Proteksi Kebakaran Aktif|Berat|Kualitas material|Tidak berfungsi total|8398000
Saya melaporkan bahwa Bell Alarm di Gedung Utama, Lantai 20, Zona Barat tidak berfungsi total akibat kualitas material yang kurang baik, perlu perbaikan segera|Bell Alarm tidak berfungsi|Bell Alarm|Gedung Utama|Lantai 20|Zona Barat|Sistem Proteksi Kebakaran Aktif|Berat|Kualitas material|Tidak berfungsi total|8398000
Lantai beton kita netes terus karena korosi parah dan korsleting listrik, jadi sangat mengganggu rutinitas harian kita|Laporan teknisi: kerusakan pada lantai beton karena korosi dan korsleting|Lantai Beton|Gedung E|Lantai 2|Zona Tengah|Civil|Ringan|Korosi|Korsleting|162000
Lantai beton agak berisik karena korsleting|Kerusakan ringan pada lantai beton|Lantai Beton|Gedung E|Lantai 2|Zona Tengah|Civil|Ringan|Korosi|Korsleting|162000
Lantai beton di kantor kita mengalami kerusakan karena korosi yang menyebabkan korsleting, sehingga perlu perbaikan segera|Laporan teknisi: perbaikan lantai beton karena korosi dan korsleting|Lantai Beton|Gedung E|Lantai 2|Zona Tengah|Civil|Ringan|Korosi|Korsleting|162000
AC Split membuat bunyi abnormal yang mengganggu rutinitas harian, sepertinya aus normal yang bikin netes-netes terus|Teknisi menemukan bahwa AC Split mengalami kerusakan pada komponen yangaus normal|AC Split|Gedung E|Lantai 1|Zona Tengah|Mechanical|Sedang|Aus normal|Bunyi abnormal|891000
AC Split bunyi abnormal, aus normal, ganggu rutinitas|Teknisi sedang menangani perbaikan|AC Split|Gedung E|Lantai 1|Zona Tengah|Mechanical|Sedang|Aus normal|Bunyi abnormal|891000
Karyawan melaporkan bahwa AC Split di Gedung E Lantai 1 Zona Tengah mengalami bunyi abnormal agak berisik, kemungkinan aus normal|Perlu dilakukan perbaikan segera|AC Split|Gedung E|Lantai 1|Zona Tengah|Mechanical|Sedang|Aus normal|Bunyi abnormal|891000
Pesawat Telepon di lantai 12 gedung D zona timur mengalami tekanan tidak stabil, suaranya netes terus dan agak berisik sehingga mengganggu rutinitas, kemungkinan karena aus normal|Tekanan tidak stabil dan aus normal menyebabkan suara tidak jelas|Pesawat Telepon|Gedung D|Lantai 12|Zona Timur|Sistem Telekomunikasi Gedung|Sedang|Aus normal|Tekanan tidak stabil|1564000
Pesawat telepon rusak, tekanan tidak stabil, aus normal|Tekanan tidak stabil|Pesawat Telepon|Gedung D|Lantai 12|Zona Timur|Sistem Telekomunikasi Gedung|Sedang|Aus normal|Tekanan tidak stabil|1564000
Pesawat telepon di gedung D lantai 12 zona timur bermasalah, tekanan suara tidak stabil, kemungkinan karena aus, perlu perbaikan segera|Perbaikan tekanan suara dan penggantian komponen aus|Pesawat Telepon|Gedung D|Lantai 12|Zona Timur|Sistem Telekomunikasi Gedung|Sedang|Aus normal|Tekanan tidak stabil|1564000
Dinding kayu bunyi abnormal parah karena usia pakai, mengganggu aktivitas sehari-hari|Dinding kayu mengalami kerusakan parah|Dinding Kayu|Gedung D|Lantai 4|Zona Utara|Civil|Fatal|Usia pakai|Bunyi abnormal|24284000
Dinding kayu jebol, bunyi abnormal|Dinding kayu rusak|Dinding Kayu|Gedung D|Lantai 4|Zona Utara|Civil|Fatal|Usia pakai|Bunyi abnormal|24284000
Dinding kayu Gedung D lantai 4 zona utara mengalami kerusakan berat dengan bunyi abnormal yang disebabkan oleh usia pakai, perlu perbaikan segera|Dinding kayu Gedung D lantai 4 zona utara rusak|Dinding Kayu|Gedung D|Lantai 4|Zona Utara|Civil|Fatal|Usia pakai|Bunyi abnormal|24284000
Smoke Detector rusak parah, tampilan rusak karena getaran, membuat saya sangat kesal|Tampilan rusak, getaran terdeteksi|Smoke Detector|Gedung B|Lantai 4|Zona Utara|Sistem Proteksi Kebakaran Aktif|Sedang|Getaran|Tampilan rusak|1965000
Smoke Detector netes, agak berisik karena getaran|Tampilan rusak|Smoke Detector|Gedung B|Lantai 4|Zona Utara|Sistem Proteksi Kebakaran Aktif|Sedang|Getaran|Tampilan rusak|1965000
Tampilan Smoke Detector rusak, kemungkinan karena getaran, perlu perbaikan segera|Tampilan rusak karena getaran|Smoke Detector|Gedung B|Lantai 4|Zona Utara|Sistem Proteksi Kebakaran Aktif|Sedang|Getaran|Tampilan rusak|1965000
Dinding GRC di lantai 10 zona selatan gedung D mengalami getaran dan bunyi abnormal yang sangat mengganggu rutinitas harian kita, sehingga perlu segera diperbaiki|Dinding GRC mengalami getaran yang menyebabkan bunyi abnormal|Dinding GRC|Gedung D|Lantai 10|Zona Selatan|Civil|Ringan|Getaran|Bunyi abnormal|139000
Dinding GRC gedung D lantai 10 zona selatan bunyi abnormal karena getaran|Perlu perbaikan dinding GRC|Dinding GRC|Gedung D|Lantai 10|Zona Selatan|Civil|Ringan|Getaran|Bunyi abnormal|139000
Dinding GRC di gedung D lantai 10 zona selatan mengalami bunyi abnormal yang disebabkan oleh getaran, perlu dilakukan perbaikan segera untuk menghindari gangguan lebih lanjut|Dinding GRC mengalami bunyi abnormal karena getaran|Dinding GRC|Gedung D|Lantai 10|Zona Selatan|Civil|Ringan|Getaran|Bunyi abnormal|139000
Wastafel di lantai 5 zona timur gedung parkir bocor dan aliran airnya lemah karena kualitas material yang tidak baik|Toto wastafel bocor dan aliran airnya lemah|Wastafel|Gedung Parkir|Lantai 5|Zona Timur|Plumbing|Ringan|Kualitas material|Aliran lemah|300000
Wastafel bocor|Wastafel Toto bocor|Wastafel|Gedung Parkir|Lantai 5|Zona Timur|Plumbing|Ringan|Kualitas material|Aliran lemah|300000
Karyawan melaporkan wastafel di lantai 5 zona timur gedung parkir mengalami kerusakan berupa aliran air yang lemah akibat kualitas material yang tidak memadai|Laporan teknisi: wastafel Toto bocor dan aliran airnya lemah|Wastafel|Gedung Parkir|Lantai 5|Zona Timur|Plumbing|Ringan|Kualitas material|Aliran lemah|300000
APAR Dry Powder Cartridge rusak parah, retak dan aus normal membuatnya tidak bisa berfungsi dengan baik, mengganggu keselamatan di Gedung Utama|APAR Dry Powder Cartridge rusak, perlu perbaikan segera|APAR Dry Powder Cartridge|Gedung Utama|9|Tengah|Sistem Pemadam Kebakaran|Berat|Aus normal|Retak/pecah|2197000
APAR Dry Powder Cartridge jebol, butuh diperbaiki sekarang juga|APAR rusak, perlu perbaikan|APAR Dry Powder Cartridge|Gedung Utama|9|Tengah|Sistem Pemadam Kebakaran|Berat|Aus normal|Retak/pecah|2197000
APAR Dry Powder Cartridge mengalami kerusakan retak dan aus normal, perlu dilakukan perbaikan untuk memastikan keselamatan|APAR Dry Powder Cartridge butuh perbaikan|APAR Dry Powder Cartridge|Gedung Utama|9|Tengah|Sistem Pemadam Kebakaran|Berat|Aus normal|Retak/pecah|2197000
Wastafel di kantor kita mati total karena kelembaban tinggi, netes terus dan suara yang agak berisik sangat mengganggu|Toto wastafel tidak berfungsi total|Wastafel|Gedung A|Lantai 5|Zona Tengah|Plumbing|Sedang|Kelembaban tinggi|Tidak berfungsi total|1909000
Wastafel mati total|Toto wastafel rusak|Wastafel|Gedung A|Lantai 5|Zona Tengah|Plumbing|Sedang|Kelembaban tinggi|Tidak berfungsi total|1909000
Wastafel Toto di lantai 5 zona tengah gedung A tidak berfungsi dengan baik karena kelembaban yang tinggi sehingga mengakibatkan kerusakan|Laporan teknisi tentang wastafel Toto yang tidak berfungsi|Wastafel|Gedung A|Lantai 5|Zona Tengah|Plumbing|Sedang|Kelembaban tinggi|Tidak berfungsi total|1909000
Genset Diesel di Gedung Servis Lantai 3 Zona Selatan macet karena kelembaban tinggi membuatnya netes dan agak berisik|Genset Diesel macet dan berisik|Genset Diesel|Gedung Servis|Lantai 3|Zona Selatan|Mechanical|Ringan|Kelembaban tinggi|Macet/tersumbat|187000
Genset Diesel macet|Genset Diesel macet|Genset Diesel|Gedung Servis|Lantai 3|Zona Selatan|Mechanical|Ringan|Kelembaban tinggi|Macet/tersumbat|187000
Genset Diesel merek Perkins di Gedung Servis Lantai 3 Zona Selatan mengalami kerusakan macet karena kelembaban tinggi sehingga perlu perbaikan|Genset Diesel perlu perbaikan|Genset Diesel|Gedung Servis|Lantai 3|Zona Selatan|Mechanical|Ringan|Kelembaban tinggi|Macet/tersumbat|187000
Wiring sistem di Gedung A lantai 12 zona selatan saya korosi parah karena overload, netes terus dan mengganggu rutinitas|Sistem instalasi kabel mengalami kerusakan karena beban berlebih|Wiring System|Gedung A|Lantai 12|Zona Selatan|Electrical|Berat|Overload|Berkarat/korosi|5830000
Wiring sistem rusak berat karena korosi dan overload|Sistem instalasi kabel rusak|Wiring System|Gedung A|Lantai 12|Zona Selatan|Electrical|Berat|Overload|Berkarat/korosi|5830000
Sistem instalasi kabel di Gedung A lantai 12 zona selatan mengalami kerusakan korosi dan overload sehingga mengganggu operasional, perlu perbaikan segera|Laporan teknisi tentang kerusakan sistem instalasi kabel|Wiring System|Gedung A|Lantai 12|Zona Selatan|Electrical|Berat|Overload|Berkarat/korosi|5830000
Wastafel di kantor saya bocor parah, koneksi terputus dan aus normal, sangat mengganggu rutinitas|Kerusakan koneksi terputus dan aus normal pada wastafel|Wastafel|Gedung A|7|Barat|Plumbing|Berat|Aus normal|Koneksi terputus|5843000
Wastafel bocor, koneksi putus, aus|Kerusakan koneksi terputus|Wastafel|Gedung A|7|Barat|Plumbing|Berat|Aus normal|Koneksi terputus|5843000
Kerusakan wastafel di lantai 7 Gedung A, zona barat, yaitu koneksi terputus dan aus normal, memerlukan perbaikan segera|Laporan teknisi tentang kerusakan wastafel|Wastafel|Gedung A|7|Barat|Plumbing|Berat|Aus normal|Koneksi terputus|5843000
MDP|Gedung D, Lantai 4, Zona Timur|MDP|Gedung D|Lantai 4|Zona Timur|Electrical|Ringan|Usia pakai|Retak/pecah|238000
MDP terus netes|Perlu diperbaiki segera|MDP|Gedung D|Lantai 4|Zona Timur|Electrical|Ringan|Usia pakai|Retak/pecah|238000
Kerusakan retak pada MDP di Gedung D Lantai 4 Zona Timur|Perlu penanganan segera|MDP|Gedung D|Lantai 4|Zona Timur|Electrical|Ringan|Usia pakai|Retak/pecah|238000
APAR Halon mati mendadak gara-gara aus normal, sangat mengganggu kegiatan sehari-hari|Teknisi menemukan kerusakan pada APAR Halon, kemungkinan aus normal|APAR Halon|Gedung A|Lantai 12|Zona Timur|Sistem Pemadam Kebakaran|Sedang|Aus normal|Mati mendadak|1536000
APAR Halon mati|APAR Halon rusak|APAR Halon|Gedung A|Lantai 12|Zona Timur|Sistem Pemadam Kebakaran|Sedang|Aus normal|Mati mendadak|1536000
APAR Halon di Gedung A Lantai 12 Zona Timur mengalami kerusakan mati mendadak karena aus normal, gangguan ini cukup mengganggu rutinitas|Laporan teknisi: APAR Halon rusak, kemungkinan aus normal|APAR Halon|Gedung A|Lantai 12|Zona Timur|Sistem Pemadam Kebakaran|Sedang|Aus normal|Mati mendadak|1536000
Koneksi terputus parah, aus normal, mati total|Koneksi terputus parah|Floor Drain|Gedung C|Lantai 7|Zona Utara|Plumbing|Fatal|Aus normal|Koneksi terputus|10451000
Koneksi terputus, aus, jebol|Koneksi terputus|Floor Drain|Gedung C|Lantai 7|Zona Utara|Plumbing|Fatal|Aus normal|Koneksi terputus|10451000
Koneksi floor drain terputus dan aus normal, perlu perbaikan segera|Koneksi terputus dan aus|Floor Drain|Gedung C|Lantai 7|Zona Utara|Plumbing|Fatal|Aus normal|Koneksi terputus|10451000
Exhaust Fan di Gedung Servis Lantai 1 Zona Tengah bocor parah karena kurang perawatan, suaranya sangat berisik dan mengganggu rutinitas|Exhaust Fan bocor, perlu perbaikan segera|Exhaust Fan|Gedung Servis|Lantai 1|Zona Tengah|Ventilasi Sistem|Fatal|Kurang perawatan|Kebocoran|47574000
Exhaust Fan bocor, perlu perbaikan segera|Exhaust Fan rusak, butuh perbaikan|Exhaust Fan|Gedung Servis|Lantai 1|Zona Tengah|Ventilasi Sistem|Fatal|Kurang perawatan|Kebocoran|47574000
Exhaust Fan di Lantai 1 Gedung Servis Zone Tengah mengalami kebocoran yang cukup parah akibat kurangnya perawatan, sehingga menyebabkan kerusakan yang fatal|Exhaust Fan perlu perbaikan karena kebocoran|Exhaust Fan|Gedung Servis|Lantai 1|Zona Tengah|Ventilasi Sistem|Fatal|Kurang perawatan|Kebocoran|47574000
Exhaust Fan di Gedung Utama Lantai 19 Zona Tengah mengalami tekanan tidak stabil karena overload, suaranya agak berisik dan mengganggu rutinitas, tolong diperbaiki secepatnya|Tekanan tidak stabil karena overload|Exhaust Fan|Gedung Utama|Lantai 19|Zona Tengah|Ventilasi Sistem|Ringan|Overload|Tekanan tidak stabil|Rp 265000
Exhaust Fan Gedung Utama Lantai 19 rusak, tekanan tidak stabil karena overload, tolong perbaiki|Rusak karena overload|Exhaust Fan|Gedung Utama|Lantai 19|Zona Tengah|Ventilasi Sistem|Ringan|Overload|Tekanan tidak stabil|Rp 265000
Saya melaporkan kerusakan Exhaust Fan di Gedung Utama Lantai 19 Zona Tengah, tekanan tidak stabil karena overload, mengeluarkan suara netes yang mengganggu, mohon diperbaiki|Kerusakan tekanan tidak stabil|Exhaust Fan|Gedung Utama|Lantai 19|Zona Tengah|Ventilasi Sistem|Ringan|Overload|Tekanan tidak stabil|Rp 265000
AC Split mendadak netes dan agak berisik karena sensor error yang disebabkan oleh usia pakai|Laporan teknisi tentang kerusakan AC Split|AC Split|Gedung Utama|Lantai 1|Zona Utara|Mechanical|Sedang|Usia pakai|Sensor error|1989000
AC Split rusak|Perlu diperbaiki segera|AC Split|Gedung Utama|Lantai 1|Zona Utara|Mechanical|Sedang|Usia pakai|Sensor error|1989000
Kerusakan pada AC Split di Gedung Utama Lantai 1 Zona Utara disebabkan oleh sensor error yang terkait dengan usia pakai|Diperlukan perbaikan segera untuk mengatasi kerusakan|AC Split|Gedung Utama|Lantai 1|Zona Utara|Mechanical|Sedang|Usia pakai|Sensor error|1989000
Pintu kayu di lantai 3 zona selatan gedung parkir rusak parah, aus normal sehingga tampilan rusak dan mengganggu rutinitas sehari-hari|Pintu kayu/HPL rusak|Pintu Kayu/HPL|Gedung Parkir|Lantai 3|Zona Selatan|Arsitektur|Sedang|Aus normal|Tampilan rusak|1032000
Pintu kayu rusak, aus, tampilan jelek|Pintu kayu/HPL rusak|Pintu Kayu/HPL|Gedung Parkir|Lantai 3|Zona Selatan|Arsitektur|Sedang|Aus normal|Tampilan rusak|1032000
Pintu kayu di gedung parkir lantai 3 zona selatan mengalami kerusakan pada tampilan karena aus normal, perlu perbaikan segera|Pintu kayu/HPL rusak|Pintu Kayu/HPL|Gedung Parkir|Lantai 3|Zona Selatan|Arsitektur|Sedang|Aus normal|Tampilan rusak|1032000
AC Cassette tidak bisa dipakai karena korsleting yang parah, kayaknya karena usia pakai yang sudah lama, jadi netes terus dan suaranya agak berisik|Tidak ada laporan teknisi|AC Cassette|Gedung B|Lantai 7|Zona Barat|Mechanical|Sedang|Usia pakai|Korsleting|1111000
AC Cassette rusak|Laporan teknisi belum ada|AC Cassette|Gedung B|Lantai 7|Zona Barat|Mechanical|Sedang|Usia pakai|Korsleting|1111000
AC Cassette di Gedung B Lantai 7 Zona Barat mengalami kerusakan karena korsleting yang disebabkan oleh usia pakai, sehingga mengganggu rutinitas kerja|Laporan teknisi masih dalam proses|AC Cassette|Gedung B|Lantai 7|Zona Barat|Mechanical|Sedang|Usia pakai|Korsleting|1111000
Pemipaan air bersih bocor terus, kurang perawatan membuatnya netes terus, sangat mengganggu rutinitas|Kebocoran pada pipa air bersih|Pemipaan Air Bersih|Gedung D|Lantai 5|Zona Utara|Plumbing|Sedang|Kurang perawatan|Kebocoran|1073000
Pipa bocor, kurang perawatan, agak berisik|Kebocoran pipa|Pemipaan Air Bersih|Gedung D|Lantai 5|Zona Utara|Plumbing|Sedang|Kurang perawatan|Kebocoran|1073000
Pemipaan air bersih mengalami kebocoran, kemungkinan disebabkan oleh kurangnya perawatan, sehingga air mengalir tidak terkendali, menimbulkan suara agak berisik|Laporan kebocoran pipa|Pemipaan Air Bersih|Gedung D|Lantai 5|Zona Utara|Plumbing|Sedang|Kurang perawatan|Kebocoran|1073000
AC Split mati total karena koneksi terputus parah akibat human error yang sangat fatal|Kerusakan koneksi listrik|AC Split|Gedung B|Lantai 6|Zona Tengah|Mechanical|Berat|Human error|Koneksi terputus|3303000
AC Split jebol|Kerusakan listrik|AC Split|Gedung B|Lantai 6|Zona Tengah|Mechanical|Berat|Human error|Koneksi terputus|3303000
Terdapat kerusakan pada AC Split di Gedung B Lantai 6 Zona Tengah karena koneksi terputus yang disebabkan oleh human error|Laporan teknisi|AC Split|Gedung B|Lantai 6|Zona Tengah|Mechanical|Berat|Human error|Koneksi terputus|3303000
APAR Dry Powder Stored Pressure netes karena korsleting akibat kualitas material yang buruk|Kerusakan korsleting pada APAR Dry Powder|APAR Dry Powder Stored Pressure|Gedung Parkir|Lantai 1|Zona Barat|Sistem Pemadam Kebakaran|Ringan|Kualitas material|Korsleting|138000
APAR bermasalah|Korsleting APAR|APAR Dry Powder Stored Pressure|Gedung Parkir|Lantai 1|Zona Barat|Sistem Pemadam Kebakaran|Ringan|Kualitas material|Korsleting|138000
APAR Dry Powder Stored Pressure mengalami gangguan karena korsleting yang disebabkan oleh kualitas material yang kurang baik|Laporan teknisi: APAR Dry Powder Stored Pressure|APAR Dry Powder Stored Pressure|Gedung Parkir|Lantai 1|Zona Barat|Sistem Pemadam Kebakaran|Ringan|Kualitas material|Korsleting|138000
APAR Dry Powder Stored Pressure netes terus|Bunyi abnormal karena tegangan tidak stabil|APAR Dry Powder Stored Pressure|Gedung Servis|Lantai 3|Zona Utara|Sistem Pemadam Kebakaran|Ringan|Tegangan tidak stabil|Bunyi abnormal|113000
APAR bunyi aneh|Tegangan tidak stabil|APAR Dry Powder Stored Pressure|Gedung Servis|Lantai 3|Zona Utara|Sistem Pemadam Kebakaran|Ringan|Tegangan tidak stabil|Bunyi abnormal|113000
APAR di lantai 3 zona utara mengeluarkan suara agak berisik|Ditemukan kerusakan karena tegangan listrik tidak stabil|APAR Dry Powder Stored Pressure|Gedung Servis|Lantai 3|Zona Utara|Sistem Pemadam Kebakaran|Ringan|Tegangan tidak stabil|Bunyi abnormal|113000
Plafon gypsum di lantai 5 zona selatan gedung parkir mengalami korsleting parah karena kelembaban tinggi, saya sangat panik karena listrik mati total|Laporan teknisi: korsleting pada plafon gypsum|Plafon Gypsum / GRC|Gedung Parkir|Lantai 5|Zona Selatan|Arsitektur|Berat|Kelembaban tinggi|Korsleting|Rp 2580000
Plafon gypsum korsleting, kelembaban tinggi, tolong bantu|Laporan teknisi: perlu perbaikan segera|Plafon Gypsum / GRC|Gedung Parkir|Lantai 5|Zona Selatan|Arsitektur|Berat|Kelembaban tinggi|Korsleting|Rp 2580000
Plafon gypsum di gedung parkir lantai 5 zona selatan mengalami kerusakan berat karena korsleting akibat kelembaban tinggi, perlu perbaikan segera|Laporan teknisi: perbaikan plafon gypsum|Plafon Gypsum / GRC|Gedung Parkir|Lantai 5|Zona Selatan|Arsitektur|Berat|Kelembaban tinggi|Korsleting|Rp 2580000
Bell Alarm tidak berfungsi total karena kualitas material yang buruk, ini sangat mengganggu sekali, apa yang harus saya lakukan?|Tidak berfungsi total karena kualitas material|Bell Alarm|Gedung Utama|Lantai 20|Zona Barat|Sistem Proteksi Kebakaran Aktif|Berat|Kualitas material|Tidak berfungsi total|8398000
Bell Alarm mati total, tolong bantu secepatnya|Tidak berfungsi|Bell Alarm|Gedung Utama|Lantai 20|Zona Barat|Sistem Proteksi Kebakaran Aktif|Berat|Kualitas material|Tidak berfungsi total|8398000
Saya melaporkan bahwa Bell Alarm di Gedung Utama, Lantai 20, Zona Barat tidak berfungsi total akibat kualitas material yang kurang baik, perlu perbaikan segera|Bell Alarm tidak berfungsi|Bell Alarm|Gedung Utama|Lantai 20|Zona Barat|Sistem Proteksi Kebakaran Aktif|Berat|Kualitas material|Tidak berfungsi total|8398000
Lantai beton kita netes terus karena korosi parah dan korsleting listrik, jadi sangat mengganggu rutinitas harian kita|Laporan teknisi: kerusakan pada lantai beton karena korosi dan korsleting|Lantai Beton|Gedung E|Lantai 2|Zona Tengah|Civil|Ringan|Korosi|Korsleting|162000
Lantai beton agak berisik karena korsleting|Kerusakan ringan pada lantai beton|Lantai Beton|Gedung E|Lantai 2|Zona Tengah|Civil|Ringan|Korosi|Korsleting|162000
Lantai beton di kantor kita mengalami kerusakan karena korosi yang menyebabkan korsleting, sehingga perlu perbaikan segera|Laporan teknisi: perbaikan lantai beton karena korosi dan korsleting|Lantai Beton|Gedung E|Lantai 2|Zona Tengah|Civil|Ringan|Korosi|Korsleting|162000
AC Split membuat bunyi abnormal yang mengganggu rutinitas harian, sepertinya aus normal yang bikin netes-netes terus|Teknisi menemukan bahwa AC Split mengalami kerusakan pada komponen yangaus normal|AC Split|Gedung E|Lantai 1|Zona Tengah|Mechanical|Sedang|Aus normal|Bunyi abnormal|891000
AC Split bunyi abnormal, aus normal, ganggu rutinitas|Teknisi sedang menangani perbaikan|AC Split|Gedung E|Lantai 1|Zona Tengah|Mechanical|Sedang|Aus normal|Bunyi abnormal|891000
Karyawan melaporkan bahwa AC Split di Gedung E Lantai 1 Zona Tengah mengalami bunyi abnormal agak berisik, kemungkinan aus normal|Perlu dilakukan perbaikan segera|AC Split|Gedung E|Lantai 1|Zona Tengah|Mechanical|Sedang|Aus normal|Bunyi abnormal|891000
Pesawat Telepon di lantai 12 gedung D zona timur mengalami tekanan tidak stabil, suaranya netes terus dan agak berisik sehingga mengganggu rutinitas, kemungkinan karena aus normal|Tekanan tidak stabil dan aus normal menyebabkan suara tidak jelas|Pesawat Telepon|Gedung D|Lantai 12|Zona Timur|Sistem Telekomunikasi Gedung|Sedang|Aus normal|Tekanan tidak stabil|1564000
Pesawat telepon rusak, tekanan tidak stabil, aus normal|Tekanan tidak stabil|Pesawat Telepon|Gedung D|Lantai 12|Zona Timur|Sistem Telekomunikasi Gedung|Sedang|Aus normal|Tekanan tidak stabil|1564000
Pesawat telepon di gedung D lantai 12 zona timur bermasalah, tekanan suara tidak stabil, kemungkinan karena aus, perlu perbaikan segera|Perbaikan tekanan suara dan penggantian komponen aus|Pesawat Telepon|Gedung D|Lantai 12|Zona Timur|Sistem Telekomunikasi Gedung|Sedang|Aus normal|Tekanan tidak stabil|1564000
Dinding kayu bunyi abnormal parah karena usia pakai, mengganggu aktivitas sehari-hari|Dinding kayu mengalami kerusakan parah|Dinding Kayu|Gedung D|Lantai 4|Zona Utara|Civil|Fatal|Usia pakai|Bunyi abnormal|24284000
Dinding kayu jebol, bunyi abnormal|Dinding kayu rusak|Dinding Kayu|Gedung D|Lantai 4|Zona Utara|Civil|Fatal|Usia pakai|Bunyi abnormal|24284000
Dinding kayu Gedung D lantai 4 zona utara mengalami kerusakan berat dengan bunyi abnormal yang disebabkan oleh usia pakai, perlu perbaikan segera|Dinding kayu Gedung D lantai 4 zona utara rusak|Dinding Kayu|Gedung D|Lantai 4|Zona Utara|Civil|Fatal|Usia pakai|Bunyi abnormal|24284000
Smoke Detector rusak parah, tampilan rusak karena getaran, membuat saya sangat kesal|Tampilan rusak, getaran terdeteksi|Smoke Detector|Gedung B|Lantai 4|Zona Utara|Sistem Proteksi Kebakaran Aktif|Sedang|Getaran|Tampilan rusak|1965000
Smoke Detector netes, agak berisik karena getaran|Tampilan rusak|Smoke Detector|Gedung B|Lantai 4|Zona Utara|Sistem Proteksi Kebakaran Aktif|Sedang|Getaran|Tampilan rusak|1965000
Tampilan Smoke Detector rusak, kemungkinan karena getaran, perlu perbaikan segera|Tampilan rusak karena getaran|Smoke Detector|Gedung B|Lantai 4|Zona Utara|Sistem Proteksi Kebakaran Aktif|Sedang|Getaran|Tampilan rusak|1965000
Dinding GRC di lantai 10 zona selatan gedung D mengalami getaran dan bunyi abnormal yang sangat mengganggu rutinitas harian kita, sehingga perlu segera diperbaiki|Dinding GRC mengalami getaran yang menyebabkan bunyi abnormal|Dinding GRC|Gedung D|Lantai 10|Zona Selatan|Civil|Ringan|Getaran|Bunyi abnormal|139000
Dinding GRC gedung D lantai 10 zona selatan bunyi abnormal karena getaran|Perlu perbaikan dinding GRC|Dinding GRC|Gedung D|Lantai 10|Zona Selatan|Civil|Ringan|Getaran|Bunyi abnormal|139000
Dinding GRC di gedung D lantai 10 zona selatan mengalami bunyi abnormal yang disebabkan oleh getaran, perlu dilakukan perbaikan segera untuk menghindari gangguan lebih lanjut|Dinding GRC mengalami bunyi abnormal karena getaran|Dinding GRC|Gedung D|Lantai 10|Zona Selatan|Civil|Ringan|Getaran|Bunyi abnormal|139000
Wastafel di lantai 5 zona timur gedung parkir bocor dan aliran airnya lemah karena kualitas material yang tidak baik|Toto wastafel bocor dan aliran airnya lemah|Wastafel|Gedung Parkir|Lantai 5|Zona Timur|Plumbing|Ringan|Kualitas material|Aliran lemah|300000
Wastafel bocor|Wastafel Toto bocor|Wastafel|Gedung Parkir|Lantai 5|Zona Timur|Plumbing|Ringan|Kualitas material|Aliran lemah|300000
Karyawan melaporkan wastafel di lantai 5 zona timur gedung parkir mengalami kerusakan berupa aliran air yang lemah akibat kualitas material yang tidak memadai|Laporan teknisi: wastafel Toto bocor dan aliran airnya lemah|Wastafel|Gedung Parkir|Lantai 5|Zona Timur|Plumbing|Ringan|Kualitas material|Aliran lemah|300000
APAR Dry Powder Cartridge rusak parah, retak dan aus normal membuatnya tidak bisa berfungsi dengan baik, mengganggu keselamatan di Gedung Utama|APAR Dry Powder Cartridge rusak, perlu perbaikan segera|APAR Dry Powder Cartridge|Gedung Utama|9|Tengah|Sistem Pemadam Kebakaran|Berat|Aus normal|Retak/pecah|2197000
APAR Dry Powder Cartridge jebol, butuh diperbaiki sekarang juga|APAR rusak, perlu perbaikan|APAR Dry Powder Cartridge|Gedung Utama|9|Tengah|Sistem Pemadam Kebakaran|Berat|Aus normal|Retak/pecah|2197000
APAR Dry Powder Cartridge mengalami kerusakan retak dan aus normal, perlu dilakukan perbaikan untuk memastikan keselamatan|APAR Dry Powder Cartridge butuh perbaikan|APAR Dry Powder Cartridge|Gedung Utama|9|Tengah|Sistem Pemadam Kebakaran|Berat|Aus normal|Retak/pecah|2197000
Wastafel di kantor kita mati total karena kelembaban tinggi, netes terus dan suara yang agak berisik sangat mengganggu|Toto wastafel tidak berfungsi total|Wastafel|Gedung A|Lantai 5|Zona Tengah|Plumbing|Sedang|Kelembaban tinggi|Tidak berfungsi total|1909000
Wastafel mati total|Toto wastafel rusak|Wastafel|Gedung A|Lantai 5|Zona Tengah|Plumbing|Sedang|Kelembaban tinggi|Tidak berfungsi total|1909000
Wastafel Toto di lantai 5 zona tengah gedung A tidak berfungsi dengan baik karena kelembaban yang tinggi sehingga mengakibatkan kerusakan|Laporan teknisi tentang wastafel Toto yang tidak berfungsi|Wastafel|Gedung A|Lantai 5|Zona Tengah|Plumbing|Sedang|Kelembaban tinggi|Tidak berfungsi total|1909000
Genset Diesel di Gedung Servis Lantai 3 Zona Selatan macet karena kelembaban tinggi membuatnya netes dan agak berisik|Genset Diesel macet dan berisik|Genset Diesel|Gedung Servis|Lantai 3|Zona Selatan|Mechanical|Ringan|Kelembaban tinggi|Macet/tersumbat|187000
Genset Diesel macet|Genset Diesel macet|Genset Diesel|Gedung Servis|Lantai 3|Zona Selatan|Mechanical|Ringan|Kelembaban tinggi|Macet/tersumbat|187000
Genset Diesel merek Perkins di Gedung Servis Lantai 3 Zona Selatan mengalami kerusakan macet karena kelembaban tinggi sehingga perlu perbaikan|Genset Diesel perlu perbaikan|Genset Diesel|Gedung Servis|Lantai 3|Zona Selatan|Mechanical|Ringan|Kelembaban tinggi|Macet/tersumbat|187000
Wiring sistem di Gedung A lantai 12 zona selatan saya korosi parah karena overload, netes terus dan mengganggu rutinitas|Sistem instalasi kabel mengalami kerusakan karena beban berlebih|Wiring System|Gedung A|Lantai 12|Zona Selatan|Electrical|Berat|Overload|Berkarat/korosi|5830000
Wiring sistem rusak berat karena korosi dan overload|Sistem instalasi kabel rusak|Wiring System|Gedung A|Lantai 12|Zona Selatan|Electrical|Berat|Overload|Berkarat/korosi|5830000
Sistem instalasi kabel di Gedung A lantai 12 zona selatan mengalami kerusakan korosi dan overload sehingga mengganggu operasional, perlu perbaikan segera|Laporan teknisi tentang kerusakan sistem instalasi kabel|Wiring System|Gedung A|Lantai 12|Zona Selatan|Electrical|Berat|Overload|Berkarat/korosi|5830000
Wastafel di kantor saya bocor parah, koneksi terputus dan aus normal, sangat mengganggu rutinitas|Kerusakan koneksi terputus dan aus normal pada wastafel|Wastafel|Gedung A|7|Barat|Plumbing|Berat|Aus normal|Koneksi terputus|5843000
Wastafel bocor, koneksi putus, aus|Kerusakan koneksi terputus|Wastafel|Gedung A|7|Barat|Plumbing|Berat|Aus normal|Koneksi terputus|5843000
Kerusakan wastafel di lantai 7 Gedung A, zona barat, yaitu koneksi terputus dan aus normal, memerlukan perbaikan segera|Laporan teknisi tentang kerusakan wastafel|Wastafel|Gedung A|7|Barat|Plumbing|Berat|Aus normal|Koneksi terputus|5843000
MDP|Gedung D, Lantai 4, Zona Timur|MDP|Gedung D|Lantai 4|Zona Timur|Electrical|Ringan|Usia pakai|Retak/pecah|238000
MDP terus netes|Perlu diperbaiki segera|MDP|Gedung D|Lantai 4|Zona Timur|Electrical|Ringan|Usia pakai|Retak/pecah|238000
Kerusakan retak pada MDP di Gedung D Lantai 4 Zona Timur|Perlu penanganan segera|MDP|Gedung D|Lantai 4|Zona Timur|Electrical|Ringan|Usia pakai|Retak/pecah|238000
APAR Halon mati mendadak gara-gara aus normal, sangat mengganggu kegiatan sehari-hari|Teknisi menemukan kerusakan pada APAR Halon, kemungkinan aus normal|APAR Halon|Gedung A|Lantai 12|Zona Timur|Sistem Pemadam Kebakaran|Sedang|Aus normal|Mati mendadak|1536000
APAR Halon mati|APAR Halon rusak|APAR Halon|Gedung A|Lantai 12|Zona Timur|Sistem Pemadam Kebakaran|Sedang|Aus normal|Mati mendadak|1536000
APAR Halon di Gedung A Lantai 12 Zona Timur mengalami kerusakan mati mendadak karena aus normal, gangguan ini cukup mengganggu rutinitas|Laporan teknisi: APAR Halon rusak, kemungkinan aus normal|APAR Halon|Gedung A|Lantai 12|Zona Timur|Sistem Pemadam Kebakaran|Sedang|Aus normal|Mati mendadak|1536000
Koneksi terputus parah, aus normal, mati total|Koneksi terputus parah|Floor Drain|Gedung C|Lantai 7|Zona Utara|Plumbing|Fatal|Aus normal|Koneksi terputus|10451000
Koneksi terputus, aus, jebol|Koneksi terputus|Floor Drain|Gedung C|Lantai 7|Zona Utara|Plumbing|Fatal|Aus normal|Koneksi terputus|10451000
Koneksi floor drain terputus dan aus normal, perlu perbaikan segera|Koneksi terputus dan aus|Floor Drain|Gedung C|Lantai 7|Zona Utara|Plumbing|Fatal|Aus normal|Koneksi terputus|10451000
Pemipaan air bersih di Gedung E Lantai 1 Zona Selatan mengalami kerusakan parah karena getaran berlebihan dan korosi, sehingga menyebabkan kebocoran yang sangat parah dan mengganggu aktivitas sehari-hari, tolong segera diperbaiki|Kerusakan pada pipa air bersih di Gedung E Lantai 1 Zona Selatan|Pemipaan Air Bersih|Gedung E|Lantai 1|Zona Selatan|Plumbing|Fatal|Korosi|Getaran berlebihan|40787000
Pipa air bocor karena getaran dan korosi, tolong diperbaiki sekarang|Kerusakan pipa air bersih|Pemipaan Air Bersih|Gedung E|Lantai 1|Zona Selatan|Plumbing|Fatal|Korosi|Getaran berlebihan|40787000
Kerusakan pada pipa air bersih di Gedung E Lantai 1 Zona Selatan disebabkan oleh getaran berlebihan dan korosi, sehingga menyebabkan kebocoran yang cukup parah, perlu segera diperbaiki untuk menghindari kerugian lebih lanjut|Laporan kerusakan pipa air bersih|Pemipaan Air Bersih|Gedung E|Lantai 1|Zona Selatan|Plumbing|Fatal|Korosi|Getaran berlebihan|40787000
Meja kerja saya getaran berlebihan parah karena human error, jadi saya tidak bisa bekerja dengan nyaman, agak berisik dan mengganggu rutinitas kerja|Getaran berlebihan pada meja kerja|Meja kerja|Gedung Utama|19|Timur|Arsitektur|Sedang|Human error|Getaran berlebihan|1399000
Meja kerja getaran berlebihan|Getaran berlebihan|Meja kerja|Gedung Utama|19|Timur|Arsitektur|Sedang|Human error|Getaran berlebihan|1399000
Meja kerja di lantai 19 zona timur gedung utama mengalami getaran berlebihan karena human error, sehingga perlu perbaikan segera untuk menghindari gangguan lebih lanjut|Laporan teknisi tentang getaran berlebihan pada meja kerja|Meja kerja|Gedung Utama|19|Timur|Arsitektur|Sedang|Human error|Getaran berlebihan|1399000
Meter PDAM di gedung utama lantai 16 zona selatan bermasalah, retak dan netes terus karena tegangan tidak stabil|Kerusakan retak pada meter PDAM di zona selatan|Meter PDAM|Gedung Utama|16|Zona Selatan|Pencatatan Meter|Sedang|Tegangan tidak stabil|Retak/pecah|318000
Meter PDAM bocor|Meter PDAM bermasalah|Meter PDAM|Gedung Utama|16|Zona Selatan|Pencatatan Meter|Sedang|Tegangan tidak stabil|Retak/pecah|318000
Adanya kerusakan pada meter PDAM di gedung utama lantai 16 zona selatan, yaitu retak yang disebabkan oleh tegangan tidak stabil, mengharuskan perbaikan segera|Laporan kerusakan meter PDAM|Meter PDAM|Gedung Utama|16|Zona Selatan|Pencatatan Meter|Sedang|Tegangan tidak stabil|Retak/pecah|318000
Dinding partisi GRC/Gypsum di gedung B lantai 4 zona timur macet/tersumbat karena kelembaban tinggi membuat suara netes yang agak berisik dan mengganggu rutinitas|Tidak ada laporan teknisi|Dinding Partisi, GRC / Gypsum|Gedung B|Lantai 4|Zona Timur|Civil|Sedang|Kelembaban tinggi|Macet/tersumbat|810000
Dinding partisi GRC/Gypsum macet/tersumbat kelembaban tinggi|Tidak ada laporan teknisi|Dinding Partisi, GRC / Gypsum|Gedung B|Lantai 4|Zona Timur|Civil|Sedang|Kelembaban tinggi|Macet/tersumbat|810000
Dinding partisi GRC/Gypsum di zona timur lantai 4 gedung B mengalami kerusakan macet/tersumbat yang disebabkan oleh kelembaban tinggi, sehingga menimbulkan suara yang agak berisik dan memerlukan perbaikan|Tidak ada laporan teknisi|Dinding Partisi, GRC / Gypsum|Gedung B|Lantai 4|Zona Timur|Civil|Sedang|Kelembaban tinggi|Macet/tersumbat|810000
Lampu LED di Gedung D Lantai 10 Zona Tengah bocor dan suaranya agak berisik karena tegangan tidak stabil|Lampu LED bocor dan berisik|Lampu LED|Gedung D|Lantai 10|Zona Tengah|Electrical|Ringan|Tegangan tidak stabil|Kebocoran|121000
Lampu LED bocor|Lampu LED bocor karena tegangan tidak stabil|Lampu LED|Gedung D|Lantai 10|Zona Tengah|Electrical|Ringan|Tegangan tidak stabil|Kebocoran|121000
Lampu LED di Gedung D Lantai 10 Zona Tengah mengalami kebocoran dan netes karena tegangan listrik tidak stabil sehingga perlu diperbaiki|Lampu LED perlu diperbaiki karena kebocoran|Lampu LED|Gedung D|Lantai 10|Zona Tengah|Electrical|Ringan|Tegangan tidak stabil|Kebocoran|121000
MDB mati mendadak karena debu/kotoran, sangat mengganggu pekerjaan|Debu/kotoran menyebabkan kerusakan pada MDB|MDB|Gedung E|Lantai 2|Zona Tengah|Electrical|Berat|Debu/kotoran|Mati mendadak|8662000
MDB mati total karena kotoran|Kerusakan parah pada MDB|MDB|Gedung E|Lantai 2|Zona Tengah|Electrical|Berat|Debu/kotoran|Mati mendadak|8662000
MDB di Gedung E, Lantai 2, Zona Tengah mengalami kerusakan karena debu/kotoran, sehingga menyebabkan mati mendadak|Kerusakan MDB karena debu/kotoran|MDB|Gedung E|Lantai 2|Zona Tengah|Electrical|Berat|Debu/kotoran|Mati mendadak|8662000
Kloset di gedung C lantai 3 zona utara rusak parah karena retak dan pecah, sepertinya kualitas material yang digunakan tidak bagus, ini sangat mengganggu rutinitas kami|Kerusakan kloset di gedung C lantai 3 zona utara|Kloset|Gedung C|Lantai 3|Zona Utara|Plumbing|Berat|Kualitas material|Retak/pecah|8667000
Kloset rusak total di gedung C lantai 3 zona utara, retak dan pecah, tolong perbaiki segera|Kerusakan kloset yang parah|Kloset|Gedung C|Lantai 3|Zona Utara|Plumbing|Berat|Kualitas material|Retak/pecah|8667000
Kerusakan kloset di gedung C lantai 3 zona utara cukup serius, retak dan pecah, kemungkinan karena kualitas material yang tidak memadai, perlu diperbaiki dengan segera|Laporan kerusakan kloset|Kloset|Gedung C|Lantai 3|Zona Utara|Plumbing|Berat|Kualitas material|Retak/pecah|8667000
UPS di kantor kami mengalami overheat dan getaran yang cukup mengganggu rutinitas, sehingga kami tidak bisa bekerja dengan tenang|UPS mengalami kerusakan ringan karena overheat dan getaran|Uninterruptible Power Supply|Gedung A|Lantai 10|Zona Timur|Electrical|Ringan|Getaran|Overheat|466000
UPS kami netes, agak berisik dan mengalami getaran|Kerusakan ringan, perlu perbaikan|Uninterruptible Power Supply|Gedung A|Lantai 10|Zona Timur|Electrical|Ringan|Getaran|Overheat|466000
Kami memiliki masalah dengan UPS di kantor, yaitu overheat dan getaran yang mengganggu, sehingga perlu dilakukan perbaikan|Perlu dilakukan perbaikan pada UPS karena overheat dan getaran|Uninterruptible Power Supply|Gedung A|Lantai 10|Zona Timur|Electrical|Ringan|Getaran|Overheat|466000
Atap spandek saya rusak parah karena human error, tampilan jadi jelek sekali|Kerusakan atap spandek akibat kesalahan manusia|Atap Spandek|Gedung B|Lantai 2|Zona Tengah|Civil|Berat|Human error|Tampilan rusak|6401000
Tampilan atap spandek rusak berat, butuh perbaikan segera|Perlu perbaikan atap spandek|Atap Spandek|Gedung B|Lantai 2|Zona Tengah|Civil|Berat|Human error|Tampilan rusak|6401000
Saya laporan kerusakan atap spandek di Gedung B Lantai 2 Zona Tengah, kondisinya rusak parah karena human error, perlu perbaikan segera|Atap spandek rusak karena kesalahan manusia|Atap Spandek|Gedung B|Lantai 2|Zona Tengah|Civil|Berat|Human error|Tampilan rusak|6401000
AC Cassette tidak bisa nyala karena getaran berlebihan dan tegangan tidak stabil, jadi saya sangat kesal sekali|Tegangan tidak stabil menyebabkan getaran berlebihan pada AC Cassette|AC Cassette|Gedung D|9|Zona Barat|Mechanical|Berat|Tegangan tidak stabil|Getaran berlebihan|6481000
AC Cassette rusak, getaran berlebihan, tegangan tidak stabil|Tegangan tidak stabil|AC Cassette|Gedung D|9|Zona Barat|Mechanical|Berat|Tegangan tidak stabil|Getaran berlebihan|6481000
Saya laporkan bahwa AC Cassette di Gedung D Lantai 9 Zona Barat mengalami getaran berlebihan dan tegangan tidak stabil sehingga tidak bisa digunakan|Tegangan tidak stabil menyebabkan kerusakan|AC Cassette|Gedung D|9|Zona Barat|Mechanical|Berat|Tegangan tidak stabil|Getaran berlebihan|6481000
AC Split mengalami sensor error yang disebabkan getaran, sehingga tidak bisa bekerja dengan baik dan mengeluarkan suara agak berisik|Tidak bisa bekerja dengan baik|AC Split|Gedung E|Lantai 6|Zona Tengah|Mechanical|Sedang|Getaran|Sensor error|1529000
AC Split rusak, sensor error karena getaran, netes terus|Rusak|AC Split|Gedung E|Lantai 6|Zona Tengah|Mechanical|Sedang|Getaran|Sensor error|1529000
AC Split di Gedung E Lantai 6 Zona Tengah mengalami kerusakan sensor error yang disebabkan oleh getaran, sehingga mengganggu rutinitas dan perlu perbaikan segera|Perlu perbaikan segera|AC Split|Gedung E|Lantai 6|Zona Tengah|Mechanical|Sedang|Getaran|Sensor error|1529000
Meja kerja di kantor saya mengalami korsleting parah karena kualitas material yang buruk, sangat mengganggu pekerjaan|Korsleting pada meja kerja|Meja kerja|Gedung Utama|Lantai 20|Zona Barat|Arsitektur|Fatal|Kualitas material|Korsleting|31826000
Meja kerja mati total|Korsleting|Meja kerja|Gedung Utama|Lantai 20|Zona Barat|Arsitektur|Fatal|Kualitas material|Korsleting|31826000
Meja kerja di lantai 20 mengalami kerusakan korsleting yang disebabkan oleh kualitas material yang tidak memadai, perlu perbaikan segera|Laporan teknisi|Meja kerja|Gedung Utama|Lantai 20|Zona Barat|Arsitektur|Fatal|Kualitas material|Korsleting|31826000
Kursi di gedung A lantai 15 zona barat sudah berkarat parah karena faktor lingkungan, jangan sampai ambruk dan bahayakan orang lain|Kerusakan struktural pada kursi|Kursi|Gedung A|Lantai 15|Zona Barat|Arsitektur|Berat|Faktor lingkungan|Berkarat/korosi|9694000
Kursi rusak berat, berkarat, zona barat lantai 15|Laporan kerusakan kursi|Kursi|Gedung A|Lantai 15|Zona Barat|Arsitektur|Berat|Faktor lingkungan|Berkarat/korosi|9694000
Kerusakan pada kursi di zona barat lantai 15 gedung A disebabkan oleh faktor lingkungan yang menyebabkan korosi, perlu perbaikan segera|Kerusakan korosi pada kursi|Kursi|Gedung A|Lantai 15|Zona Barat|Arsitektur|Berat|Faktor lingkungan|Berkarat/korosi|9694000
Hydrant Pillar di Gedung Servis Lantai 3 Zona Tengah koneksi terputus karena faktor lingkungan, membuatnya netes dan mengganggu rutinitas harian|Kerusakan koneksi hydrant pillar|Hydrant Pillar|Gedung Servis|Lantai 3|Zona Tengah|Sistem Pemadam Kebakaran|Sedang|Faktor lingkungan|Koneksi terputus|1373000
Hydrant pillar koneksi terputus|Kerusakan koneksi|Hydrant Pillar|Gedung Servis|Lantai 3|Zona Tengah|Sistem Pemadam Kebakaran|Sedang|Faktor lingkungan|Koneksi terputus|1373000
Koneksi hydrant pillar terputus karena faktor lingkungan di Gedung Servis Lantai 3 Zona Tengah, agak berisik dan mengganggu|Laporan teknisi tentang kerusakan hydrant pillar|Hydrant Pillar|Gedung Servis|Lantai 3|Zona Tengah|Sistem Pemadam Kebakaran|Sedang|Faktor lingkungan|Koneksi terputus|1373000
Kamera CCTV di Gedung Utama Lantai 12 Zona Utara netes terus karena usia pakai yang sudah lama, jadi aliran lemah dan agak berisik|Kamera CCTV mengalami aliran lemah|Kamera CCTV|Gedung Utama|Lantai 12|Zona Utara|Security Sistem|Sedang|Usia pakai|Aliran lemah|1527000
Kamera CCTV netes|Kamera CCTV rusak|Kamera CCTV|Gedung Utama|Lantai 12|Zona Utara|Security Sistem|Sedang|Usia pakai|Aliran lemah|1527000
Kamera CCTV di Gedung Utama Lantai 12 Zona Utara mengalami gangguan karena aliran lemah yang disebabkan oleh usia pakai, sehingga perlu perbaikan|Kamera CCTV mengalami kerusakan|Kamera CCTV|Gedung Utama|Lantai 12|Zona Utara|Security Sistem|Sedang|Usia pakai|Aliran lemah|1527000
Deepwell sedang netes terus dan sangat mengganggu rutinitas harian kami, bahkan suaranya agak berisik dan terdengar abnormal, sepertinya overload|Tidak ada laporan teknisi|Deepwell|Gedung D|Lantai 12|Zona Selatan|Distribusi Air|Sedang|Overload|Bunyi abnormal|1250000
Deepwell rusak, bunyi abnormal, overload|Tidak ada laporan teknisi|Deepwell|Gedung D|Lantai 12|Zona Selatan|Distribusi Air|Sedang|Overload|Bunyi abnormal|1250000
Kerusakan pada Deepwell di Gedung D Lantai 12 Zona Selatan menyebabkan bunyi abnormal dan kemungkinan overload, sehingga perlu perbaikan segera|Tidak ada laporan teknisi|Deepwell|Gedung D|Lantai 12|Zona Selatan|Distribusi Air|Sedang|Overload|Bunyi abnormal|1250000
MDP|Gedung B, Lantai 4, Zona Timur|MDP|Gedung B|Lantai 4|Zona Timur|Electrical|Sedang|Faktor lingkungan|Sensor error|493000
Sensor error membuat kerjaan jadi agak berisik|Sensor error|MDP|Gedung B|Lantai 4|Zona Timur|Electrical|Sedang|Faktor lingkungan|Sensor error|493000
Kerusakan pada MDP di Gedung B Lantai 4 Zona Timur karena sensor error yang disebabkan faktor lingkungan membuat pekerjaan terganggu|Laporan teknisi|MDP|Gedung B|Lantai 4|Zona Timur|Electrical|Sedang|Faktor lingkungan|Sensor error|493000
AC Split|Gedung E Lantai 5 Zona Barat mengalami kerusakan remote tidak berfungsi karena kurang perawatan, membuat saya kesal dan terganggu|AC Split|Gedung E|Lantai 5|Zona Barat|Mechanical|Sedang|Kurang perawatan|Remote tidak berfungsi|1828000
AC Split|Remote rusak, perlu diperbaiki|AC Split|Gedung E|Lantai 5|Zona Barat|Mechanical|Sedang|Kurang perawatan|Remote tidak berfungsi|1828000
Gree AC Split di Gedung E Lantai 5 Zona Barat mengalami kerusakan remote tidak berfungsi, kemungkinan karena kurang perawatan, sehingga perlu diperbaiki segera|Tidak ada laporan teknisi|AC Split|Gedung E|Lantai 5|Zona Barat|Mechanical|Sedang|Kurang perawatan|Remote tidak berfungsi|1828000
DVR CCTV di gedung parkir lantai 1 zona selatan tidak berfungsi total karena getaran, agak berisik dan mengganggu rutinitas|Tidak berfungsi total karena getaran|DVR CCTV|Gedung Parkir|Lantai 1|Zona Selatan|Security Sistem|Ringan|Getaran|Tidak berfungsi total|491000
DVR CCTV rusak total karena getaran, perlu diperbaiki segera|Tidak berfungsi|DVR CCTV|Gedung Parkir|Lantai 1|Zona Selatan|Security Sistem|Ringan|Getaran|Tidak berfungsi total|491000
DVR CCTV di gedung parkir lantai 1 zona selatan mengalami kerusakan karena getaran, sehingga tidak dapat beroperasi dengan baik, perlu dilakukan perbaikan|Laporan teknisi|DVR CCTV|Gedung Parkir|Lantai 1|Zona Selatan|Security Sistem|Ringan|Getaran|Tidak berfungsi total|491000
Lemari saya di kantor mati total, performa menurun drastis karena overload, tidak bisa dipakai lagi, sangat mengganggu rutinitas kerja|Lemari/Loker mengalami kerusakan berat|Lemari/Loker|Gedung C|Lantai 7|Zona Utara|Arsitektur|Fatal|Overload|Performa menurun|17665000
Lemari rusak, overload, butuh perbaikan sekarang juga|Lemari/Loker rusak berat|Lemari/Loker|Gedung C|Lantai 7|Zona Utara|Arsitektur|Fatal|Overload|Performa menurun|17665000
Lemari di lantai 7 Gedung C mengalami performa menurun akibat overload, perlu perbaikan untuk menghindari kerusakan lebih parah, agar kinerja kantor tetap lancar|Lemari/Loker mengalami kerusakan akibat overload|Lemari/Loker|Gedung C|Lantai 7|Zona Utara|Arsitektur|Fatal|Overload|Performa menurun|17665000
Rooftank di lantai 11 zona utara Gedung A tidak berfungsi total karena kelembaban tinggi, netes terus dan mengganggu rutinitas|Laporan teknisi: Rooftank rusak total|Rooftank|Gedung A|Lantai 11|Zona Utara|Plumbing|Ringan|Kelembaban tinggi|Tidak berfungsi total|322000
Rooftank Gedung A rusak karena kelembaban tinggi|Rusak total|Rooftank|Gedung A|Lantai 11|Zona Utara|Plumbing|Ringan|Kelembaban tinggi|Tidak berfungsi total|322000
Rooftank di Gedung A lantai 11 zona utara mengalami kerusakan karena kelembaban tinggi sehingga tidak berfungsi total, agak berisik dan mengganggu|Laporan teknisi: Rooftank Gedung A perlu perbaikan|Rooftank|Gedung A|Lantai 11|Zona Utara|Plumbing|Ringan|Kelembaban tinggi|Tidak berfungsi total|322000
AC Split netes terus karena tekanan tidak stabil, kayaknya ada human error deh, jadi agak berisik dan mengganggu rutinitas|Tekanan tidak stabil, perlu perawatan rutin|AC Split|Gedung Utama|Lantai 3|Zona Utara|Mechanical|Ringan|Human error|Tekanan tidak stabil|246000
AC Split bermasalah, tekanan tidak stabil, tolong diperbaiki, human error|Perlu perawatan|AC Split|Gedung Utama|Lantai 3|Zona Utara|Mechanical|Ringan|Human error|Tekanan tidak stabil|246000
Saya melaporkan kerusakan AC Split di Gedung Utama Lantai 3 Zona Utara, tekanan tidak stabil dan berisik, kemungkinan karena human error, tolong diperbaiki secepatnya|Perlu perawatan rutin|AC Split|Gedung Utama|Lantai 3|Zona Utara|Mechanical|Ringan|Human error|Tekanan tidak stabil|246000
Lampu TL di lantai 18 gedung utama zona utara tiba-tiba netes dan agak berisik karena getaran berlebihan, sepertinya human error yang menyebabkan kerusakan ini|Lampu TL mengalami getaran berlebihan|Lampu TL|Gedung Utama|Lantai 18|Zona Utara|Electrical|Ringan|Human error|Getaran berlebihan|327000
Lampu TL netes|Lampu TL rusak|Lampu TL|Gedung Utama|Lantai 18|Zona Utara|Electrical|Ringan|Human error|Getaran berlebihan|327000
Lampu TL di lantai 18 zona utara gedung utama mengalami gangguan karena getaran berlebihan yang disebabkan oleh human error, perlu diperbaiki segera|Laporan teknisi: Lampu TL mengalami getaran berlebihan|Lampu TL|Gedung Utama|Lantai 18|Zona Utara|Electrical|Ringan|Human error|Getaran berlebihan|327000
Breker panel di gedung parkir lantai 4 zona tengah rusak parah, sensor error total, sudah tidak bisa dipakai lagi, kemungkinan karena usia pakai yang sudah lama|Breker panel rusak|Breker Panel|Gedung Parkir|Lantai 4|Zona Tengah|Electrical|Berat|Usia pakai|Sensor error|7355000
Breker panel rusak, sensor error|Perlu diperbaiki segera|Breker Panel|Gedung Parkir|Lantai 4|Zona Tengah|Electrical|Berat|Usia pakai|Sensor error|7355000
Breker panel di gedung parkir lantai 4 zona tengah mengalami kerusakan sensor, kemungkinan karena usia pakai yang sudah lama, perlu diperbaiki segera untuk menghindari kerusakan lebih lanjut|Perlu penanganan cepat|Breker Panel|Gedung Parkir|Lantai 4|Zona Tengah|Electrical|Berat|Usia pakai|Sensor error|7355000
Control Panel Pompa Transfer mati total karena korsleting parah akibat tegangan tidak stabil|Korsleting parah pada control panel pompa transfer|Control Panel Pompa Transfer|Gedung Servis|Lantai 3|Zona Timur|Electrical|Fatal|Tegangan tidak stabil|Korsleting|6812000
Pompa transfer rusak, korsleting, tegangan tidak stabil|Kerusakan pompa transfer|Control Panel Pompa Transfer|Gedung Servis|Lantai 3|Zona Timur|Electrical|Fatal|Tegangan tidak stabil|Korsleting|6812000
Control panel pompa transfer mengalami korsleting yang disebabkan oleh tegangan tidak stabil, sehingga menyebabkan kerusakan fatal|Laporan teknisi tentang kerusakan control panel pompa transfer|Control Panel Pompa Transfer|Gedung Servis|Lantai 3|Zona Timur|Electrical|Fatal|Tegangan tidak stabil|Korsleting|6812000
Mixer audio remote tidak berfungsi karena getaran sehingga suara netes terus|Remote mixer audio rusak karena getaran|Mixer Audio|Gedung Utama|17|Utara|Sistem Telekomunikasi Gedung|Sedang|Getaran|Remote tidak berfungsi|1186000
Mixer audio rusak|Getaran|Lokal|Mixer Audio|Gedung Utama|17|Utara|Sistem Telekomunikasi Gedung|Sedang|Getaran|Remote tidak berfungsi|1186000
Mixer audio di lantai 17 zona utara gedung utama mengalami kerusakan remote tidak berfungsi akibat getaran yang agak berisik|Kerusakan remote mixer audio karena getaran|Lokal|Mixer Audio|Gedung Utama|17|Utara|Sistem Telekomunikasi Gedung|Sedang|Getaran|Remote tidak berfungsi|1186000
Tidak berfungsi total karena kualitas material yang jelek, membuat control panel penerangan di gedung C lantai 3 zona timur mati total, sangat mengganggu rutinitas|Control Panel Penerangan Import tidak berfungsi|Control Panel Penerangan|Gedung C|Lantai 3|Zona Timur|Electrical|Sedang|Kualitas material|Tidak berfungsi total|1270000
Control panel penerangan tidak nyala, kualitas material jelek|Tidak berfungsi|Control Panel Penerangan|Gedung C|Lantai 3|Zona Timur|Electrical|Sedang|Kualitas material|Tidak berfungsi total|1270000
Saya melaporkan bahwa control panel penerangan di gedung C lantai 3 zona timur tidak berfungsi dengan baik, kemungkinan disebabkan oleh kualitas material yang kurang baik, perlu perbaikan segera|Perlu perbaikan control panel penerangan|Control Panel Penerangan|Gedung C|Lantai 3|Zona Timur|Electrical|Sedang|Kualitas material|Tidak berfungsi total|1270000
Kran air di gedung utama lantai 15 zona selatan bocor dan netes terus menerus sehingga mengganggu rutinitas kantor|Kran air bocor|Kran Air|Gedung Utama|15|Zona Selatan|Plumbing|Ringan|Tegangan tidak stabil|Tekanan tidak stabil|68000
Kran air bocor|Kran air rusak|Kran Air|Gedung Utama|15|Zona Selatan|Plumbing|Ringan|Tegangan tidak stabil|Tekanan tidak stabil|68000
Kran air di lantai 15 zona selatan gedung utama mengalami tekanan air yang tidak stabil sehingga menyebabkan kebocoran dan kerusakan pada kran air|Laporan teknisi tentang kerusakan kran air|Kran Air|Gedung Utama|15|Zona Selatan|Plumbing|Ringan|Tegangan tidak stabil|Tekanan tidak stabil|68000
Kamera CCTV remote tidak berfungsi karena kurang perawatan, jadi mati total dan sangat mengganggu rutinitas|Kamera CCTV rusak, perlu perbaikan segera|Kamera CCTV|Gedung B|Lantai 2|Zona Selatan|Security Sistem|Fatal|Kurang perawatan|Remote tidak berfungsi|49341000
Kamera CCTV rusak, remote tidak berfungsi, tolong bantu|Kamera CCTV perlu perbaikan|Kamera CCTV|Gedung B|Lantai 2|Zona Selatan|Security Sistem|Fatal|Kurang perawatan|Remote tidak berfungsi|49341000
Kamera CCTV di Gedung B Lantai 2 Zona Selatan mengalami kerusakan remote tidak berfungsi karena kurang perawatan, sehingga sangat mengganggu keamanan, perlu perbaikan segera|Kamera CCTV perlu perbaikan karena kerusakan remote|Kamera CCTV|Gedung B|Lantai 2|Zona Selatan|Security Sistem|Fatal|Kurang perawatan|Remote tidak berfungsi|49341000
Lampu di kantor mati total gara-gara tampilan rusak parah dan kotor|Lampu esensial rusak|Lampu Esensial|Gedung A|Lantai 7|Zona Utara|Electrical|Fatal|Debu/kotoran|Tampilan rusak|37482000
Lampu rusak|Lampu esensial kotor|Lampu Esensial|Gedung A|Lantai 7|Zona Utara|Electrical|Fatal|Debu/kotoran|Tampilan rusak|37482000
Lampu kantor kami mengalami kerusakan tampilan yang cukup parah akibat debu dan kotoran sehingga tidak dapat digunakan|Laporan teknisi: lampu esensial rusak|Lampu Esensial|Gedung A|Lantai 7|Zona Utara|Electrical|Fatal|Debu/kotoran|Tampilan rusak|37482000
APAR Dry Powder Cartridge bermasalah, aliran lemah dan tidak bisa dipakai karena usia pakai yang sudah terlalu lama, ini sangat mengganggu rutinitas harian kami di Gedung D Lantai 5 Zona Barat|Aliran lemah karena usia pakai|APAR Dry Powder Cartridge|Gedung D|Lantai 5|Zona Barat|Sistem Pemadam Kebakaran|Berat|Usia pakai|Aliran lemah|1531000
APAR Dry Powder Cartridge mati total, aliran lemah|APAR Dry Powder Cartridge rusak parah|APAR Dry Powder Cartridge|Gedung D|Lantai 5|Zona Barat|Sistem Pemadam Kebakaran|Berat|Usia pakai|Aliran lemah|1531000
Kerusakan APAR Dry Powder Cartridge di Gedung D Lantai 5 Zona Barat karena aliran lemah dan usia pakai yang sudah terlalu lama, perlu segera diperbaiki|APAR Dry Powder Cartridge perlu perbaikan|APAR Dry Powder Cartridge|Gedung D|Lantai 5|Zona Barat|Sistem Pemadam Kebakaran|Berat|Usia pakai|Aliran lemah|1531000
Smoke Detector suka netes dan bunyi agak berisik karena debu/kotoran|Tekanan tidak stabil akibat debu/kotoran|Smoke Detector|Gedung A|Lantai 2|Zona Tengah|Sistem Proteksi Kebakaran Aktif|Ringan|Debu/kotoran|Tekanan tidak stabil|353000
Smoke Detector bermasalah|Tekanan tidak stabil|Smoke Detector|Gedung A|Lantai 2|Zona Tengah|Sistem Proteksi Kebakaran Aktif|Ringan|Debu/kotoran|Tekanan tidak stabil|353000
Smoke Detector mengalami kerusakan tekanan tidak stabil karena debu/kotoran yang menyebabkan bunyi agak berisik|Tekanan tidak stabil|Smoke Detector|Gedung A|Lantai 2|Zona Tengah|Sistem Proteksi Kebakaran Aktif|Ringan|Debu/kotoran|Tekanan tidak stabil|353000
Lantai granit di kantor saya netes karena sensor error yang disebabkan usia pakai|Lantai granit mengalami kerusakan sensor|Lantai Granit|Gedung A|9|Timur|Civil|Ringan|Usia pakai|Sensor error|495000
Lantai granit rusak|Sensor error usia pakai|Lantai Granit|Gedung A|9|Timur|Civil|Ringan|Usia pakai|Sensor error|495000
Lantai granit di Gedung A lantai 9 zona timur mengalami masalah sensor error karena usia pakai yang sudah lama, sehingga agak berisik|Laporan teknisi: kerusakan sensor|Lantai Granit|Gedung A|9|Timur|Civil|Ringan|Usia pakai|Sensor error|495000
Pintu kayu HPL di lantai 6 zona timur gedung A bocor parah karena aliran air lemah akibat faktor lingkungan, jadi airnya netes terus dan mengganggu rutinitas|Pintu kayu HPL bocor|Pintu Kayu/HPL|Gedung A|Lantai 6|Zona Timur|Arsitektur|Fatal|Faktor lingkungan|Aliran lemah|5301000
Pintu HPL lantai 6 zona timur gedung A jebol karena aliran air lemah|Pintu HPL rusak|Pintu Kayu/HPL|Gedung A|Lantai 6|Zona Timur|Arsitektur|Fatal|Faktor lingkungan|Aliran lemah|5301000
Pintu kayu HPL di gedung A lantai 6 zona timur mengalami kerusakan berat karena aliran air yang lemah akibat faktor lingkungan, sehingga perlu perbaikan segera|Pintu kayu HPL rusak parah|Pintu Kayu/HPL|Gedung A|Lantai 6|Zona Timur|Arsitektur|Fatal|Faktor lingkungan|Aliran lemah|5301000
Plafon di atas saya netes terus karena getaran berlebihan dan debu/kotoran yang menumpuk, jadi agak berisik dan mengganggu rutinitas|Tidak ada laporan teknisi|Plafon|Gedung D|Lantai 4|Zona Barat|Arsitektur|Ringan|Debu/kotoran|Getaran berlebihan|398000
Plafon bergetar, debu/kotoran, netes|Tidak ada laporan teknisi|Plafon|Gedung D|Lantai 4|Zona Barat|Arsitektur|Ringan|Debu/kotoran|Getaran berlebihan|398000
Plafon di Gedung D, Lantai 4, Zona Barat mengalami getaran berlebihan dan penumpukan debu/kotoran, sehingga terdengar agak berisik dan mengganggu|Tidak ada laporan teknisi|Plafon|Gedung D|Lantai 4|Zona Barat|Arsitektur|Ringan|Debu/kotoran|Getaran berlebihan|398000
Lampu LED Downlight di Gedung Utama Lantai 4 Zona Timur mati total karena aus dan tegangan tidak stabil, membuat ruangan gelap dan sangat mengganggu|Lampu LED Downlight mengalami kerusakan fatal|Lampu LED Downlight|Gedung Utama|Lantai 4|Zona Timur|Electrical|Fatal|Tegangan tidak stabil|Aus/abrasi|17784000
Lampu LED Downlight rusak|Lampu LED Downlight mati total|Lampu LED Downlight|Gedung Utama|Lantai 4|Zona Timur|Electrical|Fatal|Tegangan tidak stabil|Aus/abrasi|17784000
Lampu LED Downlight di Gedung Utama Lantai 4 Zona Timur mengalami kerusakan parah karena aus dan tegangan tidak stabil, perlu perbaikan segera|Laporan teknisi: Lampu LED Downlight mengalami kerusakan fatal|Lampu LED Downlight|Gedung Utama|Lantai 4|Zona Timur|Electrical|Fatal|Tegangan tidak stabil|Aus/abrasi|17784000
Pesawat telepon di kantor saya tiba-tiba performa menurun dan berdebu parah, sehingga suara tidak jelas dan sering terganggu, ini sangat mengganggu pekerjaan sehari-hari|Pesawat telepon mengalami kerusakan pada sistem suara|Pesawat Telepon|Gedung A|Lantai 5|Zona Selatan|Sistem Telekomunikasi Gedung|Berat|Debu/kotoran|Performa menurun|4196000
Pesawat telepon rusak, suara jelek, debu masuk|Pesawat telepon perlu dibersihkan dan diperbaiki|Pesawat Telepon|Gedung A|Lantai 5|Zona Selatan|Sistem Telekomunikasi Gedung|Berat|Debu/kotoran|Performa menurun|4196000
Saya ingin melaporkan bahwa pesawat telepon di kantor kami mengalami masalah performa menurun dan kotor, sehingga memerlukan perbaikan segera untuk menghindari kerusakan lebih lanjut|Pesawat telepon perlu diperiksa dan diperbaiki oleh teknisi|Pesawat Telepon|Gedung A|Lantai 5|Zona Selatan|Sistem Telekomunikasi Gedung|Berat|Debu/kotoran|Performa menurun|4196000
AC Split|Getaran berlebihan membuat saya sangat terganggu, sepertinya ada human error yang menyebabkan kerusakan ini|AC Split|Gedung E|Lantai 3|Zona Barat|Mechanical|Sedang|Human error|Getaran berlebihan|1103000
AC Split|Getaran berlebihan, human error|AC Split|Gedung E|Lantai 3|Zona Barat|Mechanical|Sedang|Human error|Getaran berlebihan|1103000
AC Split|Kerjaan saya terganggu karena AC Split yang getaran berlebihan, kemungkinan disebabkan human error|AC Split|Gedung E|Lantai 3|Zona Barat|Mechanical|Sedang|Human error|Getaran berlebihan|1103000
APAR Dry Powder Cartridge netes dan agak berisik saat digunakan karena sensor error yang disebabkan getaran|Pemeriksaan menunjukkan sensor error pada APAR Dry Powder Cartridge|APAR Dry Powder Cartridge|Gedung E|Lantai 4|Zona Timur|Sistem Pemadam Kebakaran|Ringan|Getaran|Sensor error|77000
APAR bermasalah|Sensor error karena getaran|APAR Dry Powder Cartridge|Gedung E|Lantai 4|Zona Timur|Sistem Pemadam Kebakaran|Ringan|Getaran|Sensor error|77000
APAR Dry Powder Cartridge di Gedung E Lantai 4 Zona Timur mengalami gangguan sensor error yang kemungkinan disebabkan oleh getaran, perlu perbaikan segera|Laporan teknisi menunjukkan kerusakan sensor error|APAR Dry Powder Cartridge|Gedung E|Lantai 4|Zona Timur|Sistem Pemadam Kebakaran|Ringan|Getaran|Sensor error|77000
Jet Shower di gedung utama lantai 14 zona timur tiba-tiba mati total karena kelembaban tinggi, tampilan rusak parah, sangat mengganggu|Tidak ada laporan teknisi|Jet Shower|Gedung Utama|Lantai 14|Zona Timur|Plumbing|Fatal|Kelembaban tinggi|Tampilan rusak|10420000
Jet Shower rusak|Tidak ada laporan teknisi|Jet Shower|Gedung Utama|Lantai 14|Zona Timur|Plumbing|Fatal|Kelembaban tinggi|Tampilan rusak|10420000
Jet Shower di lantai 14 zona timur gedung utama mengalami kerusakan tampilan karena kelembaban tinggi, perlu perbaikan segera|Tidak ada laporan teknisi|Jet Shower|Gedung Utama|Lantai 14|Zona Timur|Plumbing|Fatal|Kelembaban tinggi|Tampilan rusak|10420000
Lampu TL di Gedung Utama Lantai 5 Zona Selatan tiba-tiba performa menurun dan sering netes, sepertinya ada overload yang membuatnya agak berisik dan mengganggu rutinitas|Laporan teknisi tentang kerusakan Lampu TL|Lampu TL|Gedung Utama|Lantai 5|Zona Selatan|Electrical|Sedang|Overload|Performa menurun|544000
Lampu TL netes dan berisik|Kerusakan akibat overload|Lampu TL|Gedung Utama|Lantai 5|Zona Selatan|Electrical|Sedang|Overload|Performa menurun|544000
Lampu TL di Lantai 5 Gedung Utama mengalami penurunan performa dan mengeluarkan suara berisik, kemungkinan disebabkan oleh overload, perlu perbaikan segera|Laporan teknisi tentang kerusakan Lampu TL|Lampu TL|Gedung Utama|Lantai 5|Zona Selatan|Electrical|Sedang|Overload|Performa menurun|544000
Meter PDAM di Gedung B lantai 7 zona tengah mengalami koneksi terputus karena kelembaban tinggi, sehingga air tidak bisa mengalir dengan lancar, agak mengganggu rutinitas harian kita|Koneksi terputus|Meter PDAM|Gedung B|Lantai 7|Zona Tengah|Pencatatan Meter|Ringan|Kelembaban tinggi|Koneksi terputus|374000
Koneksi terputus di gedung B lantai 7|Perlu perbaikan|Meter PDAM|Gedung B|Lantai 7|Zona Tengah|Pencatatan Meter|Ringan|Kelembaban tinggi|Koneksi terputus|374000
Gedung B lantai 7 zona tengah mengalami masalah koneksi terputus pada meter PDAM karena kelembaban tinggi, sehingga perlu dilakukan perbaikan agar air dapat mengalir dengan lancar|Perlu dilakukan perbaikan|Meter PDAM|Gedung B|Lantai 7|Zona Tengah|Pencatatan Meter|Ringan|Kelembaban tinggi|Koneksi terputus|374000
Lampu TL di Gedung D Lantai 5 Zona Utara netes terus karena getaran berlebihan, kayaknya karena human error deh, jadi agak berisik dan mengganggu|Lampu TL mengalami getaran berlebihan|Lampu TL|Gedung D|Lantai 5|Zona Utara|Electrical|Sedang|Human error|Getaran berlebihan|1809000
Lampu TL Gedung D Lantai 5 Zona Utara rusak, getaran berlebihan, human error|Lampu TL rusak|Lampu TL|Gedung D|Lantai 5|Zona Utara|Electrical|Sedang|Human error|Getaran berlebihan|1809000
Lampu TL di Gedung D Lantai 5 Zona Utara mengalami kerusakan karena getaran berlebihan yang disebabkan oleh human error, sehingga perlu perbaikan segera|Laporan teknisi: Lampu TL mengalami kerusakan|Lampu TL|Gedung D|Lantai 5|Zona Utara|Electrical|Sedang|Human error|Getaran berlebihan|1809000
Control Panel Penerangan di Gedung C Lantai 1 Zona Selatan mengalami aliran listrik yang lemah karena kelembaban tinggi, ini sangat mengganggu rutinitas harian|Ditemukan adanya kelembaban tinggi yang menyebabkan aliran listrik lemah|Control Panel Penerangan|Gedung C|Lantai 1|Zona Selatan|Electrical|Sedang|Kelembaban tinggi|Aliran lemah|761000
Aliran listrik di Control Panel Penerangan Gedung C Lantai 1 Zona Selatan jadi lemah karena kelembaban, perlu diperbaiki|Perlu diperbaiki karena kelembaban|Control Panel Penerangan|Gedung C|Lantai 1|Zona Selatan|Electrical|Sedang|Kelembaban tinggi|Aliran lemah|761000
Sistem penerangan di Gedung C Lantai 1 Zona Selatan mengalami gangguan karena aliran listrik yang lemah, kemungkinan disebabkan kelembaban tinggi, perlu penanganan segera|Sistem penerangan mengalami gangguan|Control Panel Penerangan|Gedung C|Lantai 1|Zona Selatan|Electrical|Sedang|Kelembaban tinggi|Aliran lemah|761000
AC Split di kantor saya mati total karena overheat parah, kayaknya kurang perawatan juga, jadi suhu udara jadi tidak stabil dan bikin AC tidak bisa dingin lagi, sangat mengganggu rutinitas kerja|Tidak ada laporan teknisi|AC Split|Gedung A|7|Barat|Mechanical|Berat|Kurang perawatan|Overheat|3927000
AC Split rusak berat, overheat, kurang perawatan|Tidak ada laporan teknisi|AC Split|Gedung A|7|Barat|Mechanical|Berat|Kurang perawatan|Overheat|3927000
Kami memiliki masalah dengan AC Split di lantai 7 Gedung A, zona Barat, yang mengalami overheat karena kurang perawatan, sehingga menyebabkan kerusakan yang cukup parah|Tidak ada laporan teknisi|AC Split|Gedung A|7|Barat|Mechanical|Berat|Kurang perawatan|Overheat|3927000
Dinding tembok masonry di gedung utama lantai 13 zona barat mengalami kerusakan remote tidak berfungsi karena kurang perawatan, sangat mengganggu rutinitas harian|Belum ada laporan teknisi|Dinding Tembok/Mansonry|Gedung Utama|Lantai 13|Zona Barat|Civil|Sedang|Kurang perawatan|Remote tidak berfungsi|737000
Remote tidak berfungsi, kurang perawatan|Belum ada laporan teknisi|Dinding Tembok/Mansonry|Gedung Utama|Lantai 13|Zona Barat|Civil|Sedang|Kurang perawatan|Remote tidak berfungsi|737000
Kerusakan dinding tembok masonry di zona barat lantai 13 gedung utama karena kurang perawatan menyebabkan remote tidak berfungsi, agak berisik dan mengganggu|Sedang dalam proses perbaikan|Dinding Tembok/Mansonry|Gedung Utama|Lantai 13|Zona Barat|Civil|Sedang|Kurang perawatan|Remote tidak berfungsi|737000
Dinding tembok di gedung utama lantai 1 zona barat mengeluarkan bunyi abnormal karena overload, ini sangat mengganggu rutinitas|Dinding tembok mengalami kerusakan karena overload|Dinding Tembok/Mansonry|Gedung Utama|Lantai 1|Zona Barat|Civil|Ringan|Overload|Bunyi abnormal|224000
Dinding tembok gedung utama bunyi aneh karena overload|Dinding tembok rusak|Dinding Tembok/Mansonry|Gedung Utama|Lantai 1|Zona Barat|Civil|Ringan|Overload|Bunyi abnormal|224000
Kerusakan dinding tembok di gedung utama lantai 1 zona barat menyebabkan bunyi abnormal yang agak berisik, kemungkinan karena overload|Dinding tembok mengalami kerusakan|Dinding Tembok/Mansonry|Gedung Utama|Lantai 1|Zona Barat|Civil|Ringan|Overload|Bunyi abnormal|224000
Lampu LED Bulb di Gedung Utama Lantai 15 Zona Utara mati total karena overheat parah, kurang perawatan yang menyebabkan kerusakan fatal, sangat mengganggu aktivitas|Lampu LED Bulb mengalami kerusakan overheat|Lampu LED Bulb|Gedung Utama|Lantai 15|Zona Utara|Electrical|Berat|Kurang perawatan|Overheat|1740000
Lampu LED mati|Overheat karena kurang perawatan|Lampu LED Bulb|Gedung Utama|Lantai 15|Zona Utara|Electrical|Berat|Kurang perawatan|Overheat|1740000
Lampu LED Bulb di Gedung Utama Lantai 15 Zona Utara mengalami kerusakan karena overheat dan kurang perawatan, perlu segera diperbaiki|Laporan teknisi: kerusakan overheat pada Lampu LED Bulb|Lampu LED Bulb|Gedung Utama|Lantai 15|Zona Utara|Electrical|Berat|Kurang perawatan|Overheat|1740000
Wastafel korsleting parah, aus normal membuatnya mati total, tidak bisa digunakan lagi|Korsleting parah pada wastafel Toto|Wastafel|Gedung A|Lantai 1|Zona Barat|Plumbing|Fatal|Aus normal|Korsleting|15900000
Wastafel Toto korsleting, aus, mati total|Korsleting pada wastafel|Wastafel|Gedung A|Lantai 1|Zona Barat|Plumbing|Fatal|Aus normal|Korsleting|15900000
Wastafel Toto di Gedung A Lantai 1 Zona Barat mengalami korsleting parah dan aus normal, sehingga tidak dapat digunakan, perlu perbaikan segera|Laporan kerusakan wastafel Toto|Wastafel|Gedung A|Lantai 1|Zona Barat|Plumbing|Fatal|Aus normal|Korsleting|15900000
Lampu wall sign di gedung B lantai 5 zona utara mengalami getaran berlebihan dan suara netes yang mengganggu rutinitas harian karena kualitas material yang rendah|Lampu wall sign mengalami kerusakan getaran berlebihan|Lampu Wall sign|Gedung B|Lantai 5|Zona Utara|Electrical|Sedang|Kualitas material|Getaran berlebihan|1744000
Lampu wall sign gedung B lantai 5 zona utara rusak getaran berlebihan|Lampu wall sign rusak|Lampu Wall sign|Gedung B|Lantai 5|Zona Utara|Electrical|Sedang|Kualitas material|Getaran berlebihan|1744000
Lampu wall sign di gedung B lantai 5 zona utara mengalami masalah getaran berlebihan yang disebabkan oleh kualitas material yang kurang baik sehingga menghasilkan suara agak berisik|Laporan teknisi: lampu wall sign mengalami kerusakan getaran berlebihan|Lampu Wall sign|Gedung B|Lantai 5|Zona Utara|Electrical|Sedang|Kualitas material|Getaran berlebihan|1744000
Lampu roof tank di gedung B lantai 3 zona tengah mati total karena korosi, sangat mengganggu rutinitas, mohon segera diperbaiki|Lampu roof tank mati, korosi|Roof Tank|Gedung B|Lantai 3|Zona Tengah|Distribusi Air|Sedang|Korosi|Lampu mati|1198000
Lampu mati, korosi, tolong perbaiki|Lampu roof tank mati, korosi|Roof Tank|Gedung B|Lantai 3|Zona Tengah|Distribusi Air|Sedang|Korosi|Lampu mati|1198000
Lampu roof tank di gedung B lantai 3 zona tengah mengalami kerusakan karena korosi, sehingga lampu menjadi mati, perlu perbaikan segera, biaya diperkirakan sekitar 1198000|Laporan teknisi: lampu roof tank mati karena korosi|Roof Tank|Gedung B|Lantai 3|Zona Tengah|Distribusi Air|Sedang|Korosi|Lampu mati|1198000
Pemipaan air bersih korsleting parah karena tegangan tidak stabil, mati total, tidak bisa digunakan lagi|Korsleting pada pemipaan air bersih di Gedung E Lantai 2 Zona Utara|Pemipaan Air Bersih|Gedung E|Lantai 2|Zona Utara|Plumbing|Berat|Tegangan tidak stabil|Korsleting|5783000
Pemipaan air bersih korsleting|Korsleting pada pemipaan air bersih|Pemipaan Air Bersih|Gedung E|Lantai 2|Zona Utara|Plumbing|Berat|Tegangan tidak stabil|Korsleting|5783000
Pemipaan air bersih mengalami korsleting akibat tegangan tidak stabil, perlu perbaikan segera|Laporan teknisi: korsleting pada pemipaan air bersih|Pemipaan Air Bersih|Gedung E|Lantai 2|Zona Utara|Plumbing|Berat|Tegangan tidak stabil|Korsleting|5783000
Smoke Detector mengalami getaran berlebihan yang sangat mengganggu dan membuat saya khawatir karena kurang perawatan|Getaran berlebihan pada Smoke Detector Hochiki|Smoke Detector|Gedung D|9|Zona Barat|Sistem Proteksi Kebakaran Aktif|Sedang|Kurang perawatan|Getaran berlebihan|1133000
Smoke Detector Hochiki rusak, netes getaran berlebihan|Perlu perawatan|Smoke Detector|Gedung D|9|Zona Barat|Sistem Proteksi Kebakaran Aktif|Sedang|Kurang perawatan|Getaran berlebihan|1133000
Smoke Detector di Gedung D Lantai 9 Zona Barat mengalami masalah getaran berlebihan akibat kurang perawatan, perlu perhatian segera|Perlu perbaikan|Smoke Detector|Gedung D|9|Zona Barat|Sistem Proteksi Kebakaran Aktif|Sedang|Kurang perawatan|Getaran berlebihan|1133000
Wiring System di Gedung D Lantai 1 Zona Tengah mengalami kebocoran parah karena debu dan kotoran, sangat mengganggu|Kerusakan kebocoran pada Wiring System|Wiring System|Gedung D|Lantai 1|Zona Tengah|Electrical|Berat|Debu/kotoran|Kebocoran|6408000
Kebocoran di Wiring System Gedung D Lantai 1|Perlu perbaikan segera|Wiring System|Gedung D|Lantai 1|Zona Tengah|Electrical|Berat|Debu/kotoran|Kebocoran|6408000
Wiring System di Gedung D Lantai 1 Zona Tengah mengalami kerusakan kebocoran karena debu dan kotoran, perlu perbaikan segera|Laporan teknisi: kebocoran parah|Wiring System|Gedung D|Lantai 1|Zona Tengah|Electrical|Berat|Debu/kotoran|Kebocoran|6408000
Sistem Gas Pemadam Api jebol total karena human error, pipa retak parah|Sistem Gas Pemadam Api mengalami kerusakan retak pada pipa utama|Sistem Gas Pemadam Api|Gedung C|Lantai 3|Zona Timur|Sistem Pemadam Kebakaran|Berat|Human error|Retak/pecah|2342000
Sistem gas mati total, jebol|Kerusakan pada sistem gas pemadam api|Sistem Gas Pemadam Api|Gedung C|Lantai 3|Zona Timur|Sistem Pemadam Kebakaran|Berat|Human error|Retak/pecah|2342000
Sistem pemadam api mengalami kerusakan retak pada pipa utama karena kelalaian, perlu perbaikan segera|Laporan teknisi: kerusakan retak pada pipa utama sistem gas pemadam api|Sistem Gas Pemadam Api|Gedung C|Lantai 3|Zona Timur|Sistem Pemadam Kebakaran|Berat|Human error|Retak/pecah|2342000
APAR Dry Powder Stored Pressure rusak parah karena suhu tidak stabil dan korosi yang sangat parah|Pemakaian APAR yang tidak sesuai menyebabkan kerusakan pada bagian dalam|APAR Dry Powder Stored Pressure|Gedung D|Lantai 8|Zona Tengah|Sistem Pemadam Kebakaran|Berat|Korosi|Suhu tidak stabil|9169000
APAR jebol karena suhu tidak stabil|Kerusakan suhu tidak stabil dan korosi|APAR Dry Powder Stored Pressure|Gedung D|Lantai 8|Zona Tengah|Sistem Pemadam Kebakaran|Berat|Korosi|Suhu tidak stabil|9169000
APAR mengalami kerusakan pada komponen internal disebabkan oleh korosi dan suhu yang tidak stabil|Perlu perbaikan segera karena kerusakan yang sangat parah|APAR Dry Powder Stored Pressure|Gedung D|Lantai 8|Zona Tengah|Sistem Pemadam Kebakaran|Berat|Korosi|Suhu tidak stabil|9169000
Pintu kayu HPL di gedung utama lantai 11 zona barat bocor karena korosi, suara netesnya agak berisik dan mengganggu|Kerusakan kebocoran pada pintu kayu HPL|Pintu Kayu/HPL|Gedung Utama|Lantai 11|Zona Barat|Arsitektur|Sedang|Korosi|Kebocoran|1143000
Pintu bocor karena korosi, tolong perbaiki|Kerusakan kebocoran|Pintu Kayu/HPL|Gedung Utama|Lantai 11|Zona Barat|Arsitektur|Sedang|Korosi|Kebocoran|1143000
Pintu kayu HPL di zona barat lantai 11 gedung utama mengalami kebocoran karena korosi, perlu perbaikan segera untuk menghindari kerusakan lebih lanjut|Laporan perbaikan pintu kayu HPL|Pintu Kayu/HPL|Gedung Utama|Lantai 11|Zona Barat|Arsitektur|Sedang|Korosi|Kebocoran|1143000
PABX di gedung E lantai 3 zona utara mengalami gangguan sensor error yang membuatnya aus normal, sehingga mengganggu rutinitas kerja|PABX mengalami sensor error|PABX|Gedung E|Lantai 3|Zona Utara|Sistem Telekomunikasi Gedung|Sedang|Aus normal|Sensor error|384000
PABX gedung E lantai 3 zona utara rusak, sensor error, aus normal, perlu diperbaiki segera|PABX rusak|PABX|Gedung E|Lantai 3|Zona Utara|Sistem Telekomunikasi Gedung|Sedang|Aus normal|Sensor error|384000
PABX di gedung E lantai 3 zona utara mengalami kerusakan sensor yang menyebabkan aus normal, perlu dilakukan perbaikan untuk menghindari gangguan lebih lanjut|PABX mengalami kerusakan sensor|PABX|Gedung E|Lantai 3|Zona Utara|Sistem Telekomunikasi Gedung|Sedang|Aus normal|Sensor error|384000
Meja kerja saya mati mendadak karena kurang perawatan, sangat mengganggu rutinitas kerja|Perlu perawatan rutin|Meja kerja|Gedung A|Lantai 6|Zona Barat|Arsitektur|Sedang|Kurang perawatan|Mati mendadak|1545000
Meja kerja mati, kurang perawatan|Perlu perawatan|Meja kerja|Gedung A|Lantai 6|Zona Barat|Arsitektur|Sedang|Kurang perawatan|Mati mendadak|1545000
Meja kerja di kantor saya mengalami kerusakan, mati mendadak kemungkinan karena kurang perawatan, agak berisik|Perlu pengecekan|Meja kerja|Gedung A|Lantai 6|Zona Barat|Arsitektur|Sedang|Kurang perawatan|Mati mendadak|1545000
APAB Dry Powder tidak berfungsi total karena kualitas material yang buruk, sangat mengganggu rutinitas harian|Pemadaman kebakaran gagal total karena kualitas material|APAB Dry Powder|Gedung Parkir|Lantai 1|Zona Selatan|Sistem Pemadam Kebakaran|Ringan|Kualitas material|Tidak berfungsi total|120000
APAB Dry Powder netes, agak berisik|Pemadaman kebakaran bermasalah|APAB Dry Powder|Gedung Parkir|Lantai 1|Zona Selatan|Sistem Pemadam Kebakaran|Ringan|Kualitas material|Tidak berfungsi total|120000
Sistem pemadam kebakaran APAB Dry Powder di Gedung Parkir Lantai 1 Zona Selatan tidak berfungsi dengan baik, kemungkinan karena kualitas material yang kurang|Pemadaman kebakaran APAB Dry Powder bermasalah|APAB Dry Powder|Gedung Parkir|Lantai 1|Zona Selatan|Sistem Pemadam Kebakaran|Ringan|Kualitas material|Tidak berfungsi total|120000
Lampu LED Downlight di Gedung Parkir Lantai 1 Zona Tengah ini sudah aus dan abrasi parah karena kurang perawatan, sehingga mati total dan sangat mengganggu|Lampu LED Downlight rusak|Lampu LED Downlight|Gedung Parkir|Lantai 1|Zona Tengah|Electrical|Fatal|Kurang perawatan|Aus/abrasi|21233000
Lampu LED Downlight mati total|Lampu LED Downlight rusak|Lampu LED Downlight|Gedung Parkir|Lantai 1|Zona Tengah|Electrical|Fatal|Kurang perawatan|Aus/abrasi|21233000
Lampu LED Downlight di area parkir mengalami kerusakan aus dan abrasi, kemungkinan disebabkan oleh kurangnya perawatan, sehingga perlu dilakukan perbaikan segera|Laporan teknisi|Lampu LED Downlight|Gedung Parkir|Lantai 1|Zona Tengah|Electrical|Fatal|Kurang perawatan|Aus/abrasi|21233000
Monitor CCTV di Gedung B lantai 8 zona utara netes karena sensor error yang disebabkan debu/kotoran|Debu/kotoran menyebabkan sensor error|Monitor CCTV|Gedung B|8|Utara|Security Sistem|Sedang|Debu/kotoran|Sensor error|680000
CCTV error sensor karena debu/kotoran|Sensor error karena debu/kotoran|Monitor CCTV|Gedung B|8|Utara|Security Sistem|Sedang|Debu/kotoran|Sensor error|680000
CCTV di Gedung B lantai 8 zona utara mengalami gangguan karena sensor error yang disebabkan oleh debu/kotoran sehingga perlu perbaikan|Sensor error akibat debu/kotoran|Monitor CCTV|Gedung B|8|Utara|Security Sistem|Sedang|Debu/kotoran|Sensor error|680000
Plafon gypsum di kantor saya retak parah karena kualitas material yang buruk, suara netesnya agak berisik dan mengganggu rutinitas kerja|Plafon gypsum retak dan bocor|Plafon Gypsum / GRC|Gedung A|Lantai 12|Zona Timur|Arsitektur|Ringan|Kualitas material|Retak/pecah|334000
Plafon retak, kualitas material jelek, berisik|Plafon gypsum rusak|Plafon Gypsum / GRC|Gedung A|Lantai 12|Zona Timur|Arsitektur|Ringan|Kualitas material|Retak/pecah|334000
Plafon gypsum kantor kami mengalami kerusakan retak dan pecah, kemungkinan disebabkan oleh kualitas material yang tidak memadai, sehingga menimbulkan suara berisik yang mengganggu|Laporan teknisi: plafon gypsum retak|Plafon Gypsum / GRC|Gedung A|Lantai 12|Zona Timur|Arsitektur|Ringan|Kualitas material|Retak/pecah|334000
Sensor error parah, debu/kotoran membuat ATS Panel mati total, sangat mengganggu operasional|ATS Panel rusak karena debu/kotoran, sensor error|Automatic Transfer Switch (ATS Panel)|Gedung B|Lantai 1|Zona Selatan|Electrical|Berat|Debu/kotoran|Sensor error|4808000
ATS Panel rusak, sensor error, butuh diperbaiki sekarang juga|ATS Panel error, perlu perbaikan|Automatic Transfer Switch (ATS Panel)|Gedung B|Lantai 1|Zona Selatan|Electrical|Berat|Debu/kotoran|Sensor error|4808000
ATS Panel di Gedung B Lantai 1 Zona Selatan mengalami sensor error, kemungkinan karena debu/kotoran, perlu diperbaiki untuk menghindari kerusakan lebih lanjut|ATS Panel di Gedung B perlu perbaikan|Automatic Transfer Switch (ATS Panel)|Gedung B|Lantai 1|Zona Selatan|Electrical|Berat|Debu/kotoran|Sensor error|4808000
Monitor CCTV di Gedung D Lantai 1 Zona Utara tiba-tiba remote tidak berfungsi karena tegangan tidak stabil, mengganggu rutinitas harian|Teknisi mendapati kerusakan pada remote monitor CCTV|Monitor CCTV|Gedung D|Lantai 1|Zona Utara|Security Sistem|Sedang|Tegangan tidak stabil|Remote tidak berfungsi|1663000
Monitor CCTV rusak, remote tidak berfungsi|Perlu perbaikan remote|Monitor CCTV|Gedung D|Lantai 1|Zona Utara|Security Sistem|Sedang|Tegangan tidak stabil|Remote tidak berfungsi|1663000
Kerusakan terjadi pada monitor CCTV Hikvision di Gedung D Lantai 1 Zona Utara, remote tidak berfungsi akibat tegangan tidak stabil, mengganggu kegiatan sehari-hari|Perlu diperiksa dan diperbaiki secepatnya|Monitor CCTV|Gedung D|Lantai 1|Zona Utara|Security Sistem|Sedang|Tegangan tidak stabil|Remote tidak berfungsi|1663000
Atap beton gedung E lantai 4 zona timur saya mengalami bunyi abnormal yang sangat mengganggu karena adanya debu dan kotoran yang menumpuk, saya sangat terganggu dengan suara netes-netes yang terus menerus|Debu dan kotoran menyebabkan bunyi abnormal|Atap Beton|Gedung E|Lantai 4|Zona Timur|Civil|Ringan|Debu/kotoran|Bunyi abnormal|173000
Atap beton bunyi aneh karena debu|Debu menyebabkan bunyi abnormal|Atap Beton|Gedung E|Lantai 4|Zona Timur|Civil|Ringan|Debu/kotoran|Bunyi abnormal|173000
Saya ingin melaporkan bahwa atap beton di gedung E lantai 4 zona timur mengalami masalah bunyi abnormal yang disebabkan oleh debu dan kotoran, suara agak berisik dan mengganggu rutinitas|Debu dan kotoran menyebabkan bunyi abnormal|Atap Beton|Gedung E|Lantai 4|Zona Timur|Civil|Ringan|Debu/kotoran|Bunyi abnormal|173000
Lampu UPS di Gedung Utama mati total karena debu/kotoran, sangat mengganggu|Lampu UPS mati|Uninterruptible Power Supply|Gedung Utama|14|Utara|Electrical|Fatal|Debu/kotoran|Lampu mati|47344000
Lampu mati, debu/kotoran|Lampu mati|Uninterruptible Power Supply|Gedung Utama|14|Utara|Electrical|Fatal|Debu/kotoran|Lampu mati|47344000
Lampu UPS di lantai 14 Gedung Utama tidak menyala, kemungkinan karena debu/kotoran, perlu perbaikan segera|Laporan teknisi|Uninterruptible Power Supply|Gedung Utama|14|Utara|Electrical|Fatal|Debu/kotoran|Lampu mati|47344000
Terminal Box Alarm netes karena suhu tidak stabil, human error membuatnya agak berisik|Suhu tidak stabil, perlu pengecekan|Terminal Box Alarm|Gedung C|Lantai 3|Zona Utara|Sistem Proteksi Kebakaran Aktif|Ringan|Human error|Suhu tidak stabil|217000
Terminal Box Alarm rusak, tolong bantu|Perlu pengecekan suhu|Terminal Box Alarm|Gedung C|Lantai 3|Zona Utara|Sistem Proteksi Kebakaran Aktif|Ringan|Human error|Suhu tidak stabil|217000
Terminal Box Alarm mengalami gangguan suhu, perlu perbaikan karena human error|Gangguan suhu, perlu penanganan|Terminal Box Alarm|Gedung C|Lantai 3|Zona Utara|Sistem Proteksi Kebakaran Aktif|Ringan|Human error|Suhu tidak stabil|217000
Roof tank di Gedung Parkir Lantai 1 Zona Timur bocor dan berisik karena retak dan kotoran|Tidak ada laporan teknisi|Roof Tank|Gedung Parkir|Lantai 1|Zona Timur|Distribusi Air|Sedang|Debu/kotoran|Retak/pecah|1084000
Roof tank bocor|Tidak ada laporan|Roof Tank|Gedung Parkir|Lantai 1|Zona Timur|Distribusi Air|Sedang|Debu/kotoran|Retak/pecah|1084000
Roof tank di Gedung Parkir Lantai 1 Zona Timur mengalami kerusakan retak dan kotoran sehingga menyebabkan kebocoran dan suara berisik|Tidak ada laporan teknisi|Roof Tank|Gedung Parkir|Lantai 1|Zona Timur|Distribusi Air|Sedang|Debu/kotoran|Retak/pecah|1084000
SDP sedang mengalami macet karena korosi yang parah, membuatnya netes dan agak berisik saat digunakan|Kerusakan terjadi karena korosi pada bagian dalam SDP|SDP|Gedung Servis|Lantai 2|Zona Utara|Electrical|Ringan|Korosi|Macet/tersumbat|279000
SDP macet karena korosi, perlu diperbaiki segera|Perlu perbaikan karena korosi|SDP|Gedung Servis|Lantai 2|Zona Utara|Electrical|Ringan|Korosi|Macet/tersumbat|279000
Saya melaporkan bahwa SDP di Gedung Servis, Lantai 2, Zona Utara mengalami masalah macet akibat korosi, sehingga mengganggu rutinitas kerja|Kerusakan SDP karena korosi memerlukan perbaikan|SDP|Gedung Servis|Lantai 2|Zona Utara|Electrical|Ringan|Korosi|Macet/tersumbat|279000
Tampilan pesawat telepon rusak parah karena overload, tidak bisa digunakan lagi, sangat mengganggu komunikasi|Pesawat telepon mengalami kerusakan pada tampilan dan sistem karena overload|Pesawat Telepon|Gedung Servis|Lantai 2|Zona Selatan|Sistem Telekomunikasi Gedung|Sedang|Overload|Tampilan rusak|1608000
Pesawat telepon rusak, tampilan netes, agak berisik|Pesawat telepon rusak karena overload|Pesawat Telepon|Gedung Servis|Lantai 2|Zona Selatan|Sistem Telekomunikasi Gedung|Sedang|Overload|Tampilan rusak|1608000
Laporan kerusakan pesawat telepon, tampilan rusak karena overload, perlu perbaikan segera|Pesawat telepon lokal mengalami kerusakan pada tampilan karena overload|Pesawat Telepon|Gedung Servis|Lantai 2|Zona Selatan|Sistem Telekomunikasi Gedung|Sedang|Overload|Tampilan rusak|1608000
APAR Dry Powder Stored Pressure tidak berfungsi dengan baik karena remote yang digunakan untuk mengaktifkannya netes dan tidak responsif, sepertinya kurang perawatan yang memadai|Tidak ada laporan teknisi|APAR Dry Powder Stored Pressure|Gedung Utama|Lantai 2|Zona Barat|Sistem Pemadam Kebakaran|Ringan|Kurang perawatan|Remote tidak berfungsi|81000
APAR rusak|Tidak ada laporan teknisi|APAR Dry Powder Stored Pressure|Gedung Utama|Lantai 2|Zona Barat|Sistem Pemadam Kebakaran|Ringan|Kurang perawatan|Remote tidak berfungsi|81000
Kerusakan APAR Dry Powder Stored Pressure di Gedung Utama Lantai 2 Zona Barat disebabkan oleh kurangnya perawatan yang membuat remote tidak berfungsi dengan baik, ini agak berisik dan mengganggu rutinitas|Tidak ada laporan teknisi|APAR Dry Powder Stored Pressure|Gedung Utama|Lantai 2|Zona Barat|Sistem Pemadam Kebakaran|Ringan|Kurang perawatan|Remote tidak berfungsi|81000
Dinding tembok gedung B lantai 7 zona selatan mengalami korsleting parah karena human error, membuat listrik netes dan agak berisik|Korsleting listrik pada dinding tembok gedung B|Dinding Tembok/Mansonry|Gedung B|Lantai 7|Zona Selatan|Civil|Sedang|Human error|Korsleting|1994000
Korsleting di gedung B lantai 7, tolong perbaiki|Kerusakan listrik di gedung B|Dinding Tembok/Mansonry|Gedung B|Lantai 7|Zona Selatan|Civil|Sedang|Human error|Korsleting|1994000
Dinding tembok di gedung B lantai 7 zona selatan mengalami kerusakan listrik karena korsleting yang disebabkan oleh human error, perlu perbaikan segera|Laporan kerusakan listrik di gedung B|Dinding Tembok/Mansonry|Gedung B|Lantai 7|Zona Selatan|Civil|Sedang|Human error|Korsleting|1994000
PABX di Gedung A, Lantai 1, Zona Barat, tiba-tiba lampu mati dan tidak bisa dihidupkan, kemungkinan karena tegangan tidak stabil, ini cukup mengganggu rutinitas kita|Lampu PABX mati|PABX|Gedung A|Lantai 1|Zona Barat|Sistem Telekomunikasi Gedung|Ringan|Tegangan tidak stabil|Lampu mati|165000
Lampu PABX mati, netes karena tegangan tidak stabil|Lampu PABX mati|PABX|Gedung A|Lantai 1|Zona Barat|Sistem Telekomunikasi Gedung|Ringan|Tegangan tidak stabil|Lampu mati|165000
PABX di Gedung A, Lantai 1, Zona Barat mengalami gangguan, lampu mati dan tidak bisa dioperasikan, kemungkinan disebabkan oleh tegangan listrik yang tidak stabil, perlu diperbaiki secepatnya|Laporan teknisi PABX|PABX|Gedung A|Lantai 1|Zona Barat|Sistem Telekomunikasi Gedung|Ringan|Tegangan tidak stabil|Lampu mati|165000
Lampu Backlit Sign di Gedung D Lantai 10 Zona Tengah saya netes terus karena udah tua dan sering overheat, jadi saya khawatir bakal rusak lebih parah|Lampu Backlit Sign di Gedung D Lantai 10 Zona Tengah mengalami overheat karena usia pakai|Lampu Backlit Sign|Gedung D|Lantai 10|Zona Tengah|Electrical|Ringan|Usia pakai|Overheat|122000
Lampu Backlit Sign di Gedung D Lantai 10 Zona Tengah rusak, overheat, perlu diperbaiki|Lampu Backlit Sign di Gedung D Lantai 10 Zona Tengah perlu diperbaiki karena overheat|Lampu Backlit Sign|Gedung D|Lantai 10|Zona Tengah|Electrical|Ringan|Usia pakai|Overheat|122000
Lampu Backlit Sign di Gedung D Lantai 10 Zona Tengah sedang mengalami masalah overheat yang disebabkan oleh usia pakai, sehingga perlu dilakukan perbaikan untuk menghindari kerusakan lebih lanjut|Lampu Backlit Sign di Gedung D Lantai 10 Zona Tengah perlu diperbaiki karena overheat|Lampu Backlit Sign|Gedung D|Lantai 10|Zona Tengah|Electrical|Ringan|Usia pakai|Overheat|122000
Lampu LED di gedung utama lantai 16 zona tengah mati total karena remote tidak berfungsi dan tegangan tidak stabil|Tegangan tidak stabil menyebabkan kerusakan pada remote|Lampu LED|Gedung Utama|16|Tengah|Electrical|Berat|Tegangan tidak stabil|Remote tidak berfungsi|7075000
Lampu LED rusak|Tegangan tidak stabil|Lampu LED|Gedung Utama|16|Tengah|Electrical|Berat|Tegangan tidak stabil|Remote tidak berfungsi|7075000
Lampu LED di zona tengah lantai 16 gedung utama mengalami kerusakan pada remotenya dan tidak bisa digunakan karena tegangan listrik yang tidak stabil|Kerusakan remote dan tegangan tidak stabil|Lampu LED|Gedung Utama|16|Tengah|Electrical|Berat|Tegangan tidak stabil|Remote tidak berfungsi|7075000
Lampu downlight di gedung A lantai 10 zona barat mati total karena berkarat dan tegangan tidak stabil, sangat mengganggu|Lampu downlight rusak|Lampu Downlight|Gedung A|Lantai 10|Zona Barat|Electrical|Fatal|Tegangan tidak stabil|Berkarat/korosi|44312000
Lampu downlight zona barat lantai 10 gedung A jebol|Lampu downlight jebol|Lampu Downlight|Gedung A|Lantai 10|Zona Barat|Electrical|Fatal|Tegangan tidak stabil|Berkarat/korosi|44312000
Lampu downlight di gedung A lantai 10 zona barat mengalami kerusakan berat karena korosi dan tegangan listrik yang tidak stabil, perlu segera diperbaiki|Lampu downlight rusak berat|Lampu Downlight|Gedung A|Lantai 10|Zona Barat|Electrical|Fatal|Tegangan tidak stabil|Berkarat/korosi|44312000
Atap beton di Gedung B, Lantai 1, Zona Utara, retak parah karena overload, suara netes air terus menerus, agak berisik, mengganggu rutinitas|Atap beton retak karena overload|Atap Beton|Gedung B|Lantai 1|Zona Utara|Civil|Ringan|Overload|Retak/pecah|315000
Atap beton retak, overload, netes|Atap beton retak|Atap Beton|Gedung B|Lantai 1|Zona Utara|Civil|Ringan|Overload|Retak/pecah|315000
Kerusakan atap beton di Gedung B, Lantai 1, Zona Utara, karena overload, menyebabkan retak, suara agak berisik, perlu perbaikan segera|Atap beton retak karena overload|Atap Beton|Gedung B|Lantai 1|Zona Utara|Civil|Ringan|Overload|Retak/pecah|315000
AC Split rusak parah karena debu dan kotoran, overheating terus, suhu udara tidak stabil, sangat mengganggu|Kerusakan pada AC Split di Gedung D Lantai 2 Zona Utara, penyebabnya adalah debu dan kotoran|AC Split|Gedung D|Lantai 2|Zona Utara|Mechanical|Berat|Debu/kotoran|Overheat|8858000
AC Split jebol|Kerusakan AC Split di Gedung D|AC Split|Gedung D|Lantai 2|Zona Utara|Mechanical|Berat|Debu/kotoran|Overheat|8858000
AC Split mengalami overheating karena debu dan kotoran, perlu perbaikan segera|Laporan teknisi tentang kerusakan AC Split di Gedung D Lantai 2 Zona Utara|AC Split|Gedung D|Lantai 2|Zona Utara|Mechanical|Berat|Debu/kotoran|Overheat|8858000
Paving Block di gedung parkir lantai 2 zona barat tiba-tiba mati mendadak karena human error, sangat mengganggu kegiatan sehari-hari|Laporan teknisi: Paving Block mati total|Paving Block|Gedung Parkir|Lantai 2|Zona Barat|Arsitektur|Berat|Human error|Mati mendadak|2945000
Paving Block mati mendadak|Paving Block rusak|Paving Block|Gedung Parkir|Lantai 2|Zona Barat|Arsitektur|Berat|Human error|Mati mendadak|2945000
Paving Block di zona barat lantai 2 gedung parkir mengalami kerusakan parah karena human error, perlu perbaikan segera|Laporan teknisi: Paving Block mengalami kerusakan parah|Paving Block|Gedung Parkir|Lantai 2|Zona Barat|Arsitektur|Berat|Human error|Mati mendadak|2945000
Pesawat telepon di kantor saya netes, suka koneksi terputus dan tegangan tidak stabil jadi sering mati secara tiba-tiba|Koneksi terputus karena tegangan tidak stabil|Pesawat Telepon|Gedung Utama|Lantai 5|Zona Selatan|Sistem Telekomunikasi Gedung|Sedang|Tegangan tidak stabil|Koneksi terputus|838000
Pesawat telepon koneksi terputus, tegangan tidak stabil|Koneksi terputus|Pesawat Telepon|Gedung Utama|Lantai 5|Zona Selatan|Sistem Telekomunikasi Gedung|Sedang|Tegangan tidak stabil|Koneksi terputus|838000
Pesawat telepon di kantor kami agak berisik dan sering mengalami koneksi terputus karena tegangan tidak stabil, perlu perbaikan segera|Laporan teknisi tentang koneksi terputus|Pesawat Telepon|Gedung Utama|Lantai 5|Zona Selatan|Sistem Telekomunikasi Gedung|Sedang|Tegangan tidak stabil|Koneksi terputus|838000
APAR Foam macet parah karena kelembaban tinggi membuatnya mati total|Sistem Pemadam Kebakaran tidak berfungsi|APAR Foam|Gedung Servis|Lantai 1|Zona Utara|Sistem Pemadam Kebakaran|Fatal|Kelembaban tinggi|Macet/tersumbat|28508000
APAR Foam jebol karena kelembaban|Perlu perbaikan segera|APAR Foam|Gedung Servis|Lantai 1|Zona Utara|Sistem Pemadam Kebakaran|Fatal|Kelembaban tinggi|Macet/tersumbat|28508000
APAR Foam Lokal mengalami kerusakan parah karena kelembaban tinggi yang menyebabkan macet|Perlu penanganan segera untuk menghindari kebakaran|APAR Foam|Gedung Servis|Lantai 1|Zona Utara|Sistem Pemadam Kebakaran|Fatal|Kelembaban tinggi|Macet/tersumbat|28508000
Speaker|Tidak berfungsi total karena debu/kotoran|Speaker|Gedung A|Lantai 12|Zona Barat|Sistem Telekomunikasi Gedung|Berat|Debu/kotoran|Tidak berfungsi total|7069000
Speaker|Mati total|Speaker|Gedung A|Lantai 12|Zona Barat|Sistem Telekomunikasi Gedung|Berat|Debu/kotoran|Tidak berfungsi total|7069000
Speaker|Perlu perbaikan karena tidak berfungsi total akibat debu/kotoran|Speaker|Gedung A|Lantai 12|Zona Barat|Sistem Telekomunikasi Gedung|Berat|Debu/kotoran|Tidak berfungsi total|7069000
APAR CO2 mati total karena suara aneh dan bunyi abnormal, harus segera diperbaiki karena sangat mengganggu, ini adalah human error yang sangat fatal|Tidak dapat berfungsi dengan baik karena kerusakan pada sistem, perlu perbaikan segera|APAR CO2|Gedung C|Lantai 3|Zona Selatan|Sistem Pemadam Kebakaran|Berat|Human error|Bunyi abnormal|2720000
APAR CO2 rusak, bunyi aneh, tolong perbaiki sekarang juga|Perlu perbaikan darurat karena kerusakan parah|APAR CO2|Gedung C|Lantai 3|Zona Selatan|Sistem Pemadam Kebakaran|Berat|Human error|Bunyi abnormal|2720000
APAR CO2 di Gedung C, Lantai 3, Zona Selatan mengalami kerusakan karena suara abnormal dan human error, perlu perbaikan segera dengan biaya Rp 2720000|Perlu pengecekan dan perbaikan segera|APAR CO2|Gedung C|Lantai 3|Zona Selatan|Sistem Pemadam Kebakaran|Berat|Human error|Bunyi abnormal|2720000
AC Split mati mendadak gara-gara aus normal, jadi agak berisik dan mengganggu rutinitas|Kerusakan pada AC Split karena aus normal, menyebabkan mati mendadak|AC Split|Gedung Utama|10|Tengah|Mekanikal|Ringan|Aus normal|Mati mendadak|108000
AC Split mati tiba-tiba|Kerusakan mati mendadak|AC Split|Gedung Utama|10|Tengah|Mekanikal|Ringan|Aus normal|Mati mendadak|108000
AC Split di Gedung Utama, Lantai 10, Zona Tengah mengalami kerusakan mati mendadak dikarenakan aus normal, sehingga perlu perbaikan untuk menghilangkan suara berisik yang mengganggu|Laporan teknisi tentang kerusakan AC Split|AC Split|Gedung Utama|10|Tengah|Mekanikal|Ringan|Aus normal|Mati mendadak|108000
Atap spandek netes dan agak berisik karena macet dan tersumbat, mungkin faktor lingkungan yang terlalu lembab|Atap spandek mengalami kerusakan ringan|Atap Spandek|Gedung Servis|Lantai 3|Zona Tengah|Civil|Ringan|Faktor lingkungan|Macet/tersumbat|322000
Atap spandek bermasalah|Atap spandek macet|Atap Spandek|Gedung Servis|Lantai 3|Zona Tengah|Civil|Ringan|Faktor lingkungan|Macet/tersumbat|322000
Atap spandek di lantai 3 Gedung Servis mengalami masalah macet dan tersumbat, kemungkinan disebabkan oleh faktor lingkungan|Atap spandek perlu perbaikan|Atap Spandek|Gedung Servis|Lantai 3|Zona Tengah|Civil|Ringan|Faktor lingkungan|Macet/tersumbat|322000
Kitchen sink tiba-tiba mati mendadak karena overload, netes terus dan sangat mengganggu rutinitas|Perbaikan kitchen sink yang mati mendadak karena overload|Kitchen sink|Gedung B|Lantai 4|Zona Utara|Plumbing|Ringan|Overload|Mati mendadak|340000
Kitchen sink jebol|Perlu perbaikan segera|Kitchen sink|Gedung B|Lantai 4|Zona Utara|Plumbing|Ringan|Overload|Mati mendadak|340000
Perlu perbaikan kitchen sink yang mengalami kerusakan mati mendadak karena overload, agak berisik dan mengganggu|Perbaikan kitchen sink yang mati mendadak karena overload|Kitchen sink|Gedung B|Lantai 4|Zona Utara|Plumbing|Ringan|Overload|Mati mendadak|340000
Pemipaan air kotor di gedung A lantai 15 zona timur tidak berfungsi total karena getaran, membuat air netes terus menerus dan agak berisik|Pemipaan air kotor rusak total|Pemipaan Air Kotor|Gedung A|15|Timur|Plumbing|Ringan|Getaran|Tidak berfungsi total|318000
Pemipaan air kotor mati total di gedung A lantai 15 zona timur|Pemipaan air kotor rusak|Pemipaan Air Kotor|Gedung A|15|Timur|Plumbing|Ringan|Getaran|Tidak berfungsi total|318000
Pemipaan air kotor di gedung A lantai 15 zona timur mengalami kerusakan karena getaran, sehingga tidak berfungsi total dan menimbulkan suara berisik|Pemipaan air kotor rusak karena getaran|Pemipaan Air Kotor|Gedung A|15|Timur|Plumbing|Ringan|Getaran|Tidak berfungsi total|318000
Lantai keramik netes terus karena tekanan tidak stabil, human error membuat kerusakan ini sangat mengganggu rutinitas|Tekanan tidak stabil karena human error|Lantai Keramik|Gedung Servis|3|Selatan|Civil|Sedang|Human error|Tekanan tidak stabil|1829000
Lantai keramik agak berisik, tekanan tidak stabil|Human error|Lantai Keramik|Gedung Servis|3|Selatan|Civil|Sedang|Human error|Tekanan tidak stabil|1829000
Lantai keramik di Gedung Servis mengalami tekanan tidak stabil karena human error, perlu perbaikan segera|Perlu perbaikan karena tekanan tidak stabil|Lantai Keramik|Gedung Servis|3|Selatan|Civil|Sedang|Human error|Tekanan tidak stabil|1829000
Hydrant Box sedang netes dan agak berisik karena korsleting akibat human error|Sistem Pemadam Kebakaran mengalami korsleting|Hydrant Box|Gedung B|Lantai 5|Zona Tengah|Sistem Pemadam Kebakaran|Sedang|Human error|Korsleting|1168000
Korsleting di Hydrant Box|Perlu diperbaiki segera|Hydrant Box|Gedung B|Lantai 5|Zona Tengah|Sistem Pemadam Kebakaran|Sedang|Human error|Korsleting|1168000
Hydrant Box di Gedung B Lantai 5 Zona Tengah mengalami korsleting yang disebabkan oleh human error, sehingga perlu diperbaiki dengan biaya sebesar Rp 1168000|Perlu penanganan segera|Hydrant Box|Gedung B|Lantai 5|Zona Tengah|Sistem Pemadam Kebakaran|Sedang|Human error|Korsleting|1168000
Lantai keramik di kantor saya tidak berfungsi total, aus normal, sehingga mengganggu rutinitas kerja|Lantai keramik aus normal, perlu diganti|Lantai Keramik|Gedung Servis|Lantai 3|Zona Utara|Civil|Sedang|Aus normal|Tidak berfungsi total|1979000
Lantai keramik rusak, aus, tidak berfungsi|Lantai keramik aus, perlu perbaikan|Lantai Keramik|Gedung Servis|Lantai 3|Zona Utara|Civil|Sedang|Aus normal|Tidak berfungsi total|1979000
Lantai keramik di gedung servis mengalami kerusakan, yaitu aus normal dan tidak berfungsi total, sehingga perlu perbaikan segera|Lantai keramik aus normal, perlu diganti dengan yang baru|Lantai Keramik|Gedung Servis|Lantai 3|Zona Utara|Civil|Sedang|Aus normal|Tidak berfungsi total|1979000
Pemipaan air bersih di Gedung E Lantai 1 Zona Selatan mengalami kerusakan parah karena getaran berlebihan dan korosi, sehingga menyebabkan kebocoran yang sangat parah dan mengganggu aktivitas sehari-hari, tolong segera diperbaiki|Kerusakan pada pipa air bersih di Gedung E Lantai 1 Zona Selatan|Pemipaan Air Bersih|Gedung E|Lantai 1|Zona Selatan|Plumbing|Fatal|Korosi|Getaran berlebihan|40787000
Pipa air bocor karena getaran dan korosi, tolong diperbaiki sekarang|Kerusakan pipa air bersih|Pemipaan Air Bersih|Gedung E|Lantai 1|Zona Selatan|Plumbing|Fatal|Korosi|Getaran berlebihan|40787000
Kerusakan pada pipa air bersih di Gedung E Lantai 1 Zona Selatan disebabkan oleh getaran berlebihan dan korosi, sehingga menyebabkan kebocoran yang cukup parah, perlu segera diperbaiki untuk menghindari kerugian lebih lanjut|Laporan kerusakan pipa air bersih|Pemipaan Air Bersih|Gedung E|Lantai 1|Zona Selatan|Plumbing|Fatal|Korosi|Getaran berlebihan|40787000
Meja kerja saya getaran berlebihan parah karena human error, jadi saya tidak bisa bekerja dengan nyaman, agak berisik dan mengganggu rutinitas kerja|Getaran berlebihan pada meja kerja|Meja kerja|Gedung Utama|19|Timur|Arsitektur|Sedang|Human error|Getaran berlebihan|1399000
Meja kerja getaran berlebihan|Getaran berlebihan|Meja kerja|Gedung Utama|19|Timur|Arsitektur|Sedang|Human error|Getaran berlebihan|1399000
Meja kerja di lantai 19 zona timur gedung utama mengalami getaran berlebihan karena human error, sehingga perlu perbaikan segera untuk menghindari gangguan lebih lanjut|Laporan teknisi tentang getaran berlebihan pada meja kerja|Meja kerja|Gedung Utama|19|Timur|Arsitektur|Sedang|Human error|Getaran berlebihan|1399000
Meter PDAM di gedung utama lantai 16 zona selatan bermasalah, retak dan netes terus karena tegangan tidak stabil|Kerusakan retak pada meter PDAM di zona selatan|Meter PDAM|Gedung Utama|16|Zona Selatan|Pencatatan Meter|Sedang|Tegangan tidak stabil|Retak/pecah|318000
Meter PDAM bocor|Meter PDAM bermasalah|Meter PDAM|Gedung Utama|16|Zona Selatan|Pencatatan Meter|Sedang|Tegangan tidak stabil|Retak/pecah|318000
Adanya kerusakan pada meter PDAM di gedung utama lantai 16 zona selatan, yaitu retak yang disebabkan oleh tegangan tidak stabil, mengharuskan perbaikan segera|Laporan kerusakan meter PDAM|Meter PDAM|Gedung Utama|16|Zona Selatan|Pencatatan Meter|Sedang|Tegangan tidak stabil|Retak/pecah|318000
Dinding partisi GRC/Gypsum di gedung B lantai 4 zona timur macet/tersumbat karena kelembaban tinggi membuat suara netes yang agak berisik dan mengganggu rutinitas|Tidak ada laporan teknisi|Dinding Partisi, GRC / Gypsum|Gedung B|Lantai 4|Zona Timur|Civil|Sedang|Kelembaban tinggi|Macet/tersumbat|810000
Dinding partisi GRC/Gypsum macet/tersumbat kelembaban tinggi|Tidak ada laporan teknisi|Dinding Partisi, GRC / Gypsum|Gedung B|Lantai 4|Zona Timur|Civil|Sedang|Kelembaban tinggi|Macet/tersumbat|810000
Dinding partisi GRC/Gypsum di zona timur lantai 4 gedung B mengalami kerusakan macet/tersumbat yang disebabkan oleh kelembaban tinggi, sehingga menimbulkan suara yang agak berisik dan memerlukan perbaikan|Tidak ada laporan teknisi|Dinding Partisi, GRC / Gypsum|Gedung B|Lantai 4|Zona Timur|Civil|Sedang|Kelembaban tinggi|Macet/tersumbat|810000
Lampu LED di Gedung D Lantai 10 Zona Tengah bocor dan suaranya agak berisik karena tegangan tidak stabil|Lampu LED bocor dan berisik|Lampu LED|Gedung D|Lantai 10|Zona Tengah|Electrical|Ringan|Tegangan tidak stabil|Kebocoran|121000
Lampu LED bocor|Lampu LED bocor karena tegangan tidak stabil|Lampu LED|Gedung D|Lantai 10|Zona Tengah|Electrical|Ringan|Tegangan tidak stabil|Kebocoran|121000
Lampu LED di Gedung D Lantai 10 Zona Tengah mengalami kebocoran dan netes karena tegangan listrik tidak stabil sehingga perlu diperbaiki|Lampu LED perlu diperbaiki karena kebocoran|Lampu LED|Gedung D|Lantai 10|Zona Tengah|Electrical|Ringan|Tegangan tidak stabil|Kebocoran|121000
MDB mati mendadak karena debu/kotoran, sangat mengganggu pekerjaan|Debu/kotoran menyebabkan kerusakan pada MDB|MDB|Gedung E|Lantai 2|Zona Tengah|Electrical|Berat|Debu/kotoran|Mati mendadak|8662000
MDB mati total karena kotoran|Kerusakan parah pada MDB|MDB|Gedung E|Lantai 2|Zona Tengah|Electrical|Berat|Debu/kotoran|Mati mendadak|8662000
MDB di Gedung E, Lantai 2, Zona Tengah mengalami kerusakan karena debu/kotoran, sehingga menyebabkan mati mendadak|Kerusakan MDB karena debu/kotoran|MDB|Gedung E|Lantai 2|Zona Tengah|Electrical|Berat|Debu/kotoran|Mati mendadak|8662000
Kloset di gedung C lantai 3 zona utara rusak parah karena retak dan pecah, sepertinya kualitas material yang digunakan tidak bagus, ini sangat mengganggu rutinitas kami|Kerusakan kloset di gedung C lantai 3 zona utara|Kloset|Gedung C|Lantai 3|Zona Utara|Plumbing|Berat|Kualitas material|Retak/pecah|8667000
Kloset rusak total di gedung C lantai 3 zona utara, retak dan pecah, tolong perbaiki segera|Kerusakan kloset yang parah|Kloset|Gedung C|Lantai 3|Zona Utara|Plumbing|Berat|Kualitas material|Retak/pecah|8667000
Kerusakan kloset di gedung C lantai 3 zona utara cukup serius, retak dan pecah, kemungkinan karena kualitas material yang tidak memadai, perlu diperbaiki dengan segera|Laporan kerusakan kloset|Kloset|Gedung C|Lantai 3|Zona Utara|Plumbing|Berat|Kualitas material|Retak/pecah|8667000
UPS di kantor kami mengalami overheat dan getaran yang cukup mengganggu rutinitas, sehingga kami tidak bisa bekerja dengan tenang|UPS mengalami kerusakan ringan karena overheat dan getaran|Uninterruptible Power Supply|Gedung A|Lantai 10|Zona Timur|Electrical|Ringan|Getaran|Overheat|466000
UPS kami netes, agak berisik dan mengalami getaran|Kerusakan ringan, perlu perbaikan|Uninterruptible Power Supply|Gedung A|Lantai 10|Zona Timur|Electrical|Ringan|Getaran|Overheat|466000
Kami memiliki masalah dengan UPS di kantor, yaitu overheat dan getaran yang mengganggu, sehingga perlu dilakukan perbaikan|Perlu dilakukan perbaikan pada UPS karena overheat dan getaran|Uninterruptible Power Supply|Gedung A|Lantai 10|Zona Timur|Electrical|Ringan|Getaran|Overheat|466000
Atap spandek saya rusak parah karena human error, tampilan jadi jelek sekali|Kerusakan atap spandek akibat kesalahan manusia|Atap Spandek|Gedung B|Lantai 2|Zona Tengah|Civil|Berat|Human error|Tampilan rusak|6401000
Tampilan atap spandek rusak berat, butuh perbaikan segera|Perlu perbaikan atap spandek|Atap Spandek|Gedung B|Lantai 2|Zona Tengah|Civil|Berat|Human error|Tampilan rusak|6401000
Saya laporan kerusakan atap spandek di Gedung B Lantai 2 Zona Tengah, kondisinya rusak parah karena human error, perlu perbaikan segera|Atap spandek rusak karena kesalahan manusia|Atap Spandek|Gedung B|Lantai 2|Zona Tengah|Civil|Berat|Human error|Tampilan rusak|6401000
AC Cassette tidak bisa nyala karena getaran berlebihan dan tegangan tidak stabil, jadi saya sangat kesal sekali|Tegangan tidak stabil menyebabkan getaran berlebihan pada AC Cassette|AC Cassette|Gedung D|9|Zona Barat|Mechanical|Berat|Tegangan tidak stabil|Getaran berlebihan|6481000
AC Cassette rusak, getaran berlebihan, tegangan tidak stabil|Tegangan tidak stabil|AC Cassette|Gedung D|9|Zona Barat|Mechanical|Berat|Tegangan tidak stabil|Getaran berlebihan|6481000
Saya laporkan bahwa AC Cassette di Gedung D Lantai 9 Zona Barat mengalami getaran berlebihan dan tegangan tidak stabil sehingga tidak bisa digunakan|Tegangan tidak stabil menyebabkan kerusakan|AC Cassette|Gedung D|9|Zona Barat|Mechanical|Berat|Tegangan tidak stabil|Getaran berlebihan|6481000
AC Split mengalami sensor error yang disebabkan getaran, sehingga tidak bisa bekerja dengan baik dan mengeluarkan suara agak berisik|Tidak bisa bekerja dengan baik|AC Split|Gedung E|Lantai 6|Zona Tengah|Mechanical|Sedang|Getaran|Sensor error|1529000
AC Split rusak, sensor error karena getaran, netes terus|Rusak|AC Split|Gedung E|Lantai 6|Zona Tengah|Mechanical|Sedang|Getaran|Sensor error|1529000
AC Split di Gedung E Lantai 6 Zona Tengah mengalami kerusakan sensor error yang disebabkan oleh getaran, sehingga mengganggu rutinitas dan perlu perbaikan segera|Perlu perbaikan segera|AC Split|Gedung E|Lantai 6|Zona Tengah|Mechanical|Sedang|Getaran|Sensor error|1529000
Meja kerja di kantor saya mengalami korsleting parah karena kualitas material yang buruk, sangat mengganggu pekerjaan|Korsleting pada meja kerja|Meja kerja|Gedung Utama|Lantai 20|Zona Barat|Arsitektur|Fatal|Kualitas material|Korsleting|31826000
Meja kerja mati total|Korsleting|Meja kerja|Gedung Utama|Lantai 20|Zona Barat|Arsitektur|Fatal|Kualitas material|Korsleting|31826000
Meja kerja di lantai 20 mengalami kerusakan korsleting yang disebabkan oleh kualitas material yang tidak memadai, perlu perbaikan segera|Laporan teknisi|Meja kerja|Gedung Utama|Lantai 20|Zona Barat|Arsitektur|Fatal|Kualitas material|Korsleting|31826000
Kursi di gedung A lantai 15 zona barat sudah berkarat parah karena faktor lingkungan, jangan sampai ambruk dan bahayakan orang lain|Kerusakan struktural pada kursi|Kursi|Gedung A|Lantai 15|Zona Barat|Arsitektur|Berat|Faktor lingkungan|Berkarat/korosi|9694000
Kursi rusak berat, berkarat, zona barat lantai 15|Laporan kerusakan kursi|Kursi|Gedung A|Lantai 15|Zona Barat|Arsitektur|Berat|Faktor lingkungan|Berkarat/korosi|9694000
Kerusakan pada kursi di zona barat lantai 15 gedung A disebabkan oleh faktor lingkungan yang menyebabkan korosi, perlu perbaikan segera|Kerusakan korosi pada kursi|Kursi|Gedung A|Lantai 15|Zona Barat|Arsitektur|Berat|Faktor lingkungan|Berkarat/korosi|9694000
Hydrant Pillar di Gedung Servis Lantai 3 Zona Tengah koneksi terputus karena faktor lingkungan, membuatnya netes dan mengganggu rutinitas harian|Kerusakan koneksi hydrant pillar|Hydrant Pillar|Gedung Servis|Lantai 3|Zona Tengah|Sistem Pemadam Kebakaran|Sedang|Faktor lingkungan|Koneksi terputus|1373000
Hydrant pillar koneksi terputus|Kerusakan koneksi|Hydrant Pillar|Gedung Servis|Lantai 3|Zona Tengah|Sistem Pemadam Kebakaran|Sedang|Faktor lingkungan|Koneksi terputus|1373000
Koneksi hydrant pillar terputus karena faktor lingkungan di Gedung Servis Lantai 3 Zona Tengah, agak berisik dan mengganggu|Laporan teknisi tentang kerusakan hydrant pillar|Hydrant Pillar|Gedung Servis|Lantai 3|Zona Tengah|Sistem Pemadam Kebakaran|Sedang|Faktor lingkungan|Koneksi terputus|1373000
Kamera CCTV di Gedung Utama Lantai 12 Zona Utara netes terus karena usia pakai yang sudah lama, jadi aliran lemah dan agak berisik|Kamera CCTV mengalami aliran lemah|Kamera CCTV|Gedung Utama|Lantai 12|Zona Utara|Security Sistem|Sedang|Usia pakai|Aliran lemah|1527000
Kamera CCTV netes|Kamera CCTV rusak|Kamera CCTV|Gedung Utama|Lantai 12|Zona Utara|Security Sistem|Sedang|Usia pakai|Aliran lemah|1527000
Kamera CCTV di Gedung Utama Lantai 12 Zona Utara mengalami gangguan karena aliran lemah yang disebabkan oleh usia pakai, sehingga perlu perbaikan|Kamera CCTV mengalami kerusakan|Kamera CCTV|Gedung Utama|Lantai 12|Zona Utara|Security Sistem|Sedang|Usia pakai|Aliran lemah|1527000
Deepwell sedang netes terus dan sangat mengganggu rutinitas harian kami, bahkan suaranya agak berisik dan terdengar abnormal, sepertinya overload|Tidak ada laporan teknisi|Deepwell|Gedung D|Lantai 12|Zona Selatan|Distribusi Air|Sedang|Overload|Bunyi abnormal|1250000
Deepwell rusak, bunyi abnormal, overload|Tidak ada laporan teknisi|Deepwell|Gedung D|Lantai 12|Zona Selatan|Distribusi Air|Sedang|Overload|Bunyi abnormal|1250000
Kerusakan pada Deepwell di Gedung D Lantai 12 Zona Selatan menyebabkan bunyi abnormal dan kemungkinan overload, sehingga perlu perbaikan segera|Tidak ada laporan teknisi|Deepwell|Gedung D|Lantai 12|Zona Selatan|Distribusi Air|Sedang|Overload|Bunyi abnormal|1250000
MDP|Gedung B, Lantai 4, Zona Timur|MDP|Gedung B|Lantai 4|Zona Timur|Electrical|Sedang|Faktor lingkungan|Sensor error|493000
Sensor error membuat kerjaan jadi agak berisik|Sensor error|MDP|Gedung B|Lantai 4|Zona Timur|Electrical|Sedang|Faktor lingkungan|Sensor error|493000
Kerusakan pada MDP di Gedung B Lantai 4 Zona Timur karena sensor error yang disebabkan faktor lingkungan membuat pekerjaan terganggu|Laporan teknisi|MDP|Gedung B|Lantai 4|Zona Timur|Electrical|Sedang|Faktor lingkungan|Sensor error|493000
AC Split|Gedung E Lantai 5 Zona Barat mengalami kerusakan remote tidak berfungsi karena kurang perawatan, membuat saya kesal dan terganggu|AC Split|Gedung E|Lantai 5|Zona Barat|Mechanical|Sedang|Kurang perawatan|Remote tidak berfungsi|1828000
AC Split|Remote rusak, perlu diperbaiki|AC Split|Gedung E|Lantai 5|Zona Barat|Mechanical|Sedang|Kurang perawatan|Remote tidak berfungsi|1828000
Gree AC Split di Gedung E Lantai 5 Zona Barat mengalami kerusakan remote tidak berfungsi, kemungkinan karena kurang perawatan, sehingga perlu diperbaiki segera|Tidak ada laporan teknisi|AC Split|Gedung E|Lantai 5|Zona Barat|Mechanical|Sedang|Kurang perawatan|Remote tidak berfungsi|1828000
DVR CCTV di gedung parkir lantai 1 zona selatan tidak berfungsi total karena getaran, agak berisik dan mengganggu rutinitas|Tidak berfungsi total karena getaran|DVR CCTV|Gedung Parkir|Lantai 1|Zona Selatan|Security Sistem|Ringan|Getaran|Tidak berfungsi total|491000
DVR CCTV rusak total karena getaran, perlu diperbaiki segera|Tidak berfungsi|DVR CCTV|Gedung Parkir|Lantai 1|Zona Selatan|Security Sistem|Ringan|Getaran|Tidak berfungsi total|491000
DVR CCTV di gedung parkir lantai 1 zona selatan mengalami kerusakan karena getaran, sehingga tidak dapat beroperasi dengan baik, perlu dilakukan perbaikan|Laporan teknisi|DVR CCTV|Gedung Parkir|Lantai 1|Zona Selatan|Security Sistem|Ringan|Getaran|Tidak berfungsi total|491000
Lemari saya di kantor mati total, performa menurun drastis karena overload, tidak bisa dipakai lagi, sangat mengganggu rutinitas kerja|Lemari/Loker mengalami kerusakan berat|Lemari/Loker|Gedung C|Lantai 7|Zona Utara|Arsitektur|Fatal|Overload|Performa menurun|17665000
Lemari rusak, overload, butuh perbaikan sekarang juga|Lemari/Loker rusak berat|Lemari/Loker|Gedung C|Lantai 7|Zona Utara|Arsitektur|Fatal|Overload|Performa menurun|17665000
Lemari di lantai 7 Gedung C mengalami performa menurun akibat overload, perlu perbaikan untuk menghindari kerusakan lebih parah, agar kinerja kantor tetap lancar|Lemari/Loker mengalami kerusakan akibat overload|Lemari/Loker|Gedung C|Lantai 7|Zona Utara|Arsitektur|Fatal|Overload|Performa menurun|17665000
Rooftank di lantai 11 zona utara Gedung A tidak berfungsi total karena kelembaban tinggi, netes terus dan mengganggu rutinitas|Laporan teknisi: Rooftank rusak total|Rooftank|Gedung A|Lantai 11|Zona Utara|Plumbing|Ringan|Kelembaban tinggi|Tidak berfungsi total|322000
Rooftank Gedung A rusak karena kelembaban tinggi|Rusak total|Rooftank|Gedung A|Lantai 11|Zona Utara|Plumbing|Ringan|Kelembaban tinggi|Tidak berfungsi total|322000
Rooftank di Gedung A lantai 11 zona utara mengalami kerusakan karena kelembaban tinggi sehingga tidak berfungsi total, agak berisik dan mengganggu|Laporan teknisi: Rooftank Gedung A perlu perbaikan|Rooftank|Gedung A|Lantai 11|Zona Utara|Plumbing|Ringan|Kelembaban tinggi|Tidak berfungsi total|322000
AC Split netes terus karena tekanan tidak stabil, kayaknya ada human error deh, jadi agak berisik dan mengganggu rutinitas|Tekanan tidak stabil, perlu perawatan rutin|AC Split|Gedung Utama|Lantai 3|Zona Utara|Mechanical|Ringan|Human error|Tekanan tidak stabil|246000
AC Split bermasalah, tekanan tidak stabil, tolong diperbaiki, human error|Perlu perawatan|AC Split|Gedung Utama|Lantai 3|Zona Utara|Mechanical|Ringan|Human error|Tekanan tidak stabil|246000
Saya melaporkan kerusakan AC Split di Gedung Utama Lantai 3 Zona Utara, tekanan tidak stabil dan berisik, kemungkinan karena human error, tolong diperbaiki secepatnya|Perlu perawatan rutin|AC Split|Gedung Utama|Lantai 3|Zona Utara|Mechanical|Ringan|Human error|Tekanan tidak stabil|246000
Lampu TL di lantai 18 gedung utama zona utara tiba-tiba netes dan agak berisik karena getaran berlebihan, sepertinya human error yang menyebabkan kerusakan ini|Lampu TL mengalami getaran berlebihan|Lampu TL|Gedung Utama|Lantai 18|Zona Utara|Electrical|Ringan|Human error|Getaran berlebihan|327000
Lampu TL netes|Lampu TL rusak|Lampu TL|Gedung Utama|Lantai 18|Zona Utara|Electrical|Ringan|Human error|Getaran berlebihan|327000
Lampu TL di lantai 18 zona utara gedung utama mengalami gangguan karena getaran berlebihan yang disebabkan oleh human error, perlu diperbaiki segera|Laporan teknisi: Lampu TL mengalami getaran berlebihan|Lampu TL|Gedung Utama|Lantai 18|Zona Utara|Electrical|Ringan|Human error|Getaran berlebihan|327000
Breker panel di gedung parkir lantai 4 zona tengah rusak parah, sensor error total, sudah tidak bisa dipakai lagi, kemungkinan karena usia pakai yang sudah lama|Breker panel rusak|Breker Panel|Gedung Parkir|Lantai 4|Zona Tengah|Electrical|Berat|Usia pakai|Sensor error|7355000
Breker panel rusak, sensor error|Perlu diperbaiki segera|Breker Panel|Gedung Parkir|Lantai 4|Zona Tengah|Electrical|Berat|Usia pakai|Sensor error|7355000
Breker panel di gedung parkir lantai 4 zona tengah mengalami kerusakan sensor, kemungkinan karena usia pakai yang sudah lama, perlu diperbaiki segera untuk menghindari kerusakan lebih lanjut|Perlu penanganan cepat|Breker Panel|Gedung Parkir|Lantai 4|Zona Tengah|Electrical|Berat|Usia pakai|Sensor error|7355000
Control Panel Pompa Transfer mati total karena korsleting parah akibat tegangan tidak stabil|Korsleting parah pada control panel pompa transfer|Control Panel Pompa Transfer|Gedung Servis|Lantai 3|Zona Timur|Electrical|Fatal|Tegangan tidak stabil|Korsleting|6812000
Pompa transfer rusak, korsleting, tegangan tidak stabil|Kerusakan pompa transfer|Control Panel Pompa Transfer|Gedung Servis|Lantai 3|Zona Timur|Electrical|Fatal|Tegangan tidak stabil|Korsleting|6812000
Control panel pompa transfer mengalami korsleting yang disebabkan oleh tegangan tidak stabil, sehingga menyebabkan kerusakan fatal|Laporan teknisi tentang kerusakan control panel pompa transfer|Control Panel Pompa Transfer|Gedung Servis|Lantai 3|Zona Timur|Electrical|Fatal|Tegangan tidak stabil|Korsleting|6812000
Mixer audio remote tidak berfungsi karena getaran sehingga suara netes terus|Remote mixer audio rusak karena getaran|Mixer Audio|Gedung Utama|17|Utara|Sistem Telekomunikasi Gedung|Sedang|Getaran|Remote tidak berfungsi|1186000
Mixer audio rusak|Getaran|Lokal|Mixer Audio|Gedung Utama|17|Utara|Sistem Telekomunikasi Gedung|Sedang|Getaran|Remote tidak berfungsi|1186000
Mixer audio di lantai 17 zona utara gedung utama mengalami kerusakan remote tidak berfungsi akibat getaran yang agak berisik|Kerusakan remote mixer audio karena getaran|Lokal|Mixer Audio|Gedung Utama|17|Utara|Sistem Telekomunikasi Gedung|Sedang|Getaran|Remote tidak berfungsi|1186000
Tidak berfungsi total karena kualitas material yang jelek, membuat control panel penerangan di gedung C lantai 3 zona timur mati total, sangat mengganggu rutinitas|Control Panel Penerangan Import tidak berfungsi|Control Panel Penerangan|Gedung C|Lantai 3|Zona Timur|Electrical|Sedang|Kualitas material|Tidak berfungsi total|1270000
Control panel penerangan tidak nyala, kualitas material jelek|Tidak berfungsi|Control Panel Penerangan|Gedung C|Lantai 3|Zona Timur|Electrical|Sedang|Kualitas material|Tidak berfungsi total|1270000
Saya melaporkan bahwa control panel penerangan di gedung C lantai 3 zona timur tidak berfungsi dengan baik, kemungkinan disebabkan oleh kualitas material yang kurang baik, perlu perbaikan segera|Perlu perbaikan control panel penerangan|Control Panel Penerangan|Gedung C|Lantai 3|Zona Timur|Electrical|Sedang|Kualitas material|Tidak berfungsi total|1270000
Kran air di gedung utama lantai 15 zona selatan bocor dan netes terus menerus sehingga mengganggu rutinitas kantor|Kran air bocor|Kran Air|Gedung Utama|15|Zona Selatan|Plumbing|Ringan|Tegangan tidak stabil|Tekanan tidak stabil|68000
Kran air bocor|Kran air rusak|Kran Air|Gedung Utama|15|Zona Selatan|Plumbing|Ringan|Tegangan tidak stabil|Tekanan tidak stabil|68000
Kran air di lantai 15 zona selatan gedung utama mengalami tekanan air yang tidak stabil sehingga menyebabkan kebocoran dan kerusakan pada kran air|Laporan teknisi tentang kerusakan kran air|Kran Air|Gedung Utama|15|Zona Selatan|Plumbing|Ringan|Tegangan tidak stabil|Tekanan tidak stabil|68000
Kamera CCTV remote tidak berfungsi karena kurang perawatan, jadi mati total dan sangat mengganggu rutinitas|Kamera CCTV rusak, perlu perbaikan segera|Kamera CCTV|Gedung B|Lantai 2|Zona Selatan|Security Sistem|Fatal|Kurang perawatan|Remote tidak berfungsi|49341000
Kamera CCTV rusak, remote tidak berfungsi, tolong bantu|Kamera CCTV perlu perbaikan|Kamera CCTV|Gedung B|Lantai 2|Zona Selatan|Security Sistem|Fatal|Kurang perawatan|Remote tidak berfungsi|49341000
Kamera CCTV di Gedung B Lantai 2 Zona Selatan mengalami kerusakan remote tidak berfungsi karena kurang perawatan, sehingga sangat mengganggu keamanan, perlu perbaikan segera|Kamera CCTV perlu perbaikan karena kerusakan remote|Kamera CCTV|Gedung B|Lantai 2|Zona Selatan|Security Sistem|Fatal|Kurang perawatan|Remote tidak berfungsi|49341000
Lampu di kantor mati total gara-gara tampilan rusak parah dan kotor|Lampu esensial rusak|Lampu Esensial|Gedung A|Lantai 7|Zona Utara|Electrical|Fatal|Debu/kotoran|Tampilan rusak|37482000
Lampu rusak|Lampu esensial kotor|Lampu Esensial|Gedung A|Lantai 7|Zona Utara|Electrical|Fatal|Debu/kotoran|Tampilan rusak|37482000
Lampu kantor kami mengalami kerusakan tampilan yang cukup parah akibat debu dan kotoran sehingga tidak dapat digunakan|Laporan teknisi: lampu esensial rusak|Lampu Esensial|Gedung A|Lantai 7|Zona Utara|Electrical|Fatal|Debu/kotoran|Tampilan rusak|37482000
APAR Dry Powder Cartridge bermasalah, aliran lemah dan tidak bisa dipakai karena usia pakai yang sudah terlalu lama, ini sangat mengganggu rutinitas harian kami di Gedung D Lantai 5 Zona Barat|Aliran lemah karena usia pakai|APAR Dry Powder Cartridge|Gedung D|Lantai 5|Zona Barat|Sistem Pemadam Kebakaran|Berat|Usia pakai|Aliran lemah|1531000
APAR Dry Powder Cartridge mati total, aliran lemah|APAR Dry Powder Cartridge rusak parah|APAR Dry Powder Cartridge|Gedung D|Lantai 5|Zona Barat|Sistem Pemadam Kebakaran|Berat|Usia pakai|Aliran lemah|1531000
Kerusakan APAR Dry Powder Cartridge di Gedung D Lantai 5 Zona Barat karena aliran lemah dan usia pakai yang sudah terlalu lama, perlu segera diperbaiki|APAR Dry Powder Cartridge perlu perbaikan|APAR Dry Powder Cartridge|Gedung D|Lantai 5|Zona Barat|Sistem Pemadam Kebakaran|Berat|Usia pakai|Aliran lemah|1531000
Smoke Detector suka netes dan bunyi agak berisik karena debu/kotoran|Tekanan tidak stabil akibat debu/kotoran|Smoke Detector|Gedung A|Lantai 2|Zona Tengah|Sistem Proteksi Kebakaran Aktif|Ringan|Debu/kotoran|Tekanan tidak stabil|353000
Smoke Detector bermasalah|Tekanan tidak stabil|Smoke Detector|Gedung A|Lantai 2|Zona Tengah|Sistem Proteksi Kebakaran Aktif|Ringan|Debu/kotoran|Tekanan tidak stabil|353000
Smoke Detector mengalami kerusakan tekanan tidak stabil karena debu/kotoran yang menyebabkan bunyi agak berisik|Tekanan tidak stabil|Smoke Detector|Gedung A|Lantai 2|Zona Tengah|Sistem Proteksi Kebakaran Aktif|Ringan|Debu/kotoran|Tekanan tidak stabil|353000
Lantai granit di kantor saya netes karena sensor error yang disebabkan usia pakai|Lantai granit mengalami kerusakan sensor|Lantai Granit|Gedung A|9|Timur|Civil|Ringan|Usia pakai|Sensor error|495000
Lantai granit rusak|Sensor error usia pakai|Lantai Granit|Gedung A|9|Timur|Civil|Ringan|Usia pakai|Sensor error|495000
Lantai granit di Gedung A lantai 9 zona timur mengalami masalah sensor error karena usia pakai yang sudah lama, sehingga agak berisik|Laporan teknisi: kerusakan sensor|Lantai Granit|Gedung A|9|Timur|Civil|Ringan|Usia pakai|Sensor error|495000
Pintu kayu HPL di lantai 6 zona timur gedung A bocor parah karena aliran air lemah akibat faktor lingkungan, jadi airnya netes terus dan mengganggu rutinitas|Pintu kayu HPL bocor|Pintu Kayu/HPL|Gedung A|Lantai 6|Zona Timur|Arsitektur|Fatal|Faktor lingkungan|Aliran lemah|5301000
Pintu HPL lantai 6 zona timur gedung A jebol karena aliran air lemah|Pintu HPL rusak|Pintu Kayu/HPL|Gedung A|Lantai 6|Zona Timur|Arsitektur|Fatal|Faktor lingkungan|Aliran lemah|5301000
Pintu kayu HPL di gedung A lantai 6 zona timur mengalami kerusakan berat karena aliran air yang lemah akibat faktor lingkungan, sehingga perlu perbaikan segera|Pintu kayu HPL rusak parah|Pintu Kayu/HPL|Gedung A|Lantai 6|Zona Timur|Arsitektur|Fatal|Faktor lingkungan|Aliran lemah|5301000
Plafon di atas saya netes terus karena getaran berlebihan dan debu/kotoran yang menumpuk, jadi agak berisik dan mengganggu rutinitas|Tidak ada laporan teknisi|Plafon|Gedung D|Lantai 4|Zona Barat|Arsitektur|Ringan|Debu/kotoran|Getaran berlebihan|398000
Plafon bergetar, debu/kotoran, netes|Tidak ada laporan teknisi|Plafon|Gedung D|Lantai 4|Zona Barat|Arsitektur|Ringan|Debu/kotoran|Getaran berlebihan|398000
Plafon di Gedung D, Lantai 4, Zona Barat mengalami getaran berlebihan dan penumpukan debu/kotoran, sehingga terdengar agak berisik dan mengganggu|Tidak ada laporan teknisi|Plafon|Gedung D|Lantai 4|Zona Barat|Arsitektur|Ringan|Debu/kotoran|Getaran berlebihan|398000
Lampu LED Downlight di Gedung Utama Lantai 4 Zona Timur mati total karena aus dan tegangan tidak stabil, membuat ruangan gelap dan sangat mengganggu|Lampu LED Downlight mengalami kerusakan fatal|Lampu LED Downlight|Gedung Utama|Lantai 4|Zona Timur|Electrical|Fatal|Tegangan tidak stabil|Aus/abrasi|17784000
Lampu LED Downlight rusak|Lampu LED Downlight mati total|Lampu LED Downlight|Gedung Utama|Lantai 4|Zona Timur|Electrical|Fatal|Tegangan tidak stabil|Aus/abrasi|17784000
Lampu LED Downlight di Gedung Utama Lantai 4 Zona Timur mengalami kerusakan parah karena aus dan tegangan tidak stabil, perlu perbaikan segera|Laporan teknisi: Lampu LED Downlight mengalami kerusakan fatal|Lampu LED Downlight|Gedung Utama|Lantai 4|Zona Timur|Electrical|Fatal|Tegangan tidak stabil|Aus/abrasi|17784000
Pesawat telepon di kantor saya tiba-tiba performa menurun dan berdebu parah, sehingga suara tidak jelas dan sering terganggu, ini sangat mengganggu pekerjaan sehari-hari|Pesawat telepon mengalami kerusakan pada sistem suara|Pesawat Telepon|Gedung A|Lantai 5|Zona Selatan|Sistem Telekomunikasi Gedung|Berat|Debu/kotoran|Performa menurun|4196000
Pesawat telepon rusak, suara jelek, debu masuk|Pesawat telepon perlu dibersihkan dan diperbaiki|Pesawat Telepon|Gedung A|Lantai 5|Zona Selatan|Sistem Telekomunikasi Gedung|Berat|Debu/kotoran|Performa menurun|4196000
Saya ingin melaporkan bahwa pesawat telepon di kantor kami mengalami masalah performa menurun dan kotor, sehingga memerlukan perbaikan segera untuk menghindari kerusakan lebih lanjut|Pesawat telepon perlu diperiksa dan diperbaiki oleh teknisi|Pesawat Telepon|Gedung A|Lantai 5|Zona Selatan|Sistem Telekomunikasi Gedung|Berat|Debu/kotoran|Performa menurun|4196000
AC Split|Getaran berlebihan membuat saya sangat terganggu, sepertinya ada human error yang menyebabkan kerusakan ini|AC Split|Gedung E|Lantai 3|Zona Barat|Mechanical|Sedang|Human error|Getaran berlebihan|1103000
AC Split|Getaran berlebihan, human error|AC Split|Gedung E|Lantai 3|Zona Barat|Mechanical|Sedang|Human error|Getaran berlebihan|1103000
AC Split|Kerjaan saya terganggu karena AC Split yang getaran berlebihan, kemungkinan disebabkan human error|AC Split|Gedung E|Lantai 3|Zona Barat|Mechanical|Sedang|Human error|Getaran berlebihan|1103000
APAR Dry Powder Cartridge netes dan agak berisik saat digunakan karena sensor error yang disebabkan getaran|Pemeriksaan menunjukkan sensor error pada APAR Dry Powder Cartridge|APAR Dry Powder Cartridge|Gedung E|Lantai 4|Zona Timur|Sistem Pemadam Kebakaran|Ringan|Getaran|Sensor error|77000
APAR bermasalah|Sensor error karena getaran|APAR Dry Powder Cartridge|Gedung E|Lantai 4|Zona Timur|Sistem Pemadam Kebakaran|Ringan|Getaran|Sensor error|77000
APAR Dry Powder Cartridge di Gedung E Lantai 4 Zona Timur mengalami gangguan sensor error yang kemungkinan disebabkan oleh getaran, perlu perbaikan segera|Laporan teknisi menunjukkan kerusakan sensor error|APAR Dry Powder Cartridge|Gedung E|Lantai 4|Zona Timur|Sistem Pemadam Kebakaran|Ringan|Getaran|Sensor error|77000
Jet Shower di gedung utama lantai 14 zona timur tiba-tiba mati total karena kelembaban tinggi, tampilan rusak parah, sangat mengganggu|Tidak ada laporan teknisi|Jet Shower|Gedung Utama|Lantai 14|Zona Timur|Plumbing|Fatal|Kelembaban tinggi|Tampilan rusak|10420000
Jet Shower rusak|Tidak ada laporan teknisi|Jet Shower|Gedung Utama|Lantai 14|Zona Timur|Plumbing|Fatal|Kelembaban tinggi|Tampilan rusak|10420000
Jet Shower di lantai 14 zona timur gedung utama mengalami kerusakan tampilan karena kelembaban tinggi, perlu perbaikan segera|Tidak ada laporan teknisi|Jet Shower|Gedung Utama|Lantai 14|Zona Timur|Plumbing|Fatal|Kelembaban tinggi|Tampilan rusak|10420000
Lampu TL di Gedung Utama Lantai 5 Zona Selatan tiba-tiba performa menurun dan sering netes, sepertinya ada overload yang membuatnya agak berisik dan mengganggu rutinitas|Laporan teknisi tentang kerusakan Lampu TL|Lampu TL|Gedung Utama|Lantai 5|Zona Selatan|Electrical|Sedang|Overload|Performa menurun|544000
Lampu TL netes dan berisik|Kerusakan akibat overload|Lampu TL|Gedung Utama|Lantai 5|Zona Selatan|Electrical|Sedang|Overload|Performa menurun|544000
Lampu TL di Lantai 5 Gedung Utama mengalami penurunan performa dan mengeluarkan suara berisik, kemungkinan disebabkan oleh overload, perlu perbaikan segera|Laporan teknisi tentang kerusakan Lampu TL|Lampu TL|Gedung Utama|Lantai 5|Zona Selatan|Electrical|Sedang|Overload|Performa menurun|544000
Meter PDAM di Gedung B lantai 7 zona tengah mengalami koneksi terputus karena kelembaban tinggi, sehingga air tidak bisa mengalir dengan lancar, agak mengganggu rutinitas harian kita|Koneksi terputus|Meter PDAM|Gedung B|Lantai 7|Zona Tengah|Pencatatan Meter|Ringan|Kelembaban tinggi|Koneksi terputus|374000
Koneksi terputus di gedung B lantai 7|Perlu perbaikan|Meter PDAM|Gedung B|Lantai 7|Zona Tengah|Pencatatan Meter|Ringan|Kelembaban tinggi|Koneksi terputus|374000
Gedung B lantai 7 zona tengah mengalami masalah koneksi terputus pada meter PDAM karena kelembaban tinggi, sehingga perlu dilakukan perbaikan agar air dapat mengalir dengan lancar|Perlu dilakukan perbaikan|Meter PDAM|Gedung B|Lantai 7|Zona Tengah|Pencatatan Meter|Ringan|Kelembaban tinggi|Koneksi terputus|374000
Lampu TL di Gedung D Lantai 5 Zona Utara netes terus karena getaran berlebihan, kayaknya karena human error deh, jadi agak berisik dan mengganggu|Lampu TL mengalami getaran berlebihan|Lampu TL|Gedung D|Lantai 5|Zona Utara|Electrical|Sedang|Human error|Getaran berlebihan|1809000
Lampu TL Gedung D Lantai 5 Zona Utara rusak, getaran berlebihan, human error|Lampu TL rusak|Lampu TL|Gedung D|Lantai 5|Zona Utara|Electrical|Sedang|Human error|Getaran berlebihan|1809000
Lampu TL di Gedung D Lantai 5 Zona Utara mengalami kerusakan karena getaran berlebihan yang disebabkan oleh human error, sehingga perlu perbaikan segera|Laporan teknisi: Lampu TL mengalami kerusakan|Lampu TL|Gedung D|Lantai 5|Zona Utara|Electrical|Sedang|Human error|Getaran berlebihan|1809000
Control Panel Penerangan di Gedung C Lantai 1 Zona Selatan mengalami aliran listrik yang lemah karena kelembaban tinggi, ini sangat mengganggu rutinitas harian|Ditemukan adanya kelembaban tinggi yang menyebabkan aliran listrik lemah|Control Panel Penerangan|Gedung C|Lantai 1|Zona Selatan|Electrical|Sedang|Kelembaban tinggi|Aliran lemah|761000
Aliran listrik di Control Panel Penerangan Gedung C Lantai 1 Zona Selatan jadi lemah karena kelembaban, perlu diperbaiki|Perlu diperbaiki karena kelembaban|Control Panel Penerangan|Gedung C|Lantai 1|Zona Selatan|Electrical|Sedang|Kelembaban tinggi|Aliran lemah|761000
Sistem penerangan di Gedung C Lantai 1 Zona Selatan mengalami gangguan karena aliran listrik yang lemah, kemungkinan disebabkan kelembaban tinggi, perlu penanganan segera|Sistem penerangan mengalami gangguan|Control Panel Penerangan|Gedung C|Lantai 1|Zona Selatan|Electrical|Sedang|Kelembaban tinggi|Aliran lemah|761000
AC Split di kantor saya mati total karena overheat parah, kayaknya kurang perawatan juga, jadi suhu udara jadi tidak stabil dan bikin AC tidak bisa dingin lagi, sangat mengganggu rutinitas kerja|Tidak ada laporan teknisi|AC Split|Gedung A|7|Barat|Mechanical|Berat|Kurang perawatan|Overheat|3927000
AC Split rusak berat, overheat, kurang perawatan|Tidak ada laporan teknisi|AC Split|Gedung A|7|Barat|Mechanical|Berat|Kurang perawatan|Overheat|3927000
Kami memiliki masalah dengan AC Split di lantai 7 Gedung A, zona Barat, yang mengalami overheat karena kurang perawatan, sehingga menyebabkan kerusakan yang cukup parah|Tidak ada laporan teknisi|AC Split|Gedung A|7|Barat|Mechanical|Berat|Kurang perawatan|Overheat|3927000
Dinding tembok masonry di gedung utama lantai 13 zona barat mengalami kerusakan remote tidak berfungsi karena kurang perawatan, sangat mengganggu rutinitas harian|Belum ada laporan teknisi|Dinding Tembok/Mansonry|Gedung Utama|Lantai 13|Zona Barat|Civil|Sedang|Kurang perawatan|Remote tidak berfungsi|737000
Remote tidak berfungsi, kurang perawatan|Belum ada laporan teknisi|Dinding Tembok/Mansonry|Gedung Utama|Lantai 13|Zona Barat|Civil|Sedang|Kurang perawatan|Remote tidak berfungsi|737000
Kerusakan dinding tembok masonry di zona barat lantai 13 gedung utama karena kurang perawatan menyebabkan remote tidak berfungsi, agak berisik dan mengganggu|Sedang dalam proses perbaikan|Dinding Tembok/Mansonry|Gedung Utama|Lantai 13|Zona Barat|Civil|Sedang|Kurang perawatan|Remote tidak berfungsi|737000
Dinding tembok di gedung utama lantai 1 zona barat mengeluarkan bunyi abnormal karena overload, ini sangat mengganggu rutinitas|Dinding tembok mengalami kerusakan karena overload|Dinding Tembok/Mansonry|Gedung Utama|Lantai 1|Zona Barat|Civil|Ringan|Overload|Bunyi abnormal|224000
Dinding tembok gedung utama bunyi aneh karena overload|Dinding tembok rusak|Dinding Tembok/Mansonry|Gedung Utama|Lantai 1|Zona Barat|Civil|Ringan|Overload|Bunyi abnormal|224000
Kerusakan dinding tembok di gedung utama lantai 1 zona barat menyebabkan bunyi abnormal yang agak berisik, kemungkinan karena overload|Dinding tembok mengalami kerusakan|Dinding Tembok/Mansonry|Gedung Utama|Lantai 1|Zona Barat|Civil|Ringan|Overload|Bunyi abnormal|224000
Lampu LED Bulb di Gedung Utama Lantai 15 Zona Utara mati total karena overheat parah, kurang perawatan yang menyebabkan kerusakan fatal, sangat mengganggu aktivitas|Lampu LED Bulb mengalami kerusakan overheat|Lampu LED Bulb|Gedung Utama|Lantai 15|Zona Utara|Electrical|Berat|Kurang perawatan|Overheat|1740000
Lampu LED mati|Overheat karena kurang perawatan|Lampu LED Bulb|Gedung Utama|Lantai 15|Zona Utara|Electrical|Berat|Kurang perawatan|Overheat|1740000
Lampu LED Bulb di Gedung Utama Lantai 15 Zona Utara mengalami kerusakan karena overheat dan kurang perawatan, perlu segera diperbaiki|Laporan teknisi: kerusakan overheat pada Lampu LED Bulb|Lampu LED Bulb|Gedung Utama|Lantai 15|Zona Utara|Electrical|Berat|Kurang perawatan|Overheat|1740000
Wastafel korsleting parah, aus normal membuatnya mati total, tidak bisa digunakan lagi|Korsleting parah pada wastafel Toto|Wastafel|Gedung A|Lantai 1|Zona Barat|Plumbing|Fatal|Aus normal|Korsleting|15900000
Wastafel Toto korsleting, aus, mati total|Korsleting pada wastafel|Wastafel|Gedung A|Lantai 1|Zona Barat|Plumbing|Fatal|Aus normal|Korsleting|15900000
Wastafel Toto di Gedung A Lantai 1 Zona Barat mengalami korsleting parah dan aus normal, sehingga tidak dapat digunakan, perlu perbaikan segera|Laporan kerusakan wastafel Toto|Wastafel|Gedung A|Lantai 1|Zona Barat|Plumbing|Fatal|Aus normal|Korsleting|15900000
Lampu wall sign di gedung B lantai 5 zona utara mengalami getaran berlebihan dan suara netes yang mengganggu rutinitas harian karena kualitas material yang rendah|Lampu wall sign mengalami kerusakan getaran berlebihan|Lampu Wall sign|Gedung B|Lantai 5|Zona Utara|Electrical|Sedang|Kualitas material|Getaran berlebihan|1744000
Lampu wall sign gedung B lantai 5 zona utara rusak getaran berlebihan|Lampu wall sign rusak|Lampu Wall sign|Gedung B|Lantai 5|Zona Utara|Electrical|Sedang|Kualitas material|Getaran berlebihan|1744000
Lampu wall sign di gedung B lantai 5 zona utara mengalami masalah getaran berlebihan yang disebabkan oleh kualitas material yang kurang baik sehingga menghasilkan suara agak berisik|Laporan teknisi: lampu wall sign mengalami kerusakan getaran berlebihan|Lampu Wall sign|Gedung B|Lantai 5|Zona Utara|Electrical|Sedang|Kualitas material|Getaran berlebihan|1744000
Lampu roof tank di gedung B lantai 3 zona tengah mati total karena korosi, sangat mengganggu rutinitas, mohon segera diperbaiki|Lampu roof tank mati, korosi|Roof Tank|Gedung B|Lantai 3|Zona Tengah|Distribusi Air|Sedang|Korosi|Lampu mati|1198000
Lampu mati, korosi, tolong perbaiki|Lampu roof tank mati, korosi|Roof Tank|Gedung B|Lantai 3|Zona Tengah|Distribusi Air|Sedang|Korosi|Lampu mati|1198000
Lampu roof tank di gedung B lantai 3 zona tengah mengalami kerusakan karena korosi, sehingga lampu menjadi mati, perlu perbaikan segera, biaya diperkirakan sekitar 1198000|Laporan teknisi: lampu roof tank mati karena korosi|Roof Tank|Gedung B|Lantai 3|Zona Tengah|Distribusi Air|Sedang|Korosi|Lampu mati|1198000
Pemipaan air bersih korsleting parah karena tegangan tidak stabil, mati total, tidak bisa digunakan lagi|Korsleting pada pemipaan air bersih di Gedung E Lantai 2 Zona Utara|Pemipaan Air Bersih|Gedung E|Lantai 2|Zona Utara|Plumbing|Berat|Tegangan tidak stabil|Korsleting|5783000
Pemipaan air bersih korsleting|Korsleting pada pemipaan air bersih|Pemipaan Air Bersih|Gedung E|Lantai 2|Zona Utara|Plumbing|Berat|Tegangan tidak stabil|Korsleting|5783000
Pemipaan air bersih mengalami korsleting akibat tegangan tidak stabil, perlu perbaikan segera|Laporan teknisi: korsleting pada pemipaan air bersih|Pemipaan Air Bersih|Gedung E|Lantai 2|Zona Utara|Plumbing|Berat|Tegangan tidak stabil|Korsleting|5783000
Smoke Detector mengalami getaran berlebihan yang sangat mengganggu dan membuat saya khawatir karena kurang perawatan|Getaran berlebihan pada Smoke Detector Hochiki|Smoke Detector|Gedung D|9|Zona Barat|Sistem Proteksi Kebakaran Aktif|Sedang|Kurang perawatan|Getaran berlebihan|1133000
Smoke Detector Hochiki rusak, netes getaran berlebihan|Perlu perawatan|Smoke Detector|Gedung D|9|Zona Barat|Sistem Proteksi Kebakaran Aktif|Sedang|Kurang perawatan|Getaran berlebihan|1133000
Smoke Detector di Gedung D Lantai 9 Zona Barat mengalami masalah getaran berlebihan akibat kurang perawatan, perlu perhatian segera|Perlu perbaikan|Smoke Detector|Gedung D|9|Zona Barat|Sistem Proteksi Kebakaran Aktif|Sedang|Kurang perawatan|Getaran berlebihan|1133000
Wiring System di Gedung D Lantai 1 Zona Tengah mengalami kebocoran parah karena debu dan kotoran, sangat mengganggu|Kerusakan kebocoran pada Wiring System|Wiring System|Gedung D|Lantai 1|Zona Tengah|Electrical|Berat|Debu/kotoran|Kebocoran|6408000
Kebocoran di Wiring System Gedung D Lantai 1|Perlu perbaikan segera|Wiring System|Gedung D|Lantai 1|Zona Tengah|Electrical|Berat|Debu/kotoran|Kebocoran|6408000
Wiring System di Gedung D Lantai 1 Zona Tengah mengalami kerusakan kebocoran karena debu dan kotoran, perlu perbaikan segera|Laporan teknisi: kebocoran parah|Wiring System|Gedung D|Lantai 1|Zona Tengah|Electrical|Berat|Debu/kotoran|Kebocoran|6408000
Sistem Gas Pemadam Api jebol total karena human error, pipa retak parah|Sistem Gas Pemadam Api mengalami kerusakan retak pada pipa utama|Sistem Gas Pemadam Api|Gedung C|Lantai 3|Zona Timur|Sistem Pemadam Kebakaran|Berat|Human error|Retak/pecah|2342000
Sistem gas mati total, jebol|Kerusakan pada sistem gas pemadam api|Sistem Gas Pemadam Api|Gedung C|Lantai 3|Zona Timur|Sistem Pemadam Kebakaran|Berat|Human error|Retak/pecah|2342000
Sistem pemadam api mengalami kerusakan retak pada pipa utama karena kelalaian, perlu perbaikan segera|Laporan teknisi: kerusakan retak pada pipa utama sistem gas pemadam api|Sistem Gas Pemadam Api|Gedung C|Lantai 3|Zona Timur|Sistem Pemadam Kebakaran|Berat|Human error|Retak/pecah|2342000
APAR Dry Powder Stored Pressure rusak parah karena suhu tidak stabil dan korosi yang sangat parah|Pemakaian APAR yang tidak sesuai menyebabkan kerusakan pada bagian dalam|APAR Dry Powder Stored Pressure|Gedung D|Lantai 8|Zona Tengah|Sistem Pemadam Kebakaran|Berat|Korosi|Suhu tidak stabil|9169000
APAR jebol karena suhu tidak stabil|Kerusakan suhu tidak stabil dan korosi|APAR Dry Powder Stored Pressure|Gedung D|Lantai 8|Zona Tengah|Sistem Pemadam Kebakaran|Berat|Korosi|Suhu tidak stabil|9169000
APAR mengalami kerusakan pada komponen internal disebabkan oleh korosi dan suhu yang tidak stabil|Perlu perbaikan segera karena kerusakan yang sangat parah|APAR Dry Powder Stored Pressure|Gedung D|Lantai 8|Zona Tengah|Sistem Pemadam Kebakaran|Berat|Korosi|Suhu tidak stabil|9169000
Pintu kayu HPL di gedung utama lantai 11 zona barat bocor karena korosi, suara netesnya agak berisik dan mengganggu|Kerusakan kebocoran pada pintu kayu HPL|Pintu Kayu/HPL|Gedung Utama|Lantai 11|Zona Barat|Arsitektur|Sedang|Korosi|Kebocoran|1143000
Pintu bocor karena korosi, tolong perbaiki|Kerusakan kebocoran|Pintu Kayu/HPL|Gedung Utama|Lantai 11|Zona Barat|Arsitektur|Sedang|Korosi|Kebocoran|1143000
Pintu kayu HPL di zona barat lantai 11 gedung utama mengalami kebocoran karena korosi, perlu perbaikan segera untuk menghindari kerusakan lebih lanjut|Laporan perbaikan pintu kayu HPL|Pintu Kayu/HPL|Gedung Utama|Lantai 11|Zona Barat|Arsitektur|Sedang|Korosi|Kebocoran|1143000
PABX di gedung E lantai 3 zona utara mengalami gangguan sensor error yang membuatnya aus normal, sehingga mengganggu rutinitas kerja|PABX mengalami sensor error|PABX|Gedung E|Lantai 3|Zona Utara|Sistem Telekomunikasi Gedung|Sedang|Aus normal|Sensor error|384000
PABX gedung E lantai 3 zona utara rusak, sensor error, aus normal, perlu diperbaiki segera|PABX rusak|PABX|Gedung E|Lantai 3|Zona Utara|Sistem Telekomunikasi Gedung|Sedang|Aus normal|Sensor error|384000
PABX di gedung E lantai 3 zona utara mengalami kerusakan sensor yang menyebabkan aus normal, perlu dilakukan perbaikan untuk menghindari gangguan lebih lanjut|PABX mengalami kerusakan sensor|PABX|Gedung E|Lantai 3|Zona Utara|Sistem Telekomunikasi Gedung|Sedang|Aus normal|Sensor error|384000
Meja kerja saya mati mendadak karena kurang perawatan, sangat mengganggu rutinitas kerja|Perlu perawatan rutin|Meja kerja|Gedung A|Lantai 6|Zona Barat|Arsitektur|Sedang|Kurang perawatan|Mati mendadak|1545000
Meja kerja mati, kurang perawatan|Perlu perawatan|Meja kerja|Gedung A|Lantai 6|Zona Barat|Arsitektur|Sedang|Kurang perawatan|Mati mendadak|1545000
Meja kerja di kantor saya mengalami kerusakan, mati mendadak kemungkinan karena kurang perawatan, agak berisik|Perlu pengecekan|Meja kerja|Gedung A|Lantai 6|Zona Barat|Arsitektur|Sedang|Kurang perawatan|Mati mendadak|1545000
APAB Dry Powder tidak berfungsi total karena kualitas material yang buruk, sangat mengganggu rutinitas harian|Pemadaman kebakaran gagal total karena kualitas material|APAB Dry Powder|Gedung Parkir|Lantai 1|Zona Selatan|Sistem Pemadam Kebakaran|Ringan|Kualitas material|Tidak berfungsi total|120000
APAB Dry Powder netes, agak berisik|Pemadaman kebakaran bermasalah|APAB Dry Powder|Gedung Parkir|Lantai 1|Zona Selatan|Sistem Pemadam Kebakaran|Ringan|Kualitas material|Tidak berfungsi total|120000
Sistem pemadam kebakaran APAB Dry Powder di Gedung Parkir Lantai 1 Zona Selatan tidak berfungsi dengan baik, kemungkinan karena kualitas material yang kurang|Pemadaman kebakaran APAB Dry Powder bermasalah|APAB Dry Powder|Gedung Parkir|Lantai 1|Zona Selatan|Sistem Pemadam Kebakaran|Ringan|Kualitas material|Tidak berfungsi total|120000
Lampu LED Downlight di Gedung Parkir Lantai 1 Zona Tengah ini sudah aus dan abrasi parah karena kurang perawatan, sehingga mati total dan sangat mengganggu|Lampu LED Downlight rusak|Lampu LED Downlight|Gedung Parkir|Lantai 1|Zona Tengah|Electrical|Fatal|Kurang perawatan|Aus/abrasi|21233000
Lampu LED Downlight mati total|Lampu LED Downlight rusak|Lampu LED Downlight|Gedung Parkir|Lantai 1|Zona Tengah|Electrical|Fatal|Kurang perawatan|Aus/abrasi|21233000
Lampu LED Downlight di area parkir mengalami kerusakan aus dan abrasi, kemungkinan disebabkan oleh kurangnya perawatan, sehingga perlu dilakukan perbaikan segera|Laporan teknisi|Lampu LED Downlight|Gedung Parkir|Lantai 1|Zona Tengah|Electrical|Fatal|Kurang perawatan|Aus/abrasi|21233000
Monitor CCTV di Gedung B lantai 8 zona utara netes karena sensor error yang disebabkan debu/kotoran|Debu/kotoran menyebabkan sensor error|Monitor CCTV|Gedung B|8|Utara|Security Sistem|Sedang|Debu/kotoran|Sensor error|680000
CCTV error sensor karena debu/kotoran|Sensor error karena debu/kotoran|Monitor CCTV|Gedung B|8|Utara|Security Sistem|Sedang|Debu/kotoran|Sensor error|680000
CCTV di Gedung B lantai 8 zona utara mengalami gangguan karena sensor error yang disebabkan oleh debu/kotoran sehingga perlu perbaikan|Sensor error akibat debu/kotoran|Monitor CCTV|Gedung B|8|Utara|Security Sistem|Sedang|Debu/kotoran|Sensor error|680000
Plafon gypsum di kantor saya retak parah karena kualitas material yang buruk, suara netesnya agak berisik dan mengganggu rutinitas kerja|Plafon gypsum retak dan bocor|Plafon Gypsum / GRC|Gedung A|Lantai 12|Zona Timur|Arsitektur|Ringan|Kualitas material|Retak/pecah|334000
Plafon retak, kualitas material jelek, berisik|Plafon gypsum rusak|Plafon Gypsum / GRC|Gedung A|Lantai 12|Zona Timur|Arsitektur|Ringan|Kualitas material|Retak/pecah|334000
Plafon gypsum kantor kami mengalami kerusakan retak dan pecah, kemungkinan disebabkan oleh kualitas material yang tidak memadai, sehingga menimbulkan suara berisik yang mengganggu|Laporan teknisi: plafon gypsum retak|Plafon Gypsum / GRC|Gedung A|Lantai 12|Zona Timur|Arsitektur|Ringan|Kualitas material|Retak/pecah|334000
Sensor error parah, debu/kotoran membuat ATS Panel mati total, sangat mengganggu operasional|ATS Panel rusak karena debu/kotoran, sensor error|Automatic Transfer Switch (ATS Panel)|Gedung B|Lantai 1|Zona Selatan|Electrical|Berat|Debu/kotoran|Sensor error|4808000
ATS Panel rusak, sensor error, butuh diperbaiki sekarang juga|ATS Panel error, perlu perbaikan|Automatic Transfer Switch (ATS Panel)|Gedung B|Lantai 1|Zona Selatan|Electrical|Berat|Debu/kotoran|Sensor error|4808000
ATS Panel di Gedung B Lantai 1 Zona Selatan mengalami sensor error, kemungkinan karena debu/kotoran, perlu diperbaiki untuk menghindari kerusakan lebih lanjut|ATS Panel di Gedung B perlu perbaikan|Automatic Transfer Switch (ATS Panel)|Gedung B|Lantai 1|Zona Selatan|Electrical|Berat|Debu/kotoran|Sensor error|4808000
Monitor CCTV di Gedung D Lantai 1 Zona Utara tiba-tiba remote tidak berfungsi karena tegangan tidak stabil, mengganggu rutinitas harian|Teknisi mendapati kerusakan pada remote monitor CCTV|Monitor CCTV|Gedung D|Lantai 1|Zona Utara|Security Sistem|Sedang|Tegangan tidak stabil|Remote tidak berfungsi|1663000
Monitor CCTV rusak, remote tidak berfungsi|Perlu perbaikan remote|Monitor CCTV|Gedung D|Lantai 1|Zona Utara|Security Sistem|Sedang|Tegangan tidak stabil|Remote tidak berfungsi|1663000
Kerusakan terjadi pada monitor CCTV Hikvision di Gedung D Lantai 1 Zona Utara, remote tidak berfungsi akibat tegangan tidak stabil, mengganggu kegiatan sehari-hari|Perlu diperiksa dan diperbaiki secepatnya|Monitor CCTV|Gedung D|Lantai 1|Zona Utara|Security Sistem|Sedang|Tegangan tidak stabil|Remote tidak berfungsi|1663000
Atap beton gedung E lantai 4 zona timur saya mengalami bunyi abnormal yang sangat mengganggu karena adanya debu dan kotoran yang menumpuk, saya sangat terganggu dengan suara netes-netes yang terus menerus|Debu dan kotoran menyebabkan bunyi abnormal|Atap Beton|Gedung E|Lantai 4|Zona Timur|Civil|Ringan|Debu/kotoran|Bunyi abnormal|173000
Atap beton bunyi aneh karena debu|Debu menyebabkan bunyi abnormal|Atap Beton|Gedung E|Lantai 4|Zona Timur|Civil|Ringan|Debu/kotoran|Bunyi abnormal|173000
Saya ingin melaporkan bahwa atap beton di gedung E lantai 4 zona timur mengalami masalah bunyi abnormal yang disebabkan oleh debu dan kotoran, suara agak berisik dan mengganggu rutinitas|Debu dan kotoran menyebabkan bunyi abnormal|Atap Beton|Gedung E|Lantai 4|Zona Timur|Civil|Ringan|Debu/kotoran|Bunyi abnormal|173000
Lampu UPS di Gedung Utama mati total karena debu/kotoran, sangat mengganggu|Lampu UPS mati|Uninterruptible Power Supply|Gedung Utama|14|Utara|Electrical|Fatal|Debu/kotoran|Lampu mati|47344000
Lampu mati, debu/kotoran|Lampu mati|Uninterruptible Power Supply|Gedung Utama|14|Utara|Electrical|Fatal|Debu/kotoran|Lampu mati|47344000
Lampu UPS di lantai 14 Gedung Utama tidak menyala, kemungkinan karena debu/kotoran, perlu perbaikan segera|Laporan teknisi|Uninterruptible Power Supply|Gedung Utama|14|Utara|Electrical|Fatal|Debu/kotoran|Lampu mati|47344000
Terminal Box Alarm netes karena suhu tidak stabil, human error membuatnya agak berisik|Suhu tidak stabil, perlu pengecekan|Terminal Box Alarm|Gedung C|Lantai 3|Zona Utara|Sistem Proteksi Kebakaran Aktif|Ringan|Human error|Suhu tidak stabil|217000
Terminal Box Alarm rusak, tolong bantu|Perlu pengecekan suhu|Terminal Box Alarm|Gedung C|Lantai 3|Zona Utara|Sistem Proteksi Kebakaran Aktif|Ringan|Human error|Suhu tidak stabil|217000
Terminal Box Alarm mengalami gangguan suhu, perlu perbaikan karena human error|Gangguan suhu, perlu penanganan|Terminal Box Alarm|Gedung C|Lantai 3|Zona Utara|Sistem Proteksi Kebakaran Aktif|Ringan|Human error|Suhu tidak stabil|217000
Roof tank di Gedung Parkir Lantai 1 Zona Timur bocor dan berisik karena retak dan kotoran|Tidak ada laporan teknisi|Roof Tank|Gedung Parkir|Lantai 1|Zona Timur|Distribusi Air|Sedang|Debu/kotoran|Retak/pecah|1084000
Roof tank bocor|Tidak ada laporan|Roof Tank|Gedung Parkir|Lantai 1|Zona Timur|Distribusi Air|Sedang|Debu/kotoran|Retak/pecah|1084000
Roof tank di Gedung Parkir Lantai 1 Zona Timur mengalami kerusakan retak dan kotoran sehingga menyebabkan kebocoran dan suara berisik|Tidak ada laporan teknisi|Roof Tank|Gedung Parkir|Lantai 1|Zona Timur|Distribusi Air|Sedang|Debu/kotoran|Retak/pecah|1084000
SDP sedang mengalami macet karena korosi yang parah, membuatnya netes dan agak berisik saat digunakan|Kerusakan terjadi karena korosi pada bagian dalam SDP|SDP|Gedung Servis|Lantai 2|Zona Utara|Electrical|Ringan|Korosi|Macet/tersumbat|279000
SDP macet karena korosi, perlu diperbaiki segera|Perlu perbaikan karena korosi|SDP|Gedung Servis|Lantai 2|Zona Utara|Electrical|Ringan|Korosi|Macet/tersumbat|279000
Saya melaporkan bahwa SDP di Gedung Servis, Lantai 2, Zona Utara mengalami masalah macet akibat korosi, sehingga mengganggu rutinitas kerja|Kerusakan SDP karena korosi memerlukan perbaikan|SDP|Gedung Servis|Lantai 2|Zona Utara|Electrical|Ringan|Korosi|Macet/tersumbat|279000
Tampilan pesawat telepon rusak parah karena overload, tidak bisa digunakan lagi, sangat mengganggu komunikasi|Pesawat telepon mengalami kerusakan pada tampilan dan sistem karena overload|Pesawat Telepon|Gedung Servis|Lantai 2|Zona Selatan|Sistem Telekomunikasi Gedung|Sedang|Overload|Tampilan rusak|1608000
Pesawat telepon rusak, tampilan netes, agak berisik|Pesawat telepon rusak karena overload|Pesawat Telepon|Gedung Servis|Lantai 2|Zona Selatan|Sistem Telekomunikasi Gedung|Sedang|Overload|Tampilan rusak|1608000
Laporan kerusakan pesawat telepon, tampilan rusak karena overload, perlu perbaikan segera|Pesawat telepon lokal mengalami kerusakan pada tampilan karena overload|Pesawat Telepon|Gedung Servis|Lantai 2|Zona Selatan|Sistem Telekomunikasi Gedung|Sedang|Overload|Tampilan rusak|1608000
APAR Dry Powder Stored Pressure tidak berfungsi dengan baik karena remote yang digunakan untuk mengaktifkannya netes dan tidak responsif, sepertinya kurang perawatan yang memadai|Tidak ada laporan teknisi|APAR Dry Powder Stored Pressure|Gedung Utama|Lantai 2|Zona Barat|Sistem Pemadam Kebakaran|Ringan|Kurang perawatan|Remote tidak berfungsi|81000
APAR rusak|Tidak ada laporan teknisi|APAR Dry Powder Stored Pressure|Gedung Utama|Lantai 2|Zona Barat|Sistem Pemadam Kebakaran|Ringan|Kurang perawatan|Remote tidak berfungsi|81000
Kerusakan APAR Dry Powder Stored Pressure di Gedung Utama Lantai 2 Zona Barat disebabkan oleh kurangnya perawatan yang membuat remote tidak berfungsi dengan baik, ini agak berisik dan mengganggu rutinitas|Tidak ada laporan teknisi|APAR Dry Powder Stored Pressure|Gedung Utama|Lantai 2|Zona Barat|Sistem Pemadam Kebakaran|Ringan|Kurang perawatan|Remote tidak berfungsi|81000
Dinding tembok gedung B lantai 7 zona selatan mengalami korsleting parah karena human error, membuat listrik netes dan agak berisik|Korsleting listrik pada dinding tembok gedung B|Dinding Tembok/Mansonry|Gedung B|Lantai 7|Zona Selatan|Civil|Sedang|Human error|Korsleting|1994000
Korsleting di gedung B lantai 7, tolong perbaiki|Kerusakan listrik di gedung B|Dinding Tembok/Mansonry|Gedung B|Lantai 7|Zona Selatan|Civil|Sedang|Human error|Korsleting|1994000
Dinding tembok di gedung B lantai 7 zona selatan mengalami kerusakan listrik karena korsleting yang disebabkan oleh human error, perlu perbaikan segera|Laporan kerusakan listrik di gedung B|Dinding Tembok/Mansonry|Gedung B|Lantai 7|Zona Selatan|Civil|Sedang|Human error|Korsleting|1994000
PABX di Gedung A, Lantai 1, Zona Barat, tiba-tiba lampu mati dan tidak bisa dihidupkan, kemungkinan karena tegangan tidak stabil, ini cukup mengganggu rutinitas kita|Lampu PABX mati|PABX|Gedung A|Lantai 1|Zona Barat|Sistem Telekomunikasi Gedung|Ringan|Tegangan tidak stabil|Lampu mati|165000
Lampu PABX mati, netes karena tegangan tidak stabil|Lampu PABX mati|PABX|Gedung A|Lantai 1|Zona Barat|Sistem Telekomunikasi Gedung|Ringan|Tegangan tidak stabil|Lampu mati|165000
PABX di Gedung A, Lantai 1, Zona Barat mengalami gangguan, lampu mati dan tidak bisa dioperasikan, kemungkinan disebabkan oleh tegangan listrik yang tidak stabil, perlu diperbaiki secepatnya|Laporan teknisi PABX|PABX|Gedung A|Lantai 1|Zona Barat|Sistem Telekomunikasi Gedung|Ringan|Tegangan tidak stabil|Lampu mati|165000
Lampu Backlit Sign di Gedung D Lantai 10 Zona Tengah saya netes terus karena udah tua dan sering overheat, jadi saya khawatir bakal rusak lebih parah|Lampu Backlit Sign di Gedung D Lantai 10 Zona Tengah mengalami overheat karena usia pakai|Lampu Backlit Sign|Gedung D|Lantai 10|Zona Tengah|Electrical|Ringan|Usia pakai|Overheat|122000
Lampu Backlit Sign di Gedung D Lantai 10 Zona Tengah rusak, overheat, perlu diperbaiki|Lampu Backlit Sign di Gedung D Lantai 10 Zona Tengah perlu diperbaiki karena overheat|Lampu Backlit Sign|Gedung D|Lantai 10|Zona Tengah|Electrical|Ringan|Usia pakai|Overheat|122000
Lampu Backlit Sign di Gedung D Lantai 10 Zona Tengah sedang mengalami masalah overheat yang disebabkan oleh usia pakai, sehingga perlu dilakukan perbaikan untuk menghindari kerusakan lebih lanjut|Lampu Backlit Sign di Gedung D Lantai 10 Zona Tengah perlu diperbaiki karena overheat|Lampu Backlit Sign|Gedung D|Lantai 10|Zona Tengah|Electrical|Ringan|Usia pakai|Overheat|122000
Lampu LED di gedung utama lantai 16 zona tengah mati total karena remote tidak berfungsi dan tegangan tidak stabil|Tegangan tidak stabil menyebabkan kerusakan pada remote|Lampu LED|Gedung Utama|16|Tengah|Electrical|Berat|Tegangan tidak stabil|Remote tidak berfungsi|7075000
Lampu LED rusak|Tegangan tidak stabil|Lampu LED|Gedung Utama|16|Tengah|Electrical|Berat|Tegangan tidak stabil|Remote tidak berfungsi|7075000
Lampu LED di zona tengah lantai 16 gedung utama mengalami kerusakan pada remotenya dan tidak bisa digunakan karena tegangan listrik yang tidak stabil|Kerusakan remote dan tegangan tidak stabil|Lampu LED|Gedung Utama|16|Tengah|Electrical|Berat|Tegangan tidak stabil|Remote tidak berfungsi|7075000
Lampu downlight di gedung A lantai 10 zona barat mati total karena berkarat dan tegangan tidak stabil, sangat mengganggu|Lampu downlight rusak|Lampu Downlight|Gedung A|Lantai 10|Zona Barat|Electrical|Fatal|Tegangan tidak stabil|Berkarat/korosi|44312000
Lampu downlight zona barat lantai 10 gedung A jebol|Lampu downlight jebol|Lampu Downlight|Gedung A|Lantai 10|Zona Barat|Electrical|Fatal|Tegangan tidak stabil|Berkarat/korosi|44312000
Lampu downlight di gedung A lantai 10 zona barat mengalami kerusakan berat karena korosi dan tegangan listrik yang tidak stabil, perlu segera diperbaiki|Lampu downlight rusak berat|Lampu Downlight|Gedung A|Lantai 10|Zona Barat|Electrical|Fatal|Tegangan tidak stabil|Berkarat/korosi|44312000
Atap beton di Gedung B, Lantai 1, Zona Utara, retak parah karena overload, suara netes air terus menerus, agak berisik, mengganggu rutinitas|Atap beton retak karena overload|Atap Beton|Gedung B|Lantai 1|Zona Utara|Civil|Ringan|Overload|Retak/pecah|315000
Atap beton retak, overload, netes|Atap beton retak|Atap Beton|Gedung B|Lantai 1|Zona Utara|Civil|Ringan|Overload|Retak/pecah|315000
Kerusakan atap beton di Gedung B, Lantai 1, Zona Utara, karena overload, menyebabkan retak, suara agak berisik, perlu perbaikan segera|Atap beton retak karena overload|Atap Beton|Gedung B|Lantai 1|Zona Utara|Civil|Ringan|Overload|Retak/pecah|315000
AC Split rusak parah karena debu dan kotoran, overheating terus, suhu udara tidak stabil, sangat mengganggu|Kerusakan pada AC Split di Gedung D Lantai 2 Zona Utara, penyebabnya adalah debu dan kotoran|AC Split|Gedung D|Lantai 2|Zona Utara|Mechanical|Berat|Debu/kotoran|Overheat|8858000
AC Split jebol|Kerusakan AC Split di Gedung D|AC Split|Gedung D|Lantai 2|Zona Utara|Mechanical|Berat|Debu/kotoran|Overheat|8858000
AC Split mengalami overheating karena debu dan kotoran, perlu perbaikan segera|Laporan teknisi tentang kerusakan AC Split di Gedung D Lantai 2 Zona Utara|AC Split|Gedung D|Lantai 2|Zona Utara|Mechanical|Berat|Debu/kotoran|Overheat|8858000
Paving Block di gedung parkir lantai 2 zona barat tiba-tiba mati mendadak karena human error, sangat mengganggu kegiatan sehari-hari|Laporan teknisi: Paving Block mati total|Paving Block|Gedung Parkir|Lantai 2|Zona Barat|Arsitektur|Berat|Human error|Mati mendadak|2945000
Paving Block mati mendadak|Paving Block rusak|Paving Block|Gedung Parkir|Lantai 2|Zona Barat|Arsitektur|Berat|Human error|Mati mendadak|2945000
Paving Block di zona barat lantai 2 gedung parkir mengalami kerusakan parah karena human error, perlu perbaikan segera|Laporan teknisi: Paving Block mengalami kerusakan parah|Paving Block|Gedung Parkir|Lantai 2|Zona Barat|Arsitektur|Berat|Human error|Mati mendadak|2945000
Pesawat telepon di kantor saya netes, suka koneksi terputus dan tegangan tidak stabil jadi sering mati secara tiba-tiba|Koneksi terputus karena tegangan tidak stabil|Pesawat Telepon|Gedung Utama|Lantai 5|Zona Selatan|Sistem Telekomunikasi Gedung|Sedang|Tegangan tidak stabil|Koneksi terputus|838000
Pesawat telepon koneksi terputus, tegangan tidak stabil|Koneksi terputus|Pesawat Telepon|Gedung Utama|Lantai 5|Zona Selatan|Sistem Telekomunikasi Gedung|Sedang|Tegangan tidak stabil|Koneksi terputus|838000
Pesawat telepon di kantor kami agak berisik dan sering mengalami koneksi terputus karena tegangan tidak stabil, perlu perbaikan segera|Laporan teknisi tentang koneksi terputus|Pesawat Telepon|Gedung Utama|Lantai 5|Zona Selatan|Sistem Telekomunikasi Gedung|Sedang|Tegangan tidak stabil|Koneksi terputus|838000
APAR Foam macet parah karena kelembaban tinggi membuatnya mati total|Sistem Pemadam Kebakaran tidak berfungsi|APAR Foam|Gedung Servis|Lantai 1|Zona Utara|Sistem Pemadam Kebakaran|Fatal|Kelembaban tinggi|Macet/tersumbat|28508000
APAR Foam jebol karena kelembaban|Perlu perbaikan segera|APAR Foam|Gedung Servis|Lantai 1|Zona Utara|Sistem Pemadam Kebakaran|Fatal|Kelembaban tinggi|Macet/tersumbat|28508000
APAR Foam Lokal mengalami kerusakan parah karena kelembaban tinggi yang menyebabkan macet|Perlu penanganan segera untuk menghindari kebakaran|APAR Foam|Gedung Servis|Lantai 1|Zona Utara|Sistem Pemadam Kebakaran|Fatal|Kelembaban tinggi|Macet/tersumbat|28508000
Speaker|Tidak berfungsi total karena debu/kotoran|Speaker|Gedung A|Lantai 12|Zona Barat|Sistem Telekomunikasi Gedung|Berat|Debu/kotoran|Tidak berfungsi total|7069000
Speaker|Mati total|Speaker|Gedung A|Lantai 12|Zona Barat|Sistem Telekomunikasi Gedung|Berat|Debu/kotoran|Tidak berfungsi total|7069000
Speaker|Perlu perbaikan karena tidak berfungsi total akibat debu/kotoran|Speaker|Gedung A|Lantai 12|Zona Barat|Sistem Telekomunikasi Gedung|Berat|Debu/kotoran|Tidak berfungsi total|7069000
APAR CO2 mati total karena suara aneh dan bunyi abnormal, harus segera diperbaiki karena sangat mengganggu, ini adalah human error yang sangat fatal|Tidak dapat berfungsi dengan baik karena kerusakan pada sistem, perlu perbaikan segera|APAR CO2|Gedung C|Lantai 3|Zona Selatan|Sistem Pemadam Kebakaran|Berat|Human error|Bunyi abnormal|2720000
APAR CO2 rusak, bunyi aneh, tolong perbaiki sekarang juga|Perlu perbaikan darurat karena kerusakan parah|APAR CO2|Gedung C|Lantai 3|Zona Selatan|Sistem Pemadam Kebakaran|Berat|Human error|Bunyi abnormal|2720000
APAR CO2 di Gedung C, Lantai 3, Zona Selatan mengalami kerusakan karena suara abnormal dan human error, perlu perbaikan segera dengan biaya Rp 2720000|Perlu pengecekan dan perbaikan segera|APAR CO2|Gedung C|Lantai 3|Zona Selatan|Sistem Pemadam Kebakaran|Berat|Human error|Bunyi abnormal|2720000
AC Split mati mendadak gara-gara aus normal, jadi agak berisik dan mengganggu rutinitas|Kerusakan pada AC Split karena aus normal, menyebabkan mati mendadak|AC Split|Gedung Utama|10|Tengah|Mekanikal|Ringan|Aus normal|Mati mendadak|108000
AC Split mati tiba-tiba|Kerusakan mati mendadak|AC Split|Gedung Utama|10|Tengah|Mekanikal|Ringan|Aus normal|Mati mendadak|108000
AC Split di Gedung Utama, Lantai 10, Zona Tengah mengalami kerusakan mati mendadak dikarenakan aus normal, sehingga perlu perbaikan untuk menghilangkan suara berisik yang mengganggu|Laporan teknisi tentang kerusakan AC Split|AC Split|Gedung Utama|10|Tengah|Mekanikal|Ringan|Aus normal|Mati mendadak|108000
Atap spandek netes dan agak berisik karena macet dan tersumbat, mungkin faktor lingkungan yang terlalu lembab|Atap spandek mengalami kerusakan ringan|Atap Spandek|Gedung Servis|Lantai 3|Zona Tengah|Civil|Ringan|Faktor lingkungan|Macet/tersumbat|322000
Atap spandek bermasalah|Atap spandek macet|Atap Spandek|Gedung Servis|Lantai 3|Zona Tengah|Civil|Ringan|Faktor lingkungan|Macet/tersumbat|322000
Atap spandek di lantai 3 Gedung Servis mengalami masalah macet dan tersumbat, kemungkinan disebabkan oleh faktor lingkungan|Atap spandek perlu perbaikan|Atap Spandek|Gedung Servis|Lantai 3|Zona Tengah|Civil|Ringan|Faktor lingkungan|Macet/tersumbat|322000
Kitchen sink tiba-tiba mati mendadak karena overload, netes terus dan sangat mengganggu rutinitas|Perbaikan kitchen sink yang mati mendadak karena overload|Kitchen sink|Gedung B|Lantai 4|Zona Utara|Plumbing|Ringan|Overload|Mati mendadak|340000
Kitchen sink jebol|Perlu perbaikan segera|Kitchen sink|Gedung B|Lantai 4|Zona Utara|Plumbing|Ringan|Overload|Mati mendadak|340000
Perlu perbaikan kitchen sink yang mengalami kerusakan mati mendadak karena overload, agak berisik dan mengganggu|Perbaikan kitchen sink yang mati mendadak karena overload|Kitchen sink|Gedung B|Lantai 4|Zona Utara|Plumbing|Ringan|Overload|Mati mendadak|340000
Pemipaan air kotor di gedung A lantai 15 zona timur tidak berfungsi total karena getaran, membuat air netes terus menerus dan agak berisik|Pemipaan air kotor rusak total|Pemipaan Air Kotor|Gedung A|15|Timur|Plumbing|Ringan|Getaran|Tidak berfungsi total|318000
Pemipaan air kotor mati total di gedung A lantai 15 zona timur|Pemipaan air kotor rusak|Pemipaan Air Kotor|Gedung A|15|Timur|Plumbing|Ringan|Getaran|Tidak berfungsi total|318000
Pemipaan air kotor di gedung A lantai 15 zona timur mengalami kerusakan karena getaran, sehingga tidak berfungsi total dan menimbulkan suara berisik|Pemipaan air kotor rusak karena getaran|Pemipaan Air Kotor|Gedung A|15|Timur|Plumbing|Ringan|Getaran|Tidak berfungsi total|318000
Lantai keramik netes terus karena tekanan tidak stabil, human error membuat kerusakan ini sangat mengganggu rutinitas|Tekanan tidak stabil karena human error|Lantai Keramik|Gedung Servis|3|Selatan|Civil|Sedang|Human error|Tekanan tidak stabil|1829000
Lantai keramik agak berisik, tekanan tidak stabil|Human error|Lantai Keramik|Gedung Servis|3|Selatan|Civil|Sedang|Human error|Tekanan tidak stabil|1829000
Lantai keramik di Gedung Servis mengalami tekanan tidak stabil karena human error, perlu perbaikan segera|Perlu perbaikan karena tekanan tidak stabil|Lantai Keramik|Gedung Servis|3|Selatan|Civil|Sedang|Human error|Tekanan tidak stabil|1829000
Hydrant Box sedang netes dan agak berisik karena korsleting akibat human error|Sistem Pemadam Kebakaran mengalami korsleting|Hydrant Box|Gedung B|Lantai 5|Zona Tengah|Sistem Pemadam Kebakaran|Sedang|Human error|Korsleting|1168000
Korsleting di Hydrant Box|Perlu diperbaiki segera|Hydrant Box|Gedung B|Lantai 5|Zona Tengah|Sistem Pemadam Kebakaran|Sedang|Human error|Korsleting|1168000
Hydrant Box di Gedung B Lantai 5 Zona Tengah mengalami korsleting yang disebabkan oleh human error, sehingga perlu diperbaiki dengan biaya sebesar Rp 1168000|Perlu penanganan segera|Hydrant Box|Gedung B|Lantai 5|Zona Tengah|Sistem Pemadam Kebakaran|Sedang|Human error|Korsleting|1168000
Lantai keramik di kantor saya tidak berfungsi total, aus normal, sehingga mengganggu rutinitas kerja|Lantai keramik aus normal, perlu diganti|Lantai Keramik|Gedung Servis|Lantai 3|Zona Utara|Civil|Sedang|Aus normal|Tidak berfungsi total|1979000
Lantai keramik rusak, aus, tidak berfungsi|Lantai keramik aus, perlu perbaikan|Lantai Keramik|Gedung Servis|Lantai 3|Zona Utara|Civil|Sedang|Aus normal|Tidak berfungsi total|1979000
Lantai keramik di gedung servis mengalami kerusakan, yaitu aus normal dan tidak berfungsi total, sehingga perlu perbaikan segera|Lantai keramik aus normal, perlu diganti dengan yang baru|Lantai Keramik|Gedung Servis|Lantai 3|Zona Utara|Civil|Sedang|Aus normal|Tidak berfungsi total|1979000
